timestamp_s,arousal_logit
5.0,-1.2237906455993652
10.0,-1.2347228527069092
15.0,-1.2280614376068115
20.0,-1.229285717010498
25.0,-1.2316064834594727
30.0,-1.2267385721206665
35.0,-1.2275924682617188
40.0,-1.2307965755462646
45.0,-1.2258597612380981
50.0,-1.2315998077392578
55.0,-1.2329871654510498
60.0,-1.228506326675415
65.0,-1.25208580493927
70.0,-1.2229013442993164
75.0,-1.2259166240692139
80.0,-1.233571171760559
85.0,-1.2405905723571777
90.0,-1.2388179302215576
95.0,-1.2369773387908936
100.0,-1.233478307723999
105.0,-1.2366943359375
110.0,-1.2293349504470825
115.0,-1.2338060140609741
120.0,-1.253062129020691
125.0,-1.2369871139526367
130.0,-1.2129079103469849
135.0,-1.2251036167144775
140.0,-1.2246700525283813
145.0,-1.2385411262512207
150.0,-1.2429735660552979
155.0,-1.2312835454940796
160.0,-1.236424446105957
165.0,-1.2344295978546143
170.0,-1.2276517152786255
175.0,-1.2384787797927856
180.0,-1.2268800735473633
185.0,-1.2354015111923218
190.0,-1.243770718574524
195.0,-1.2232317924499512
200.0,-1.2414495944976807
205.0,-1.247420072555542
210.0,-1.2345798015594482
215.0,-1.2332924604415894
220.0,-1.2480521202087402
225.0,-1.2321228981018066
230.0,-1.2298840284347534
235.0,-1.2166733741760254
240.0,-1.2304494380950928
245.0,-1.2220854759216309
250.0,-1.2165831327438354
255.0,-1.2467596530914307
260.0,-1.226269006729126
265.0,-1.2210633754730225
270.0,-1.2325516939163208
275.0,-1.2300126552581787
280.0,-1.2250778675079346
285.0,-1.230621337890625
290.0,-1.2335224151611328
295.0,-1.2421088218688965
300.0,-1.2135189771652222
305.0,-1.2394740581512451
310.0,-1.2450816631317139
315.0,-1.217524766921997
320.0,-1.2303632497787476
325.0,-1.2366774082183838
330.0,-1.2096514701843262
335.0,-1.246321201324463
340.0,-1.2202684879302979
345.0,-1.214208960533142
350.0,-1.243422269821167
355.0,-1.2138909101486206
360.0,-1.2132127285003662
365.0,-1.2405946254730225
370.0,-1.2239247560501099
375.0,-1.221045970916748
380.0,-1.2563862800598145
385.0,-1.2197242975234985
390.0,-1.2409660816192627
395.0,-1.2544105052947998
400.0,-1.23438560962677
405.0,-1.2425936460494995
410.0,-1.2656415700912476
415.0,-1.2415103912353516
420.0,-1.2209432125091553
425.0,-1.2353417873382568
430.0,-1.2260100841522217
435.0,-1.2455980777740479
440.0,-1.2313239574432373
445.0,-1.2263596057891846
450.0,-1.230993628501892
455.0,-1.219530701637268
460.0,-1.2099953889846802
465.0,-1.2372004985809326
470.0,-1.2318971157073975
475.0,-1.2157610654830933
480.0,-1.238945484161377
485.0,-1.2306568622589111
490.0,-1.225451946258545
495.0,-1.2386248111724854
500.0,-1.2380706071853638
505.0,-1.231121301651001
510.0,-1.246930480003357
515.0,-1.2421809434890747
520.0,-1.2210581302642822
525.0,-1.2461413145065308
530.0,-1.2362775802612305
535.0,-1.2323808670043945
540.0,-1.2245044708251953
545.0,-1.2290699481964111
550.0,-1.2246540784835815
555.0,-1.2371572256088257
560.0,-1.2205641269683838
565.0,-1.2333444356918335
570.0,-1.22392737865448
575.0,-1.225344181060791
580.0,-1.2179062366485596
585.0,-1.2092245817184448
590.0,-1.229455590248108
595.0,-1.2136574983596802
600.0,-1.2043864727020264
605.0,-1.2294535636901855
610.0,-1.2315162420272827
615.0,-1.207985520362854
620.0,-1.2430211305618286
625.0,-1.217955470085144
630.0,-1.2378499507904053
635.0,-1.232796311378479
640.0,-1.2189218997955322
645.0,-1.2193764448165894
650.0,-1.2309119701385498
655.0,-1.2179406881332397
660.0,-1.2354649305343628
665.0,-1.2549703121185303
670.0,-1.2253738641738892
675.0,-1.2182742357254028
680.0,-1.2342023849487305
685.0,-1.2246320247650146
690.0,-1.2309401035308838
695.0,-1.2474405765533447
700.0,-1.2238531112670898
705.0,-1.2177808284759521
710.0,-1.240304946899414
715.0,-1.2278660535812378
720.0,-1.2319281101226807
725.0,-1.2359265089035034
730.0,-1.2413592338562012
735.0,-1.2201489210128784
740.0,-1.2325468063354492
745.0,-1.244875431060791
750.0,-1.2073414325714111
755.0,-1.2352324724197388
760.0,-1.2307430505752563
765.0,-1.202178955078125
770.0,-1.251916766166687
775.0,-1.2369227409362793
780.0,-1.2012343406677246
785.0,-1.2437379360198975
790.0,-1.240476131439209
795.0,-1.2177801132202148
800.0,-1.22920823097229
805.0,-1.2415330410003662
810.0,-1.2171252965927124
815.0,-1.222242832183838
820.0,-1.2523367404937744
825.0,-1.2261912822723389
830.0,-1.2235056161880493
835.0,-1.2439956665039062
840.0,-1.2341809272766113
845.0,-1.2268261909484863
850.0,-1.2399758100509644
855.0,-1.2353099584579468
860.0,-1.2280068397521973
865.0,-1.2158927917480469
870.0,-1.2422828674316406
875.0,-1.217881202697754
880.0,-1.2247028350830078
885.0,-1.245917797088623
890.0,-1.2139941453933716
895.0,-1.2287869453430176
900.0,-1.2348889112472534
905.0,-1.2105270624160767
910.0,-1.2475464344024658
915.0,-1.2611408233642578
920.0,-1.2190747261047363
925.0,-1.2417051792144775
930.0,-1.2378871440887451
935.0,-1.209284782409668
940.0,-1.2298378944396973
945.0,-1.2459063529968262
950.0,-1.223541021347046
955.0,-1.2267372608184814
960.0,-1.2411928176879883
965.0,-1.209261178970337
970.0,-1.2192776203155518
975.0,-1.2316585779190063
980.0,-1.2352252006530762
985.0,-1.2308640480041504
990.0,-1.2200089693069458
995.0,-1.228313684463501
1000.0,-1.2233997583389282
1005.0,-1.229508876800537
1010.0,-1.247072458267212
1015.0,-1.2216076850891113
1020.0,-1.2128779888153076
1025.0,-1.2297985553741455
1030.0,-1.2194690704345703
1035.0,-1.2306396961212158
1040.0,-1.2453498840332031
1045.0,-1.231067419052124
1050.0,-1.2224150896072388
1055.0,-1.2329907417297363
1060.0,-1.2441680431365967
1065.0,-1.2327213287353516
1070.0,-1.232216477394104
1075.0,-1.2284965515136719
1080.0,-1.2377691268920898
1085.0,-1.2313411235809326
1090.0,-1.2248698472976685
1095.0,-1.2400404214859009
1100.0,-1.2355690002441406
1105.0,-1.2238776683807373
1110.0,-1.2327466011047363
1115.0,-1.2292206287384033
1120.0,-1.2014999389648438
1125.0,-1.2228964567184448
1130.0,-1.2469128370285034
1135.0,-1.2297910451889038
1140.0,-1.2329267263412476
1145.0,-1.2470464706420898
1150.0,-1.2091130018234253
1155.0,-1.2270071506500244
1160.0,-1.2356319427490234
1165.0,-1.2282288074493408
1170.0,-1.246438980102539
1175.0,-1.2252100706100464
1180.0,-1.2344791889190674
1185.0,-1.2319051027297974
1190.0,-1.236089825630188
1195.0,-1.254865050315857
1200.0,-1.2403788566589355
1205.0,-1.2189217805862427
1210.0,-1.2369019985198975
1215.0,-1.2240869998931885
1220.0,-1.2322111129760742
1225.0,-1.232077956199646
1230.0,-1.2233500480651855
1235.0,-1.2171367406845093
1240.0,-1.23024582862854
1245.0,-1.2341954708099365
1250.0,-1.2353334426879883
1255.0,-1.218043565750122
1260.0,-1.2435663938522339
1265.0,-1.2244577407836914
1270.0,-1.2411490678787231
1275.0,-1.2494139671325684
1280.0,-1.2204251289367676
1285.0,-1.2178195714950562
1290.0,-1.2418029308319092
1295.0,-1.2199971675872803
1300.0,-1.21775484085083
1305.0,-1.2461090087890625
1310.0,-1.2105247974395752
1315.0,-1.2048441171646118
1320.0,-1.238208293914795
1325.0,-1.2456738948822021
1330.0,-1.2180404663085938
1335.0,-1.22209894657135
1340.0,-1.228416919708252
1345.0,-1.2416859865188599
1350.0,-1.2262473106384277
1355.0,-1.2330427169799805
1360.0,-1.2313406467437744
1365.0,-1.2269948720932007
1370.0,-1.244612693786621
1375.0,-1.2185043096542358
1380.0,-1.2246663570404053
1385.0,-1.240464448928833
1390.0,-1.224513292312622
1395.0,-1.2153730392456055
1400.0,-1.230097770690918
1405.0,-1.240569829940796
1410.0,-1.2224042415618896
1415.0,-1.2244412899017334
1420.0,-1.2293050289154053
1425.0,-1.2378337383270264
1430.0,-1.2299116849899292
1435.0,-1.234601616859436
1440.0,-1.234067440032959
1445.0,-1.2500196695327759
1450.0,-1.2289652824401855
1455.0,-1.2100920677185059
1460.0,-1.2424981594085693
1465.0,-1.2410926818847656
1470.0,-1.2058379650115967
1475.0,-1.2367435693740845
1480.0,-1.2311232089996338
1485.0,-1.2228422164916992
1490.0,-1.2412941455841064
1495.0,-1.2290983200073242
1500.0,-1.2216895818710327
1505.0,-1.243823528289795
1510.0,-1.2153661251068115
1515.0,-1.2331328392028809
1520.0,-1.2595232725143433
1525.0,-1.2239621877670288
1530.0,-1.2241032123565674
1535.0,-1.2401669025421143
1540.0,-1.227353572845459
1545.0,-1.2372987270355225
1550.0,-1.2405155897140503
1555.0,-1.22580885887146
1560.0,-1.2254745960235596
1565.0,-1.2368474006652832
1570.0,-1.214651107788086
1575.0,-1.234208345413208
1580.0,-1.2447963953018188
1585.0,-1.2424790859222412
1590.0,-1.2207229137420654
1595.0,-1.2292366027832031
1600.0,-1.2474515438079834
1605.0,-1.222555160522461
1610.0,-1.230480670928955
1615.0,-1.2358434200286865
1620.0,-1.2237132787704468
1625.0,-1.2365915775299072
1630.0,-1.2204160690307617
1635.0,-1.2371079921722412
1640.0,-1.2548884153366089
1645.0,-1.2136305570602417
1650.0,-1.229954719543457
1655.0,-1.2380236387252808
1660.0,-1.2210378646850586
1665.0,-1.226731538772583
1670.0,-1.2496514320373535
1675.0,-1.212968111038208
1680.0,-1.2190947532653809
1685.0,-1.2293182611465454
1690.0,-1.233484148979187
1695.0,-1.228921890258789
1700.0,-1.2327653169631958
1705.0,-1.21897292137146
1710.0,-1.2319341897964478
1715.0,-1.243423342704773
1720.0,-1.2236543893814087
1725.0,-1.2242302894592285
1730.0,-1.2499183416366577
1735.0,-1.2323784828186035
1740.0,-1.2102488279342651
1745.0,-1.2489817142486572
1750.0,-1.2461516857147217
1755.0,-1.2171310186386108
1760.0,-1.225901484489441
1765.0,-1.2424416542053223
1770.0,-1.2114691734313965
1775.0,-1.232628583908081
1780.0,-1.2144209146499634
1785.0,-1.2222115993499756
1790.0,-1.2435085773468018
1795.0,-1.2297239303588867
1800.0,-1.2172181606292725
1805.0,-1.252893328666687
1810.0,-1.2292711734771729
1815.0,-1.2328624725341797
1820.0,-1.230100154876709
1825.0,-1.2307119369506836
1830.0,-1.2345128059387207
1835.0,-1.2393910884857178
1840.0,-1.2216641902923584
1845.0,-1.232170820236206
1850.0,-1.232558012008667
1855.0,-1.2399828433990479
1860.0,-1.233459711074829
1865.0,-1.2251825332641602
1870.0,-1.2304054498672485
1875.0,-1.2180742025375366
1880.0,-1.2404435873031616
1885.0,-1.2233514785766602
1890.0,-1.2309319972991943
1895.0,-1.2341628074645996
1900.0,-1.2166461944580078
1905.0,-1.245973825454712
1910.0,-1.2578048706054688
1915.0,-1.2251472473144531
1920.0,-1.2487847805023193
1925.0,-1.2310084104537964
1930.0,-1.2207990884780884
1935.0,-1.239670753479004
1940.0,-1.2399070262908936
1945.0,-1.219458818435669
1950.0,-1.2417019605636597
1955.0,-1.245743751525879
1960.0,-1.2169959545135498
1965.0,-1.2248070240020752
1970.0,-1.2549514770507812
1975.0,-1.2204241752624512
1980.0,-1.2177132368087769
1985.0,-1.247239112854004
1990.0,-1.2085623741149902
1995.0,-1.227726697921753
2000.0,-1.2558794021606445
2005.0,-1.221104383468628
2010.0,-1.2306926250457764
2015.0,-1.2427968978881836
2020.0,-1.207783579826355
2025.0,-1.2468005418777466
2030.0,-1.2526612281799316
2035.0,-1.204196572303772
2040.0,-1.2441399097442627
2045.0,-1.2474256753921509
2050.0,-1.1976072788238525
2055.0,-1.252483606338501
2060.0,-1.2531065940856934
2065.0,-1.2146390676498413
2070.0,-1.2266595363616943
2075.0,-1.2415623664855957
2080.0,-1.2201180458068848
2085.0,-1.2293150424957275
2090.0,-1.2383811473846436
2095.0,-1.233583688735962
2100.0,-1.2312726974487305
2105.0,-1.2211822271347046
2110.0,-1.2308225631713867
2115.0,-1.2305231094360352
2120.0,-1.2338966131210327
2125.0,-1.2293062210083008
2130.0,-1.2251445055007935
2135.0,-1.2353341579437256
2140.0,-1.2326239347457886
2145.0,-1.239305019378662
2150.0,-1.2327519655227661
2155.0,-1.2217768430709839
2160.0,-1.236091136932373
2165.0,-1.233681559562683
2170.0,-1.2379173040390015
2175.0,-1.2442357540130615
2180.0,-1.2411510944366455
2185.0,-1.2163587808609009
2190.0,-1.2502117156982422
2195.0,-1.2307960987091064
2200.0,-1.2199733257293701
2205.0,-1.2495646476745605
2210.0,-1.221813440322876
2215.0,-1.2310371398925781
2220.0,-1.2483799457550049
2225.0,-1.214769959449768
2230.0,-1.2411012649536133
2235.0,-1.247641682624817
2240.0,-1.2224626541137695
2245.0,-1.2282501459121704
2250.0,-1.231799840927124
2255.0,-1.2383441925048828
2260.0,-1.2180461883544922
2265.0,-1.2409577369689941
2270.0,-1.2381423711776733
2275.0,-1.2263624668121338
2280.0,-1.2359414100646973
2285.0,-1.2391055822372437
2290.0,-1.234262228012085
2295.0,-1.2370357513427734
2300.0,-1.2246323823928833
2305.0,-1.224372386932373
2310.0,-1.2365221977233887
2315.0,-1.223405361175537
2320.0,-1.225380778312683
2325.0,-1.2316032648086548
2330.0,-1.2207577228546143
2335.0,-1.2352652549743652
2340.0,-1.238267421722412
2345.0,-1.2318401336669922
2350.0,-1.2251516580581665
2355.0,-1.2500684261322021
2360.0,-1.214277744293213
2365.0,-1.2325818538665771
2370.0,-1.248213529586792
2375.0,-1.2202943563461304
2380.0,-1.2241840362548828
2385.0,-1.2370367050170898
2390.0,-1.2242707014083862
2395.0,-1.2303898334503174
2400.0,-1.2179052829742432
2405.0,-1.2281770706176758
2410.0,-1.234668254852295
2415.0,-1.2327405214309692
2420.0,-1.2428810596466064
2425.0,-1.2325389385223389
2430.0,-1.217526912689209
2435.0,-1.2474021911621094
2440.0,-1.2359286546707153
2445.0,-1.2310235500335693
2450.0,-1.2407135963439941
2455.0,-1.235094428062439
2460.0,-1.2381336688995361
2465.0,-1.2297972440719604
2470.0,-1.2340481281280518
2475.0,-1.231235146522522
2480.0,-1.233219861984253
2485.0,-1.2266058921813965
2490.0,-1.2244336605072021
2495.0,-1.2364393472671509
2500.0,-1.2297468185424805
2505.0,-1.2124793529510498
2510.0,-1.228609561920166
2515.0,-1.2473194599151611
2520.0,-1.2276244163513184
2525.0,-1.2344363927841187
2530.0,-1.2246172428131104
2535.0,-1.2370970249176025
2540.0,-1.2212722301483154
2545.0,-1.2119419574737549
2550.0,-1.2409003973007202
2555.0,-1.2459055185317993
2560.0,-1.2183284759521484
2565.0,-1.2330818176269531
2570.0,-1.224210262298584
2575.0,-1.2181586027145386
2580.0,-1.2235124111175537
2585.0,-1.2588040828704834
2590.0,-1.2307806015014648
2595.0,-1.2097325325012207
2600.0,-1.2351303100585938
2605.0,-1.232010006904602
2610.0,-1.235107421875
2615.0,-1.2350599765777588
2620.0,-1.2221918106079102
2625.0,-1.2466561794281006
2630.0,-1.227548360824585
2635.0,-1.2184972763061523
2640.0,-1.2552835941314697
2645.0,-1.237999439239502
2650.0,-1.2138283252716064
2655.0,-1.225032091140747
2660.0,-1.2274155616760254
2665.0,-1.2289090156555176
2670.0,-1.2521138191223145
2675.0,-1.2424248456954956
2680.0,-1.2223490476608276
2685.0,-1.225821614265442
2690.0,-1.244139552116394
2695.0,-1.2258063554763794
2700.0,-1.236534595489502
2705.0,-1.2421292066574097
2710.0,-1.217212438583374
2715.0,-1.2427916526794434
2720.0,-1.2275896072387695
2725.0,-1.2226818799972534
2730.0,-1.2270545959472656
2735.0,-1.2423897981643677
2740.0,-1.2214112281799316
2745.0,-1.2392139434814453
2750.0,-1.2381647825241089
2755.0,-1.2021183967590332
2760.0,-1.2320969104766846
2765.0,-1.2365808486938477
2770.0,-1.2254621982574463
2775.0,-1.2468667030334473
2780.0,-1.2386366128921509
2785.0,-1.2096643447875977
2790.0,-1.2254011631011963
2795.0,-1.2348957061767578
2800.0,-1.2385040521621704
2805.0,-1.223694920539856
2810.0,-1.2167308330535889
2815.0,-1.2206556797027588
2820.0,-1.2404223680496216
2825.0,-1.2193962335586548
2830.0,-1.2230157852172852
2835.0,-1.2345114946365356
2840.0,-1.236572504043579
2845.0,-1.2318224906921387
2850.0,-1.230460286140442
2855.0,-1.2354656457901
2860.0,-1.2296581268310547
2865.0,-1.2392475605010986
2870.0,-1.2333245277404785
2875.0,-1.2435873746871948
2880.0,-1.2362841367721558
2885.0,-1.236213207244873
2890.0,-1.2346932888031006
2895.0,-1.2258681058883667
2900.0,-1.239389181137085
2905.0,-1.2239155769348145
2910.0,-1.223787546157837
2915.0,-1.2388137578964233
2920.0,-1.2266128063201904
2925.0,-1.2360963821411133
2930.0,-1.2281752824783325
2935.0,-1.2172389030456543
2940.0,-1.2274682521820068
2945.0,-1.2330548763275146
2950.0,-1.2213584184646606
2955.0,-1.212712049484253
2960.0,-1.2411354780197144
2965.0,-1.2233281135559082
2970.0,-1.2289372682571411
2975.0,-1.2405946254730225
2980.0,-1.2216156721115112
2985.0,-1.2140628099441528
2990.0,-1.2510185241699219
2995.0,-1.2341766357421875
3000.0,-1.2269905805587769
3005.0,-1.2364327907562256
3010.0,-1.2116371393203735
3015.0,-1.2353191375732422
3020.0,-1.2447450160980225
3025.0,-1.2440853118896484
3030.0,-1.2363722324371338
3035.0,-1.2178853750228882
3040.0,-1.2329394817352295
3045.0,-1.2450263500213623
3050.0,-1.2139321565628052
3055.0,-1.2349975109100342
3060.0,-1.224205493927002
3065.0,-1.2060166597366333
3070.0,-1.2485473155975342
3075.0,-1.243565320968628
3080.0,-1.2196621894836426
3085.0,-1.2451682090759277
3090.0,-1.2232239246368408
3095.0,-1.2070261240005493
3100.0,-1.2593116760253906
3105.0,-1.21871018409729
3110.0,-1.2199008464813232
3115.0,-1.2329471111297607
3120.0,-1.2103362083435059
3125.0,-1.2359267473220825
3130.0,-1.2342387437820435
3135.0,-1.227187156677246
3140.0,-1.2391161918640137
3145.0,-1.2135677337646484
3150.0,-1.230968713760376
3155.0,-1.246376633644104
3160.0,-1.2427541017532349
3165.0,-1.2246075868606567
3170.0,-1.2247209548950195
3175.0,-1.2551953792572021
3180.0,-1.2221291065216064
3185.0,-1.2177650928497314
3190.0,-1.2463960647583008
3195.0,-1.2215747833251953
3200.0,-1.2298991680145264
3205.0,-1.229898452758789
3210.0,-1.2134931087493896
3215.0,-1.2514307498931885
3220.0,-1.2421798706054688
3225.0,-1.2230427265167236
3230.0,-1.230154275894165
3235.0,-1.2293860912322998
3240.0,-1.2296531200408936
3245.0,-1.2269220352172852
3250.0,-1.2503470182418823
3255.0,-1.2295690774917603
3260.0,-1.2247560024261475
3265.0,-1.2459975481033325
3270.0,-1.2309277057647705
3275.0,-1.2445282936096191
3280.0,-1.2181220054626465
3285.0,-1.2285408973693848
3290.0,-1.2483272552490234
3295.0,-1.2171251773834229
3300.0,-1.2337768077850342
3305.0,-1.2459818124771118
3310.0,-1.2179187536239624
3315.0,-1.2262134552001953
3320.0,-1.2264320850372314
3325.0,-1.2237926721572876
3330.0,-1.2484896183013916
3335.0,-1.2315189838409424
3340.0,-1.2232029438018799
3345.0,-1.2517340183258057
3350.0,-1.2163467407226562
3355.0,-1.2389347553253174
3360.0,-1.2246558666229248
3365.0,-1.2201887369155884
3370.0,-1.2396671772003174
3375.0,-1.234891414642334
3380.0,-1.2287709712982178
3385.0,-1.2326393127441406
3390.0,-1.226195216178894
3395.0,-1.2274075746536255
3400.0,-1.2188758850097656
3405.0,-1.2260478734970093
3410.0,-1.2475128173828125
3415.0,-1.2341816425323486
3420.0,-1.2266950607299805
3425.0,-1.2434130907058716
3430.0,-1.2295923233032227
3435.0,-1.2155706882476807
3440.0,-1.2293297052383423
3445.0,-1.2338342666625977
3450.0,-1.2247377634048462
3455.0,-1.2273895740509033
3460.0,-1.2187421321868896
3465.0,-1.2144601345062256
3470.0,-1.2265362739562988
3475.0,-1.2172168493270874
3480.0,-1.2221945524215698
3485.0,-1.2377984523773193
3490.0,-1.2270267009735107
3495.0,-1.2314139604568481
3500.0,-1.240823745727539
3505.0,-1.2188783884048462
3510.0,-1.2232977151870728
3515.0,-1.2372716665267944
3520.0,-1.2460763454437256
3525.0,-1.230560302734375
3530.0,-1.2146931886672974
3535.0,-1.2357909679412842
3540.0,-1.2256125211715698
3545.0,-1.2166484594345093
3550.0,-1.2308392524719238
3555.0,-1.2414127588272095
3560.0,-1.227947473526001
3565.0,-1.22530198097229
3570.0,-1.24942946434021
3575.0,-1.2498531341552734
3580.0,-1.2072092294692993
3585.0,-1.2187460660934448
3590.0,-1.2540359497070312
3595.0,-1.2136669158935547
3600.0,-1.2244384288787842
3605.0,-1.229660987854004
3610.0,-1.2453887462615967
3615.0,-1.2309011220932007
3620.0,-1.2112940549850464
3625.0,-1.246131420135498
3630.0,-1.2526798248291016
3635.0,-1.208580732345581
3640.0,-1.2360209226608276
3645.0,-1.2611280679702759
3650.0,-1.2120883464813232
3655.0,-1.2255125045776367
3660.0,-1.2416048049926758
3665.0,-1.2386032342910767
3670.0,-1.2408037185668945
3675.0,-1.2346323728561401
3680.0,-1.2365827560424805
3685.0,-1.2218480110168457
3690.0,-1.2393629550933838
3695.0,-1.2398464679718018
3700.0,-1.2138618230819702
3705.0,-1.2256438732147217
3710.0,-1.248414397239685
3715.0,-1.2119263410568237
3720.0,-1.2144683599472046
3725.0,-1.255453109741211
3730.0,-1.2194758653640747
3735.0,-1.2335902452468872
3740.0,-1.2302498817443848
3745.0,-1.2312519550323486
3750.0,-1.2253103256225586
3755.0,-1.2230979204177856
3760.0,-1.2215442657470703
3765.0,-1.2353129386901855
3770.0,-1.24800705909729
3775.0,-1.2230749130249023
3780.0,-1.2211211919784546
3785.0,-1.2416582107543945
3790.0,-1.232682704925537
3795.0,-1.2110357284545898
3800.0,-1.2467836141586304
3805.0,-1.2298179864883423
3810.0,-1.208120346069336
3815.0,-1.2333656549453735
3820.0,-1.246559977531433
3825.0,-1.2214164733886719
3830.0,-1.2305495738983154
3835.0,-1.227157711982727
3840.0,-1.2146192789077759
3845.0,-1.2304680347442627
3850.0,-1.2214585542678833
3855.0,-1.228714942932129
3860.0,-1.2400119304656982
3865.0,-1.223076581954956
3870.0,-1.2273505926132202
3875.0,-1.2285648584365845
3880.0,-1.2376129627227783
3885.0,-1.2392574548721313
3890.0,-1.2378559112548828
3895.0,-1.2483546733856201
3900.0,-1.2185746431350708
3905.0,-1.2031179666519165
3910.0,-1.2710522413253784
3915.0,-1.2395143508911133
3920.0,-1.2119362354278564
3925.0,-1.2372376918792725
3930.0,-1.2328741550445557
3935.0,-1.2185180187225342
3940.0,-1.2386780977249146
3945.0,-1.2513294219970703
3950.0,-1.223781943321228
3955.0,-1.2224966287612915
3960.0,-1.2385094165802002
3965.0,-1.2374716997146606
3970.0,-1.218663215637207
3975.0,-1.2463558912277222
3980.0,-1.260823369026184
3985.0,-1.2052361965179443
3990.0,-1.231248378753662
3995.0,-1.2471387386322021
4000.0,-1.2242958545684814
4005.0,-1.2417058944702148
4010.0,-1.2464277744293213
4015.0,-1.2153899669647217
4020.0,-1.2372710704803467
4025.0,-1.2286409139633179
4030.0,-1.2291676998138428
4035.0,-1.2321776151657104
4040.0,-1.2262922525405884
4045.0,-1.2270631790161133
4050.0,-1.232528805732727
4055.0,-1.2291643619537354
4060.0,-1.228611946105957
4065.0,-1.2399024963378906
4070.0,-1.2265939712524414
4075.0,-1.2215105295181274
4080.0,-1.2401244640350342
4085.0,-1.2417569160461426
4090.0,-1.215850830078125
4095.0,-1.242892861366272
4100.0,-1.2247059345245361
4105.0,-1.2184057235717773
4110.0,-1.244304895401001
4115.0,-1.2304952144622803
4120.0,-1.2192187309265137
4125.0,-1.233644723892212
4130.0,-1.2182812690734863
4135.0,-1.2321897745132446
4140.0,-1.2495766878128052
4145.0,-1.210952639579773
4150.0,-1.2399266958236694
4155.0,-1.2520239353179932
4160.0,-1.2255910634994507
4165.0,-1.2328929901123047
4170.0,-1.238572597503662
4175.0,-1.228448748588562
4180.0,-1.2238414287567139
4185.0,-1.2311067581176758
4190.0,-1.241891860961914
4195.0,-1.2171571254730225
4200.0,-1.2369550466537476
4205.0,-1.220822811126709
4210.0,-1.2122423648834229
4215.0,-1.2397096157073975
4220.0,-1.231652021408081
4225.0,-1.204820156097412
4230.0,-1.244355320930481
4235.0,-1.2267987728118896
4240.0,-1.218185544013977
4245.0,-1.2501834630966187
4250.0,-1.220907211303711
4255.0,-1.2228635549545288
4260.0,-1.2224071025848389
4265.0,-1.2206721305847168
4270.0,-1.2510974407196045
4275.0,-1.2340173721313477
4280.0,-1.2192833423614502
4285.0,-1.2374756336212158
4290.0,-1.2250726222991943
4295.0,-1.2270290851593018
4300.0,-1.2338531017303467
4305.0,-1.230614423751831
4310.0,-1.225341796875
4315.0,-1.2289049625396729
4320.0,-1.2174063920974731
4325.0,-1.2359728813171387
4330.0,-1.2379462718963623
4335.0,-1.2157820463180542
4340.0,-1.2297110557556152
4345.0,-1.2286808490753174
4350.0,-1.2170675992965698
4355.0,-1.2486722469329834
4360.0,-1.245736837387085
4365.0,-1.21527898311615
4370.0,-1.2434278726577759
4375.0,-1.2367725372314453
4380.0,-1.2137051820755005
4385.0,-1.248847484588623
4390.0,-1.2387787103652954
4395.0,-1.209892988204956
4400.0,-1.2451119422912598
4405.0,-1.2293509244918823
4410.0,-1.21236252784729
4415.0,-1.2364721298217773
4420.0,-1.2552186250686646
4425.0,-1.2144439220428467
4430.0,-1.2211685180664062
4435.0,-1.2404847145080566
4440.0,-1.210601568222046
4445.0,-1.2221871614456177
4450.0,-1.2493199110031128
4455.0,-1.2292413711547852
4460.0,-1.2275558710098267
4465.0,-1.230359435081482
4470.0,-1.222825050354004
4475.0,-1.2329261302947998
4480.0,-1.2299830913543701
4485.0,-1.2308241128921509
4490.0,-1.2113040685653687
4495.0,-1.2287719249725342
4500.0,-1.242032766342163
4505.0,-1.2130885124206543
4510.0,-1.2340264320373535
4515.0,-1.2322998046875
4520.0,-1.2122938632965088
4525.0,-1.2270276546478271
4530.0,-1.240497350692749
4535.0,-1.2179608345031738
4540.0,-1.2112846374511719
4545.0,-1.2303093671798706
4550.0,-1.2365787029266357
4555.0,-1.2136650085449219
4560.0,-1.2316501140594482
4565.0,-1.2572256326675415
4570.0,-1.207821011543274
4575.0,-1.2223470211029053
4580.0,-1.2585514783859253
4585.0,-1.211643099784851
4590.0,-1.2055206298828125
4595.0,-1.253775954246521
4600.0,-1.2256391048431396
4605.0,-1.2207634449005127
4610.0,-1.2401841878890991
4615.0,-1.215040683746338
4620.0,-1.2106523513793945
4625.0,-1.2215073108673096
4630.0,-1.2377781867980957
4635.0,-1.2433950901031494
4640.0,-1.2246452569961548
4645.0,-1.2241016626358032
4650.0,-1.2442246675491333
4655.0,-1.2162309885025024
4660.0,-1.2452976703643799
4665.0,-1.2370312213897705
4670.0,-1.2159225940704346
4675.0,-1.2394397258758545
4680.0,-1.23795747756958
4685.0,-1.22062087059021
4690.0,-1.235554575920105
4695.0,-1.2340728044509888
4700.0,-1.210897445678711
4705.0,-1.2348490953445435
4710.0,-1.236081838607788
4715.0,-1.233527660369873
4720.0,-1.2292110919952393
4725.0,-1.2332351207733154
4730.0,-1.2121105194091797
4735.0,-1.2251888513565063
4740.0,-1.2460553646087646
4745.0,-1.2260260581970215
4750.0,-1.2135035991668701
4755.0,-1.2647281885147095
4760.0,-1.2347960472106934
4765.0,-1.20673406124115
4770.0,-1.2526891231536865
4775.0,-1.226194143295288
4780.0,-1.2118339538574219
4785.0,-1.2272566556930542
4790.0,-1.2424691915512085
4795.0,-1.2160582542419434
4800.0,-1.226036548614502
4805.0,-1.2276264429092407
4810.0,-1.2362678050994873
4815.0,-1.2290611267089844
4820.0,-1.247219204902649
4825.0,-1.2196787595748901
4830.0,-1.2165818214416504
4835.0,-1.2404160499572754
4840.0,-1.2416119575500488
4845.0,-1.234708309173584
4850.0,-1.2084343433380127
4855.0,-1.241101861000061
4860.0,-1.2470250129699707
4865.0,-1.209592342376709
4870.0,-1.2363346815109253
4875.0,-1.2596232891082764
4880.0,-1.211692214012146
4885.0,-1.2369853258132935
4890.0,-1.2395133972167969
4895.0,-1.2341368198394775
4900.0,-1.2357498407363892
4905.0,-1.2418930530548096
4910.0,-1.2534035444259644
4915.0,-1.220320701599121
4920.0,-1.227744698524475
4925.0,-1.242486834526062
4930.0,-1.2243320941925049
4935.0,-1.234797477722168
4940.0,-1.2423384189605713
4945.0,-1.2165158987045288
4950.0,-1.2401751279830933
4955.0,-1.2428231239318848
4960.0,-1.2162607908248901
4965.0,-1.2358901500701904
4970.0,-1.2490501403808594
4975.0,-1.2116754055023193
4980.0,-1.2370445728302002
4985.0,-1.2454719543457031
4990.0,-1.2020705938339233
4995.0,-1.2417306900024414
5000.0,-1.2359060049057007
5005.0,-1.2193230390548706
5010.0,-1.2471017837524414
5015.0,-1.2273108959197998
5020.0,-1.2213010787963867
5025.0,-1.2584445476531982
5030.0,-1.2301719188690186
5035.0,-1.2265808582305908
5040.0,-1.2521891593933105
5045.0,-1.2218577861785889
5050.0,-1.2350940704345703
5055.0,-1.2370126247406006
5060.0,-1.2195472717285156
5065.0,-1.2278189659118652
5070.0,-1.236142873764038
5075.0,-1.2170170545578003
5080.0,-1.2320952415466309
5085.0,-1.2374461889266968
5090.0,-1.2317672967910767
5095.0,-1.238255262374878
5100.0,-1.2160017490386963
5105.0,-1.226172924041748
5110.0,-1.2491767406463623
5115.0,-1.2250175476074219
5120.0,-1.2233426570892334
5125.0,-1.256868600845337
5130.0,-1.2342071533203125
5135.0,-1.2224483489990234
5140.0,-1.2699357271194458
5145.0,-1.232313871383667
5150.0,-1.2266337871551514
5155.0,-1.2497963905334473
5160.0,-1.2368700504302979
5165.0,-1.223925232887268
5170.0,-1.2398643493652344
5175.0,-1.22414231300354
5180.0,-1.218017578125
5185.0,-1.2403178215026855
5190.0,-1.22628915309906
5195.0,-1.2202222347259521
5200.0,-1.2217673063278198
5205.0,-1.2304162979125977
5210.0,-1.2344130277633667
5215.0,-1.2252271175384521
5220.0,-1.2272676229476929
5225.0,-1.229809045791626
5230.0,-1.2224637269973755
5235.0,-1.2389514446258545
5240.0,-1.2394280433654785
5245.0,-1.249130368232727
5250.0,-1.2305712699890137
5255.0,-1.2297710180282593
5260.0,-1.2365736961364746
5265.0,-1.2558197975158691
5270.0,-1.2244269847869873
5275.0,-1.229466438293457
5280.0,-1.2533923387527466
5285.0,-1.220114827156067
5290.0,-1.225422739982605
5295.0,-1.2533832788467407
5300.0,-1.234236478805542
5305.0,-1.21401846408844
5310.0,-1.2506937980651855
5315.0,-1.2116074562072754
5320.0,-1.2353163957595825
5325.0,-1.2422029972076416
5330.0,-1.223973035812378
5335.0,-1.222975492477417
5340.0,-1.243308663368225
5345.0,-1.2321877479553223
5350.0,-1.2246055603027344
5355.0,-1.2321851253509521
5360.0,-1.2318270206451416
5365.0,-1.220413088798523
5370.0,-1.217379093170166
5375.0,-1.2339015007019043
5380.0,-1.2330176830291748
5385.0,-1.217673897743225
5390.0,-1.2399178743362427
5395.0,-1.2340269088745117
5400.0,-1.2062761783599854
5405.0,-1.246415138244629
5410.0,-1.240427017211914
5415.0,-1.2123067378997803
5420.0,-1.2354629039764404
5425.0,-1.2338433265686035
5430.0,-1.2363353967666626
5435.0,-1.23457670211792
5440.0,-1.233014702796936
5445.0,-1.2360544204711914
5450.0,-1.2293813228607178
5455.0,-1.2412981986999512
5460.0,-1.2355151176452637
5465.0,-1.216322422027588
5470.0,-1.2450133562088013
5475.0,-1.2257022857666016
5480.0,-1.2161777019500732
5485.0,-1.2477314472198486
5490.0,-1.2356091737747192
5495.0,-1.2130663394927979
5500.0,-1.2346802949905396
5505.0,-1.2402973175048828
5510.0,-1.2256226539611816
5515.0,-1.220573902130127
5520.0,-1.2477025985717773
5525.0,-1.2300355434417725
5530.0,-1.2369887828826904
5535.0,-1.2377996444702148
5540.0,-1.2390161752700806
5545.0,-1.2297430038452148
5550.0,-1.2313580513000488
5555.0,-1.24083411693573
5560.0,-1.2327063083648682
5565.0,-1.2288190126419067
5570.0,-1.218324065208435
5575.0,-1.2333883047103882
5580.0,-1.2276911735534668
5585.0,-1.2323848009109497
5590.0,-1.2458007335662842
5595.0,-1.2338535785675049
5600.0,-1.2232129573822021
5605.0,-1.2508385181427002
5610.0,-1.2363191843032837
5615.0,-1.2356845140457153
5620.0,-1.2350513935089111
5625.0,-1.2207362651824951
5630.0,-1.239009976387024
5635.0,-1.2090861797332764
5640.0,-1.2149288654327393
5645.0,-1.2538952827453613
5650.0,-1.1928545236587524
5655.0,-1.2271628379821777
5660.0,-1.2498173713684082
5665.0,-1.2052829265594482
5670.0,-1.2311197519302368
5675.0,-1.2495553493499756
5680.0,-1.2207480669021606
5685.0,-1.2330999374389648
5690.0,-1.2273503541946411
5695.0,-1.2623884677886963
5700.0,-1.2296284437179565
5705.0,-1.2152016162872314
5710.0,-1.2399539947509766
5715.0,-1.241621494293213
5720.0,-1.2119060754776
5725.0,-1.2265948057174683
5730.0,-1.2480312585830688
5735.0,-1.221506118774414
5740.0,-1.231192708015442
5745.0,-1.2362124919891357
5750.0,-1.2326993942260742
5755.0,-1.2271852493286133
5760.0,-1.2560551166534424
5765.0,-1.2185537815093994
5770.0,-1.2273986339569092
5775.0,-1.2443132400512695
5780.0,-1.223473310470581
5785.0,-1.2221577167510986
5790.0,-1.2478306293487549
5795.0,-1.2333557605743408
5800.0,-1.2235994338989258
5805.0,-1.2418649196624756
5810.0,-1.219340443611145
5815.0,-1.2261521816253662
5820.0,-1.219377040863037
5825.0,-1.2228477001190186
5830.0,-1.2426048517227173
5835.0,-1.2250690460205078
5840.0,-1.230135202407837
5845.0,-1.2417598962783813
5850.0,-1.222135066986084
5855.0,-1.2305023670196533
5860.0,-1.2406713962554932
5865.0,-1.232947587966919
5870.0,-1.2302310466766357
5875.0,-1.2305936813354492
5880.0,-1.234825611114502
5885.0,-1.2363550662994385
5890.0,-1.2340713739395142
5895.0,-1.2313365936279297
5900.0,-1.2424871921539307
5905.0,-1.2363641262054443
5910.0,-1.2287225723266602
5915.0,-1.2259128093719482
5920.0,-1.243269443511963
5925.0,-1.2389990091323853
5930.0,-1.2416911125183105
5935.0,-1.246016025543213
5940.0,-1.211256742477417
5945.0,-1.2370622158050537
5950.0,-1.2539043426513672
5955.0,-1.220085859298706
5960.0,-1.231050968170166
5965.0,-1.2347891330718994
5970.0,-1.2183829545974731
5975.0,-1.2184216976165771
5980.0,-1.2407324314117432
5985.0,-1.234026551246643
5990.0,-1.2131133079528809
5995.0,-1.2432987689971924
6000.0,-1.250746726989746
6005.0,-1.226158857345581
6010.0,-1.239652156829834
6015.0,-1.2390213012695312
6020.0,-1.2248464822769165
6025.0,-1.232960820198059
6030.0,-1.2329990863800049
6035.0,-1.2379341125488281
6040.0,-1.2265695333480835
6045.0,-1.2257272005081177
6050.0,-1.219632863998413
6055.0,-1.2328159809112549
6060.0,-1.231467604637146
6065.0,-1.2149426937103271
6070.0,-1.233201503753662
6075.0,-1.244518518447876
6080.0,-1.2178000211715698
6085.0,-1.2304201126098633
6090.0,-1.2509713172912598
6095.0,-1.228485345840454
6100.0,-1.2460739612579346
6105.0,-1.2143356800079346
6110.0,-1.241194725036621
6115.0,-1.2448302507400513
6120.0,-1.22513747215271
6125.0,-1.240543007850647
6130.0,-1.2227487564086914
6135.0,-1.242376685142517
6140.0,-1.232654333114624
6145.0,-1.2246644496917725
6150.0,-1.2261543273925781
6155.0,-1.246437668800354
6160.0,-1.22711980342865
6165.0,-1.2295266389846802
6170.0,-1.2320637702941895
6175.0,-1.2176361083984375
6180.0,-1.243173360824585
6185.0,-1.227799415588379
6190.0,-1.2354886531829834
6195.0,-1.2400469779968262
6200.0,-1.2267833948135376
6205.0,-1.2156527042388916
6210.0,-1.2390236854553223
6215.0,-1.2238597869873047
6220.0,-1.2190630435943604
6225.0,-1.230842113494873
6230.0,-1.2290706634521484
6235.0,-1.2248830795288086
6240.0,-1.2376224994659424
6245.0,-1.2175569534301758
6250.0,-1.216506004333496
6255.0,-1.2428919076919556
6260.0,-1.2230353355407715
6265.0,-1.2390804290771484
6270.0,-1.2168552875518799
6275.0,-1.2081611156463623
6280.0,-1.251004695892334
6285.0,-1.2324354648590088
6290.0,-1.212639570236206
6295.0,-1.232403039932251
6300.0,-1.2282862663269043
6305.0,-1.2405705451965332
6310.0,-1.2308828830718994
6315.0,-1.2337217330932617
6320.0,-1.245556354522705
6325.0,-1.2322583198547363
6330.0,-1.2189332246780396
6335.0,-1.2256274223327637
6340.0,-1.239516019821167
6345.0,-1.225055456161499
6350.0,-1.2271782159805298
6355.0,-1.233124017715454
6360.0,-1.2241467237472534
6365.0,-1.2297816276550293
6370.0,-1.2280316352844238
6375.0,-1.2345285415649414
6380.0,-1.2576086521148682
6385.0,-1.2274279594421387
6390.0,-1.218032956123352
6395.0,-1.2428038120269775
6400.0,-1.2045199871063232
6405.0,-1.2406084537506104
6410.0,-1.2299498319625854
6415.0,-1.216090202331543
6420.0,-1.2472844123840332
6425.0,-1.2191667556762695
6430.0,-1.2266367673873901
6435.0,-1.2442188262939453
6440.0,-1.2233960628509521
6445.0,-1.2382404804229736
6450.0,-1.2444045543670654
6455.0,-1.2115824222564697
6460.0,-1.2388675212860107
6465.0,-1.2257108688354492
6470.0,-1.2296074628829956
6475.0,-1.2467478513717651
6480.0,-1.221710443496704
6485.0,-1.2332086563110352
6490.0,-1.2229609489440918
6495.0,-1.234679937362671
6500.0,-1.2355270385742188
6505.0,-1.226841688156128
6510.0,-1.2274730205535889
6515.0,-1.2355087995529175
6520.0,-1.217458963394165
6525.0,-1.252120018005371
6530.0,-1.250240445137024
6535.0,-1.2025904655456543
6540.0,-1.2292063236236572
6545.0,-1.2312002182006836
6550.0,-1.2259656190872192
6555.0,-1.241539716720581
6560.0,-1.2253673076629639
6565.0,-1.2188043594360352
6570.0,-1.2294962406158447
6575.0,-1.223365068435669
6580.0,-1.229968547821045
6585.0,-1.2344111204147339
6590.0,-1.2192635536193848
6595.0,-1.2328081130981445
6600.0,-1.2489056587219238
6605.0,-1.2337961196899414
6610.0,-1.238181471824646
6615.0,-1.2516729831695557
6620.0,-1.2152676582336426
6625.0,-1.221326231956482
6630.0,-1.269019365310669
6635.0,-1.2286655902862549
6640.0,-1.207798719406128
6645.0,-1.2514578104019165
6650.0,-1.2059352397918701
6655.0,-1.2439377307891846
6660.0,-1.244184136390686
6665.0,-1.215465784072876
6670.0,-1.23844575881958
6675.0,-1.2383912801742554
6680.0,-1.2210054397583008
6685.0,-1.2383637428283691
6690.0,-1.2324440479278564
6695.0,-1.2315099239349365
6700.0,-1.2406595945358276
6705.0,-1.2173874378204346
6710.0,-1.243377685546875
6715.0,-1.2289015054702759
6720.0,-1.2226660251617432
6725.0,-1.236053466796875
6730.0,-1.2389512062072754
6735.0,-1.2244033813476562
6740.0,-1.208840250968933
6745.0,-1.2490103244781494
6750.0,-1.2201800346374512
6755.0,-1.2216272354125977
6760.0,-1.2595188617706299
6765.0,-1.2185444831848145
6770.0,-1.2125606536865234
6775.0,-1.253490686416626
6780.0,-1.2293527126312256
6785.0,-1.2314099073410034
6790.0,-1.2422971725463867
6795.0,-1.2170490026474
6800.0,-1.232271671295166
6805.0,-1.2126920223236084
6810.0,-1.23906409740448
6815.0,-1.2549594640731812
6820.0,-1.227837324142456
6825.0,-1.2094790935516357
6830.0,-1.2492870092391968
6835.0,-1.2352315187454224
6840.0,-1.2231932878494263
6845.0,-1.2480683326721191
6850.0,-1.2212611436843872
6855.0,-1.2086973190307617
6860.0,-1.240126132965088
6865.0,-1.236588716506958
6870.0,-1.2195390462875366
6875.0,-1.2268333435058594
6880.0,-1.2071410417556763
6885.0,-1.2273626327514648
6890.0,-1.2577557563781738
6895.0,-1.21865713596344
6900.0,-1.2192522287368774
6905.0,-1.2468637228012085
6910.0,-1.2074021100997925
6915.0,-1.2252575159072876
6920.0,-1.2530566453933716
6925.0,-1.2273669242858887
6930.0,-1.2266284227371216
6935.0,-1.227662444114685
6940.0,-1.2177613973617554
6945.0,-1.2242090702056885
6950.0,-1.2226905822753906
6955.0,-1.2397981882095337
6960.0,-1.2379326820373535
6965.0,-1.2145905494689941
6970.0,-1.2331570386886597
6975.0,-1.234398603439331
6980.0,-1.2353522777557373
6985.0,-1.228546142578125
6990.0,-1.235382318496704
6995.0,-1.2296459674835205
7000.0,-1.2249010801315308
7005.0,-1.2159619331359863
7010.0,-1.2313928604125977
7015.0,-1.2368354797363281
7020.0,-1.2277957201004028
7025.0,-1.2267645597457886
7030.0,-1.2450082302093506
7035.0,-1.2309801578521729
7040.0,-1.2217484712600708
7045.0,-1.253167748451233
7050.0,-1.2377020120620728
7055.0,-1.2153379917144775
7060.0,-1.2385716438293457
7065.0,-1.2549879550933838
7070.0,-1.220524787902832
7075.0,-1.2206199169158936
7080.0,-1.2358524799346924
7085.0,-1.232677936553955
7090.0,-1.2237904071807861
7095.0,-1.2232978343963623
7100.0,-1.2527904510498047
7105.0,-1.2287912368774414
7110.0,-1.2190194129943848
7115.0,-1.2399213314056396
7120.0,-1.2407147884368896
7125.0,-1.2240819931030273
7130.0,-1.259307861328125
7135.0,-1.2280081510543823
7140.0,-1.2137420177459717
7145.0,-1.2394952774047852
7150.0,-1.2347025871276855
7155.0,-1.2240405082702637
7160.0,-1.2484726905822754
7165.0,-1.2384027242660522
7170.0,-1.2192540168762207
7175.0,-1.2569117546081543
7180.0,-1.2320284843444824
7185.0,-1.2246544361114502
7190.0,-1.2267522811889648
7195.0,-1.2391966581344604
7200.0,-1.237090826034546
7205.0,-1.232711672782898
7210.0,-1.2219855785369873
7215.0,-1.2361563444137573
7220.0,-1.232978343963623
7225.0,-1.2247514724731445
7230.0,-1.2530543804168701
7235.0,-1.208593487739563
7240.0,-1.2291438579559326
7245.0,-1.255507230758667
7250.0,-1.2136002779006958
7255.0,-1.221872329711914
7260.0,-1.2635715007781982
7265.0,-1.1975406408309937
7270.0,-1.220175862312317
7275.0,-1.26271390914917
7280.0,-1.2221142053604126
7285.0,-1.210814118385315
7290.0,-1.2278568744659424
7295.0,-1.2298922538757324
7300.0,-1.224125862121582
7305.0,-1.2227789163589478
7310.0,-1.232256531715393
7315.0,-1.2421188354492188
7320.0,-1.2189615964889526
7325.0,-1.2368532419204712
7330.0,-1.2571594715118408
7335.0,-1.2141811847686768
7340.0,-1.217452049255371
7345.0,-1.2515947818756104
7350.0,-1.2293096780776978
7355.0,-1.2094303369522095
7360.0,-1.2428834438323975
7365.0,-1.2324947118759155
7370.0,-1.2168179750442505
7375.0,-1.2354156970977783
7380.0,-1.2269964218139648
7385.0,-1.2167315483093262
7390.0,-1.2280775308609009
7395.0,-1.248188853263855
7400.0,-1.2291288375854492
7405.0,-1.217108130455017
7410.0,-1.2506961822509766
7415.0,-1.2251440286636353
7420.0,-1.2212804555892944
7425.0,-1.2400877475738525
7430.0,-1.2274407148361206
7435.0,-1.229871153831482
7440.0,-1.233680248260498
7445.0,-1.2227799892425537
7450.0,-1.2418255805969238
7455.0,-1.229133129119873
7460.0,-1.2354233264923096
7465.0,-1.2380272150039673
7470.0,-1.235228419303894
7475.0,-1.2457327842712402
7480.0,-1.216760516166687
7485.0,-1.2269303798675537
7490.0,-1.2432589530944824
7495.0,-1.2197059392929077
7500.0,-1.2261536121368408
7505.0,-1.227721929550171
7510.0,-1.2142271995544434
7515.0,-1.220182180404663
7520.0,-1.2188528776168823
7525.0,-1.22849440574646
7530.0,-1.261148452758789
7535.0,-1.2153092622756958
7540.0,-1.2323272228240967
7545.0,-1.2618489265441895
7550.0,-1.2193028926849365
7555.0,-1.2334660291671753
7560.0,-1.2430059909820557
7565.0,-1.228813886642456
7570.0,-1.2234939336776733
7575.0,-1.2249538898468018
7580.0,-1.2333741188049316
7585.0,-1.231688141822815
7590.0,-1.214799404144287
7595.0,-1.255791187286377
7600.0,-1.2450706958770752
7605.0,-1.2063006162643433
7610.0,-1.232964038848877
7615.0,-1.2330899238586426
7620.0,-1.2056589126586914
7625.0,-1.2434711456298828
7630.0,-1.2362326383590698
7635.0,-1.2267050743103027
7640.0,-1.2347631454467773
7645.0,-1.2450480461120605
7650.0,-1.2203813791275024
7655.0,-1.2681957483291626
7660.0,-1.2291536331176758
7665.0,-1.1983990669250488
7670.0,-1.2648959159851074
7675.0,-1.2316410541534424
7680.0,-1.2054622173309326
7685.0,-1.2436907291412354
7690.0,-1.2513351440429688
7695.0,-1.1983942985534668
7700.0,-1.230333685874939
7705.0,-1.2431058883666992
7710.0,-1.2095229625701904
7715.0,-1.2326982021331787
7720.0,-1.239867091178894
7725.0,-1.22261643409729
7730.0,-1.2414904832839966
7735.0,-1.2231967449188232
7740.0,-1.2205265760421753
7745.0,-1.2446768283843994
7750.0,-1.2167202234268188
7755.0,-1.2239373922348022
7760.0,-1.249009609222412
7765.0,-1.2196366786956787
7770.0,-1.2382726669311523
7775.0,-1.24246084690094
7780.0,-1.2354933023452759
7785.0,-1.2240793704986572
7790.0,-1.2255135774612427
7795.0,-1.2227396965026855
7800.0,-1.2323157787322998
7805.0,-1.245029091835022
7810.0,-1.2113134860992432
7815.0,-1.2468013763427734
7820.0,-1.2359790802001953
7825.0,-1.2056516408920288
7830.0,-1.2462748289108276
7835.0,-1.241189956665039
7840.0,-1.209936261177063
7845.0,-1.243235468864441
7850.0,-1.2381174564361572
7855.0,-1.214199185371399
7860.0,-1.2386023998260498
7865.0,-1.2571125030517578
7870.0,-1.2520101070404053
7875.0,-1.224359154701233
7880.0,-1.2350850105285645
7885.0,-1.2177455425262451
7890.0,-1.2366745471954346
7895.0,-1.2296873331069946
7900.0,-1.2086485624313354
7905.0,-1.2438549995422363
7910.0,-1.2201695442199707
7915.0,-1.2206943035125732
7920.0,-1.2604753971099854
7925.0,-1.23635995388031
7930.0,-1.2200815677642822
7935.0,-1.259600281715393
7940.0,-1.215765118598938
7945.0,-1.21170973777771
7950.0,-1.2587525844573975
7955.0,-1.213773250579834
7960.0,-1.2277485132217407
7965.0,-1.248053789138794
7970.0,-1.222429633140564
7975.0,-1.2195122241973877
7980.0,-1.262861967086792
7985.0,-1.2237498760223389
7990.0,-1.225461483001709
7995.0,-1.2473514080047607
8000.0,-1.2422802448272705
8005.0,-1.2155060768127441
8010.0,-1.2298436164855957
8015.0,-1.2437665462493896
8020.0,-1.213285207748413
8025.0,-1.2168329954147339
8030.0,-1.2413394451141357
8035.0,-1.2289105653762817
8040.0,-1.2121562957763672
8045.0,-1.2288357019424438
8050.0,-1.2260894775390625
8055.0,-1.2362124919891357
8060.0,-1.2291573286056519
8065.0,-1.2393956184387207
8070.0,-1.2337113618850708
8075.0,-1.243288278579712
8080.0,-1.2332987785339355
8085.0,-1.2332327365875244
8090.0,-1.2317078113555908
8095.0,-1.2305569648742676
8100.0,-1.2237145900726318
8105.0,-1.2370738983154297
8110.0,-1.2176536321640015
8115.0,-1.226316213607788
8120.0,-1.223509430885315
8125.0,-1.2371150255203247
8130.0,-1.2190876007080078
8135.0,-1.2096288204193115
8140.0,-1.2265024185180664
8145.0,-1.2166653871536255
8150.0,-1.2102049589157104
8155.0,-1.2425469160079956
8160.0,-1.2126710414886475
8165.0,-1.2228059768676758
8170.0,-1.245671033859253
8175.0,-1.2104828357696533
8180.0,-1.2278053760528564
8185.0,-1.2553319931030273
8190.0,-1.2122926712036133
8195.0,-1.2284997701644897
8200.0,-1.2320539951324463
8205.0,-1.2285947799682617
8210.0,-1.2373164892196655
8215.0,-1.2291127443313599
8220.0,-1.2487140893936157
8225.0,-1.2247824668884277
8230.0,-1.2316575050354004
8235.0,-1.2421666383743286
8240.0,-1.2185925245285034
8245.0,-1.2229504585266113
8250.0,-1.2360398769378662
8255.0,-1.2209044694900513
8260.0,-1.227386713027954
8265.0,-1.2396645545959473
8270.0,-1.2137078046798706
8275.0,-1.2272876501083374
8280.0,-1.2365882396697998
8285.0,-1.243603229522705
8290.0,-1.227217674255371
8295.0,-1.2302846908569336
8300.0,-1.225330114364624
8305.0,-1.2274813652038574
8310.0,-1.2162127494812012
8315.0,-1.241511344909668
8320.0,-1.249710202217102
8325.0,-1.2211461067199707
8330.0,-1.2295286655426025
8335.0,-1.2394078969955444
8340.0,-1.234339952468872
8345.0,-1.2331254482269287
8350.0,-1.2264155149459839
8355.0,-1.231114149093628
8360.0,-1.2267978191375732
8365.0,-1.2178502082824707
8370.0,-1.2423115968704224
8375.0,-1.2212132215499878
8380.0,-1.2199708223342896
8385.0,-1.2407591342926025
8390.0,-1.232882022857666
8395.0,-1.2329274415969849
8400.0,-1.2345960140228271
8405.0,-1.2286491394042969
8410.0,-1.2325224876403809
8415.0,-1.233619213104248
8420.0,-1.2322009801864624
8425.0,-1.235349178314209
8430.0,-1.222115159034729
8435.0,-1.217970848083496
8440.0,-1.2408555746078491
8445.0,-1.2200559377670288
8450.0,-1.2389470338821411
8455.0,-1.239880919456482
8460.0,-1.2224698066711426
8465.0,-1.2416640520095825
8470.0,-1.2377279996871948
8475.0,-1.2268459796905518
8480.0,-1.2384817600250244
8485.0,-1.231092095375061
8490.0,-1.2108432054519653
8495.0,-1.238527536392212
8500.0,-1.238447904586792
8505.0,-1.2133820056915283
8510.0,-1.244404911994934
8515.0,-1.2280360460281372
8520.0,-1.203346848487854
8525.0,-1.2375072240829468
8530.0,-1.2243503332138062
8535.0,-1.2202435731887817
8540.0,-1.2423990964889526
8545.0,-1.2245607376098633
8550.0,-1.2164751291275024
8555.0,-1.247539758682251
8560.0,-1.2219582796096802
8565.0,-1.232883095741272
8570.0,-1.2531903982162476
8575.0,-1.226222276687622
8580.0,-1.2366180419921875
8585.0,-1.2385284900665283
8590.0,-1.2342177629470825
8595.0,-1.2315566539764404
8600.0,-1.243095874786377
8605.0,-1.2378007173538208
8610.0,-1.2343331575393677
8615.0,-1.2235336303710938
8620.0,-1.2467949390411377
8625.0,-1.245844841003418
8630.0,-1.2161509990692139
8635.0,-1.2345069646835327
8640.0,-1.2312216758728027
8645.0,-1.220589518547058
8650.0,-1.2113968133926392
8655.0,-1.2246177196502686
8660.0,-1.2450191974639893
8665.0,-1.204502820968628
8670.0,-1.222373127937317
8675.0,-1.255164384841919
8680.0,-1.2131845951080322
8685.0,-1.223543643951416
8690.0,-1.2534117698669434
8695.0,-1.2112293243408203
8700.0,-1.2408463954925537
8705.0,-1.2301442623138428
8710.0,-1.2141656875610352
8715.0,-1.2437043190002441
8720.0,-1.2246384620666504
8725.0,-1.228721022605896
8730.0,-1.2458317279815674
8735.0,-1.2196855545043945
8740.0,-1.2349708080291748
8745.0,-1.2336959838867188
8750.0,-1.2110475301742554
8755.0,-1.2344311475753784
8760.0,-1.221855640411377
8765.0,-1.2267898321151733
8770.0,-1.2254008054733276
8775.0,-1.2385215759277344
8780.0,-1.2248148918151855
8785.0,-1.2235910892486572
8790.0,-1.2301846742630005
8795.0,-1.236780047416687
8800.0,-1.2183942794799805
8805.0,-1.2235093116760254
8810.0,-1.2439966201782227
8815.0,-1.2297219038009644
8820.0,-1.2289782762527466
8825.0,-1.2289962768554688
8830.0,-1.241967797279358
8835.0,-1.2351117134094238
8840.0,-1.2185287475585938
8845.0,-1.2472426891326904
8850.0,-1.2200000286102295
8855.0,-1.2167556285858154
8860.0,-1.2311840057373047
8865.0,-1.2322715520858765
8870.0,-1.2236441373825073
8875.0,-1.2334489822387695
8880.0,-1.2148096561431885
8885.0,-1.2265973091125488
8890.0,-1.23585844039917
8895.0,-1.2260758876800537
8900.0,-1.2207591533660889
8905.0,-1.235908031463623
8910.0,-1.2440614700317383
8915.0,-1.2252963781356812
8920.0,-1.2256057262420654
8925.0,-1.2505714893341064
8930.0,-1.2254773378372192
8935.0,-1.2369673252105713
8940.0,-1.257531762123108
8945.0,-1.2191143035888672
8950.0,-1.2187449932098389
8955.0,-1.250340461730957
8960.0,-1.217407464981079
8965.0,-1.2059271335601807
8970.0,-1.2447896003723145
8975.0,-1.2225900888442993
8980.0,-1.2220256328582764
8985.0,-1.2277504205703735
8990.0,-1.235184907913208
8995.0,-1.232478380203247
9000.0,-1.2288506031036377
9005.0,-1.2366185188293457
9010.0,-1.2380262613296509
9015.0,-1.2208317518234253
9020.0,-1.2201638221740723
9025.0,-1.2496943473815918
9030.0,-1.23601496219635
9035.0,-1.2200024127960205
9040.0,-1.2399437427520752
9045.0,-1.2350053787231445
9050.0,-1.2144553661346436
9055.0,-1.2323189973831177
9060.0,-1.2284857034683228
9065.0,-1.215186357498169
9070.0,-1.2225927114486694
9075.0,-1.2053625583648682
9080.0,-1.224847435951233
9085.0,-1.22640061378479
9090.0,-1.2193074226379395
9095.0,-1.236795425415039
9100.0,-1.2323575019836426
9105.0,-1.2014408111572266
9110.0,-1.2265956401824951
9115.0,-1.2386245727539062
9120.0,-1.2192639112472534
9125.0,-1.2282226085662842
9130.0,-1.237406849861145
9135.0,-1.2230476140975952
9140.0,-1.2301769256591797
9145.0,-1.238142490386963
9150.0,-1.225968360900879
9155.0,-1.2376365661621094
9160.0,-1.226452350616455
9165.0,-1.218393087387085
9170.0,-1.2365400791168213
9175.0,-1.2209749221801758
9180.0,-1.2221107482910156
9185.0,-1.248711347579956
9190.0,-1.2211196422576904
9195.0,-1.2063562870025635
9200.0,-1.2479331493377686
9205.0,-1.239864706993103
9210.0,-1.220802664756775
9215.0,-1.2240413427352905
9220.0,-1.2320659160614014
9225.0,-1.2341917753219604
9230.0,-1.219295859336853
9235.0,-1.2474631071090698
9240.0,-1.2289586067199707
9245.0,-1.218575119972229
9250.0,-1.2378069162368774
9255.0,-1.2168091535568237
9260.0,-1.2295441627502441
9265.0,-1.2490003108978271
9270.0,-1.23187255859375
9275.0,-1.2313251495361328
9280.0,-1.2347861528396606
9285.0,-1.2271428108215332
9290.0,-1.2378599643707275
9295.0,-1.2169898748397827
9300.0,-1.236647129058838
9305.0,-1.236133337020874
9310.0,-1.2169277667999268
9315.0,-1.2270448207855225
9320.0,-1.2496246099472046
9325.0,-1.2132747173309326
9330.0,-1.2329789400100708
9335.0,-1.2332638502120972
9340.0,-1.236880898475647
9345.0,-1.213135838508606
9350.0,-1.228629469871521
9355.0,-1.2343968152999878
9360.0,-1.2268543243408203
9365.0,-1.2276099920272827
9370.0,-1.2354493141174316
9375.0,-1.2273023128509521
9380.0,-1.2161433696746826
9385.0,-1.2275676727294922
9390.0,-1.2472869157791138
9395.0,-1.2299063205718994
9400.0,-1.1985127925872803
9405.0,-1.2437474727630615
9410.0,-1.2357676029205322
9415.0,-1.225520372390747
9420.0,-1.2250605821609497
9425.0,-1.2269368171691895
9430.0,-1.2410244941711426
9435.0,-1.2339000701904297
9440.0,-1.2270781993865967
9445.0,-1.232609510421753
9450.0,-1.220721960067749
9455.0,-1.2398710250854492
9460.0,-1.243772029876709
9465.0,-1.2292611598968506
9470.0,-1.2433966398239136
9475.0,-1.2145459651947021
9480.0,-1.2396318912506104
9485.0,-1.2355858087539673
9490.0,-1.2187776565551758
9495.0,-1.2351235151290894
9500.0,-1.2439721822738647
9505.0,-1.225225806236267
9510.0,-1.2270705699920654
9515.0,-1.2397702932357788
9520.0,-1.2331889867782593
9525.0,-1.2130558490753174
9530.0,-1.2393651008605957
9535.0,-1.2435365915298462
9540.0,-1.2054766416549683
9545.0,-1.251060962677002
9550.0,-1.2489320039749146
9555.0,-1.220481038093567
9560.0,-1.2334983348846436
9565.0,-1.2313710451126099
9570.0,-1.2196247577667236
9575.0,-1.2296562194824219
9580.0,-1.2237319946289062
9585.0,-1.2204159498214722
9590.0,-1.2297416925430298
9595.0,-1.2239389419555664
9600.0,-1.2200369834899902
9605.0,-1.2302675247192383
9610.0,-1.2429131269454956
9615.0,-1.2496716976165771
9620.0,-1.2276771068572998
9625.0,-1.2317143678665161
9630.0,-1.244542121887207
9635.0,-1.2195417881011963
9640.0,-1.2292897701263428
9645.0,-1.2349278926849365
9650.0,-1.2306084632873535
9655.0,-1.227350115776062
9660.0,-1.2361968755722046
9665.0,-1.2338931560516357
9670.0,-1.232487678527832
9675.0,-1.208618402481079
9680.0,-1.2438597679138184
9685.0,-1.2454617023468018
9690.0,-1.2105660438537598
9695.0,-1.2424416542053223
9700.0,-1.2695448398590088
9705.0,-1.2099401950836182
9710.0,-1.2203876972198486
9715.0,-1.2576948404312134
9720.0,-1.226529836654663
9725.0,-1.2151561975479126
9730.0,-1.251969814300537
9735.0,-1.2349662780761719
9740.0,-1.2163162231445312
9745.0,-1.236146330833435
9750.0,-1.2447125911712646
9755.0,-1.2373087406158447
9760.0,-1.2253973484039307
9765.0,-1.2190155982971191
9770.0,-1.2368528842926025
9775.0,-1.223862648010254
9780.0,-1.2186555862426758
9785.0,-1.2407052516937256
9790.0,-1.233323574066162
9795.0,-1.2167973518371582
9800.0,-1.2236425876617432
9805.0,-1.2320477962493896
9810.0,-1.2200429439544678
9815.0,-1.2176620960235596
9820.0,-1.2363338470458984
9825.0,-1.226330280303955
9830.0,-1.2382677793502808
9835.0,-1.2346445322036743
9840.0,-1.2175856828689575
9845.0,-1.2364959716796875
9850.0,-1.2212752103805542
9855.0,-1.2316229343414307
9860.0,-1.250990390777588
9865.0,-1.2179040908813477
9870.0,-1.2207071781158447
9875.0,-1.248356580734253
9880.0,-1.2201625108718872
9885.0,-1.2200063467025757
9890.0,-1.2330281734466553
9895.0,-1.2229810953140259
9900.0,-1.2506603002548218
9905.0,-1.2287046909332275
9910.0,-1.2245200872421265
9915.0,-1.2413736581802368
9920.0,-1.228252649307251
9925.0,-1.221312165260315
9930.0,-1.2336739301681519
9935.0,-1.2330162525177002
9940.0,-1.215917944908142
9945.0,-1.2242294549942017
9950.0,-1.2303447723388672
9955.0,-1.2247092723846436
9960.0,-1.2306960821151733
9965.0,-1.219771385192871
9970.0,-1.226243019104004
9975.0,-1.236452341079712
9980.0,-1.2175841331481934
9985.0,-1.2328534126281738
9990.0,-1.22381591796875
9995.0,-1.2224500179290771
10000.0,-1.234484076499939
10005.0,-1.2256865501403809
10010.0,-1.2265198230743408
10015.0,-1.2339348793029785
10020.0,-1.2198500633239746
10025.0,-1.2200124263763428
10030.0,-1.246823787689209
10035.0,-1.229887843132019
10040.0,-1.2403743267059326
10045.0,-1.2345349788665771
10050.0,-1.227832555770874
10055.0,-1.2236417531967163
10060.0,-1.2414910793304443
10065.0,-1.2168724536895752
10070.0,-1.2289730310440063
10075.0,-1.236140489578247
10080.0,-1.237105131149292
10085.0,-1.2172629833221436
10090.0,-1.239853024482727
10095.0,-1.2570315599441528
10100.0,-1.2169477939605713
10105.0,-1.222212314605713
10110.0,-1.251645803451538
10115.0,-1.2376229763031006
10120.0,-1.2186148166656494
10125.0,-1.2401652336120605
10130.0,-1.2191345691680908
10135.0,-1.224293828010559
10140.0,-1.242503046989441
10145.0,-1.233813762664795
10150.0,-1.2187405824661255
10155.0,-1.2259080410003662
10160.0,-1.2380073070526123
10165.0,-1.215867280960083
10170.0,-1.2250490188598633
10175.0,-1.2290650606155396
10180.0,-1.2282371520996094
10185.0,-1.2232624292373657
10190.0,-1.2580931186676025
10195.0,-1.221731424331665
10200.0,-1.2177821397781372
10205.0,-1.2682335376739502
10210.0,-1.2103115320205688
10215.0,-1.2221431732177734
10220.0,-1.2609413862228394
10225.0,-1.2021712064743042
10230.0,-1.2322118282318115
10235.0,-1.2388705015182495
10240.0,-1.2132552862167358
10245.0,-1.2297612428665161
10250.0,-1.2474209070205688
10255.0,-1.2207728624343872
10260.0,-1.2569524049758911
10265.0,-1.2500286102294922
10270.0,-1.217427134513855
10275.0,-1.2582898139953613
10280.0,-1.238337516784668
10285.0,-1.2237842082977295
10290.0,-1.2323426008224487
10295.0,-1.2387676239013672
10300.0,-1.2159667015075684
10305.0,-1.245248794555664
10310.0,-1.2196874618530273
10315.0,-1.2199757099151611
10320.0,-1.2472928762435913
10325.0,-1.233871340751648
10330.0,-1.2287942171096802
10335.0,-1.2383288145065308
10340.0,-1.2372037172317505
10345.0,-1.210398554801941
10350.0,-1.2341362237930298
10355.0,-1.2479803562164307
10360.0,-1.2243274450302124
10365.0,-1.230198860168457
10370.0,-1.2302182912826538
10375.0,-1.2344914674758911
10380.0,-1.245895504951477
10385.0,-1.2289879322052002
10390.0,-1.2268723249435425
10395.0,-1.2398074865341187
10400.0,-1.224159598350525
10405.0,-1.2340677976608276
10410.0,-1.2356510162353516
10415.0,-1.2320778369903564
10420.0,-1.2330182790756226
10425.0,-1.2272106409072876
10430.0,-1.2388012409210205
10435.0,-1.2386929988861084
10440.0,-1.2282907962799072
10445.0,-1.22376549243927
10450.0,-1.2279515266418457
10455.0,-1.2473244667053223
10460.0,-1.221163034439087
10465.0,-1.2280133962631226
10470.0,-1.2576640844345093
10475.0,-1.2146081924438477
10480.0,-1.2214632034301758
10485.0,-1.2450041770935059
10490.0,-1.2379136085510254
10495.0,-1.2145135402679443
10500.0,-1.2224249839782715
10505.0,-1.2405197620391846
10510.0,-1.227358341217041
10515.0,-1.2120187282562256
10520.0,-1.2549214363098145
10525.0,-1.2356157302856445
10530.0,-1.2175748348236084
10535.0,-1.2423065900802612
10540.0,-1.2273075580596924
10545.0,-1.2140179872512817
10550.0,-1.2385982275009155
10555.0,-1.2335162162780762
10560.0,-1.24769127368927
10565.0,-1.2242988348007202
10570.0,-1.2365448474884033
10575.0,-1.241711139678955
10580.0,-1.2248455286026
10585.0,-1.2460514307022095
10590.0,-1.2344365119934082
10595.0,-1.2239408493041992
10600.0,-1.2349213361740112
10605.0,-1.2312283515930176
10610.0,-1.2208406925201416
10615.0,-1.2359528541564941
10620.0,-1.229475975036621
10625.0,-1.2257740497589111
10630.0,-1.2340483665466309
10635.0,-1.2225172519683838
10640.0,-1.2397207021713257
10645.0,-1.2231473922729492
10650.0,-1.2189444303512573
10655.0,-1.2557857036590576
10660.0,-1.2205320596694946
10665.0,-1.2366080284118652
10670.0,-1.2457131147384644
10675.0,-1.2168526649475098
10680.0,-1.2302720546722412
10685.0,-1.2402948141098022
10690.0,-1.2122588157653809
10695.0,-1.23991060256958
10700.0,-1.2297204732894897
10705.0,-1.2030497789382935
10710.0,-1.243898630142212
10715.0,-1.2337990999221802
10720.0,-1.222041368484497
10725.0,-1.2275718450546265
10730.0,-1.2438024282455444
10735.0,-1.2173866033554077
10740.0,-1.2136595249176025
10745.0,-1.2507104873657227
10750.0,-1.2125837802886963
10755.0,-1.21641206741333
10760.0,-1.2481921911239624
10765.0,-1.207495927810669
10770.0,-1.216184139251709
10775.0,-1.2480708360671997
10780.0,-1.2099862098693848
10785.0,-1.2106211185455322
10790.0,-1.2548067569732666
10795.0,-1.199191927909851
10800.0,-1.2216061353683472
10805.0,-1.2531330585479736
10810.0,-1.2289636135101318
10815.0,-1.2159310579299927
10820.0,-1.2468254566192627
10825.0,-1.2350521087646484
10830.0,-1.2215797901153564
10835.0,-1.2427901029586792
10840.0,-1.2242698669433594
10845.0,-1.211113691329956
10850.0,-1.2337538003921509
10855.0,-1.235823392868042
10860.0,-1.2310131788253784
10865.0,-1.2482149600982666
10870.0,-1.2270232439041138
10875.0,-1.2237365245819092
10880.0,-1.2332384586334229
10885.0,-1.2343041896820068
10890.0,-1.2256975173950195
10895.0,-1.225475788116455
10900.0,-1.2191669940948486
10905.0,-1.2471765279769897
10910.0,-1.2341511249542236
10915.0,-1.2275217771530151
10920.0,-1.2416263818740845
10925.0,-1.236530065536499
10930.0,-1.23076331615448
10935.0,-1.2273118495941162
10940.0,-1.2429111003875732
10945.0,-1.2427923679351807
10950.0,-1.204748511314392
10955.0,-1.2364141941070557
10960.0,-1.2503623962402344
10965.0,-1.2004902362823486
10970.0,-1.2441802024841309
10975.0,-1.263436198234558
10980.0,-1.2037864923477173
10985.0,-1.2278163433074951
10990.0,-1.2462403774261475
10995.0,-1.218543291091919
11000.0,-1.2248055934906006
11005.0,-1.2449240684509277
11010.0,-1.2214008569717407
11015.0,-1.220150113105774
11020.0,-1.2341830730438232
11025.0,-1.2223721742630005
11030.0,-1.2345067262649536
11035.0,-1.246750831604004
11040.0,-1.2287509441375732
11045.0,-1.2203242778778076
11050.0,-1.238210678100586
11055.0,-1.2228198051452637
11060.0,-1.2246360778808594
11065.0,-1.2338476181030273
11070.0,-1.2273635864257812
11075.0,-1.218643069267273
11080.0,-1.226333737373352
11085.0,-1.2349026203155518
11090.0,-1.232534646987915
11095.0,-1.236321210861206
11100.0,-1.2457987070083618
11105.0,-1.2248146533966064
11110.0,-1.2341721057891846
11115.0,-1.232312560081482
11120.0,-1.2203402519226074
11125.0,-1.2321813106536865
11130.0,-1.236871600151062
11135.0,-1.22792649269104
11140.0,-1.2445499897003174
11145.0,-1.2162621021270752
11150.0,-1.2300102710723877
11155.0,-1.2469229698181152
11160.0,-1.2215739488601685
11165.0,-1.2487826347351074
11170.0,-1.2258453369140625
11175.0,-1.2252123355865479
11180.0,-1.2212653160095215
11185.0,-1.2350399494171143
11190.0,-1.2252602577209473
11195.0,-1.2333202362060547
11200.0,-1.2281233072280884
11205.0,-1.2231067419052124
11210.0,-1.2345954179763794
11215.0,-1.2401827573776245
11220.0,-1.2346192598342896
11225.0,-1.2285352945327759
11230.0,-1.229029655456543
11235.0,-1.2347297668457031
11240.0,-1.2386349439620972
11245.0,-1.2204277515411377
11250.0,-1.228306770324707
11255.0,-1.241711139678955
11260.0,-1.2194395065307617
11265.0,-1.222960114479065
11270.0,-1.2341183423995972
11275.0,-1.2218914031982422
11280.0,-1.2293939590454102
11285.0,-1.2293707132339478
11290.0,-1.2343714237213135
11295.0,-1.2328143119812012
11300.0,-1.2245123386383057
11305.0,-1.2243038415908813
11310.0,-1.2427366971969604
11315.0,-1.229412317276001
11320.0,-1.2136571407318115
11325.0,-1.2559235095977783
11330.0,-1.2244985103607178
11335.0,-1.2152920961380005
11340.0,-1.2429548501968384
11345.0,-1.2300612926483154
11350.0,-1.208604335784912
11355.0,-1.2484229803085327
11360.0,-1.2335407733917236
11365.0,-1.235184907913208
11370.0,-1.2368824481964111
11375.0,-1.221001148223877
11380.0,-1.2593395709991455
11385.0,-1.2274043560028076
11390.0,-1.2361230850219727
11395.0,-1.2354001998901367
11400.0,-1.2146203517913818
11405.0,-1.2225265502929688
11410.0,-1.2430014610290527
11415.0,-1.2253344058990479
11420.0,-1.2217864990234375
11425.0,-1.2283082008361816
11430.0,-1.229400634765625
11435.0,-1.2263047695159912
11440.0,-1.2239283323287964
11445.0,-1.2344779968261719
11450.0,-1.220943570137024
11455.0,-1.2278156280517578
11460.0,-1.2383610010147095
11465.0,-1.231169581413269
11470.0,-1.2378731966018677
11475.0,-1.2375160455703735
11480.0,-1.2280384302139282
11485.0,-1.2377002239227295
11490.0,-1.2292563915252686
11495.0,-1.2182804346084595
11500.0,-1.2341113090515137
11505.0,-1.2259016036987305
11510.0,-1.2288928031921387
11515.0,-1.222585916519165
11520.0,-1.2208693027496338
11525.0,-1.2305288314819336
11530.0,-1.2337384223937988
11535.0,-1.226693868637085
11540.0,-1.2346129417419434
11545.0,-1.2310189008712769
11550.0,-1.225342869758606
11555.0,-1.2279653549194336
11560.0,-1.2291128635406494
11565.0,-1.2373369932174683
11570.0,-1.2363624572753906
11575.0,-1.2265244722366333
11580.0,-1.2236301898956299
11585.0,-1.258459210395813
11590.0,-1.2308876514434814
11595.0,-1.2153139114379883
11600.0,-1.2536433935165405
11605.0,-1.231995701789856
11610.0,-1.2039883136749268
11615.0,-1.257075548171997
11620.0,-1.2339067459106445
11625.0,-1.2161948680877686
11630.0,-1.2520010471343994
11635.0,-1.2225253582000732
11640.0,-1.2176295518875122
11645.0,-1.2482696771621704
11650.0,-1.2270478010177612
11655.0,-1.2207221984863281
11660.0,-1.2349801063537598
11665.0,-1.216876745223999
11670.0,-1.2220149040222168
11675.0,-1.2396769523620605
11680.0,-1.2370514869689941
11685.0,-1.2423241138458252
11690.0,-1.2435779571533203
11695.0,-1.230857014656067
11700.0,-1.2156388759613037
11705.0,-1.2375688552856445
11710.0,-1.240069031715393
11715.0,-1.227781057357788
11720.0,-1.2436635494232178
11725.0,-1.2379456758499146
11730.0,-1.2133572101593018
11735.0,-1.2407830953598022
11740.0,-1.242012619972229
11745.0,-1.2212417125701904
11750.0,-1.2418570518493652
11755.0,-1.240269422531128
11760.0,-1.2207393646240234
11765.0,-1.2364805936813354
11770.0,-1.2446448802947998
11775.0,-1.2293682098388672
11780.0,-1.2374417781829834
11785.0,-1.2374192476272583
11790.0,-1.2414369583129883
11795.0,-1.21390700340271
11800.0,-1.2302207946777344
11805.0,-1.2316439151763916
11810.0,-1.2057838439941406
11815.0,-1.2276637554168701
11820.0,-1.2411844730377197
11825.0,-1.2357558012008667
11830.0,-1.226780891418457
11835.0,-1.2440980672836304
11840.0,-1.2301994562149048
11845.0,-1.233281135559082
11850.0,-1.233127236366272
11855.0,-1.2470502853393555
11860.0,-1.227909803390503
11865.0,-1.226987361907959
11870.0,-1.2201855182647705
11875.0,-1.228384256362915
11880.0,-1.2214804887771606
11885.0,-1.2229621410369873
11890.0,-1.2511694431304932
11895.0,-1.2152892351150513
11900.0,-1.2334518432617188
11905.0,-1.2409372329711914
11910.0,-1.2273354530334473
11915.0,-1.243399977684021
11920.0,-1.234102725982666
11925.0,-1.223954677581787
11930.0,-1.2337762117385864
11935.0,-1.2276110649108887
11940.0,-1.229055404663086
11945.0,-1.2160810232162476
11950.0,-1.2164912223815918
11955.0,-1.2415810823440552
11960.0,-1.2310396432876587
11965.0,-1.2061963081359863
11970.0,-1.249411940574646
11975.0,-1.2269043922424316
11980.0,-1.2194980382919312
11985.0,-1.2520049810409546
11990.0,-1.233116865158081
11995.0,-1.2119394540786743
12000.0,-1.2390304803848267
12005.0,-1.2326055765151978
12010.0,-1.2130814790725708
12015.0,-1.2398567199707031
12020.0,-1.2315552234649658
12025.0,-1.2114925384521484
12030.0,-1.2244383096694946
12035.0,-1.2521237134933472
12040.0,-1.2363933324813843
12045.0,-1.2323291301727295
12050.0,-1.2250980138778687
12055.0,-1.2259608507156372
12060.0,-1.2354021072387695
12065.0,-1.2414710521697998
12070.0,-1.2317891120910645
12075.0,-1.2314273118972778
12080.0,-1.223076343536377
12085.0,-1.2216732501983643
12090.0,-1.2408344745635986
12095.0,-1.241026520729065
12100.0,-1.2224323749542236
12105.0,-1.2241575717926025
12110.0,-1.225029706954956
12115.0,-1.243954062461853
12120.0,-1.2380378246307373
12125.0,-1.2233256101608276
12130.0,-1.2326390743255615
12135.0,-1.2391786575317383
12140.0,-1.230025291442871
12145.0,-1.248755693435669
12150.0,-1.227420449256897
12155.0,-1.228142261505127
12160.0,-1.2347543239593506
12165.0,-1.2322689294815063
12170.0,-1.2553391456604004
12175.0,-1.2307744026184082
12180.0,-1.2319438457489014
12185.0,-1.2321528196334839
12190.0,-1.2273025512695312
12195.0,-1.2225950956344604
12200.0,-1.2235742807388306
12205.0,-1.2267693281173706
12210.0,-1.2347681522369385
12215.0,-1.2233798503875732
12220.0,-1.2313954830169678
12225.0,-1.2498939037322998
12230.0,-1.2108087539672852
12235.0,-1.232707142829895
12240.0,-1.2623387575149536
12245.0,-1.2228689193725586
12250.0,-1.2180447578430176
12255.0,-1.2506651878356934
12260.0,-1.2197809219360352
12265.0,-1.2378230094909668
12270.0,-1.2400104999542236
12275.0,-1.2085464000701904
12280.0,-1.2469463348388672
12285.0,-1.220200777053833
12290.0,-1.2276546955108643
12295.0,-1.2366191148757935
12300.0,-1.2234846353530884
12305.0,-1.2286769151687622
12310.0,-1.2392042875289917
12315.0,-1.2370432615280151
12320.0,-1.2223750352859497
12325.0,-1.2305998802185059
12330.0,-1.2126374244689941
12335.0,-1.2381649017333984
12340.0,-1.237081527709961
12345.0,-1.240318775177002
12350.0,-1.2200803756713867
12355.0,-1.228971242904663
12360.0,-1.2383873462677002
12365.0,-1.23104727268219
12370.0,-1.2195298671722412
12375.0,-1.2338793277740479
12380.0,-1.2310189008712769
12385.0,-1.216092586517334
12390.0,-1.2493422031402588
12395.0,-1.2438132762908936
12400.0,-1.214792251586914
12405.0,-1.24960196018219
12410.0,-1.229973554611206
12415.0,-1.2331326007843018
12420.0,-1.2394022941589355
12425.0,-1.2297236919403076
12430.0,-1.2193526029586792
12435.0,-1.2166997194290161
12440.0,-1.2358577251434326
12445.0,-1.2281590700149536
12450.0,-1.2094223499298096
12455.0,-1.2205064296722412
12460.0,-1.250311017036438
12465.0,-1.223064661026001
12470.0,-1.2205628156661987
12475.0,-1.2414569854736328
12480.0,-1.2290884256362915
12485.0,-1.2276420593261719
12490.0,-1.2377501726150513
12495.0,-1.2271921634674072
12500.0,-1.2326421737670898
12505.0,-1.2306358814239502
12510.0,-1.2373223304748535
12515.0,-1.2437410354614258
12520.0,-1.2215920686721802
12525.0,-1.2228660583496094
12530.0,-1.247444748878479
12535.0,-1.2055397033691406
12540.0,-1.2309226989746094
12545.0,-1.257491111755371
12550.0,-1.1994869709014893
12555.0,-1.2260215282440186
12560.0,-1.258622407913208
12565.0,-1.221073865890503
12570.0,-1.2329697608947754
12575.0,-1.254211664199829
12580.0,-1.2106683254241943
12585.0,-1.2175832986831665
12590.0,-1.2411131858825684
12595.0,-1.2245903015136719
12600.0,-1.2115113735198975
12605.0,-1.243064522743225
12610.0,-1.2483258247375488
12615.0,-1.2200927734375
12620.0,-1.2324168682098389
12625.0,-1.2486252784729004
12630.0,-1.2276625633239746
12635.0,-1.2290037870407104
12640.0,-1.238253116607666
12645.0,-1.2347761392593384
12650.0,-1.2202532291412354
12655.0,-1.2449958324432373
12660.0,-1.2385553121566772
12665.0,-1.20608651638031
12670.0,-1.2442662715911865
12675.0,-1.2415616512298584
12680.0,-1.2000830173492432
12685.0,-1.2366793155670166
12690.0,-1.2408462762832642
12695.0,-1.2118035554885864
12700.0,-1.2235331535339355
12705.0,-1.2258638143539429
12710.0,-1.2246131896972656
12715.0,-1.237558364868164
12720.0,-1.2309601306915283
12725.0,-1.2424826622009277
12730.0,-1.2254869937896729
12735.0,-1.2272511720657349
12740.0,-1.258838415145874
12745.0,-1.2194666862487793
12750.0,-1.2214912176132202
12755.0,-1.2383193969726562
12760.0,-1.2196323871612549
12765.0,-1.2160656452178955
12770.0,-1.263230800628662
12775.0,-1.2273465394973755
12780.0,-1.2211954593658447
12785.0,-1.2553192377090454
12790.0,-1.213687539100647
12795.0,-1.2347209453582764
12800.0,-1.2584168910980225
12805.0,-1.2161674499511719
12810.0,-1.2334755659103394
12815.0,-1.2431972026824951
12820.0,-1.212906837463379
12825.0,-1.2201192378997803
12830.0,-1.2395622730255127
12835.0,-1.2213600873947144
12840.0,-1.221409797668457
12845.0,-1.2290993928909302
12850.0,-1.2273672819137573
12855.0,-1.2231223583221436
12860.0,-1.2330024242401123
12865.0,-1.231581687927246
12870.0,-1.221863865852356
12875.0,-1.2200621366500854
12880.0,-1.219475507736206
12885.0,-1.222388744354248
12890.0,-1.2385759353637695
12895.0,-1.2192343473434448
12900.0,-1.2153857946395874
12905.0,-1.2218793630599976
12910.0,-1.228147029876709
12915.0,-1.2274391651153564
12920.0,-1.2309620380401611
12925.0,-1.2394684553146362
12930.0,-1.2312318086624146
12935.0,-1.2072696685791016
12940.0,-1.239486813545227
12945.0,-1.2258739471435547
12950.0,-1.2162859439849854
12955.0,-1.2341493368148804
12960.0,-1.217239260673523
12965.0,-1.2297457456588745
12970.0,-1.2380876541137695
12975.0,-1.220903754234314
12980.0,-1.236862063407898
12985.0,-1.2387654781341553
12990.0,-1.2252700328826904
12995.0,-1.2240313291549683
13000.0,-1.2279236316680908
13005.0,-1.2277209758758545
13010.0,-1.205385446548462
13015.0,-1.2444438934326172
13020.0,-1.2338749170303345
13025.0,-1.2084232568740845
13030.0,-1.248396635055542
13035.0,-1.250805377960205
13040.0,-1.1954445838928223
13045.0,-1.2536189556121826
13050.0,-1.243674874305725
13055.0,-1.2122294902801514
13060.0,-1.244977355003357
13065.0,-1.2299374341964722
13070.0,-1.2343430519104004
13075.0,-1.2335999011993408
13080.0,-1.2230417728424072
13085.0,-1.2420583963394165
13090.0,-1.2258284091949463
13095.0,-1.2167319059371948
13100.0,-1.2483177185058594
13105.0,-1.2110099792480469
13110.0,-1.233038067817688
13115.0,-1.2469851970672607
13120.0,-1.2116217613220215
13125.0,-1.236650824546814
13130.0,-1.248091220855713
13135.0,-1.2092440128326416
13140.0,-1.238157033920288
13145.0,-1.2330042123794556
13150.0,-1.2280384302139282
13155.0,-1.239346981048584
13160.0,-1.236994981765747
13165.0,-1.239138126373291
13170.0,-1.220776915550232
13175.0,-1.2316690683364868
13180.0,-1.2389962673187256
13185.0,-1.2270395755767822
13190.0,-1.2184499502182007
13195.0,-1.2342270612716675
13200.0,-1.2289496660232544
13205.0,-1.2357661724090576
13210.0,-1.2397998571395874
13215.0,-1.2337371110916138
13220.0,-1.2091312408447266
13225.0,-1.2370524406433105
13230.0,-1.240262746810913
13235.0,-1.2128111124038696
13240.0,-1.2318944931030273
13245.0,-1.2403457164764404
13250.0,-1.2127621173858643
13255.0,-1.2414931058883667
13260.0,-1.2481772899627686
13265.0,-1.2332086563110352
13270.0,-1.2441662549972534
13275.0,-1.2326688766479492
13280.0,-1.2333110570907593
13285.0,-1.23927640914917
13290.0,-1.2179747819900513
13295.0,-1.2297897338867188
13300.0,-1.2437492609024048
13305.0,-1.218940258026123
13310.0,-1.2363274097442627
13315.0,-1.2344932556152344
13320.0,-1.2273061275482178
13325.0,-1.2163817882537842
13330.0,-1.2449166774749756
13335.0,-1.2274372577667236
13340.0,-1.2268112897872925
13345.0,-1.2456492185592651
13350.0,-1.2433691024780273
13355.0,-1.2228915691375732
13360.0,-1.2292065620422363
13365.0,-1.2382123470306396
13370.0,-1.2363617420196533
13375.0,-1.2321853637695312
13380.0,-1.2244935035705566
13385.0,-1.240423560142517
13390.0,-1.215543270111084
13395.0,-1.2199838161468506
13400.0,-1.2544631958007812
13405.0,-1.2231245040893555
13410.0,-1.2108904123306274
13415.0,-1.243260383605957
13420.0,-1.2341840267181396
13425.0,-1.2214651107788086
13430.0,-1.2483090162277222
13435.0,-1.221571922302246
13440.0,-1.2317707538604736
13445.0,-1.2335149049758911
13450.0,-1.224794864654541
13455.0,-1.2352817058563232
13460.0,-1.2321003675460815
13465.0,-1.217623233795166
13470.0,-1.2298036813735962
13475.0,-1.2170109748840332
13480.0,-1.2294647693634033
13485.0,-1.2417001724243164
13490.0,-1.234123945236206
13495.0,-1.2494440078735352
13500.0,-1.227618932723999
13505.0,-1.2242177724838257
13510.0,-1.2470793724060059
13515.0,-1.2349603176116943
13520.0,-1.2281339168548584
13525.0,-1.2406351566314697
13530.0,-1.2277134656906128
13535.0,-1.2361395359039307
13540.0,-1.2383427619934082
13545.0,-1.2258858680725098
13550.0,-1.2178571224212646
13555.0,-1.2343320846557617
13560.0,-1.2279006242752075
13565.0,-1.2263808250427246
13570.0,-1.2318497896194458
13575.0,-1.2414991855621338
13580.0,-1.2268147468566895
13585.0,-1.2326234579086304
13590.0,-1.242018222808838
13595.0,-1.2267415523529053
13600.0,-1.225534200668335
13605.0,-1.2276017665863037
13610.0,-1.230130672454834
13615.0,-1.228938341140747
13620.0,-1.2282543182373047
13625.0,-1.2319412231445312
13630.0,-1.2259800434112549
13635.0,-1.2392549514770508
13640.0,-1.2399532794952393
13645.0,-1.2226295471191406
13650.0,-1.2278705835342407
13655.0,-1.2456783056259155
13660.0,-1.2117750644683838
13665.0,-1.2440907955169678
13670.0,-1.2408270835876465
13675.0,-1.2027359008789062
13680.0,-1.2289766073226929
13685.0,-1.239768624305725
13690.0,-1.2202770709991455
13695.0,-1.239903450012207
13700.0,-1.2230596542358398
13705.0,-1.2296273708343506
13710.0,-1.2435245513916016
13715.0,-1.2081243991851807
13720.0,-1.2353885173797607
13725.0,-1.2359795570373535
13730.0,-1.2288724184036255
13735.0,-1.2315114736557007
13740.0,-1.2465224266052246
13745.0,-1.2183064222335815
13750.0,-1.2120730876922607
13755.0,-1.23171067237854
13760.0,-1.2283633947372437
13765.0,-1.2132561206817627
13770.0,-1.2344821691513062
13775.0,-1.2406846284866333
13780.0,-1.2379366159439087
13785.0,-1.2351462841033936
13790.0,-1.2339093685150146
13795.0,-1.2305965423583984
13800.0,-1.219786524772644
13805.0,-1.234760046005249
13810.0,-1.2401812076568604
13815.0,-1.2253036499023438
13820.0,-1.2378244400024414
13825.0,-1.2424180507659912
13830.0,-1.2467942237854004
13835.0,-1.228000283241272
13840.0,-1.2259008884429932
13845.0,-1.2307628393173218
13850.0,-1.2238469123840332
13855.0,-1.232884407043457
13860.0,-1.2382184267044067
13865.0,-1.2239065170288086
13870.0,-1.2185769081115723
13875.0,-1.2146575450897217
13880.0,-1.2438936233520508
13885.0,-1.2391973733901978
13890.0,-1.2198796272277832
13895.0,-1.2339904308319092
13900.0,-1.2237744331359863
13905.0,-1.2224836349487305
13910.0,-1.229440689086914
13915.0,-1.2339553833007812
13920.0,-1.2190922498703003
13925.0,-1.2339613437652588
13930.0,-1.2549872398376465
13935.0,-1.2239121198654175
13940.0,-1.2182986736297607
13945.0,-1.2392845153808594
13950.0,-1.2291136980056763
13955.0,-1.246689796447754
13960.0,-1.2319966554641724
13965.0,-1.2302923202514648
13970.0,-1.2552876472473145
13975.0,-1.2265548706054688
13980.0,-1.2331130504608154
13985.0,-1.2495017051696777
13990.0,-1.21097993850708
13995.0,-1.2378945350646973
14000.0,-1.2414202690124512
14005.0,-1.2188303470611572
14010.0,-1.239554524421692
14015.0,-1.2365379333496094
14020.0,-1.2230966091156006
14025.0,-1.2343955039978027
14030.0,-1.2526546716690063
14035.0,-1.2283356189727783
14040.0,-1.2333664894104004
14045.0,-1.241159200668335
14050.0,-1.2224605083465576
14055.0,-1.2165884971618652
14060.0,-1.2448508739471436
14065.0,-1.2217614650726318
14070.0,-1.209137201309204
14075.0,-1.2373545169830322
14080.0,-1.2194489240646362
14085.0,-1.2151001691818237
14090.0,-1.2478954792022705
14095.0,-1.2354141473770142
14100.0,-1.231313705444336
14105.0,-1.2492462396621704
14110.0,-1.2267615795135498
14115.0,-1.2313904762268066
14120.0,-1.243198275566101
14125.0,-1.2261393070220947
14130.0,-1.2190499305725098
14135.0,-1.2136693000793457
14140.0,-1.2177091836929321
14145.0,-1.2307286262512207
14150.0,-1.2198151350021362
14155.0,-1.2155122756958008
14160.0,-1.2383407354354858
14165.0,-1.2198700904846191
14170.0,-1.2364023923873901
14175.0,-1.2256782054901123
14180.0,-1.2167384624481201
14185.0,-1.2351531982421875
14190.0,-1.231589436531067
14195.0,-1.2197778224945068
14200.0,-1.2467374801635742
14205.0,-1.2104568481445312
14210.0,-1.2287722826004028
14215.0,-1.2512741088867188
14220.0,-1.2156116962432861
14225.0,-1.2360150814056396
14230.0,-1.2293838262557983
14235.0,-1.232134222984314
14240.0,-1.2199792861938477
14245.0,-1.2356380224227905
14250.0,-1.241124153137207
14255.0,-1.231454849243164
14260.0,-1.2434749603271484
14265.0,-1.2372710704803467
14270.0,-1.2224477529525757
14275.0,-1.2260586023330688
14280.0,-1.2310893535614014
14285.0,-1.2200968265533447
14290.0,-1.2366812229156494
14295.0,-1.240652322769165
14300.0,-1.2145113945007324
14305.0,-1.2360817193984985
14310.0,-1.2484958171844482
14315.0,-1.2208330631256104
14320.0,-1.2280217409133911
14325.0,-1.22391939163208
14330.0,-1.2160005569458008
14335.0,-1.2429559230804443
14340.0,-1.222883939743042
14345.0,-1.2253466844558716
14350.0,-1.2376673221588135
14355.0,-1.2263927459716797
14360.0,-1.2415788173675537
14365.0,-1.2295457124710083
14370.0,-1.2276222705841064
14375.0,-1.2313685417175293
14380.0,-1.2150545120239258
14385.0,-1.2403278350830078
14390.0,-1.231997013092041
14395.0,-1.213444709777832
14400.0,-1.2364754676818848
14405.0,-1.2542328834533691
14410.0,-1.2219445705413818
14415.0,-1.2326205968856812
14420.0,-1.2598652839660645
14425.0,-1.2342079877853394
14430.0,-1.2249259948730469
14435.0,-1.2236766815185547
14440.0,-1.247711420059204
14445.0,-1.2222957611083984
14450.0,-1.224124550819397
14455.0,-1.251226544380188
14460.0,-1.2379193305969238
14465.0,-1.2243037223815918
14470.0,-1.2236570119857788
14475.0,-1.247314691543579
14480.0,-1.2231144905090332
14485.0,-1.2094213962554932
14490.0,-1.2459006309509277
14495.0,-1.2349388599395752
14500.0,-1.2106612920761108
14505.0,-1.2420116662979126
14510.0,-1.2383800745010376
14515.0,-1.1951773166656494
14520.0,-1.2400404214859009
14525.0,-1.237844705581665
14530.0,-1.2158679962158203
14535.0,-1.233642339706421
14540.0,-1.2328743934631348
14545.0,-1.224242091178894
14550.0,-1.2263753414154053
14555.0,-1.2442830801010132
14560.0,-1.2269020080566406
14565.0,-1.248983383178711
14570.0,-1.2098984718322754
14575.0,-1.226024866104126
14580.0,-1.2334517240524292
14585.0,-1.229150414466858
14590.0,-1.2089866399765015
14595.0,-1.2430466413497925
14600.0,-1.236920714378357
14605.0,-1.1983331441879272
14610.0,-1.2294920682907104
14615.0,-1.2387828826904297
14620.0,-1.2125020027160645
14625.0,-1.229651927947998
14630.0,-1.2469208240509033
14635.0,-1.2287217378616333
14640.0,-1.2460212707519531
14645.0,-1.2190635204315186
14650.0,-1.237886905670166
14655.0,-1.2480990886688232
14660.0,-1.2116755247116089
14665.0,-1.2527968883514404
14670.0,-1.230266809463501
14675.0,-1.2016366720199585
14680.0,-1.2378463745117188
14685.0,-1.2400336265563965
14690.0,-1.2064998149871826
14695.0,-1.2315585613250732
14700.0,-1.2306773662567139
14705.0,-1.2382923364639282
14710.0,-1.232950210571289
14715.0,-1.238281488418579
14720.0,-1.2405445575714111
14725.0,-1.2295562028884888
14730.0,-1.2257578372955322
14735.0,-1.2419240474700928
14740.0,-1.2361290454864502
14745.0,-1.2198059558868408
14750.0,-1.2363712787628174
14755.0,-1.2361044883728027
14760.0,-1.2377103567123413
14765.0,-1.225412368774414
14770.0,-1.2354254722595215
14775.0,-1.2422564029693604
14780.0,-1.219128131866455
14785.0,-1.2563800811767578
14790.0,-1.2518336772918701
14795.0,-1.2162139415740967
14800.0,-1.2235840559005737
14805.0,-1.2385114431381226
14810.0,-1.2263174057006836
14815.0,-1.2249916791915894
14820.0,-1.2449965476989746
14825.0,-1.222005009651184
14830.0,-1.222264051437378
14835.0,-1.238442301750183
14840.0,-1.226475477218628
14845.0,-1.2299931049346924
14850.0,-1.2371983528137207
14855.0,-1.2308346033096313
14860.0,-1.2568670511245728
14865.0,-1.239041805267334
14870.0,-1.2184228897094727
14875.0,-1.2306187152862549
14880.0,-1.2452768087387085
14885.0,-1.236729383468628
14890.0,-1.227465033531189
14895.0,-1.2516297101974487
14900.0,-1.221813440322876
14905.0,-1.2248609066009521
14910.0,-1.2471778392791748
14915.0,-1.2437803745269775
14920.0,-1.2173712253570557
14925.0,-1.239471435546875
14930.0,-1.2358211278915405
14935.0,-1.2267025709152222
14940.0,-1.2337126731872559
14945.0,-1.2385218143463135
14950.0,-1.2157773971557617
14955.0,-1.2109827995300293
14960.0,-1.2410376071929932
14965.0,-1.2218289375305176
14970.0,-1.2317655086517334
14975.0,-1.240160346031189
14980.0,-1.2237484455108643
14985.0,-1.22317636013031
14990.0,-1.2540080547332764
14995.0,-1.2448747158050537
15000.0,-1.2320902347564697
15005.0,-1.2119790315628052
15010.0,-1.2436362504959106
15015.0,-1.2516080141067505
15020.0,-1.2224867343902588
15025.0,-1.242974042892456
15030.0,-1.2431440353393555
15035.0,-1.2005352973937988
15040.0,-1.2368297576904297
15045.0,-1.254793405532837
15050.0,-1.2216475009918213
15055.0,-1.2325880527496338
15060.0,-1.2515449523925781
15065.0,-1.2248810529708862
15070.0,-1.228961706161499
15075.0,-1.2450283765792847
15080.0,-1.2327183485031128
15085.0,-1.2400271892547607
15090.0,-1.2310264110565186
15095.0,-1.2290538549423218
15100.0,-1.2110956907272339
15105.0,-1.2263262271881104
15110.0,-1.2349610328674316
15115.0,-1.233924150466919
15120.0,-1.2369188070297241
15125.0,-1.2239291667938232
15130.0,-1.2303869724273682
15135.0,-1.2414785623550415
15140.0,-1.226049542427063
15145.0,-1.2306373119354248
15150.0,-1.2489044666290283
15155.0,-1.2179327011108398
15160.0,-1.2300870418548584
15165.0,-1.2396724224090576
15170.0,-1.2259061336517334
15175.0,-1.231764793395996
15180.0,-1.2374531030654907
15185.0,-1.2363314628601074
15190.0,-1.2326300144195557
15195.0,-1.2368897199630737
15200.0,-1.2205743789672852
15205.0,-1.239161491394043
15210.0,-1.2384231090545654
15215.0,-1.2240943908691406
15220.0,-1.2289907932281494
15225.0,-1.2357146739959717
15230.0,-1.2193681001663208
15235.0,-1.243577241897583
15240.0,-1.2195563316345215
15245.0,-1.236555576324463
15250.0,-1.246059536933899
15255.0,-1.2133207321166992
15260.0,-1.2422224283218384
15265.0,-1.2346808910369873
15270.0,-1.2190730571746826
15275.0,-1.2468595504760742
15280.0,-1.2283644676208496
15285.0,-1.228456735610962
15290.0,-1.2324857711791992
15295.0,-1.2447614669799805
15300.0,-1.2346124649047852
15305.0,-1.2199125289916992
15310.0,-1.2335498332977295
15315.0,-1.2308838367462158
15320.0,-1.222724199295044
15325.0,-1.2633888721466064
15330.0,-1.2226312160491943
15335.0,-1.2094364166259766
15340.0,-1.2525522708892822
15345.0,-1.2128654718399048
15350.0,-1.2329626083374023
15355.0,-1.248307704925537
15360.0,-1.2069095373153687
15365.0,-1.2426416873931885
15370.0,-1.2539186477661133
15375.0,-1.2121224403381348
15380.0,-1.237109899520874
15385.0,-1.2387454509735107
15390.0,-1.2235379219055176
15395.0,-1.2264397144317627
15400.0,-1.2324390411376953
15405.0,-1.2290961742401123
15410.0,-1.2280980348587036
15415.0,-1.2347666025161743
15420.0,-1.2400479316711426
15425.0,-1.2245852947235107
15430.0,-1.2280009984970093
15435.0,-1.2414363622665405
15440.0,-1.2191576957702637
15445.0,-1.216391921043396
15450.0,-1.2410063743591309
15455.0,-1.240732192993164
15460.0,-1.219751000404358
15465.0,-1.237868070602417
15470.0,-1.2169952392578125
15475.0,-1.2263892889022827
15480.0,-1.2443292140960693
15485.0,-1.2276744842529297
15490.0,-1.2200297117233276
15495.0,-1.2369561195373535
15500.0,-1.2101097106933594
15505.0,-1.2285794019699097
15510.0,-1.2538939714431763
15515.0,-1.2111196517944336
15520.0,-1.222758173942566
15525.0,-1.2393057346343994
15530.0,-1.2161011695861816
15535.0,-1.233771800994873
15540.0,-1.240696907043457
15545.0,-1.2064862251281738
15550.0,-1.2287448644638062
15555.0,-1.2295079231262207
15560.0,-1.2321476936340332
15565.0,-1.2252068519592285
15570.0,-1.2186133861541748
15575.0,-1.2521017789840698
15580.0,-1.2210545539855957
15585.0,-1.228501319885254
15590.0,-1.2476015090942383
15595.0,-1.2119258642196655
15600.0,-1.2289608716964722
15605.0,-1.2685683965682983
15610.0,-1.1952447891235352
15615.0,-1.233761191368103
15620.0,-1.245567798614502
15625.0,-1.2192671298980713
15630.0,-1.2322595119476318
15635.0,-1.2447845935821533
15640.0,-1.207585334777832
15645.0,-1.2237448692321777
15650.0,-1.2262685298919678
15655.0,-1.2235374450683594
15660.0,-1.2331632375717163
15665.0,-1.2309842109680176
15670.0,-1.2430411577224731
15675.0,-1.2174162864685059
15680.0,-1.2245475053787231
15685.0,-1.2421337366104126
15690.0,-1.2305939197540283
15695.0,-1.2125948667526245
15700.0,-1.223724365234375
15705.0,-1.2274763584136963
15710.0,-1.2237787246704102
15715.0,-1.2329134941101074
15720.0,-1.2402606010437012
15725.0,-1.22224760055542
15730.0,-1.2348403930664062
15735.0,-1.226430892944336
15740.0,-1.2263222932815552
15745.0,-1.2368817329406738
15750.0,-1.2365537881851196
15755.0,-1.2257966995239258
15760.0,-1.2250993251800537
15765.0,-1.2364585399627686
15770.0,-1.2308645248413086
15775.0,-1.2440745830535889
15780.0,-1.2428594827651978
15785.0,-1.2256011962890625
15790.0,-1.2091968059539795
15795.0,-1.251737117767334
15800.0,-1.2300970554351807
15805.0,-1.2188973426818848
15810.0,-1.2407459020614624
15815.0,-1.2269235849380493
15820.0,-1.2150623798370361
15825.0,-1.2360138893127441
15830.0,-1.2213770151138306
15835.0,-1.2296981811523438
15840.0,-1.2271825075149536
15845.0,-1.217522144317627
15850.0,-1.253929615020752
15855.0,-1.2295036315917969
15860.0,-1.208360195159912
15865.0,-1.2529921531677246
15870.0,-1.2395082712173462
15875.0,-1.207625389099121
15880.0,-1.237857699394226
15885.0,-1.2479335069656372
15890.0,-1.2099757194519043
15895.0,-1.233850121498108
15900.0,-1.2550992965698242
15905.0,-1.2193119525909424
15910.0,-1.2298696041107178
15915.0,-1.2367969751358032
15920.0,-1.224885106086731
15925.0,-1.2319152355194092
15930.0,-1.2346994876861572
15935.0,-1.215803623199463
15940.0,-1.2390310764312744
15945.0,-1.2469573020935059
15950.0,-1.2228331565856934
15955.0,-1.2475159168243408
15960.0,-1.2422500848770142
15965.0,-1.2180191278457642
15970.0,-1.2231450080871582
15975.0,-1.2441848516464233
15980.0,-1.2164578437805176
15985.0,-1.230804681777954
15990.0,-1.2376084327697754
15995.0,-1.2202515602111816
16000.0,-1.2381923198699951
16005.0,-1.232846975326538
16010.0,-1.2305272817611694
16015.0,-1.2288960218429565
16020.0,-1.2097382545471191
16025.0,-1.222461223602295
16030.0,-1.244280219078064
16035.0,-1.1910096406936646
16040.0,-1.2097817659378052
16045.0,-1.2532362937927246
16050.0,-1.207930326461792
16055.0,-1.217790126800537
16060.0,-1.258861780166626
16065.0,-1.2126967906951904
16070.0,-1.2046154737472534
16075.0,-1.254555344581604
16080.0,-1.2223457098007202
16085.0,-1.222499132156372
16090.0,-1.2399221658706665
16095.0,-1.2169421911239624
16100.0,-1.2258872985839844
16105.0,-1.2304468154907227
16110.0,-1.230682611465454
16115.0,-1.2312822341918945
16120.0,-1.2258163690567017
16125.0,-1.2414478063583374
16130.0,-1.2288368940353394
16135.0,-1.219414234161377
16140.0,-1.2529741525650024
16145.0,-1.2333946228027344
16150.0,-1.2218103408813477
16155.0,-1.253963589668274
16160.0,-1.2343401908874512
16165.0,-1.2117817401885986
16170.0,-1.2427313327789307
16175.0,-1.2411737442016602
16180.0,-1.212369680404663
16185.0,-1.24561607837677
16190.0,-1.2448933124542236
16195.0,-1.2176071405410767
16200.0,-1.225629448890686
16205.0,-1.2342838048934937
16210.0,-1.2399533987045288
16215.0,-1.233520269393921
16220.0,-1.2282488346099854
16225.0,-1.226008653640747
16230.0,-1.2278032302856445
16235.0,-1.2420819997787476
16240.0,-1.2322697639465332
16245.0,-1.231134057044983
16250.0,-1.2374682426452637
16255.0,-1.2343683242797852
16260.0,-1.2288882732391357
16265.0,-1.2275725603103638
16270.0,-1.2344117164611816
16275.0,-1.223836898803711
16280.0,-1.227879285812378
16285.0,-1.2386435270309448
16290.0,-1.2240958213806152
16295.0,-1.2096796035766602
16300.0,-1.2349649667739868
16305.0,-1.2331080436706543
16310.0,-1.216928243637085
16315.0,-1.2398362159729004
16320.0,-1.2354416847229004
16325.0,-1.2137539386749268
16330.0,-1.2439677715301514
16335.0,-1.2522529363632202
16340.0,-1.2186696529388428
16345.0,-1.2287485599517822
16350.0,-1.2417285442352295
16355.0,-1.237135410308838
16360.0,-1.2278997898101807
16365.0,-1.2249393463134766
16370.0,-1.2253901958465576
16375.0,-1.2289555072784424
16380.0,-1.2187764644622803
16385.0,-1.2258305549621582
16390.0,-1.2331291437149048
16395.0,-1.2304511070251465
16400.0,-1.209653377532959
16405.0,-1.256978988647461
16410.0,-1.2470059394836426
16415.0,-1.198441505432129
16420.0,-1.2490835189819336
16425.0,-1.2394665479660034
16430.0,-1.2075811624526978
16435.0,-1.2562034130096436
16440.0,-1.2276346683502197
16445.0,-1.2017443180084229
16450.0,-1.2590746879577637
16455.0,-1.2183260917663574
16460.0,-1.2019838094711304
16465.0,-1.26235032081604
16470.0,-1.2228386402130127
16475.0,-1.2273836135864258
16480.0,-1.2543063163757324
16485.0,-1.217056155204773
16490.0,-1.2297736406326294
16495.0,-1.2562854290008545
16500.0,-1.224802851676941
16505.0,-1.2194406986236572
16510.0,-1.2548085451126099
16515.0,-1.2266243696212769
16520.0,-1.2084472179412842
16525.0,-1.2400777339935303
16530.0,-1.231281042098999
16535.0,-1.2193084955215454
16540.0,-1.2451140880584717
16545.0,-1.2361801862716675
16550.0,-1.230404257774353
16555.0,-1.24465012550354
16560.0,-1.2374387979507446
16565.0,-1.2178936004638672
16570.0,-1.243208885192871
16575.0,-1.2309209108352661
16580.0,-1.207824468612671
16585.0,-1.228945016860962
16590.0,-1.2332414388656616
16595.0,-1.2168149948120117
16600.0,-1.2391303777694702
16605.0,-1.2406933307647705
16610.0,-1.2179672718048096
16615.0,-1.2404613494873047
16620.0,-1.2306535243988037
16625.0,-1.2102211713790894
16630.0,-1.2467598915100098
16635.0,-1.2262964248657227
16640.0,-1.2106887102127075
16645.0,-1.237940788269043
16650.0,-1.214821457862854
16655.0,-1.209862470626831
16660.0,-1.2530038356781006
16665.0,-1.2220371961593628
16670.0,-1.2236783504486084
16675.0,-1.2395634651184082
16680.0,-1.2254726886749268
16685.0,-1.246006965637207
16690.0,-1.2159662246704102
16695.0,-1.2434923648834229
16700.0,-1.2315293550491333
16705.0,-1.2029829025268555
16710.0,-1.2539081573486328
16715.0,-1.2210757732391357
16720.0,-1.2076270580291748
16725.0,-1.2552859783172607
16730.0,-1.2332693338394165
16735.0,-1.2084131240844727
16740.0,-1.2578843832015991
16745.0,-1.2226204872131348
16750.0,-1.2242847681045532
16755.0,-1.2458665370941162
16760.0,-1.2242518663406372
16765.0,-1.2256511449813843
16770.0,-1.2453721761703491
16775.0,-1.2328689098358154
16780.0,-1.2250069379806519
16785.0,-1.227862000465393
16790.0,-1.2392809391021729
16795.0,-1.229831337928772
16800.0,-1.216450572013855
16805.0,-1.2331056594848633
16810.0,-1.2412923574447632
16815.0,-1.2304937839508057
16820.0,-1.240825891494751
16825.0,-1.2416654825210571
16830.0,-1.218064785003662
16835.0,-1.216711401939392
16840.0,-1.2261651754379272
16845.0,-1.2277950048446655
16850.0,-1.2120219469070435
16855.0,-1.2329068183898926
16860.0,-1.2324318885803223
16865.0,-1.2158474922180176
16870.0,-1.249995470046997
16875.0,-1.2474055290222168
16880.0,-1.2125637531280518
16885.0,-1.238241195678711
16890.0,-1.246920108795166
16895.0,-1.2081801891326904
16900.0,-1.238777995109558
16905.0,-1.2345540523529053
16910.0,-1.2150611877441406
16915.0,-1.224358081817627
16920.0,-1.2386372089385986
16925.0,-1.227933406829834
16930.0,-1.2398793697357178
16935.0,-1.2291905879974365
16940.0,-1.2349189519882202
16945.0,-1.2353134155273438
16950.0,-1.2300949096679688
16955.0,-1.2328182458877563
16960.0,-1.22431218624115
16965.0,-1.2131989002227783
16970.0,-1.2430052757263184
16975.0,-1.2380807399749756
16980.0,-1.2198123931884766
16985.0,-1.2263057231903076
16990.0,-1.2286369800567627
16995.0,-1.239078164100647
17000.0,-1.2324910163879395
17005.0,-1.2371126413345337
17010.0,-1.2359557151794434
17015.0,-1.2248873710632324
17020.0,-1.2352949380874634
17025.0,-1.2335283756256104
17030.0,-1.226836919784546
17035.0,-1.2337528467178345
17040.0,-1.2303273677825928
17045.0,-1.2265576124191284
17050.0,-1.2423526048660278
17055.0,-1.2414286136627197
17060.0,-1.2358323335647583
17065.0,-1.2384124994277954
17070.0,-1.226546287536621
17075.0,-1.2252285480499268
17080.0,-1.2225394248962402
17085.0,-1.224141001701355
17090.0,-1.218239188194275
17095.0,-1.2343049049377441
17100.0,-1.2275731563568115
17105.0,-1.2086122035980225
17110.0,-1.2314130067825317
17115.0,-1.22920560836792
17120.0,-1.2210538387298584
17125.0,-1.223980188369751
17130.0,-1.238088607788086
17135.0,-1.2188490629196167
17140.0,-1.1945782899856567
17145.0,-1.2356858253479004
17150.0,-1.2446287870407104
17155.0,-1.2195494174957275
17160.0,-1.2260687351226807
17165.0,-1.2447094917297363
17170.0,-1.2165029048919678
17175.0,-1.2210255861282349
17180.0,-1.2389459609985352
17185.0,-1.2306013107299805
17190.0,-1.2207138538360596
17195.0,-1.2264612913131714
17200.0,-1.2382588386535645
17205.0,-1.2367615699768066
17210.0,-1.219669222831726
17215.0,-1.2341006994247437
17220.0,-1.2245805263519287
17225.0,-1.2182904481887817
17230.0,-1.2146663665771484
17235.0,-1.2400085926055908
17240.0,-1.2315260171890259
17245.0,-1.214462161064148
17250.0,-1.249169111251831
17255.0,-1.2404886484146118
17260.0,-1.2176475524902344
17265.0,-1.2456419467926025
17270.0,-1.2485698461532593
17275.0,-1.2125654220581055
17280.0,-1.2286484241485596
17285.0,-1.2332899570465088
17290.0,-1.2107940912246704
17295.0,-1.2305911779403687
17300.0,-1.2450025081634521
17305.0,-1.213749647140503
17310.0,-1.2372201681137085
17315.0,-1.2311537265777588
17320.0,-1.227665662765503
17325.0,-1.2310607433319092
17330.0,-1.2232660055160522
17335.0,-1.2355701923370361
17340.0,-1.2266532182693481
17345.0,-1.2411506175994873
17350.0,-1.2556959390640259
17355.0,-1.2107975482940674
17360.0,-1.244341254234314
17365.0,-1.2452974319458008
17370.0,-1.2049427032470703
17375.0,-1.2532622814178467
17380.0,-1.23560631275177
17385.0,-1.2023816108703613
17390.0,-1.2475581169128418
17395.0,-1.2219750881195068
17400.0,-1.2168965339660645
17405.0,-1.2515606880187988
17410.0,-1.215754747390747
17415.0,-1.2388731241226196
17420.0,-1.2530019283294678
17425.0,-1.2008708715438843
17430.0,-1.225191354751587
17435.0,-1.2686710357666016
17440.0,-1.1892669200897217
17445.0,-1.230144739151001
17450.0,-1.2614352703094482
17455.0,-1.1913124322891235
17460.0,-1.2186838388442993
17465.0,-1.2456061840057373
17470.0,-1.220703363418579
17475.0,-1.2228082418441772
17480.0,-1.2214982509613037
17485.0,-1.2302287817001343
17490.0,-1.2476921081542969
17495.0,-1.2048929929733276
17500.0,-1.248694896697998
17505.0,-1.2419006824493408
17510.0,-1.2121577262878418
17515.0,-1.2414522171020508
17520.0,-1.2389837503433228
17525.0,-1.2382831573486328
17530.0,-1.229486346244812
17535.0,-1.2199138402938843
17540.0,-1.2501163482666016
17545.0,-1.2252780199050903
17550.0,-1.2177486419677734
17555.0,-1.2417320013046265
17560.0,-1.2229981422424316
17565.0,-1.220718502998352
17570.0,-1.2358605861663818
17575.0,-1.2372515201568604
17580.0,-1.2234351634979248
17585.0,-1.2367231845855713
17590.0,-1.2403770685195923
17595.0,-1.2145812511444092
17600.0,-1.2398791313171387
17605.0,-1.239579200744629
17610.0,-1.214686632156372
17615.0,-1.2378267049789429
17620.0,-1.2379909753799438
17625.0,-1.2356977462768555
17630.0,-1.2279465198516846
17635.0,-1.2395519018173218
17640.0,-1.2341502904891968
17645.0,-1.232814073562622
17650.0,-1.2348413467407227
17655.0,-1.2308189868927002
17660.0,-1.2239712476730347
17665.0,-1.2372275590896606
17670.0,-1.2278028726577759
17675.0,-1.2226994037628174
17680.0,-1.2513772249221802
17685.0,-1.226325273513794
17690.0,-1.222970724105835
17695.0,-1.233957290649414
17700.0,-1.2372426986694336
17705.0,-1.2015299797058105
17710.0,-1.2245079278945923
17715.0,-1.2355637550354004
17720.0,-1.2296745777130127
17725.0,-1.2382910251617432
17730.0,-1.2273149490356445
17735.0,-1.223151445388794
17740.0,-1.2176979780197144
17745.0,-1.2175021171569824
17750.0,-1.228096842765808
17755.0,-1.2343522310256958
17760.0,-1.2115213871002197
17765.0,-1.242274522781372
17770.0,-1.2299400568008423
17775.0,-1.2286994457244873
17780.0,-1.2498970031738281
17785.0,-1.2402483224868774
17790.0,-1.2368301153182983
17795.0,-1.236910343170166
17800.0,-1.2372969388961792
17805.0,-1.2132666110992432
17810.0,-1.2257931232452393
17815.0,-1.2471177577972412
17820.0,-1.2213034629821777
17825.0,-1.2172788381576538
17830.0,-1.2446513175964355
17835.0,-1.22133469581604
17840.0,-1.2247475385665894
17845.0,-1.2519207000732422
17850.0,-1.232149362564087
17855.0,-1.2316193580627441
17860.0,-1.2336437702178955
17865.0,-1.2366225719451904
17870.0,-1.2265851497650146
17875.0,-1.2267833948135376
17880.0,-1.2400552034378052
17885.0,-1.217574119567871
17890.0,-1.215684175491333
17895.0,-1.2397680282592773
17900.0,-1.2259621620178223
17905.0,-1.2313706874847412
17910.0,-1.2263250350952148
17915.0,-1.2349677085876465
17920.0,-1.231062650680542
17925.0,-1.224299430847168
17930.0,-1.2303097248077393
17935.0,-1.2316322326660156
17940.0,-1.217156171798706
17945.0,-1.223877191543579
17950.0,-1.2420425415039062
17955.0,-1.2232574224472046
17960.0,-1.2304422855377197
17965.0,-1.236391544342041
17970.0,-1.2246450185775757
17975.0,-1.249058485031128
17980.0,-1.2434263229370117
17985.0,-1.219840168952942
17990.0,-1.2370672225952148
17995.0,-1.2425611019134521
18000.0,-1.2199139595031738
18005.0,-1.2444133758544922
18010.0,-1.2266054153442383
18015.0,-1.2131720781326294
18020.0,-1.2374436855316162
18025.0,-1.2565699815750122
18030.0,-1.2230671644210815
18035.0,-1.2537970542907715
18040.0,-1.2504818439483643
18045.0,-1.2185982465744019
18050.0,-1.2435791492462158
18055.0,-1.2300059795379639
18060.0,-1.2274152040481567
18065.0,-1.2405962944030762
18070.0,-1.2172235250473022
18075.0,-1.219214677810669
18080.0,-1.2374322414398193
18085.0,-1.2270745038986206
18090.0,-1.2261544466018677
18095.0,-1.2433608770370483
18100.0,-1.237032413482666
18105.0,-1.2326416969299316
18110.0,-1.2332663536071777
18115.0,-1.2369444370269775
18120.0,-1.2242224216461182
18125.0,-1.2334834337234497
18130.0,-1.234143853187561
18135.0,-1.2328463792800903
18140.0,-1.2238415479660034
18145.0,-1.2368583679199219
18150.0,-1.2412091493606567
18155.0,-1.2390812635421753
18160.0,-1.2387268543243408
18165.0,-1.2505592107772827
18170.0,-1.223221778869629
18175.0,-1.2233959436416626
18180.0,-1.2556945085525513
18185.0,-1.228830099105835
18190.0,-1.2367751598358154
18195.0,-1.2551203966140747
18200.0,-1.209680438041687
18205.0,-1.243072748184204
18210.0,-1.2429637908935547
18215.0,-1.2121474742889404
18220.0,-1.253976583480835
18225.0,-1.2362213134765625
18230.0,-1.2022440433502197
18235.0,-1.259511113166809
18240.0,-1.2276898622512817
18245.0,-1.2110533714294434
18250.0,-1.2592313289642334
18255.0,-1.2384999990463257
18260.0,-1.2329024076461792
18265.0,-1.2281943559646606
18270.0,-1.2387170791625977
18275.0,-1.2287439107894897
18280.0,-1.222879409790039
18285.0,-1.209716796875
18290.0,-1.2438759803771973
18295.0,-1.2181719541549683
18300.0,-1.2270550727844238
18305.0,-1.2349052429199219
18310.0,-1.2296706438064575
18315.0,-1.2330923080444336
18320.0,-1.233866572380066
18325.0,-1.2313134670257568
18330.0,-1.2289996147155762
18335.0,-1.2268450260162354
18340.0,-1.2412683963775635
18345.0,-1.2199944257736206
18350.0,-1.2150640487670898
18355.0,-1.2408511638641357
18360.0,-1.2156620025634766
18365.0,-1.2390215396881104
18370.0,-1.2707875967025757
18375.0,-1.220147728919983
18380.0,-1.2282146215438843
18385.0,-1.2497180700302124
18390.0,-1.2194725275039673
18395.0,-1.2424228191375732
18400.0,-1.2379658222198486
18405.0,-1.2149527072906494
18410.0,-1.2314786911010742
18415.0,-1.2281209230422974
18420.0,-1.226424217224121
18425.0,-1.2307870388031006
18430.0,-1.225916862487793
18435.0,-1.2427899837493896
18440.0,-1.2378216981887817
18445.0,-1.2138502597808838
18450.0,-1.261899709701538
18455.0,-1.2386772632598877
18460.0,-1.1941136121749878
18465.0,-1.2660036087036133
18470.0,-1.2309880256652832
18475.0,-1.2027103900909424
18480.0,-1.2506906986236572
18485.0,-1.2367234230041504
18490.0,-1.1959481239318848
18495.0,-1.247292160987854
18500.0,-1.2501999139785767
18505.0,-1.1995553970336914
18510.0,-1.2326033115386963
18515.0,-1.2487002611160278
18520.0,-1.2244514226913452
18525.0,-1.2271252870559692
18530.0,-1.2495250701904297
18535.0,-1.200183629989624
18540.0,-1.220047116279602
18545.0,-1.2636432647705078
18550.0,-1.2231783866882324
18555.0,-1.2229617834091187
18560.0,-1.236405611038208
18565.0,-1.2047027349472046
18570.0,-1.2333478927612305
18575.0,-1.2329628467559814
18580.0,-1.211421012878418
18585.0,-1.2356325387954712
18590.0,-1.2231122255325317
18595.0,-1.2208597660064697
18600.0,-1.241380214691162
18605.0,-1.2353565692901611
18610.0,-1.2450215816497803
18615.0,-1.233237385749817
18620.0,-1.2309223413467407
18625.0,-1.2317674160003662
18630.0,-1.2246849536895752
18635.0,-1.2264384031295776
18640.0,-1.2280223369598389
18645.0,-1.23126220703125
18650.0,-1.2183555364608765
18655.0,-1.221415400505066
18660.0,-1.234464406967163
18665.0,-1.2175304889678955
18670.0,-1.225539207458496
18675.0,-1.2446513175964355
18680.0,-1.2135239839553833
18685.0,-1.230486512184143
18690.0,-1.2247004508972168
18695.0,-1.21675443649292
18700.0,-1.2370116710662842
18705.0,-1.226496934890747
18710.0,-1.2283618450164795
18715.0,-1.238473653793335
18720.0,-1.2171019315719604
18725.0,-1.2283666133880615
18730.0,-1.2447690963745117
18735.0,-1.2292981147766113
18740.0,-1.2231231927871704
18745.0,-1.24705171585083
18750.0,-1.2451890707015991
18755.0,-1.2030792236328125
18760.0,-1.246647834777832
18765.0,-1.2420737743377686
18770.0,-1.215484380722046
18775.0,-1.241310954093933
18780.0,-1.2303696870803833
18785.0,-1.234895944595337
18790.0,-1.2205584049224854
18795.0,-1.229806661605835
18800.0,-1.232737421989441
18805.0,-1.238115906715393
18810.0,-1.2345219850540161
18815.0,-1.2330927848815918
18820.0,-1.2245213985443115
18825.0,-1.24020254611969
18830.0,-1.2278671264648438
18835.0,-1.2295020818710327
18840.0,-1.2409570217132568
18845.0,-1.209670901298523
18850.0,-1.2228974103927612
18855.0,-1.228088140487671
18860.0,-1.2289042472839355
18865.0,-1.2363739013671875
18870.0,-1.2333067655563354
18875.0,-1.207313060760498
18880.0,-1.2338184118270874
18885.0,-1.2303664684295654
18890.0,-1.2208571434020996
18895.0,-1.2339670658111572
18900.0,-1.2354631423950195
18905.0,-1.2165894508361816
18910.0,-1.2288005352020264
18915.0,-1.236634373664856
18920.0,-1.2453715801239014
18925.0,-1.2298882007598877
18930.0,-1.2397658824920654
18935.0,-1.243295669555664
18940.0,-1.2264050245285034
18945.0,-1.2360574007034302
18950.0,-1.2414010763168335
18955.0,-1.2433805465698242
18960.0,-1.2381689548492432
18965.0,-1.2246242761611938
18970.0,-1.2137446403503418
18975.0,-1.251297950744629
18980.0,-1.2091045379638672
18985.0,-1.2259414196014404
18990.0,-1.248445749282837
18995.0,-1.2147772312164307
19000.0,-1.2319862842559814
19005.0,-1.249213695526123
19010.0,-1.2144958972930908
19015.0,-1.2272436618804932
19020.0,-1.2397851943969727
19025.0,-1.2110601663589478
19030.0,-1.224712610244751
19035.0,-1.2188197374343872
19040.0,-1.2111825942993164
19045.0,-1.242278814315796
19050.0,-1.2313170433044434
19055.0,-1.2246809005737305
19060.0,-1.2370855808258057
19065.0,-1.2321876287460327
19070.0,-1.2389739751815796
19075.0,-1.2224640846252441
19080.0,-1.2218244075775146
19085.0,-1.2464408874511719
19090.0,-1.2174004316329956
19095.0,-1.2158643007278442
19100.0,-1.2537083625793457
19105.0,-1.2186226844787598
19110.0,-1.233510971069336
19115.0,-1.2332713603973389
19120.0,-1.2298136949539185
19125.0,-1.231428861618042
19130.0,-1.227865219116211
19135.0,-1.229429006576538
19140.0,-1.2418426275253296
19145.0,-1.2125253677368164
19150.0,-1.2475391626358032
19155.0,-1.2473764419555664
19160.0,-1.2118324041366577
19165.0,-1.239532232284546
19170.0,-1.2364494800567627
19175.0,-1.2133337259292603
19180.0,-1.2305057048797607
19185.0,-1.2416495084762573
19190.0,-1.2258862257003784
19195.0,-1.2309004068374634
19200.0,-1.240753173828125
19205.0,-1.216742992401123
19210.0,-1.229203462600708
19215.0,-1.245965600013733
19220.0,-1.2093594074249268
19225.0,-1.2254968881607056
19230.0,-1.2430391311645508
19235.0,-1.2230055332183838
19240.0,-1.2263057231903076
19245.0,-1.2495189905166626
19250.0,-1.2357215881347656
19255.0,-1.2344330549240112
19260.0,-1.2406327724456787
19265.0,-1.2180263996124268
19270.0,-1.2276637554168701
19275.0,-1.2357912063598633
19280.0,-1.2273916006088257
19285.0,-1.2443649768829346
19290.0,-1.2208325862884521
19295.0,-1.229538917541504
19300.0,-1.2418904304504395
19305.0,-1.2225276231765747
19310.0,-1.2217577695846558
19315.0,-1.259191632270813
19320.0,-1.2208057641983032
19325.0,-1.2047885656356812
19330.0,-1.2452855110168457
19335.0,-1.242950677871704
19340.0,-1.2118891477584839
19345.0,-1.241617202758789
19350.0,-1.2473206520080566
19355.0,-1.2169862985610962
19360.0,-1.2366582155227661
19365.0,-1.2417757511138916
19370.0,-1.2167346477508545
19375.0,-1.2470390796661377
19380.0,-1.2229591608047485
19385.0,-1.2137879133224487
19390.0,-1.233630895614624
19395.0,-1.2234605550765991
19400.0,-1.2274484634399414
19405.0,-1.2348135709762573
19410.0,-1.2277487516403198
19415.0,-1.2316492795944214
19420.0,-1.2353110313415527
19425.0,-1.2216919660568237
19430.0,-1.2449817657470703
19435.0,-1.2483785152435303
19440.0,-1.2349467277526855
19445.0,-1.2293190956115723
19450.0,-1.240419626235962
19455.0,-1.2329961061477661
19460.0,-1.2227901220321655
19465.0,-1.2332130670547485
19470.0,-1.241165280342102
19475.0,-1.2146564722061157
19480.0,-1.2231289148330688
19485.0,-1.2355633974075317
19490.0,-1.2236987352371216
19495.0,-1.2133119106292725
19500.0,-1.2447454929351807
19505.0,-1.2369810342788696
19510.0,-1.2192562818527222
19515.0,-1.2206125259399414
19520.0,-1.2446531057357788
19525.0,-1.2241264581680298
19530.0,-1.2194771766662598
19535.0,-1.2387363910675049
19540.0,-1.230492115020752
19545.0,-1.2331745624542236
19550.0,-1.245605230331421
19555.0,-1.2375575304031372
19560.0,-1.2198370695114136
19565.0,-1.2474806308746338
19570.0,-1.225589394569397
19575.0,-1.235602617263794
19580.0,-1.2463648319244385
19585.0,-1.22188138961792
19590.0,-1.2213733196258545
19595.0,-1.245901107788086
19600.0,-1.224636435508728
19605.0,-1.2453746795654297
19610.0,-1.2335894107818604
19615.0,-1.222785234451294
19620.0,-1.2411015033721924
19625.0,-1.2329857349395752
19630.0,-1.2161781787872314
19635.0,-1.2303662300109863
19640.0,-1.2126233577728271
19645.0,-1.2137277126312256
19650.0,-1.2234264612197876
19655.0,-1.2229089736938477
19660.0,-1.2227284908294678
19665.0,-1.2491750717163086
19670.0,-1.2144402265548706
19675.0,-1.226395845413208
19680.0,-1.2504782676696777
19685.0,-1.226832628250122
19690.0,-1.2321001291275024
19695.0,-1.2356289625167847
19700.0,-1.2111952304840088
19705.0,-1.217160940170288
19710.0,-1.253472089767456
19715.0,-1.212599754333496
19720.0,-1.2254033088684082
19725.0,-1.2340511083602905
19730.0,-1.2269792556762695
19735.0,-1.2300175428390503
19740.0,-1.2504055500030518
19745.0,-1.2227944135665894
19750.0,-1.2283769845962524
19755.0,-1.2332956790924072
19760.0,-1.2114570140838623
19765.0,-1.2277967929840088
19770.0,-1.251966953277588
19775.0,-1.2131328582763672
19780.0,-1.2370631694793701
19785.0,-1.2345608472824097
19790.0,-1.2176023721694946
19795.0,-1.233314871788025
19800.0,-1.2214304208755493
19805.0,-1.2248735427856445
19810.0,-1.235560417175293
19815.0,-1.2138382196426392
19820.0,-1.226477026939392
19825.0,-1.2368426322937012
19830.0,-1.215942621231079
19835.0,-1.2382302284240723
19840.0,-1.2449300289154053
19845.0,-1.2358133792877197
19850.0,-1.2313545942306519
19855.0,-1.2359538078308105
19860.0,-1.2314543724060059
19865.0,-1.224546194076538
19870.0,-1.2256934642791748
19875.0,-1.2383896112442017
19880.0,-1.2343440055847168
19885.0,-1.2443885803222656
19890.0,-1.2222715616226196
19895.0,-1.2351329326629639
19900.0,-1.2498997449874878
19905.0,-1.2059011459350586
19910.0,-1.2236697673797607
19915.0,-1.247455358505249
19920.0,-1.217985987663269
19925.0,-1.2493001222610474
19930.0,-1.2367141246795654
19935.0,-1.2222126722335815
19940.0,-1.2345952987670898
19945.0,-1.2378902435302734
19950.0,-1.2360055446624756
19955.0,-1.2304333448410034
19960.0,-1.2131531238555908
19965.0,-1.2459356784820557
19970.0,-1.2286947965621948
19975.0,-1.19547700881958
19980.0,-1.242628812789917
19985.0,-1.2430851459503174
19990.0,-1.2178899049758911
19995.0,-1.2496525049209595
20000.0,-1.2336106300354004
20005.0,-1.2092069387435913
20010.0,-1.2482248544692993
20015.0,-1.2274196147918701
20020.0,-1.2241452932357788
20025.0,-1.2293606996536255
20030.0,-1.2334225177764893
20035.0,-1.2289178371429443
20040.0,-1.2269952297210693
20045.0,-1.231955885887146
20050.0,-1.2257959842681885
20055.0,-1.2216482162475586
20060.0,-1.2373857498168945
20065.0,-1.2288339138031006
20070.0,-1.232569932937622
20075.0,-1.243377923965454
20080.0,-1.2433156967163086
20085.0,-1.225831389427185
20090.0,-1.2349047660827637
20095.0,-1.2212004661560059
20100.0,-1.2196389436721802
20105.0,-1.2437762022018433
20110.0,-1.2217180728912354
20115.0,-1.209169626235962
20120.0,-1.2415422201156616
20125.0,-1.2387895584106445
20130.0,-1.2240068912506104
20135.0,-1.2515313625335693
20140.0,-1.2482578754425049
20145.0,-1.2104578018188477
20150.0,-1.232121467590332
20155.0,-1.2225652933120728
20160.0,-1.2192248106002808
20165.0,-1.2218835353851318
20170.0,-1.2418478727340698
20175.0,-1.2247885465621948
20180.0,-1.2203242778778076
20185.0,-1.2306513786315918
20190.0,-1.2414073944091797
20195.0,-1.237580418586731
20200.0,-1.219266653060913
20205.0,-1.2257156372070312
20210.0,-1.238616704940796
20215.0,-1.211570382118225
20220.0,-1.2254599332809448
20225.0,-1.2739068269729614
20230.0,-1.2078635692596436
20235.0,-1.228589415550232
20240.0,-1.2361257076263428
20245.0,-1.2296535968780518
20250.0,-1.2429356575012207
20255.0,-1.2306828498840332
20260.0,-1.2369108200073242
20265.0,-1.2413394451141357
20270.0,-1.2273657321929932
20275.0,-1.2291654348373413
20280.0,-1.2305266857147217
20285.0,-1.2195971012115479
20290.0,-1.2318788766860962
20295.0,-1.22288179397583
20300.0,-1.2226004600524902
20305.0,-1.2252469062805176
20310.0,-1.2225708961486816
20315.0,-1.2206671237945557
20320.0,-1.2309350967407227
20325.0,-1.2359895706176758
20330.0,-1.2460219860076904
20335.0,-1.242594838142395
20340.0,-1.223209261894226
20345.0,-1.2385828495025635
20350.0,-1.2384119033813477
20355.0,-1.2157018184661865
20360.0,-1.2300924062728882
20365.0,-1.223568320274353
20370.0,-1.2282207012176514
20375.0,-1.213838815689087
20380.0,-1.2350695133209229
20385.0,-1.2313510179519653
20390.0,-1.2222673892974854
20395.0,-1.2415522336959839
20400.0,-1.231449007987976
20405.0,-1.2353501319885254
20410.0,-1.234933853149414
20415.0,-1.2331290245056152
20420.0,-1.2220208644866943
20425.0,-1.2371422052383423
20430.0,-1.2200989723205566
20435.0,-1.2402093410491943
20440.0,-1.237919807434082
20445.0,-1.2294950485229492
20450.0,-1.230292558670044
20455.0,-1.2310914993286133
20460.0,-1.2296440601348877
20465.0,-1.2226165533065796
20470.0,-1.2522013187408447
20475.0,-1.2481616735458374
20480.0,-1.214872121810913
20485.0,-1.2289178371429443
20490.0,-1.2274113893508911
20495.0,-1.2071889638900757
20500.0,-1.2517321109771729
20505.0,-1.2453904151916504
20510.0,-1.2166255712509155
20515.0,-1.2317465543746948
20520.0,-1.242913007736206
20525.0,-1.235774040222168
20530.0,-1.2186219692230225
20535.0,-1.2412011623382568
20540.0,-1.2135043144226074
20545.0,-1.1948168277740479
20550.0,-1.2235183715820312
20555.0,-1.23661470413208
20560.0,-1.22480309009552
20565.0,-1.222375750541687
20570.0,-1.2386902570724487
20575.0,-1.2322360277175903
20580.0,-1.227754831314087
20585.0,-1.2515313625335693
20590.0,-1.2364916801452637
20595.0,-1.219594955444336
20600.0,-1.2448477745056152
20605.0,-1.2224347591400146
20610.0,-1.2168127298355103
20615.0,-1.2590360641479492
20620.0,-1.2255940437316895
20625.0,-1.2204322814941406
20630.0,-1.2333869934082031
20635.0,-1.2378220558166504
20640.0,-1.2355018854141235
20645.0,-1.2283958196640015
20650.0,-1.2457842826843262
20655.0,-1.2335706949234009
20660.0,-1.223024845123291
20665.0,-1.2452778816223145
20670.0,-1.2365728616714478
20675.0,-1.2212002277374268
20680.0,-1.2364615201950073
20685.0,-1.2251348495483398
20690.0,-1.221569538116455
20695.0,-1.240691900253296
20700.0,-1.2285473346710205
20705.0,-1.2251101732254028
20710.0,-1.241926908493042
20715.0,-1.2415344715118408
20720.0,-1.2095208168029785
20725.0,-1.2315384149551392
20730.0,-1.228136420249939
20735.0,-1.215820550918579
20740.0,-1.2292007207870483
20745.0,-1.2203097343444824
20750.0,-1.2262437343597412
20755.0,-1.2353723049163818
20760.0,-1.2233290672302246
20765.0,-1.2217867374420166
20770.0,-1.2465472221374512
20775.0,-1.2230184078216553
20780.0,-1.2183574438095093
20785.0,-1.2412376403808594
20790.0,-1.2310454845428467
20795.0,-1.225576639175415
20800.0,-1.2337937355041504
20805.0,-1.2316255569458008
20810.0,-1.227668046951294
20815.0,-1.2303051948547363
20820.0,-1.2224881649017334
20825.0,-1.2408477067947388
20830.0,-1.2248857021331787
20835.0,-1.2004642486572266
20840.0,-1.2436997890472412
20845.0,-1.2082974910736084
20850.0,-1.2040902376174927
20855.0,-1.246269702911377
20860.0,-1.2245533466339111
20865.0,-1.2159066200256348
20870.0,-1.2511847019195557
20875.0,-1.2281534671783447
20880.0,-1.2255971431732178
20885.0,-1.2401387691497803
20890.0,-1.234215497970581
20895.0,-1.226194977760315
20900.0,-1.2189912796020508
20905.0,-1.2430444955825806
20910.0,-1.2213319540023804
20915.0,-1.2225258350372314
20920.0,-1.2296394109725952
20925.0,-1.2243680953979492
20930.0,-1.2348989248275757
20935.0,-1.244407296180725
20940.0,-1.2297676801681519
20945.0,-1.2337745428085327
20950.0,-1.2441902160644531
20955.0,-1.2248115539550781
20960.0,-1.236168384552002
20965.0,-1.2310638427734375
20970.0,-1.2239160537719727
20975.0,-1.2245080471038818
20980.0,-1.226733684539795
20985.0,-1.2218260765075684
20990.0,-1.2321465015411377
20995.0,-1.2341660261154175
21000.0,-1.243847131729126
21005.0,-1.2212214469909668
21010.0,-1.2295029163360596
21015.0,-1.2440013885498047
21020.0,-1.225739598274231
21025.0,-1.2303738594055176
21030.0,-1.220420479774475
21035.0,-1.2222193479537964
21040.0,-1.2322964668273926
21045.0,-1.2214996814727783
21050.0,-1.2204110622406006
21055.0,-1.2527656555175781
21060.0,-1.2181077003479004
21065.0,-1.2271783351898193
21070.0,-1.237835168838501
21075.0,-1.2219173908233643
21080.0,-1.2373573780059814
21085.0,-1.2302145957946777
21090.0,-1.2289009094238281
21095.0,-1.2434375286102295
21100.0,-1.2218682765960693
21105.0,-1.2151379585266113
21110.0,-1.2256516218185425
21115.0,-1.237854242324829
21120.0,-1.2349672317504883
21125.0,-1.213432788848877
21130.0,-1.2227754592895508
21135.0,-1.242637276649475
21140.0,-1.2193355560302734
21145.0,-1.2469358444213867
21150.0,-1.2343586683273315
21155.0,-1.2102564573287964
21160.0,-1.2410888671875
21165.0,-1.231704831123352
21170.0,-1.2266278266906738
21175.0,-1.2427325248718262
21180.0,-1.2168385982513428
21185.0,-1.221074104309082
21190.0,-1.2343876361846924
21195.0,-1.2344220876693726
21200.0,-1.2372362613677979
21205.0,-1.2407175302505493
21210.0,-1.2357134819030762
21215.0,-1.229917287826538
21220.0,-1.2402647733688354
21225.0,-1.2318681478500366
21230.0,-1.2339763641357422
21235.0,-1.2319674491882324
21240.0,-1.2204792499542236
21245.0,-1.2268459796905518
21250.0,-1.2286651134490967
21255.0,-1.2136162519454956
21260.0,-1.243531584739685
21265.0,-1.219954252243042
21270.0,-1.2281122207641602
21275.0,-1.2550106048583984
21280.0,-1.2168755531311035
21285.0,-1.239784836769104
21290.0,-1.2354259490966797
21295.0,-1.2049925327301025
21300.0,-1.2296841144561768
21305.0,-1.2284932136535645
21310.0,-1.2111320495605469
21315.0,-1.2502729892730713
21320.0,-1.2175835371017456
21325.0,-1.215696930885315
21330.0,-1.2614555358886719
21335.0,-1.2289097309112549
21340.0,-1.2288352251052856
21345.0,-1.2420659065246582
21350.0,-1.2343697547912598
21355.0,-1.232517957687378
21360.0,-1.225569248199463
21365.0,-1.2443082332611084
21370.0,-1.2168660163879395
21375.0,-1.2371492385864258
21380.0,-1.2467769384384155
21385.0,-1.2180715799331665
21390.0,-1.2253596782684326
21395.0,-1.2377307415008545
21400.0,-1.2313024997711182
21405.0,-1.233295202255249
21410.0,-1.2210124731063843
21415.0,-1.2405421733856201
21420.0,-1.2332522869110107
21425.0,-1.206404209136963
21430.0,-1.2549891471862793
21435.0,-1.255929708480835
21440.0,-1.2044458389282227
21445.0,-1.2381031513214111
21450.0,-1.2416086196899414
21455.0,-1.2259728908538818
21460.0,-1.2367899417877197
21465.0,-1.2316621541976929
21470.0,-1.2361009120941162
21475.0,-1.2221853733062744
21480.0,-1.2308096885681152
21485.0,-1.2502880096435547
21490.0,-1.2278878688812256
21495.0,-1.2182682752609253
21500.0,-1.2530938386917114
21505.0,-1.2347278594970703
21510.0,-1.2202569246292114
21515.0,-1.2463061809539795
21520.0,-1.2304412126541138
21525.0,-1.2074867486953735
21530.0,-1.2525312900543213
21535.0,-1.2217354774475098
21540.0,-1.2237741947174072
21545.0,-1.2552247047424316
21550.0,-1.2267258167266846
21555.0,-1.227871060371399
21560.0,-1.2466154098510742
21565.0,-1.230397343635559
21570.0,-1.2221052646636963
21575.0,-1.2437076568603516
21580.0,-1.22412109375
21585.0,-1.2245590686798096
21590.0,-1.2229032516479492
21595.0,-1.2348370552062988
21600.0,-1.2401220798492432
21605.0,-1.2193644046783447
21610.0,-1.2320736646652222
21615.0,-1.2347891330718994
21620.0,-1.2175705432891846
21625.0,-1.245375633239746
21630.0,-1.238128662109375
21635.0,-1.2012038230895996
21640.0,-1.2424182891845703
21645.0,-1.2313505411148071
21650.0,-1.203041911125183
21655.0,-1.2327806949615479
21660.0,-1.231744647026062
21665.0,-1.2265255451202393
21670.0,-1.2282319068908691
21675.0,-1.237424612045288
21680.0,-1.2359273433685303
21685.0,-1.227905511856079
21690.0,-1.2286558151245117
21695.0,-1.23435378074646
21700.0,-1.2350929975509644
21705.0,-1.224173665046692
21710.0,-1.238640308380127
21715.0,-1.2355810403823853
21720.0,-1.2168222665786743
21725.0,-1.212490439414978
21730.0,-1.2436976432800293
21735.0,-1.227682113647461
21740.0,-1.2374516725540161
21745.0,-1.2213202714920044
21750.0,-1.2343060970306396
21755.0,-1.2322566509246826
21760.0,-1.2187659740447998
21765.0,-1.230527639389038
21770.0,-1.2370858192443848
21775.0,-1.2177557945251465
21780.0,-1.2291486263275146
21785.0,-1.2390916347503662
21790.0,-1.233142375946045
21795.0,-1.2397377490997314
21800.0,-1.2253189086914062
21805.0,-1.2244235277175903
21810.0,-1.2174112796783447
21815.0,-1.214004635810852
21820.0,-1.23026704788208
21825.0,-1.2273333072662354
21830.0,-1.228410243988037
21835.0,-1.240351915359497
21840.0,-1.228332757949829
21845.0,-1.2328330278396606
21850.0,-1.24442720413208
21855.0,-1.251442551612854
21860.0,-1.2291018962860107
21865.0,-1.2332762479782104
21870.0,-1.2381715774536133
21875.0,-1.230076551437378
21880.0,-1.2298340797424316
21885.0,-1.2464231252670288
21890.0,-1.2098701000213623
21895.0,-1.2363308668136597
21900.0,-1.2299528121948242
21905.0,-1.2257641553878784
21910.0,-1.2547099590301514
21915.0,-1.2044166326522827
21920.0,-1.2288488149642944
21925.0,-1.2478410005569458
21930.0,-1.2157948017120361
21935.0,-1.2190923690795898
21940.0,-1.2364155054092407
21945.0,-1.224069595336914
21950.0,-1.2212222814559937
21955.0,-1.230665683746338
21960.0,-1.2428325414657593
21965.0,-1.2143124341964722
21970.0,-1.2381129264831543
21975.0,-1.2462413311004639
21980.0,-1.2198185920715332
21985.0,-1.2143237590789795
21990.0,-1.2322216033935547
21995.0,-1.2263879776000977
22000.0,-1.2272626161575317
22005.0,-1.24346923828125
22010.0,-1.2270846366882324
22015.0,-1.2306171655654907
22020.0,-1.212838888168335
22025.0,-1.239849328994751
22030.0,-1.2204480171203613
22035.0,-1.2135486602783203
22040.0,-1.2201412916183472
22045.0,-1.239079236984253
22050.0,-1.228256106376648
22055.0,-1.2245866060256958
22060.0,-1.2266331911087036
22065.0,-1.2413629293441772
22070.0,-1.2240734100341797
22075.0,-1.2104092836380005
22080.0,-1.2440941333770752
22085.0,-1.2228593826293945
22090.0,-1.211289882659912
22095.0,-1.2388713359832764
22100.0,-1.2143583297729492
22105.0,-1.2225110530853271
22110.0,-1.2316910028457642
22115.0,-1.2250328063964844
22120.0,-1.241452932357788
22125.0,-1.2330634593963623
22130.0,-1.221165418624878
22135.0,-1.231105089187622
22140.0,-1.2385907173156738
22145.0,-1.2214207649230957
22150.0,-1.2399768829345703
22155.0,-1.2322807312011719
22160.0,-1.225069522857666
22165.0,-1.2354395389556885
22170.0,-1.2384746074676514
22175.0,-1.2275978326797485
22180.0,-1.2331101894378662
22185.0,-1.2481194734573364
22190.0,-1.220591425895691
22195.0,-1.2245116233825684
22200.0,-1.2359949350357056
22205.0,-1.2187870740890503
22210.0,-1.2277815341949463
22215.0,-1.2326326370239258
22220.0,-1.2212424278259277
22225.0,-1.2185758352279663
22230.0,-1.2465183734893799
22235.0,-1.2309918403625488
22240.0,-1.2213773727416992
22245.0,-1.2331671714782715
22250.0,-1.2304153442382812
22255.0,-1.2103346586227417
22260.0,-1.2349932193756104
22265.0,-1.2311656475067139
22270.0,-1.2173333168029785
22275.0,-1.234107255935669
22280.0,-1.22021484375
22285.0,-1.2217713594436646
22290.0,-1.238112449645996
22295.0,-1.222205400466919
22300.0,-1.2388484477996826
22305.0,-1.2390047311782837
22310.0,-1.2071728706359863
22315.0,-1.2429835796356201
22320.0,-1.238601565361023
22325.0,-1.2102429866790771
22330.0,-1.2461974620819092
22335.0,-1.2248520851135254
22340.0,-1.2117016315460205
22345.0,-1.2500982284545898
22350.0,-1.2170968055725098
22355.0,-1.2266556024551392
22360.0,-1.237091064453125
22365.0,-1.2311290502548218
22370.0,-1.2374413013458252
22375.0,-1.225376844406128
22380.0,-1.2248528003692627
22385.0,-1.249301791191101
22390.0,-1.2333093881607056
22395.0,-1.2315348386764526
22400.0,-1.236616849899292
22405.0,-1.2148491144180298
22410.0,-1.2361880540847778
22415.0,-1.2409052848815918
22420.0,-1.2273648977279663
22425.0,-1.2356069087982178
22430.0,-1.23720383644104
22435.0,-1.226623773574829
22440.0,-1.227879524230957
22445.0,-1.2426270246505737
22450.0,-1.2352349758148193
22455.0,-1.2279479503631592
22460.0,-1.2365636825561523
22465.0,-1.2344549894332886
22470.0,-1.2078778743743896
22475.0,-1.238905906677246
22480.0,-1.2338340282440186
22485.0,-1.2229528427124023
22490.0,-1.2282671928405762
22495.0,-1.22344172000885
22500.0,-1.2296026945114136
22505.0,-1.2457284927368164
22510.0,-1.216462254524231
22515.0,-1.2375861406326294
22520.0,-1.2314391136169434
22525.0,-1.214866042137146
22530.0,-1.2430975437164307
22535.0,-1.2385799884796143
22540.0,-1.2145030498504639
22545.0,-1.2165350914001465
22550.0,-1.2515792846679688
22555.0,-1.2200645208358765
22560.0,-1.2060343027114868
22565.0,-1.248906135559082
22570.0,-1.2259798049926758
22575.0,-1.2009445428848267
22580.0,-1.2430779933929443
22585.0,-1.241424322128296
22590.0,-1.211914300918579
22595.0,-1.2389990091323853
22600.0,-1.251737117767334
22605.0,-1.201414704322815
22610.0,-1.2196557521820068
22615.0,-1.2441906929016113
22620.0,-1.2238335609436035
22625.0,-1.2172493934631348
22630.0,-1.2159616947174072
22635.0,-1.2362593412399292
22640.0,-1.2218446731567383
22645.0,-1.2165963649749756
22650.0,-1.2425978183746338
22655.0,-1.222203254699707
22660.0,-1.2086412906646729
22665.0,-1.2521191835403442
22670.0,-1.232820987701416
22675.0,-1.2080813646316528
22680.0,-1.2606911659240723
22685.0,-1.2109463214874268
22690.0,-1.2181169986724854
22695.0,-1.2768759727478027
22700.0,-1.2066887617111206
22705.0,-1.2234268188476562
22710.0,-1.2788904905319214
22715.0,-1.1941754817962646
22720.0,-1.219529151916504
22725.0,-1.2672781944274902
22730.0,-1.1914432048797607
22735.0,-1.2302855253219604
22740.0,-1.2497364282608032
22745.0,-1.2040499448776245
22750.0,-1.2349998950958252
22755.0,-1.229833960533142
22760.0,-1.2303125858306885
22765.0,-1.2347886562347412
22770.0,-1.220587134361267
22775.0,-1.2348484992980957
22780.0,-1.2328424453735352
22785.0,-1.2265636920928955
22790.0,-1.235952615737915
22795.0,-1.2345153093338013
22800.0,-1.2244508266448975
22805.0,-1.2147148847579956
22810.0,-1.22682523727417
22815.0,-1.2266424894332886
22820.0,-1.2297115325927734
22825.0,-1.2276970148086548
22830.0,-1.2181105613708496
22835.0,-1.2334837913513184
22840.0,-1.2351049184799194
22845.0,-1.2216267585754395
22850.0,-1.24017333984375
22855.0,-1.2356719970703125
22860.0,-1.224320411682129
22865.0,-1.240837574005127
22870.0,-1.2299079895019531
22875.0,-1.2156225442886353
22880.0,-1.2245643138885498
22885.0,-1.2487294673919678
22890.0,-1.217668890953064
22895.0,-1.1984305381774902
22900.0,-1.2465271949768066
22905.0,-1.2245590686798096
22910.0,-1.1998109817504883
22915.0,-1.2484540939331055
22920.0,-1.2316707372665405
22925.0,-1.2238266468048096
22930.0,-1.228126049041748
22935.0,-1.2375681400299072
22940.0,-1.2351446151733398
22945.0,-1.220036268234253
22950.0,-1.2471317052841187
22955.0,-1.2101497650146484
22960.0,-1.225303292274475
22965.0,-1.242038369178772
22970.0,-1.22315514087677
22975.0,-1.2462602853775024
22980.0,-1.233637809753418
22985.0,-1.2116284370422363
22990.0,-1.245077133178711
22995.0,-1.24063241481781
23000.0,-1.205079436302185
23005.0,-1.248130440711975
23010.0,-1.2289037704467773
23015.0,-1.2131502628326416
23020.0,-1.2433485984802246
23025.0,-1.2379627227783203
23030.0,-1.2175062894821167
23035.0,-1.2424649000167847
23040.0,-1.2420216798782349
23045.0,-1.2197883129119873
23050.0,-1.231663465499878
23055.0,-1.2416887283325195
23060.0,-1.2224736213684082
23065.0,-1.223455786705017
23070.0,-1.239882469177246
23075.0,-1.2337486743927002
23080.0,-1.2361392974853516
23085.0,-1.2301928997039795
23090.0,-1.2222306728363037
23095.0,-1.2235994338989258
23100.0,-1.2169173955917358
23105.0,-1.2311898469924927
23110.0,-1.2513266801834106
23115.0,-1.2276360988616943
23120.0,-1.2257275581359863
23125.0,-1.2313592433929443
23130.0,-1.2299563884735107
23135.0,-1.209949016571045
23140.0,-1.234736442565918
23145.0,-1.2137565612792969
23150.0,-1.199270486831665
23155.0,-1.25830078125
23160.0,-1.2254136800765991
23165.0,-1.2065988779067993
23170.0,-1.2327876091003418
23175.0,-1.2404167652130127
23180.0,-1.2278635501861572
23185.0,-1.2299624681472778
23190.0,-1.2255895137786865
23195.0,-1.2487736940383911
23200.0,-1.2270827293395996
23205.0,-1.2371108531951904
23210.0,-1.2424931526184082
23215.0,-1.2241604328155518
23220.0,-1.2317079305648804
23225.0,-1.226435661315918
23230.0,-1.2288262844085693
23235.0,-1.2445565462112427
23240.0,-1.2065281867980957
23245.0,-1.218468189239502
23250.0,-1.2410646677017212
23255.0,-1.214737892150879
23260.0,-1.2345967292785645
23265.0,-1.238281488418579
23270.0,-1.220182180404663
23275.0,-1.2318272590637207
23280.0,-1.2312469482421875
23285.0,-1.2397027015686035
23290.0,-1.238347053527832
23295.0,-1.2333331108093262
23300.0,-1.2391128540039062
23305.0,-1.2182064056396484
23310.0,-1.232282280921936
23315.0,-1.2331633567810059
23320.0,-1.2170947790145874
23325.0,-1.2362746000289917
23330.0,-1.236339807510376
23335.0,-1.2219820022583008
23340.0,-1.2407445907592773
23345.0,-1.230975866317749
23350.0,-1.2233262062072754
23355.0,-1.2299425601959229
23360.0,-1.2259607315063477
23365.0,-1.2154788970947266
23370.0,-1.226175308227539
23375.0,-1.224216341972351
23380.0,-1.22214937210083
23385.0,-1.225847601890564
23390.0,-1.2436896562576294
23395.0,-1.2216986417770386
23400.0,-1.212615966796875
23405.0,-1.233826756477356
23410.0,-1.241199254989624
23415.0,-1.2236437797546387
23420.0,-1.2234585285186768
23425.0,-1.2288868427276611
23430.0,-1.2333940267562866
23435.0,-1.2355809211730957
23440.0,-1.2303510904312134
23445.0,-1.2383153438568115
23450.0,-1.2167537212371826
23455.0,-1.228928565979004
23460.0,-1.2217893600463867
23465.0,-1.231756329536438
23470.0,-1.2204077243804932
23475.0,-1.2344955205917358
23480.0,-1.2366795539855957
23485.0,-1.2274675369262695
23490.0,-1.2257214784622192
23495.0,-1.2288761138916016
23500.0,-1.2376151084899902
23505.0,-1.2193057537078857
23510.0,-1.2441506385803223
23515.0,-1.2160792350769043
23520.0,-1.2189338207244873
23525.0,-1.2409429550170898
23530.0,-1.2278506755828857
23535.0,-1.226595401763916
23540.0,-1.2340657711029053
23545.0,-1.2272716760635376
23550.0,-1.229846715927124
23555.0,-1.2381402254104614
23560.0,-1.2250417470932007
23565.0,-1.2411797046661377
23570.0,-1.2398709058761597
23575.0,-1.2174975872039795
23580.0,-1.239147663116455
23585.0,-1.2350550889968872
23590.0,-1.2164534330368042
23595.0,-1.2402774095535278
23600.0,-1.2346339225769043
23605.0,-1.2262332439422607
23610.0,-1.2428536415100098
23615.0,-1.2284525632858276
23620.0,-1.2310841083526611
23625.0,-1.2529553174972534
23630.0,-1.20758855342865
23635.0,-1.2605949640274048
23640.0,-1.2411316633224487
23645.0,-1.2005107402801514
23650.0,-1.2411890029907227
23655.0,-1.2533292770385742
23660.0,-1.2051315307617188
23665.0,-1.237536907196045
23670.0,-1.2446104288101196
23675.0,-1.2062989473342896
23680.0,-1.2213228940963745
23685.0,-1.2413605451583862
23690.0,-1.22939133644104
23695.0,-1.2152118682861328
23700.0,-1.2483923435211182
23705.0,-1.228089690208435
23710.0,-1.2184514999389648
23715.0,-1.2306476831436157
23720.0,-1.241968035697937
23725.0,-1.2247321605682373
23730.0,-1.2233012914657593
23735.0,-1.2246540784835815
23740.0,-1.219170093536377
23745.0,-1.2178375720977783
23750.0,-1.233048439025879
23755.0,-1.230783224105835
23760.0,-1.2123432159423828
23765.0,-1.2315584421157837
23770.0,-1.2274200916290283
23775.0,-1.221454381942749
23780.0,-1.239488959312439
23785.0,-1.231829285621643
23790.0,-1.2317794561386108
23795.0,-1.2348394393920898
23800.0,-1.2264035940170288
23805.0,-1.2328064441680908
23810.0,-1.2223200798034668
23815.0,-1.2264806032180786
23820.0,-1.2296688556671143
23825.0,-1.2258479595184326
23830.0,-1.2346081733703613
23835.0,-1.230202078819275
23840.0,-1.230591058731079
23845.0,-1.2392858266830444
23850.0,-1.2248374223709106
23855.0,-1.2250146865844727
23860.0,-1.2356770038604736
23865.0,-1.2335692644119263
23870.0,-1.2264541387557983
23875.0,-1.225486159324646
23880.0,-1.2169831991195679
23885.0,-1.2369565963745117
23890.0,-1.235718846321106
23895.0,-1.224575400352478
23900.0,-1.2235796451568604
23905.0,-1.23687744140625
23910.0,-1.2304608821868896
23915.0,-1.2263851165771484
23920.0,-1.2341676950454712
23925.0,-1.2193434238433838
23930.0,-1.2209241390228271
23935.0,-1.237658977508545
23940.0,-1.2395365238189697
23945.0,-1.224653959274292
23950.0,-1.2401859760284424
23955.0,-1.2366786003112793
23960.0,-1.2232344150543213
23965.0,-1.2390393018722534
23970.0,-1.2312579154968262
23975.0,-1.2360669374465942
23980.0,-1.217278003692627
23985.0,-1.2340174913406372
23990.0,-1.2329206466674805
23995.0,-1.2303621768951416
24000.0,-1.227658987045288
24005.0,-1.229222059249878
24010.0,-1.2320585250854492
24015.0,-1.241258144378662
24020.0,-1.2175250053405762
24025.0,-1.2265501022338867
24030.0,-1.2394158840179443
24035.0,-1.225508451461792
24040.0,-1.2330116033554077
24045.0,-1.2343254089355469
24050.0,-1.2119863033294678
24055.0,-1.2324849367141724
24060.0,-1.2350807189941406
24065.0,-1.2323895692825317
24070.0,-1.2382664680480957
24075.0,-1.2219886779785156
24080.0,-1.2164716720581055
24085.0,-1.2309298515319824
24090.0,-1.2299002408981323
24095.0,-1.2289190292358398
24100.0,-1.240272879600525
24105.0,-1.2140722274780273
24110.0,-1.229860782623291
24115.0,-1.2370398044586182
24120.0,-1.2106140851974487
24125.0,-1.2372137308120728
24130.0,-1.2397640943527222
24135.0,-1.2260538339614868
24140.0,-1.2247672080993652
24145.0,-1.2402489185333252
24150.0,-1.2120585441589355
24155.0,-1.2329694032669067
24160.0,-1.2429139614105225
24165.0,-1.2147105932235718
24170.0,-1.24346923828125
24175.0,-1.2279047966003418
24180.0,-1.219980001449585
24185.0,-1.2535690069198608
24190.0,-1.2434568405151367
24195.0,-1.2186391353607178
24200.0,-1.2500402927398682
24205.0,-1.2307798862457275
24210.0,-1.2138853073120117
24215.0,-1.2343370914459229
24220.0,-1.233896255493164
24225.0,-1.2306749820709229
24230.0,-1.2267571687698364
24235.0,-1.2463009357452393
24240.0,-1.2236467599868774
24245.0,-1.2256793975830078
24250.0,-1.2375500202178955
24255.0,-1.2259998321533203
24260.0,-1.2511348724365234
24265.0,-1.2226742506027222
24270.0,-1.240407109260559
24275.0,-1.2332292795181274
24280.0,-1.2204527854919434
24285.0,-1.2408249378204346
24290.0,-1.2380115985870361
24295.0,-1.2117242813110352
24300.0,-1.2216346263885498
24305.0,-1.252587080001831
24310.0,-1.2371608018875122
24315.0,-1.2139278650283813
24320.0,-1.2470225095748901
24325.0,-1.242344856262207
24330.0,-1.2219691276550293
24335.0,-1.2365705966949463
24340.0,-1.2598731517791748
24345.0,-1.2198076248168945
24350.0,-1.238295078277588
24355.0,-1.2363234758377075
24360.0,-1.229499101638794
24365.0,-1.2378723621368408
24370.0,-1.2189037799835205
24375.0,-1.2198708057403564
24380.0,-1.2424564361572266
24385.0,-1.2409931421279907
24390.0,-1.2145981788635254
24395.0,-1.240302562713623
24400.0,-1.2315552234649658
24405.0,-1.2387185096740723
24410.0,-1.2600115537643433
24415.0,-1.230905532836914
24420.0,-1.2394170761108398
24425.0,-1.2386586666107178
24430.0,-1.22286856174469
24435.0,-1.2627304792404175
24440.0,-1.2441792488098145
24445.0,-1.200286626815796
24450.0,-1.2498958110809326
24455.0,-1.2439594268798828
24460.0,-1.210404872894287
24465.0,-1.2469390630722046
24470.0,-1.2381924390792847
24475.0,-1.226777195930481
24480.0,-1.2434260845184326
24485.0,-1.2254960536956787
24490.0,-1.230528473854065
24495.0,-1.2300238609313965
24500.0,-1.2337102890014648
24505.0,-1.2261215448379517
24510.0,-1.2305028438568115
24515.0,-1.2280614376068115
24520.0,-1.2188295125961304
24525.0,-1.2233024835586548
24530.0,-1.2570960521697998
24535.0,-1.2295405864715576
24540.0,-1.2081122398376465
24545.0,-1.2328726053237915
24550.0,-1.2231857776641846
24555.0,-1.2334179878234863
24560.0,-1.2405619621276855
24565.0,-1.2313686609268188
24570.0,-1.2422270774841309
24575.0,-1.2319927215576172
24580.0,-1.219031572341919
24585.0,-1.2568061351776123
24590.0,-1.2345178127288818
24595.0,-1.2216780185699463
24600.0,-1.233541488647461
24605.0,-1.2267811298370361
24610.0,-1.225442886352539
24615.0,-1.2396365404129028
24620.0,-1.2280982732772827
24625.0,-1.23366117477417
24630.0,-1.2340551614761353
24635.0,-1.2240489721298218
24640.0,-1.228202223777771
24645.0,-1.233360767364502
24650.0,-1.2206836938858032
24655.0,-1.2250697612762451
24660.0,-1.2339271306991577
24665.0,-1.215926170349121
24670.0,-1.235273838043213
24675.0,-1.2268242835998535
24680.0,-1.238290548324585
24685.0,-1.2374908924102783
24690.0,-1.2180285453796387
24695.0,-1.2189722061157227
24700.0,-1.2422997951507568
24705.0,-1.2301350831985474
24710.0,-1.224377155303955
24715.0,-1.2187128067016602
24720.0,-1.2260475158691406
24725.0,-1.2323030233383179
24730.0,-1.225898027420044
24735.0,-1.2372366189956665
24740.0,-1.2401214838027954
24745.0,-1.2366384267807007
24750.0,-1.2345954179763794
24755.0,-1.233331561088562
24760.0,-1.2397382259368896
24765.0,-1.2398180961608887
24770.0,-1.2294261455535889
24775.0,-1.2414929866790771
24780.0,-1.2229872941970825
24785.0,-1.221147060394287
24790.0,-1.2318263053894043
24795.0,-1.22865629196167
24800.0,-1.2245144844055176
24805.0,-1.22838294506073
24810.0,-1.2195078134536743
24815.0,-1.237562894821167
24820.0,-1.229941725730896
24825.0,-1.2445425987243652
24830.0,-1.2236578464508057
24835.0,-1.2359126806259155
24840.0,-1.2451984882354736
24845.0,-1.2256581783294678
24850.0,-1.2301216125488281
24855.0,-1.2443498373031616
24860.0,-1.2401914596557617
24865.0,-1.2188687324523926
24870.0,-1.2343651056289673
24875.0,-1.2254332304000854
24880.0,-1.2287837266921997
24885.0,-1.2282110452651978
24890.0,-1.221609115600586
24895.0,-1.2333040237426758
24900.0,-1.2282979488372803
24905.0,-1.2218539714813232
24910.0,-1.232871413230896
24915.0,-1.2344721555709839
24920.0,-1.2222973108291626
24925.0,-1.236847996711731
24930.0,-1.2241313457489014
24935.0,-1.2431455850601196
24940.0,-1.2361266613006592
24945.0,-1.228022575378418
24950.0,-1.2285120487213135
24955.0,-1.2344560623168945
24960.0,-1.2194852828979492
24965.0,-1.2359586954116821
24970.0,-1.2405564785003662
24975.0,-1.2172492742538452
24980.0,-1.2240819931030273
24985.0,-1.2350105047225952
24990.0,-1.2301734685897827
24995.0,-1.2278578281402588
25000.0,-1.2370638847351074
25005.0,-1.2351815700531006
25010.0,-1.2242400646209717
25015.0,-1.217659592628479
25020.0,-1.2426600456237793
25025.0,-1.2391513586044312
25030.0,-1.2222881317138672
25035.0,-1.2333014011383057
25040.0,-1.2307416200637817
25045.0,-1.2179583311080933
25050.0,-1.2329891920089722
25055.0,-1.2352991104125977
25060.0,-1.2268650531768799
25065.0,-1.2432057857513428
25070.0,-1.2410860061645508
25075.0,-1.211258053779602
25080.0,-1.2397925853729248
25085.0,-1.2446534633636475
25090.0,-1.2272342443466187
25095.0,-1.2447147369384766
25100.0,-1.2332087755203247
25105.0,-1.2103042602539062
25110.0,-1.2267708778381348
25115.0,-1.2485458850860596
25120.0,-1.2330964803695679
25125.0,-1.2309966087341309
25130.0,-1.2258763313293457
25135.0,-1.2251887321472168
25140.0,-1.2435053586959839
25145.0,-1.2413337230682373
25150.0,-1.2202131748199463
25155.0,-1.2397339344024658
25160.0,-1.2201019525527954
25165.0,-1.2315374612808228
25170.0,-1.2381131649017334
25175.0,-1.2299690246582031
25180.0,-1.2300961017608643
25185.0,-1.2295429706573486
25190.0,-1.2185918092727661
25195.0,-1.2346452474594116
25200.0,-1.2387137413024902
25205.0,-1.2248029708862305
25210.0,-1.225795865058899
25215.0,-1.2388126850128174
25220.0,-1.2250487804412842
25225.0,-1.236072063446045
25230.0,-1.2363543510437012
25235.0,-1.2206727266311646
25240.0,-1.2309691905975342
25245.0,-1.2395516633987427
25250.0,-1.2203896045684814
25255.0,-1.2363702058792114
25260.0,-1.241538643836975
25265.0,-1.2290716171264648
25270.0,-1.23594069480896
25275.0,-1.2346665859222412
25280.0,-1.2219252586364746
25285.0,-1.2289074659347534
25290.0,-1.222904920578003
25295.0,-1.2254819869995117
25300.0,-1.2251838445663452
25305.0,-1.2177451848983765
25310.0,-1.232744812965393
25315.0,-1.2158281803131104
25320.0,-1.2138179540634155
25325.0,-1.2562373876571655
25330.0,-1.219370722770691
25335.0,-1.2148652076721191
25340.0,-1.2538138628005981
25345.0,-1.225567102432251
25350.0,-1.221336841583252
25355.0,-1.243094563484192
25360.0,-1.2351267337799072
25365.0,-1.2204632759094238
25370.0,-1.2477960586547852
25375.0,-1.2322156429290771
25380.0,-1.2281396389007568
25385.0,-1.2386841773986816
25390.0,-1.2446390390396118
25395.0,-1.2275112867355347
25400.0,-1.2284331321716309
25405.0,-1.233186960220337
25410.0,-1.2083414793014526
25415.0,-1.2246931791305542
25420.0,-1.2189527750015259
25425.0,-1.2209110260009766
25430.0,-1.215420126914978
25435.0,-1.2256633043289185
25440.0,-1.219228982925415
25445.0,-1.2313624620437622
25450.0,-1.238096833229065
25455.0,-1.2301751375198364
25460.0,-1.2125214338302612
25465.0,-1.2324650287628174
25470.0,-1.2285544872283936
25475.0,-1.2186143398284912
25480.0,-1.23479425907135
25485.0,-1.222108006477356
25490.0,-1.2200195789337158
25495.0,-1.2374974489212036
25500.0,-1.232633113861084
25505.0,-1.2259800434112549
25510.0,-1.239841341972351
25515.0,-1.2102999687194824
25520.0,-1.213368535041809
25525.0,-1.242999792098999
25530.0,-1.2291078567504883
25535.0,-1.2218995094299316
25540.0,-1.2430882453918457
25545.0,-1.2263641357421875
25550.0,-1.228057861328125
25555.0,-1.2403556108474731
25560.0,-1.2213819026947021
25565.0,-1.2037924528121948
25570.0,-1.2296257019042969
25575.0,-1.2274506092071533
25580.0,-1.2265410423278809
25585.0,-1.2449226379394531
25590.0,-1.2293373346328735
25595.0,-1.240379810333252
25600.0,-1.239044427871704
25605.0,-1.234377384185791
25610.0,-1.2230701446533203
25615.0,-1.2466291189193726
25620.0,-1.2324652671813965
25625.0,-1.2220278978347778
25630.0,-1.241590142250061
25635.0,-1.2366056442260742
25640.0,-1.2174595594406128
25645.0,-1.2239141464233398
25650.0,-1.2369283437728882
25655.0,-1.2155323028564453
25660.0,-1.2248680591583252
25665.0,-1.2334949970245361
25670.0,-1.2319633960723877
25675.0,-1.2314186096191406
25680.0,-1.2372329235076904
25685.0,-1.2327795028686523
25690.0,-1.2226897478103638
25695.0,-1.244568109512329
25700.0,-1.2281591892242432
25705.0,-1.2219488620758057
25710.0,-1.2407524585723877
25715.0,-1.228978157043457
25720.0,-1.2320894002914429
25725.0,-1.2413763999938965
25730.0,-1.2204506397247314
25735.0,-1.2245595455169678
25740.0,-1.237181305885315
25745.0,-1.208510160446167
25750.0,-1.229085922241211
25755.0,-1.232080340385437
25760.0,-1.2104629278182983
25765.0,-1.2248506546020508
25770.0,-1.2324187755584717
25775.0,-1.2295506000518799
25780.0,-1.2184414863586426
25785.0,-1.2239484786987305
25790.0,-1.2455520629882812
25795.0,-1.230884075164795
25800.0,-1.2208707332611084
25805.0,-1.2387769222259521
25810.0,-1.2341220378875732
25815.0,-1.2141741514205933
25820.0,-1.2262163162231445
25825.0,-1.2375552654266357
25830.0,-1.2315458059310913
25835.0,-1.2102872133255005
25840.0,-1.239635705947876
25845.0,-1.2359589338302612
25850.0,-1.217250108718872
25855.0,-1.231974720954895
25860.0,-1.2309057712554932
25865.0,-1.23197340965271
25870.0,-1.2333800792694092
25875.0,-1.2301822900772095
25880.0,-1.2298617362976074
25885.0,-1.229679822921753
25890.0,-1.225265622138977
25895.0,-1.2312935590744019
25900.0,-1.219360113143921
25905.0,-1.2240747213363647
25910.0,-1.2358152866363525
25915.0,-1.2182810306549072
25920.0,-1.2297838926315308
25925.0,-1.234580159187317
25930.0,-1.251652717590332
25935.0,-1.2234302759170532
25940.0,-1.2275561094284058
25945.0,-1.2304658889770508
25950.0,-1.241329312324524
25955.0,-1.2190765142440796
25960.0,-1.2424906492233276
25965.0,-1.2390797138214111
25970.0,-1.2149474620819092
25975.0,-1.231857180595398
25980.0,-1.2301610708236694
25985.0,-1.2162827253341675
25990.0,-1.237710952758789
25995.0,-1.2309650182724
26000.0,-1.223355770111084
26005.0,-1.2386879920959473
26010.0,-1.2188999652862549
26015.0,-1.2204244136810303
26020.0,-1.2329380512237549
26025.0,-1.228243350982666
26030.0,-1.2384750843048096
26035.0,-1.209877371788025
26040.0,-1.2268803119659424
26045.0,-1.235835313796997
26050.0,-1.2062264680862427
26055.0,-1.2369611263275146
26060.0,-1.2547504901885986
26065.0,-1.1965504884719849
26070.0,-1.2428560256958008
26075.0,-1.2417957782745361
26080.0,-1.2048115730285645
26085.0,-1.2363569736480713
26090.0,-1.2297356128692627
26095.0,-1.22029447555542
26100.0,-1.2266350984573364
26105.0,-1.2153382301330566
26110.0,-1.2334299087524414
26115.0,-1.2311567068099976
26120.0,-1.2207481861114502
26125.0,-1.2447208166122437
26130.0,-1.2434754371643066
26135.0,-1.2362380027770996
26140.0,-1.2392480373382568
26145.0,-1.2440094947814941
26150.0,-1.2413685321807861
26155.0,-1.229419231414795
26160.0,-1.244499921798706
26165.0,-1.2225595712661743
26170.0,-1.2297672033309937
26175.0,-1.2486114501953125
26180.0,-1.2179745435714722
26185.0,-1.2192680835723877
26190.0,-1.2551498413085938
26195.0,-1.2086124420166016
26200.0,-1.221336007118225
26205.0,-1.2510383129119873
26210.0,-1.2382525205612183
26215.0,-1.2190520763397217
26220.0,-1.2485699653625488
26225.0,-1.2388261556625366
26230.0,-1.219962477684021
26235.0,-1.2254765033721924
26240.0,-1.2454332113265991
26245.0,-1.228489875793457
26250.0,-1.2115216255187988
26255.0,-1.2376463413238525
26260.0,-1.2313928604125977
26265.0,-1.2268762588500977
26270.0,-1.221543550491333
26275.0,-1.2295117378234863
26280.0,-1.2293965816497803
26285.0,-1.2302165031433105
26290.0,-1.2397841215133667
26295.0,-1.239391565322876
26300.0,-1.2379133701324463
26305.0,-1.2338632345199585
26310.0,-1.2457122802734375
26315.0,-1.2268086671829224
26320.0,-1.2381985187530518
26325.0,-1.2385133504867554
26330.0,-1.2383334636688232
26335.0,-1.2439324855804443
26340.0,-1.2310059070587158
26345.0,-1.232124924659729
26350.0,-1.246903896331787
26355.0,-1.2319544553756714
26360.0,-1.25638747215271
26365.0,-1.228034496307373
26370.0,-1.2049137353897095
26375.0,-1.2493218183517456
26380.0,-1.2253034114837646
26385.0,-1.2181081771850586
26390.0,-1.2468444108963013
26395.0,-1.2154865264892578
26400.0,-1.2241544723510742
26405.0,-1.2537131309509277
26410.0,-1.2202351093292236
26415.0,-1.2271593809127808
26420.0,-1.2533458471298218
26425.0,-1.234325885772705
26430.0,-1.2249634265899658
26435.0,-1.2492344379425049
26440.0,-1.2445738315582275
26445.0,-1.2268061637878418
26450.0,-1.226732850074768
26455.0,-1.231576681137085
26460.0,-1.2177958488464355
26465.0,-1.2227883338928223
26470.0,-1.2416349649429321
26475.0,-1.2183599472045898
26480.0,-1.228337287902832
26485.0,-1.253877878189087
26490.0,-1.209886074066162
26495.0,-1.229980707168579
26500.0,-1.2569973468780518
26505.0,-1.2248332500457764
26510.0,-1.2090036869049072
26515.0,-1.255895972251892
26520.0,-1.2221629619598389
26525.0,-1.2313549518585205
26530.0,-1.2549831867218018
26535.0,-1.2156591415405273
26540.0,-1.226689338684082
26545.0,-1.2418686151504517
26550.0,-1.2121038436889648
26555.0,-1.2231390476226807
26560.0,-1.2462745904922485
26565.0,-1.223517894744873
26570.0,-1.219115972518921
26575.0,-1.2308423519134521
26580.0,-1.2276055812835693
26585.0,-1.2060893774032593
26590.0,-1.236709713935852
26595.0,-1.2318822145462036
26600.0,-1.2178300619125366
26605.0,-1.2384976148605347
26610.0,-1.24111807346344
26615.0,-1.216892957687378
26620.0,-1.2448346614837646
26625.0,-1.2450857162475586
26630.0,-1.2201899290084839
26635.0,-1.239543080329895
26640.0,-1.2485854625701904
26645.0,-1.222390055656433
26650.0,-1.2283406257629395
26655.0,-1.2442970275878906
26660.0,-1.2201879024505615
26665.0,-1.2289246320724487
26670.0,-1.2517952919006348
26675.0,-1.2404556274414062
26680.0,-1.2259416580200195
