timestamp_s,wake,light_sleep,deep_sleep,rem
5.0,1.007747,0.24768384,-1.8916509,-1.025072
10.0,0.8806622,0.4219554,-2.0405002,-0.92597574
15.0,0.8348579,0.045407124,-1.9476556,-0.7165728
20.0,0.64406395,0.2791799,-1.8685092,-0.8198032
25.0,0.74415725,0.46774846,-1.8928653,-0.94451654
30.0,0.9013039,0.54417694,-2.012546,-1.1215019
35.0,1.3807517,0.40700734,-2.429214,-1.2603536
40.0,1.1936767,0.323415,-2.1997228,-1.0000517
45.0,0.8558928,0.08465167,-2.0683436,-0.6506409
50.0,0.8113148,0.08143909,-1.9400841,-0.7475362
55.0,0.9462082,0.46845785,-2.148207,-0.9358854
60.0,1.0988046,0.5629343,-2.070084,-1.240361
65.0,1.3684,0.714605,-2.5437648,-1.3567973
70.0,1.2304965,0.5719865,-2.2693708,-1.2348381
75.0,1.0962592,0.6171315,-2.2758749,-1.0885671
80.0,1.5829579,0.46998358,-2.8238585,-1.1807718
85.0,1.3045403,0.514038,-2.5878432,-0.97552097
90.0,1.2827,0.6454183,-2.256759,-1.2660894
95.0,1.1985408,0.5252448,-2.0711281,-1.1803443
100.0,1.2855912,0.52068776,-2.3100488,-1.2166668
105.0,1.0711728,0.6474546,-2.2174044,-1.1231588
110.0,1.4329001,0.6480577,-2.6332343,-1.2188139
115.0,1.2124208,0.5595076,-2.2293284,-1.1467679
120.0,0.8691063,0.5826086,-2.0103223,-0.957778
125.0,1.0081414,0.60135543,-2.1011763,-1.1132625
130.0,1.3194093,0.6857528,-2.514072,-1.191026
135.0,1.3132776,0.67407763,-2.5598686,-1.2178833
140.0,1.2634326,0.6400299,-2.4183252,-1.1447918
145.0,1.230627,0.5346463,-2.2552674,-1.1339835
150.0,1.1777208,0.69529116,-2.2114851,-1.2929369
155.0,1.3646156,0.5534388,-2.2306218,-1.3072562
160.0,1.3407643,0.510907,-2.3649752,-1.2344967
165.0,1.1593227,0.4447349,-2.2065687,-1.0542147
170.0,1.2233979,0.53754115,-2.3118684,-1.2660491
175.0,1.4089711,0.7028353,-2.5981476,-1.2714132
180.0,1.5589677,0.74562603,-2.9579375,-1.2275789
185.0,1.4324938,0.6420816,-2.7604926,-1.2347363
190.0,1.2403879,0.28231123,-2.2709758,-0.9403593
195.0,1.0806993,0.44505805,-2.1167243,-1.0122263
200.0,1.0341499,0.4124791,-2.0478933,-1.0808033
205.0,1.3103014,0.7035357,-2.51905,-1.2599361
210.0,1.3589767,0.56423134,-2.3828325,-1.2718513
215.0,1.2398823,0.7342738,-2.5310075,-1.2614789
220.0,1.1244766,0.51911366,-2.374285,-1.0470294
225.0,1.2202938,0.6294098,-2.4960055,-1.1635569
230.0,1.1914679,0.6231884,-2.4287822,-1.2178994
235.0,1.232992,0.6834294,-2.3709056,-1.233067
240.0,1.1755067,0.51866066,-2.166517,-1.176132
245.0,0.95326847,0.52009076,-1.8453773,-1.1024013
250.0,1.0845693,0.67734927,-2.1133451,-1.3561342
255.0,1.2466377,0.61302644,-2.272887,-1.2734091
260.0,1.3566501,0.60004866,-2.5877028,-1.1809361
265.0,1.1429876,0.6967714,-2.2143886,-1.2355058
270.0,1.3556885,0.6363126,-2.5120666,-1.3265892
275.0,1.2484919,0.6512336,-2.3270838,-1.227116
280.0,1.1950297,0.54420125,-2.4184387,-0.9981983
285.0,1.076881,0.56797117,-2.1189408,-1.1614487
290.0,1.2601777,0.38326776,-2.2802856,-0.97586983
295.0,1.011518,0.4221317,-1.9360329,-1.066755
300.0,1.056134,0.48696005,-2.2916324,-0.9328311
305.0,1.4387697,0.49315518,-2.6206548,-1.1710057
310.0,1.2833158,0.55357486,-2.3904738,-1.1031841
315.0,1.263342,0.5413456,-2.2493412,-1.2225016
320.0,1.0192809,0.47600156,-2.1040046,-0.9595019
325.0,1.0855019,0.3894229,-2.1831818,-0.8935545
330.0,1.0606414,0.42502454,-2.2640002,-0.8635441
335.0,1.0991625,0.51467377,-2.2871532,-1.1191941
340.0,1.398744,0.6144724,-2.6404905,-1.1864338
345.0,1.4772619,0.6686311,-2.524962,-1.3631961
350.0,1.3374599,0.62494683,-2.333709,-1.2559174
355.0,1.1358602,0.63182515,-2.2811596,-1.1594985
360.0,1.0636126,0.67434454,-2.2130492,-1.1407373
365.0,1.0478977,0.67940056,-2.326874,-1.1202384
370.0,1.2881647,0.4969663,-2.3405526,-1.1509663
375.0,1.1574206,0.55832434,-2.2641718,-1.1926236
380.0,0.99925184,0.6252487,-2.0612938,-1.1522652
385.0,1.2527544,0.611722,-2.3075793,-1.3611522
390.0,1.3561517,0.6827855,-2.4635515,-1.3088979
395.0,1.2505056,0.817088,-2.478739,-1.2850293
400.0,1.1931046,0.7059906,-2.4062471,-1.2112896
405.0,1.2856861,0.58046204,-2.5259945,-1.0369071
410.0,1.0195092,0.6603646,-2.2987769,-1.2141906
415.0,1.2493962,0.67402697,-2.397968,-1.1539855
420.0,1.3908545,0.5689225,-2.5314004,-1.1946898
425.0,1.4118485,0.56214106,-2.5086668,-1.2161808
430.0,1.2214838,0.66576797,-2.3295124,-1.1880404
435.0,1.189737,0.62212706,-2.2895973,-1.1191502
440.0,0.90869975,0.5155487,-2.0351534,-1.0136579
445.0,0.94575536,0.47362775,-1.9401668,-1.1003141
450.0,1.0904145,0.43890366,-2.218335,-1.0251895
455.0,1.3466628,0.65142953,-2.6172316,-1.0516435
460.0,1.5548128,0.73206717,-2.86849,-1.3140752
465.0,1.0818805,0.5954814,-2.155783,-1.1015164
470.0,0.8122262,0.49848264,-1.7484363,-1.049483
475.0,1.1463294,0.22746842,-2.0345771,-0.9401516
480.0,0.8799286,0.19649486,-1.8610297,-0.83225185
485.0,1.1864606,0.535051,-2.2333329,-1.1631267
490.0,1.3114237,0.69523287,-2.5395505,-1.2345175
495.0,1.0655819,0.5690572,-2.2013068,-1.1555053
500.0,1.0477709,0.562311,-2.1444821,-1.1671237
505.0,1.201476,0.39683694,-2.2201486,-1.0438132
510.0,0.8058953,0.48908573,-1.7589201,-1.099057
515.0,1.3521329,0.62346303,-2.6945167,-1.133833
520.0,1.275515,0.6486024,-2.5152524,-1.20041
525.0,1.0726575,0.33024472,-1.9205707,-1.0909376
530.0,1.2145573,0.44240728,-2.2761092,-1.0418878
535.0,1.1507466,0.6693919,-2.1970408,-1.1921792
540.0,0.9891263,0.67736256,-2.3694565,-1.0460118
545.0,1.3864042,0.658342,-2.6365397,-1.1674055
550.0,1.3640403,0.5687605,-2.539296,-1.2489619
555.0,1.3520736,0.11233652,-2.133234,-1.0249413
560.0,1.0561188,0.3819251,-2.0574985,-1.0238669
565.0,1.0955085,0.54412496,-2.1302617,-1.1528835
570.0,1.4738104,0.80915594,-2.701257,-1.3586353
575.0,1.2845844,0.72039866,-2.4606297,-1.2296441
580.0,1.325982,0.6676886,-2.5739567,-1.2203453
585.0,1.2341679,0.4559316,-2.3997958,-1.0195521
590.0,1.2689255,0.45079386,-2.230347,-1.0605018
595.0,0.9608115,0.39996666,-2.1202617,-0.8772751
600.0,1.2676684,0.47653416,-2.3969538,-1.0747225
605.0,1.343982,0.52038336,-2.4919925,-1.1423886
610.0,1.3236734,0.7224375,-2.440852,-1.3162943
615.0,1.307571,0.7334139,-2.6231327,-1.1875008
620.0,1.3810838,0.68324536,-2.4053986,-1.247812
625.0,1.3593193,0.59085274,-2.7730174,-0.9332627
630.0,1.4673274,0.52065945,-2.46878,-1.3464105
635.0,1.3777004,0.29542598,-2.2888854,-1.068337
640.0,1.1574781,0.5903852,-2.0679615,-1.2222655
645.0,1.222949,0.7782345,-2.5172474,-1.2517614
650.0,1.2305936,0.63515496,-2.503118,-1.1876433
655.0,1.5724735,0.8072021,-2.8265631,-1.3727524
660.0,1.2747602,0.52960145,-2.223541,-1.3161694
665.0,1.2943462,0.46915594,-2.2519133,-1.1862376
670.0,1.0922586,0.41431007,-2.0669024,-1.0021739
675.0,1.2514688,0.67543745,-2.2942579,-1.3110166
680.0,1.4779111,0.64393127,-2.6585262,-1.2787706
685.0,1.2748798,0.59086597,-2.4903347,-1.1056914
690.0,1.3362919,0.470519,-2.2861984,-1.2645077
695.0,1.2070459,0.48319322,-2.1020074,-1.2274063
700.0,1.1128125,0.5304475,-2.3336043,-1.0247684
705.0,1.1659528,0.63948596,-2.2127454,-1.2015069
710.0,1.2040061,0.6037241,-2.325035,-1.1584885
715.0,1.0824641,0.62967134,-2.2224362,-1.153262
720.0,1.4037298,0.62339425,-2.4884167,-1.357063
725.0,1.0994495,0.52275884,-2.3540978,-1.0146892
730.0,1.1694988,0.6707481,-2.359079,-1.2621491
735.0,1.1321962,0.412997,-2.07741,-1.1458379
740.0,0.94427496,0.5116374,-2.0309865,-0.9598395
745.0,1.1964931,0.65456545,-2.2226343,-1.3592565
750.0,1.3580437,0.5998416,-2.4623458,-1.3231559
755.0,1.3550313,0.68655324,-2.592837,-1.2706239
760.0,1.5381845,0.58730006,-2.7117634,-1.2542654
765.0,1.2362181,0.5346974,-2.326248,-1.0727909
770.0,1.138749,0.5898249,-2.3279376,-0.9537752
775.0,1.1681815,0.61588025,-2.3484514,-1.093879
780.0,1.2210773,0.5192329,-2.2821658,-1.1794899
785.0,1.1199183,0.44018015,-2.2816517,-1.0381347
790.0,1.3901671,0.12963615,-2.3236556,-0.99379075
795.0,1.2225024,0.47530556,-2.2803671,-1.072235
800.0,1.3360353,0.7793431,-2.4935727,-1.240493
805.0,1.3867183,0.7673634,-2.7449238,-1.2616028
810.0,1.1636931,0.6065132,-2.2661402,-1.1178505
815.0,1.1224769,0.543906,-2.1849349,-1.2359107
820.0,1.1784596,0.2698774,-2.0298762,-1.055377
825.0,0.9327799,0.2940703,-1.8703971,-0.92647487
830.0,1.0783225,0.66960484,-2.1790197,-1.1176187
835.0,1.3446511,0.6532332,-2.4774168,-1.2093713
840.0,1.1023732,0.74816203,-2.4173877,-1.2261753
845.0,1.1751751,0.52619076,-2.197122,-1.1367723
850.0,1.1442533,0.28366357,-2.0224893,-1.035591
855.0,0.94679946,0.4858466,-2.0416906,-0.99903834
860.0,0.99902236,0.54550713,-2.0621004,-1.0227653
865.0,1.106157,0.72236186,-2.258543,-1.1322455
870.0,1.2393965,0.6345099,-2.382397,-1.1986095
875.0,1.0794148,0.5713803,-2.1502116,-1.1838204
880.0,0.9861162,0.22724749,-1.9324645,-0.8859498
885.0,1.064399,0.38676152,-2.047418,-1.0004045
890.0,1.2074602,0.5058394,-2.289014,-1.1680759
895.0,0.99781716,0.6141353,-2.139084,-1.0731827
900.0,1.280409,0.67123145,-2.371633,-1.285032
905.0,1.188418,0.572325,-2.2609093,-1.096657
910.0,1.134395,0.45222634,-2.304001,-0.94977826
915.0,1.1117406,0.47574463,-2.1989481,-0.97316533
920.0,1.2179252,0.66628647,-2.3986795,-1.1773213
925.0,1.1600305,0.6372442,-2.2345252,-1.2070091
930.0,0.9203201,0.5331872,-2.0590694,-0.9173054
935.0,0.9750571,0.54431796,-2.0493064,-1.0766608
940.0,1.1483566,0.6241121,-2.3165216,-1.1920459
945.0,1.2471561,0.5777206,-2.2986894,-1.2385621
950.0,1.2034606,0.56851727,-2.2214694,-1.12783
955.0,1.4173745,0.57094514,-2.4581428,-1.2024273
960.0,1.0105478,0.55969876,-2.0621598,-0.94890803
965.0,1.1790347,0.67997724,-2.292915,-1.3254364
970.0,1.2737397,0.62953097,-2.6777077,-1.0997765
975.0,1.3217043,0.5798975,-2.3660614,-1.2533922
980.0,1.30654,0.597837,-2.3012187,-1.2883586
985.0,1.2939863,0.6598825,-2.383793,-1.2124336
990.0,1.1837497,0.59918404,-2.3803256,-1.0469575
995.0,1.2326745,0.6191336,-2.1347897,-1.3739479
1000.0,1.1772343,0.6133628,-2.3845346,-1.1993462
1005.0,1.0709941,0.30443573,-1.994276,-0.9600015
1010.0,1.27744,0.49828565,-2.303736,-1.1486995
1015.0,1.3950912,0.7137774,-2.6067152,-1.1867347
1020.0,1.3084742,0.7704441,-2.7028697,-1.248269
1025.0,1.0985206,0.5881419,-2.234901,-1.1002374
1030.0,1.1559485,0.5414943,-2.1957695,-1.086314
1035.0,0.9175981,0.33559787,-1.9325815,-0.9821076
1040.0,0.9980743,0.5823787,-2.084163,-1.0055119
1045.0,1.5764177,0.77070665,-2.9035423,-1.3842423
1050.0,1.6025759,0.7717281,-2.977199,-1.3285439
1055.0,1.3244227,0.5847318,-2.4578416,-1.1518959
1060.0,1.2254639,0.6087352,-2.3655732,-1.1975063
1065.0,1.0437483,0.6039035,-2.2965496,-1.1875737
1070.0,0.9990847,0.67866254,-2.1522932,-1.2183583
1075.0,1.4536173,0.62274575,-2.64473,-1.2548456
1080.0,1.623165,0.76172537,-2.9092963,-1.3109918
1085.0,1.4092714,0.7680782,-2.7559729,-1.099312
1090.0,1.4322516,0.755175,-2.7312605,-1.2920649
1095.0,1.4006617,0.72326493,-2.6785138,-1.2582519
1100.0,1.0284743,0.574022,-2.0919242,-1.2096424
1105.0,1.1040951,0.22704232,-2.0213974,-0.8648802
1110.0,0.92184293,0.46357682,-2.1025977,-0.83498746
1115.0,1.3066849,0.65877384,-2.4628158,-1.3479245
1120.0,1.5719055,0.71687424,-2.7063997,-1.5048425
1125.0,1.347052,0.57736754,-2.473183,-1.1858317
1130.0,0.9487973,0.4793327,-1.911944,-1.138699
1135.0,1.1009046,0.21207576,-2.0621257,-0.8368962
1140.0,0.9982053,0.59393066,-2.286784,-0.98278886
1145.0,1.3649119,0.6874766,-2.6248524,-1.2109187
1150.0,1.5383455,0.770795,-2.7770648,-1.3251019
1155.0,1.2814175,0.6271771,-2.4272277,-1.1403985
1160.0,1.0642066,0.4918549,-2.0429559,-1.0029932
1165.0,1.076567,0.4281303,-2.159781,-0.960168
1170.0,1.3482159,0.46104842,-2.28174,-1.0982264
1175.0,1.5325341,0.75995076,-2.687601,-1.370344
1180.0,1.3908286,0.83077115,-2.672816,-1.3200799
1185.0,1.145151,0.72317934,-2.377065,-1.1423984
1190.0,1.2378553,0.5417747,-2.103895,-1.3261585
1195.0,1.2208104,0.5224581,-2.314655,-1.1817309
1200.0,1.1785504,0.4578957,-2.2404916,-1.0539368
1205.0,1.5452132,0.68039864,-2.9507883,-1.2002847
1210.0,1.5682923,0.66091573,-2.6683855,-1.4011127
1215.0,1.1493062,0.6006858,-2.3562617,-1.0329504
1220.0,1.1984148,0.5493218,-2.1690593,-1.2264627
1225.0,1.1388155,0.5355724,-2.3522494,-1.0594565
1230.0,1.4116234,0.6259363,-2.6861944,-1.2379645
1235.0,1.564221,0.6789837,-2.6066227,-1.4101301
1240.0,1.1881902,0.41104168,-2.1525655,-1.0702701
1245.0,1.199079,0.46761185,-2.4437869,-0.9521951
1250.0,1.1902914,0.6927271,-2.4256537,-1.1447752
1255.0,1.4127399,0.8089055,-2.6069725,-1.4330574
1260.0,1.3230375,0.6443232,-2.5862534,-1.180199
1265.0,0.95543116,0.5018981,-1.9717728,-1.1144533
1270.0,0.98550117,0.38994846,-1.9107467,-1.0440168
1275.0,1.0386246,0.46067053,-2.2601097,-0.97692883
1280.0,1.4986218,0.79017943,-2.7119286,-1.3138671
1285.0,1.6236304,0.8583811,-3.000346,-1.3147355
1290.0,1.3201946,0.6958953,-2.7484572,-1.1477995
1295.0,1.1066786,0.64434564,-2.2437484,-1.1537338
1300.0,1.0309865,0.48164222,-2.2604501,-1.0232298
1305.0,1.2330697,0.3961877,-2.2252517,-1.033525
1310.0,1.1753463,0.6872257,-2.3369792,-1.1773175
1315.0,1.3541913,0.7800585,-2.7571034,-1.2037262
1320.0,1.4194221,0.7429819,-2.75802,-1.3111157
1325.0,1.1433786,0.5402806,-2.2734983,-1.1302645
1330.0,1.308534,0.6233828,-2.2635148,-1.3303301
1335.0,1.257805,0.5633085,-2.3820465,-1.2416114
1340.0,1.0024434,0.6193252,-2.3953588,-0.94503313
1345.0,1.0934893,0.5158968,-2.1543067,-1.0763842
1350.0,1.2787377,0.56199455,-2.317441,-1.1846073
1355.0,1.0896962,0.5443623,-2.2953174,-1.0672503
1360.0,1.3290299,0.6587587,-2.5106742,-1.1293832
1365.0,1.4900669,0.66311574,-2.6041234,-1.4029627
1370.0,1.2470416,0.47398153,-2.3323917,-1.1552846
1375.0,1.2108053,0.51047647,-2.2801645,-1.175343
1380.0,1.3864491,0.4928484,-2.4511588,-1.1782156
1385.0,1.1809632,0.7094401,-2.275017,-1.2687238
1390.0,1.305061,0.7494286,-2.387623,-1.2593246
1395.0,1.171495,0.63644975,-2.3075879,-1.2702029
1400.0,1.2902614,0.6343186,-2.5115025,-1.2933042
1405.0,1.0025034,0.44924626,-1.9394144,-1.1129744
1410.0,1.1671622,0.4747441,-2.1267593,-1.1349099
1415.0,0.92269725,0.5375414,-2.051234,-1.0310994
1420.0,1.035759,0.6314407,-2.2589188,-1.2127249
1425.0,1.2163361,0.54990125,-2.2531233,-1.1574416
1430.0,1.2198025,0.66260463,-2.297244,-1.2168549
1435.0,1.1692673,0.49950927,-2.1695065,-1.1278145
1440.0,0.9494367,0.6200518,-2.1149375,-1.0447395
1445.0,1.3442265,0.66142166,-2.4561234,-1.3121582
1450.0,1.075742,0.6144169,-2.3650687,-1.1568537
1455.0,1.3412868,0.65921456,-2.517496,-1.2488678
1460.0,1.136955,0.4947981,-2.2279708,-1.0682757
1465.0,1.2480818,0.35214484,-2.203708,-1.0246521
1470.0,1.0209303,0.59402055,-2.0334535,-1.0047799
1475.0,1.3320371,0.72064763,-2.541556,-1.2891917
1480.0,1.180483,0.71760565,-2.6287303,-1.0185046
1485.0,1.3378094,0.6557406,-2.3660214,-1.2934735
1490.0,1.2222567,0.49143296,-2.2351794,-1.0753633
1495.0,1.2286656,0.38260758,-2.299928,-0.98038906
1500.0,1.1825951,0.6613853,-2.3291044,-1.1746774
1505.0,1.4124476,0.7171944,-2.5873506,-1.3081443
1510.0,1.1806316,0.72152257,-2.4728272,-1.1190771
1515.0,1.2865645,0.64968556,-2.4294267,-1.1848758
1520.0,1.075643,0.4994284,-2.0858555,-1.0037637
1525.0,1.1153755,0.6258018,-2.3489144,-1.1959782
1530.0,1.1805066,0.5513992,-2.1864836,-1.2606963
1535.0,1.2845532,0.44973472,-2.4061444,-1.0415008
1540.0,0.93681914,0.4503628,-2.0583222,-0.93970996
1545.0,1.1122832,0.48040637,-2.0878768,-1.1117449
1550.0,1.0796913,0.64193285,-2.3315084,-1.1086181
1555.0,1.144045,0.6976116,-2.268801,-1.1558179
1560.0,1.2954284,0.55901873,-2.3836052,-1.1820492
1565.0,0.89834166,0.5657051,-2.1491034,-1.0141646
1570.0,1.1239406,0.3648073,-2.0436306,-1.1523787
1575.0,1.29012,0.41290122,-2.3166592,-1.0544007
1580.0,1.2722191,0.6432433,-2.370129,-1.2280072
1585.0,1.0701693,0.57997537,-2.0496259,-1.1203632
1590.0,1.2451795,0.6900331,-2.527909,-1.1259308
1595.0,1.1127012,0.62240505,-2.3227684,-1.1632468
1600.0,1.1347269,0.4634633,-2.1168885,-1.1080457
1605.0,1.0199275,0.46307352,-2.155535,-1.0029265
1610.0,1.0286868,0.67151403,-2.138139,-1.3411256
1615.0,1.0972368,0.62051994,-2.2365668,-1.2133324
1620.0,1.2937603,0.64177793,-2.5099669,-1.1827997
1625.0,1.282411,0.6752088,-2.4924157,-1.2556963
1630.0,1.2691244,0.6072871,-2.3370743,-1.2871828
1635.0,1.1362158,0.5798234,-2.2186182,-1.0746597
1640.0,1.2593557,0.5661806,-2.3995404,-1.1796037
1645.0,1.3519435,0.60971403,-2.609299,-1.1343461
1650.0,1.0979916,0.68926454,-2.0980115,-1.304533
1655.0,1.0397114,0.56506175,-2.1722202,-1.0728191
1660.0,1.1847678,0.6162533,-2.2369878,-1.2900096
1665.0,1.1245912,0.54868853,-2.2473776,-1.0705987
1670.0,1.3334907,0.39911205,-2.2521684,-1.1058915
1675.0,1.282833,0.6412873,-2.3209803,-1.2051872
1680.0,1.2635167,0.7095542,-2.3798602,-1.2309356
1685.0,1.1356173,0.70657843,-2.436755,-1.166754
1690.0,1.0954394,0.58513665,-2.1353543,-1.0935509
1695.0,1.0648621,0.56666,-2.0268414,-1.1805472
1700.0,1.3238819,0.48283803,-2.4279242,-1.1493903
1705.0,1.2851408,0.6339638,-2.444068,-1.1916046
1710.0,1.3087513,0.64833164,-2.4567604,-1.1146927
1715.0,1.2594784,0.7176279,-2.5688682,-1.2437644
1720.0,1.0832896,0.69434214,-2.268127,-1.1554724
1725.0,0.9394287,0.57138085,-2.040072,-1.0206909
1730.0,1.1837832,0.53827196,-2.1003,-1.26713
1735.0,1.5267164,0.5913645,-2.5500329,-1.3681958
1740.0,1.2583333,0.55600464,-2.2862306,-1.1509106
1745.0,1.0073011,0.57035863,-2.2203984,-1.0300059
1750.0,1.2574729,0.5315864,-2.1897316,-1.2164677
1755.0,1.1736726,0.61477625,-2.3399227,-1.1926957
1760.0,1.1857637,0.55112296,-2.2629144,-1.171476
1765.0,1.2172062,0.63754547,-2.324199,-1.1995897
1770.0,1.1565253,0.62543416,-2.1434526,-1.1953515
1775.0,1.0596747,0.5279287,-1.9812608,-1.2091206
1780.0,1.1141877,0.33550587,-1.977416,-1.0218976
1785.0,1.1707577,0.5302606,-2.2678149,-1.1278039
1790.0,1.1003666,0.6051003,-2.205026,-1.2108623
1795.0,1.2900037,0.5538875,-2.2758865,-1.2986974
1800.0,1.2524325,0.61777174,-2.4825006,-1.1891791
1805.0,1.0673466,0.57400334,-2.0294216,-1.2167653
1810.0,0.9718698,0.3729724,-1.966283,-0.9678561
1815.0,1.2912902,0.5730319,-2.3297765,-1.1804798
1820.0,1.3260475,0.7227163,-2.5308874,-1.237094
1825.0,1.1752013,0.6163863,-2.4992857,-1.0699414
1830.0,1.2167786,0.7392441,-2.5188239,-1.2915118
1835.0,1.0847358,0.6807035,-2.255449,-1.2516518
1840.0,1.0645547,0.49873292,-2.1198504,-1.1460329
1845.0,1.2939743,0.51364774,-2.3358686,-1.1471117
1850.0,1.3027307,0.53334785,-2.3694465,-1.1704495
1855.0,1.3037075,0.64369845,-2.4851263,-1.1938868
1860.0,1.2577473,0.61700577,-2.5384166,-1.0956047
1865.0,1.215235,0.6762067,-2.447148,-1.145473
1870.0,1.2861475,0.6536874,-2.4471114,-1.3543624
1875.0,1.3620238,0.5366101,-2.359761,-1.0682209
1880.0,1.26039,0.48691753,-2.1168685,-1.2272376
1885.0,1.2332454,0.33757746,-2.0986226,-1.0710676
1890.0,1.2398547,0.52301,-2.4356549,-1.1596067
1895.0,1.4042255,0.66406167,-2.6714885,-1.2029853
1900.0,1.4765671,0.6422024,-2.61183,-1.3194141
1905.0,1.2464687,0.6029204,-2.3579,-1.1949921
1910.0,0.99875915,0.37304735,-1.9794382,-1.0039232
1915.0,1.2785791,0.4448167,-2.3594236,-1.0846164
1920.0,1.2244654,0.7077061,-2.415439,-1.2469646
1925.0,1.4794068,0.7294662,-2.6847875,-1.4558849
1930.0,1.1236804,0.5036702,-2.2795637,-1.0164697
1935.0,1.0892869,0.464619,-1.9992462,-1.0722845
1940.0,0.9653945,0.41834396,-2.0076573,-0.9845525
1945.0,1.288858,0.630172,-2.3785677,-1.2291812
1950.0,1.2007982,0.66551095,-2.3469338,-1.2706681
1955.0,1.3373536,0.75714254,-2.5163615,-1.3382463
1960.0,1.1679462,0.51591647,-2.3644114,-1.0398389
1965.0,1.2813233,0.4445433,-2.3356044,-1.1431456
1970.0,1.2165834,0.48750603,-2.2570379,-1.0651371
1975.0,1.1331336,0.6152961,-2.042693,-1.2847013
1980.0,1.1129905,0.6729814,-2.288486,-1.2254779
1985.0,1.2592105,0.71495956,-2.4431808,-1.1984696
1990.0,1.2673864,0.5816574,-2.4111257,-1.1160382
1995.0,1.1194775,0.5536877,-2.344303,-1.065434
2000.0,1.1155666,0.4454927,-2.0450037,-1.093968
2005.0,1.1470869,0.67270935,-2.2119095,-1.2603606
2010.0,1.3103503,0.7147056,-2.5076149,-1.2511256
2015.0,1.3040096,0.69263196,-2.5061421,-1.1967311
2020.0,1.174923,0.6226678,-2.3306608,-1.1168575
2025.0,1.1004835,0.55662477,-2.2464273,-1.0881586
2030.0,1.1243488,0.6255435,-2.155796,-1.2251596
2035.0,1.115818,0.5814091,-2.181435,-1.1801616
2040.0,1.5736794,0.7458705,-2.7118888,-1.4713035
2045.0,1.0912472,0.66709995,-2.1711962,-1.2303195
2050.0,1.1559862,0.6747118,-2.3070838,-1.1641808
2055.0,1.2682763,0.5743266,-2.315263,-1.2922733
2060.0,1.269203,0.5502432,-2.3541653,-1.1836672
2065.0,1.24927,0.6553199,-2.2663925,-1.3192343
2070.0,1.4608514,0.73644865,-2.6574914,-1.3190755
2075.0,1.3851894,0.6206468,-2.4264977,-1.280552
2080.0,1.5066385,0.5403319,-2.5075963,-1.2640437
2085.0,1.2930521,0.6161986,-2.2104344,-1.3343412
2090.0,1.1235983,0.5159411,-2.1968048,-1.1604816
2095.0,1.2812494,0.6600258,-2.2988164,-1.3594925
2100.0,1.0274048,0.59076273,-2.0727704,-1.2132242
2105.0,1.13978,0.5503795,-2.1854434,-1.1243863
2110.0,1.1977698,0.48734945,-2.2438467,-1.2135844
2115.0,1.229676,0.49362293,-2.231432,-1.1577545
2120.0,1.2882127,0.6411418,-2.2317934,-1.2851735
2125.0,1.241279,0.57449126,-2.1877189,-1.3467108
2130.0,1.2751993,0.47213286,-2.260204,-1.0899668
2135.0,1.0461466,0.6844595,-2.099003,-1.1748378
2140.0,1.387855,0.53790456,-2.2768173,-1.3708807
2145.0,0.79257154,0.5836843,-1.8681587,-1.1013572
2150.0,1.0701667,0.51363283,-2.1694381,-1.0877491
2155.0,1.1197852,0.6066253,-2.1269495,-1.23573
2160.0,1.0524335,0.53057694,-2.2405996,-1.035953
2165.0,0.9806933,0.6377077,-2.0556395,-1.1608071
2170.0,1.1430115,0.5724371,-2.1986425,-1.1708777
2175.0,1.2342526,0.54318404,-2.2250214,-1.1787031
2180.0,1.2599612,0.52966356,-2.1671734,-1.3110666
2185.0,0.81822515,0.49002045,-1.9980044,-0.9499974
2190.0,1.1781347,0.6050947,-2.2677298,-1.1709911
2195.0,1.2263802,0.5837579,-2.1965737,-1.2287462
2200.0,1.3150877,0.6965923,-2.561783,-1.1232601
2205.0,1.354484,0.6997938,-2.548875,-1.3071725
2210.0,1.113576,0.5651466,-2.2335165,-1.0896366
2215.0,0.8758939,0.53390443,-1.9291015,-1.0296383
2220.0,1.0660216,0.49671686,-2.0912292,-1.1505219
2225.0,1.1738478,0.42702687,-2.2148397,-0.98501986
2230.0,1.223461,0.65014136,-2.2701774,-1.1931324
2235.0,1.3382463,0.6068005,-2.4998744,-1.1641996
2240.0,1.0943006,0.5721514,-2.2000406,-1.1525999
2245.0,1.1271262,0.54879177,-2.3199484,-1.0433117
2250.0,1.237821,0.5156847,-2.200277,-1.1719319
2255.0,1.1338878,0.3783256,-2.176719,-0.93559456
2260.0,0.82783747,0.52023685,-2.010428,-0.91078645
2265.0,1.1256608,0.6374675,-2.2809906,-1.1886362
2270.0,1.0526142,0.539612,-2.1750722,-1.0850894
2275.0,1.1707221,0.6495982,-2.2407885,-1.2804344
2280.0,1.0518931,0.6367489,-2.0768318,-1.3265145
2285.0,1.3121237,0.5301851,-2.4901783,-1.1365255
2290.0,1.1783296,0.64825046,-2.403791,-1.1579077
2295.0,1.2150131,0.6195172,-2.1565099,-1.2653649
2300.0,0.92258894,0.5794785,-2.0084996,-1.0693839
2305.0,1.2042792,0.5766649,-2.2584252,-1.129315
2310.0,0.98243874,0.48303676,-2.0050712,-1.190614
2315.0,1.2976152,0.5697408,-2.4071863,-1.1890987
2320.0,1.1688246,0.52289104,-2.1791863,-1.2198838
2325.0,1.1531368,0.49013516,-2.2382224,-1.1072044
2330.0,1.0060498,0.65605485,-1.9993159,-1.1873133
2335.0,1.190647,0.64579725,-2.2810776,-1.320858
2340.0,1.0129526,0.5444054,-2.1826994,-1.1062592
2345.0,1.0167631,0.54963523,-2.0308394,-1.1273587
2350.0,1.2970246,0.61334395,-2.426183,-1.1789608
2355.0,1.0763063,0.55670625,-2.2103045,-1.1546869
2360.0,0.8929904,0.53649896,-1.7973357,-1.195855
2365.0,1.1243688,0.41790253,-2.091091,-1.2419691
2370.0,1.0292206,0.6439693,-2.3242235,-1.0904359
2375.0,1.2323892,0.645718,-2.320975,-1.338755
2380.0,1.3867958,0.6761776,-2.4513533,-1.3152885
2385.0,1.2074316,0.597716,-2.1852508,-1.3071063
2390.0,1.0167421,0.544134,-2.2328103,-1.0443215
2395.0,0.9149404,0.4575704,-1.9307927,-1.1301326
2400.0,1.2136136,0.6161556,-2.2691689,-1.1093646
2405.0,1.387703,0.58500826,-2.3556254,-1.2761793
2410.0,0.94555014,0.5357186,-2.0934932,-0.9934945
2415.0,1.2761391,0.5349374,-2.252143,-1.1357193
2420.0,1.073204,0.5972843,-2.15954,-1.0709413
2425.0,1.0621647,0.5583431,-2.0906124,-1.1442208
2430.0,1.0844669,0.6315917,-2.2459009,-1.0787147
2435.0,1.244826,0.63167655,-2.3622444,-1.2249744
2440.0,1.2372388,0.36921662,-2.0987043,-1.1181233
2445.0,1.1161935,0.52710176,-2.1396472,-1.2222072
2450.0,1.2360549,0.654274,-2.278206,-1.2702069
2455.0,1.0079201,0.5048011,-2.0175493,-1.1719003
2460.0,1.3575761,0.61588484,-2.3410614,-1.3024325
2465.0,1.2602631,0.39589852,-2.1921012,-1.168796
2470.0,1.2265084,0.4776723,-2.2496028,-1.1717366
2475.0,1.4868704,0.69417,-2.935437,-1.1992015
2480.0,1.2634634,0.6076579,-2.3791673,-1.1905708
2485.0,1.3353249,0.56698626,-2.3478081,-1.1822774
2490.0,1.2675678,0.4825741,-2.3680162,-1.1056836
2495.0,1.2698938,0.35953405,-2.4043787,-0.9734983
2500.0,1.3564528,0.52352273,-2.341597,-1.3323174
2505.0,1.4912721,0.72906005,-2.781685,-1.2632793
2510.0,1.2996126,0.6395234,-2.4226835,-1.2112868
2515.0,1.2308983,0.6459701,-2.3658333,-1.2694727
2520.0,1.1518167,0.646495,-2.217488,-1.2851532
2525.0,1.281986,0.52063733,-2.2854152,-1.3108472
2530.0,1.3150201,0.5544753,-2.3722444,-1.2740014
2535.0,1.0331001,0.623397,-2.2700841,-1.0798236
2540.0,1.3491367,0.63098675,-2.5604506,-1.25859
2545.0,1.3198242,0.6208167,-2.4282272,-1.2582695
2550.0,0.9738996,0.5934221,-1.9980923,-1.149827
2555.0,0.9983499,0.46163595,-1.8651204,-1.1625974
2560.0,0.9357422,0.5303269,-2.015141,-1.0599867
2565.0,1.2648548,0.61426234,-2.2301333,-1.2339535
2570.0,1.4703965,0.66599846,-2.624357,-1.3205464
2575.0,1.1646361,0.5675342,-2.3519099,-1.1355889
2580.0,0.97068673,0.52439034,-2.164795,-0.8732374
2585.0,1.2374142,0.49718738,-2.0769665,-1.2656229
2590.0,0.9694606,0.5693346,-2.0669477,-1.0747005
2595.0,1.2071781,0.72274226,-2.4056845,-1.2314793
2600.0,1.5896705,0.83868825,-2.7315571,-1.5159485
2605.0,1.1865469,0.71097314,-2.3009133,-1.2960036
2610.0,0.97177106,0.7567946,-2.2789845,-1.2001039
2615.0,1.0614445,0.4957399,-2.0077863,-1.1942204
2620.0,0.979429,0.5740058,-2.1563127,-0.99740064
2625.0,1.4925859,0.6646866,-2.560174,-1.3557827
2630.0,1.4888579,0.75961065,-2.7430165,-1.3973916
2635.0,1.2659632,0.61949754,-2.336279,-1.2437247
2640.0,1.0393413,0.69521844,-2.1807494,-1.1371379
2645.0,1.1268964,0.6312337,-2.2718215,-1.1201947
2650.0,1.1393281,0.66633195,-2.395199,-1.0878872
2655.0,1.4302715,0.7486137,-2.644397,-1.280564
2660.0,1.225371,0.5471351,-2.2466612,-1.2635005
2665.0,1.191378,0.3990701,-2.121861,-1.1066391
2670.0,1.024386,0.52842057,-2.0524094,-1.1268202
2675.0,1.039976,0.65435123,-2.2362747,-1.0407234
2680.0,1.3074975,0.7974911,-2.589063,-1.280777
2685.0,1.401397,0.67030495,-2.6737025,-1.204939
2690.0,1.1818995,0.6164217,-2.3209372,-1.1800935
2695.0,1.1249331,0.25546938,-2.00151,-0.9626679
2700.0,0.97933835,0.4480787,-2.0062785,-0.9623679
2705.0,1.1086953,0.5630774,-2.2799037,-1.1479298
2710.0,1.2394361,0.7149405,-2.4896898,-1.2271265
2715.0,1.241112,0.6669328,-2.5684683,-1.1423857
2720.0,1.2813231,0.5851772,-2.1716442,-1.3108649
2725.0,1.4764661,0.39259714,-2.5009544,-1.2735566
2730.0,1.5335337,0.54091156,-2.598221,-1.2213073
2735.0,1.4025364,0.6997724,-2.442486,-1.2992947
2740.0,1.2842835,0.65334964,-2.3205686,-1.3123945
2745.0,0.9650557,0.55600494,-2.1653998,-1.0429533
2750.0,1.1965616,0.5382309,-2.2474387,-1.1531037
2755.0,1.8064619,0.766917,-2.9588928,-1.5217483
2760.0,1.3618535,0.6890426,-2.6506486,-1.2914839
2765.0,1.1844873,0.675477,-2.2735877,-1.2130364
2770.0,1.3414236,0.61518306,-2.3939657,-1.338854
2775.0,1.2374719,0.49497208,-2.2691145,-1.089871
2780.0,1.2211225,0.4466005,-2.1758428,-1.1191014
2785.0,1.3351616,0.65422887,-2.4295883,-1.2045331
2790.0,1.2127392,0.7243006,-2.531909,-1.210282
2795.0,1.1206352,0.55078095,-2.3608856,-1.0165377
2800.0,1.4946623,0.5585573,-2.438598,-1.4359931
2805.0,0.8590051,0.5754274,-1.9166886,-1.0847509
2810.0,1.2382041,0.599138,-2.4303834,-1.2345891
2815.0,1.0051224,0.54802734,-2.1982608,-0.99301165
2820.0,1.2341133,0.6569818,-2.2666733,-1.3559858
2825.0,1.4076005,0.66162604,-2.6378086,-1.1986942
2830.0,1.4551473,0.55853885,-2.5819328,-1.241281
2835.0,1.0336021,0.50544286,-2.1200807,-1.0536323
2840.0,1.2392257,0.5827527,-2.4010966,-1.1510597
2845.0,1.166105,0.52902085,-2.2267385,-1.1001248
2850.0,0.96587145,0.5724397,-2.104487,-1.1194448
2855.0,1.091308,0.7058111,-2.227619,-1.0900697
2860.0,1.2629029,0.6259474,-2.3365526,-1.3241878
2865.0,1.0257982,0.5136861,-2.161427,-1.1593466
2870.0,1.200858,0.48607922,-2.313208,-1.0485327
2875.0,1.1851984,0.63137186,-2.206113,-1.2287909
2880.0,1.3334835,0.69803,-2.5644953,-1.2648628
2885.0,1.2292143,0.6552081,-2.4396577,-1.0948699
2890.0,1.1290469,0.6109123,-2.087478,-1.3250042
2895.0,1.224042,0.40409198,-2.197329,-1.0835767
2900.0,0.95554054,0.54709256,-2.0569313,-1.0396814
2905.0,1.2836119,0.6727263,-2.4666398,-1.2843832
2910.0,1.6039457,0.7689582,-2.9042625,-1.3667198
2915.0,1.3050603,0.457594,-2.239267,-1.1902567
2920.0,1.097927,0.5834283,-2.0935364,-1.322113
2925.0,1.4017967,0.5562115,-2.5343928,-1.1133231
2930.0,1.2657162,0.6579828,-2.449219,-1.2049868
2935.0,1.3964233,0.6461909,-2.5293164,-1.2862484
2940.0,1.2226506,0.6810304,-2.3864338,-1.2277834
2945.0,1.1415641,0.3959018,-2.1894102,-1.0037342
2950.0,1.1269518,0.49977326,-2.2485182,-1.0449522
2955.0,1.2014295,0.6041485,-2.2629268,-1.2083819
2960.0,1.2468628,0.5171553,-2.34264,-1.1854334
2965.0,1.3235997,0.6514385,-2.4368439,-1.4075408
2970.0,1.103484,0.5597552,-2.1354825,-1.1288352
2975.0,1.1857991,0.67007387,-2.2351217,-1.3795933
2980.0,1.3552202,0.65541035,-2.536413,-1.2910435
2985.0,1.0469046,0.61483616,-2.1469882,-1.0909313
2990.0,1.1840435,0.51516986,-2.182099,-1.2187518
2995.0,1.3629442,0.46163034,-2.3565686,-1.1713442
3000.0,1.1420497,0.54200715,-2.2366521,-1.0915618
3005.0,1.2174832,0.65560555,-2.280327,-1.2872427
3010.0,1.2628115,0.62662303,-2.4427478,-1.2485398
3015.0,1.2235032,0.560487,-2.2860987,-1.1746671
3020.0,1.2685691,0.39832246,-2.1914752,-1.172533
3025.0,1.1355053,0.57559276,-2.1788285,-1.1883132
3030.0,1.2944227,0.7440779,-2.3825245,-1.4070878
3035.0,1.225324,0.6664703,-2.3486283,-1.2211062
3040.0,1.4170696,0.6982396,-2.7285068,-1.1787826
3045.0,1.1749309,0.5363517,-2.3153603,-1.103121
3050.0,1.1967646,0.50921553,-2.127725,-1.1527064
3055.0,1.0053275,0.66092163,-2.2402837,-1.1019111
3060.0,1.4503766,0.67585546,-2.5567467,-1.3866831
3065.0,1.2031642,0.6788895,-2.508106,-1.0995102
3070.0,1.5866275,0.6607398,-2.7263534,-1.3570359
3075.0,1.4167912,0.53515685,-2.368077,-1.2788632
3080.0,1.2705365,0.49884623,-2.3903346,-1.119127
3085.0,0.9437589,0.64620566,-2.071186,-1.0313833
3090.0,1.2159115,0.6254177,-2.3037388,-1.2374747
3095.0,1.0958651,0.5324731,-2.3991406,-0.91426355
3100.0,1.186687,0.5130783,-2.1656709,-1.1485864
3105.0,1.2867297,0.4865014,-2.239338,-1.202117
3110.0,1.459442,0.57133865,-2.5284464,-1.3122847
3115.0,1.2439308,0.73034513,-2.3449419,-1.2636616
3120.0,1.1077355,0.5583791,-2.3058121,-1.0493834
3125.0,1.2214969,0.5062844,-2.2783458,-1.0950748
3130.0,1.0979859,0.5199569,-2.1982095,-1.0853876
3135.0,1.3947192,0.6123538,-2.5035608,-1.2322235
3140.0,1.3146231,0.57525575,-2.469889,-1.1734936
3145.0,1.1481271,0.58969253,-2.272342,-1.2084105
3150.0,1.354107,0.5498802,-2.2919674,-1.3044405
3155.0,1.1812543,0.341829,-2.1630013,-0.9778674
3160.0,0.9905194,0.5369747,-2.0072098,-1.1016111
3165.0,1.0824596,0.66818273,-2.2523873,-1.1301295
3170.0,1.1881098,0.62807536,-2.3513792,-1.140599
3175.0,1.2908341,0.5738836,-2.3347108,-1.2963953
3180.0,1.2101953,0.6172761,-2.3773775,-1.0989381
3185.0,1.0024862,0.4237098,-2.1184578,-0.95649433
3190.0,1.1327801,0.6438489,-2.2251897,-1.1532921
3195.0,1.0211841,0.5496371,-2.0669246,-1.0840936
3200.0,1.2087408,0.6206205,-2.3243294,-1.239204
3205.0,1.1440103,0.5594971,-2.317427,-1.1045221
3210.0,1.2583005,0.601143,-2.4834788,-1.1325134
3215.0,0.8885883,0.5725619,-2.1556654,-0.9333078
3220.0,1.0808114,0.5013176,-2.185142,-1.0937873
3225.0,1.2981206,0.5832393,-2.3707905,-1.1529408
3230.0,1.0510763,0.6833229,-2.280574,-1.1422504
3235.0,1.4752797,0.6428728,-2.5971053,-1.2946969
3240.0,1.2840835,0.43898636,-2.5146868,-1.0101964
3245.0,0.98370135,0.5648773,-2.0177722,-1.1786975
3250.0,1.277135,0.5500836,-2.2289536,-1.2704834
3255.0,1.1542953,0.59080195,-2.2648594,-1.2229056
3260.0,1.2084941,0.65983593,-2.3443162,-1.1772474
3265.0,1.3169011,0.5678751,-2.4022467,-1.2643872
3270.0,1.284489,0.5162913,-2.2304437,-1.2486182
3275.0,1.2122679,0.5105324,-2.1618068,-1.2083501
3280.0,1.2637677,0.5567247,-2.4712956,-1.1152956
3285.0,1.0004804,0.6282463,-2.205351,-1.1314173
3290.0,1.1334914,0.50195843,-2.1411922,-1.2364748
3295.0,1.3936402,0.46535102,-2.3288367,-1.174441
3300.0,1.3288534,0.63497055,-2.3319125,-1.3530296
3305.0,1.3376971,0.6254628,-2.5082228,-1.1874099
3310.0,1.5300432,0.7207278,-2.764035,-1.2690501
3315.0,1.1536304,0.46783632,-2.082495,-1.1552294
3320.0,1.0407948,0.5621743,-2.0820003,-1.0636761
3325.0,1.1350309,0.5164516,-2.167629,-1.0811654
3330.0,1.3790509,0.61744547,-2.6742814,-1.2096958
3335.0,1.4114491,0.522307,-2.3831534,-1.2276509
3340.0,1.3449687,0.6749693,-2.6109464,-1.1201497
3345.0,1.3057218,0.61539775,-2.3612056,-1.2724057
3350.0,0.99944675,0.51779747,-2.0365014,-1.0528854
3355.0,1.1979243,0.6067538,-2.1445627,-1.2353289
3360.0,1.407876,0.5173588,-2.5151825,-1.2332222
3365.0,1.1444939,0.34740356,-2.1151366,-0.9889638
3370.0,1.1577398,0.4179479,-2.0304043,-1.118013
3375.0,1.1564585,0.4033286,-2.018978,-1.1357608
3380.0,1.1001571,0.6090425,-2.3067482,-1.1720803
3385.0,1.3575882,0.75170064,-2.565984,-1.3445817
3390.0,1.291727,0.6170204,-2.392162,-1.1842312
3395.0,1.0701431,0.55948734,-2.2910247,-1.0636585
3400.0,1.3133258,0.41673678,-2.3030834,-1.096004
3405.0,1.039555,0.4819197,-2.3256304,-0.932435
3410.0,1.3484294,0.47933888,-2.2896478,-1.1989262
3415.0,1.3758944,0.55145323,-2.443228,-1.2268605
3420.0,1.1552399,0.33848083,-2.1383746,-1.0433954
3425.0,1.0031184,0.44913375,-2.1592407,-1.0060706
3430.0,1.1856557,0.5093877,-2.1855128,-1.232923
3435.0,1.1847907,0.54777724,-2.4397452,-1.1381688
3440.0,1.2185775,0.48417377,-2.309305,-1.1349461
3445.0,1.246257,0.38493574,-2.3914444,-1.0288316
3450.0,1.0188079,0.5836548,-2.4049125,-0.97051984
3455.0,1.2792672,0.6374297,-2.6430767,-1.0971467
3460.0,1.4277115,0.6206422,-2.7801485,-1.1368268
3465.0,1.2134871,0.5609764,-2.3180358,-1.2028344
3470.0,0.9686445,0.45225683,-1.9450439,-1.1225698
3475.0,1.2485927,0.75422186,-2.6635287,-1.1765769
3480.0,1.5760256,0.8601326,-3.0457325,-1.2928435
3485.0,1.4167224,0.81000865,-2.768343,-1.3297746
3490.0,1.2991072,0.7431086,-2.5940301,-1.2505175
3495.0,1.0708276,0.5843727,-2.1393054,-1.1001033
3500.0,0.9104313,0.5228868,-2.0903933,-1.0061854
3505.0,1.2437004,0.7682559,-2.574237,-1.079625
3510.0,1.3960384,0.73808175,-2.5549486,-1.3918718
3515.0,1.2281648,0.5025856,-2.3473642,-1.1599239
3520.0,1.1127433,0.3523441,-2.1444848,-0.92942536
3525.0,1.0214052,0.6365474,-2.1564312,-1.1402779
3530.0,1.367245,0.79330295,-2.918337,-1.0708848
3535.0,1.4476255,0.7141794,-2.8820856,-1.2467957
3540.0,1.1356755,0.5207448,-2.0152056,-1.295067
3545.0,0.8190378,0.28816593,-1.7683468,-0.93966806
3550.0,1.1094372,0.34115165,-2.2433174,-0.95704067
3555.0,1.1948668,0.59609103,-2.3063643,-1.1872842
3560.0,1.5923301,0.70301425,-2.8594391,-1.2157015
3565.0,1.5628935,0.83084464,-2.981778,-1.2454678
3570.0,1.4311765,0.67109776,-2.792275,-1.20288
3575.0,0.9451247,0.53768957,-2.0387976,-0.9976544
3580.0,1.0386822,0.49195093,-1.9139293,-1.1895965
3585.0,1.247378,0.60775423,-2.444191,-1.2084999
3590.0,1.1627388,0.3620512,-2.23697,-0.9267745
3595.0,1.1868062,0.6027243,-2.2890513,-1.1216996
3600.0,1.3338032,0.7436292,-2.5219142,-1.2935337
3605.0,1.0895239,0.66882753,-2.4707792,-1.0448205
3610.0,1.1954741,0.5525275,-2.2427084,-1.119072
3615.0,1.2528371,0.4622255,-2.150624,-1.2727884
3620.0,0.9494656,0.36349317,-1.9707081,-0.8840314
3625.0,1.2894711,0.5855739,-2.495069,-1.2164968
3630.0,1.0156513,0.6489954,-2.1435435,-1.1616044
3635.0,1.1188444,0.6858133,-2.269994,-1.1003355
3640.0,1.1379583,0.5273793,-2.102873,-1.2127101
3645.0,1.173002,0.33724457,-2.0515957,-1.0478908
3650.0,0.88655365,0.43326384,-1.9427985,-0.9219448
3655.0,1.3858532,0.67147315,-2.4083884,-1.368462
3660.0,1.0717334,0.6247537,-2.4274945,-1.0267386
3665.0,1.1206174,0.7086753,-2.3243082,-1.1157136
3670.0,0.97538614,0.3967654,-1.9070314,-1.0900394
3675.0,1.1035098,0.7162657,-2.213007,-1.2456524
3680.0,1.3223816,0.60567564,-2.4036279,-1.2423964
3685.0,1.1878225,0.6708548,-2.3713,-1.1899612
3690.0,1.214461,0.46396232,-2.3836534,-1.0003291
3695.0,1.2844065,0.59481,-2.4773467,-1.1850545
3700.0,1.3754416,0.67553055,-2.5866342,-1.2052498
3705.0,1.4991623,0.77462226,-2.9055123,-1.2465278
3710.0,1.4225492,0.59528995,-2.4478977,-1.2724378
3715.0,1.0610368,0.5956104,-2.2340782,-1.1048582
3720.0,0.76589465,0.31827033,-1.8668908,-0.81206614
3725.0,0.89448404,0.6256213,-2.1185195,-1.0190738
3730.0,1.3045866,0.69700885,-2.3999803,-1.2787079
3735.0,1.2712529,0.73088884,-2.5336223,-1.23427
3740.0,1.4608839,0.66826814,-2.754153,-1.2593092
3745.0,1.1963503,0.51024044,-2.1747963,-1.2069194
3750.0,0.9894159,0.6055373,-1.9906502,-1.164138
3755.0,1.1440628,0.52627033,-2.0706372,-1.2145549
3760.0,1.059717,0.6615843,-2.176532,-1.0793365
3765.0,1.1831158,0.57860017,-2.2336462,-1.1281445
3770.0,1.3893211,0.5063111,-2.3891318,-1.2313347
3775.0,1.0738429,0.48819578,-1.9968461,-1.0724938
3780.0,1.050461,0.7222761,-2.2509444,-1.214003
3785.0,1.1197156,0.5811541,-2.2865918,-1.186108
3790.0,1.1113424,0.6136645,-2.222925,-1.1675886
3795.0,1.0608231,0.41220146,-1.9359835,-1.1630194
3800.0,1.118501,0.49763238,-2.2160506,-1.0241019
3805.0,1.2606918,0.66920894,-2.617626,-1.0482641
3810.0,1.3052478,0.67367995,-2.6411238,-1.0705839
3815.0,1.1111275,0.649503,-2.3984344,-1.0866989
3820.0,1.1762986,0.49486458,-2.174835,-1.1638379
3825.0,1.0168788,0.3041051,-2.0567162,-0.8470587
3830.0,1.0928376,0.3118209,-2.087449,-0.96749115
3835.0,1.2983543,0.7258475,-2.5907795,-1.1745819
3840.0,1.3538994,0.8012445,-2.719817,-1.2263626
3845.0,1.1697143,0.7290113,-2.5291388,-1.1538192
3850.0,1.0559185,0.70834863,-2.3720179,-1.0875722
3855.0,1.2664101,0.4767148,-2.2674403,-1.1721668
3860.0,1.073028,0.15966712,-1.9934934,-0.87319666
3865.0,0.6991311,0.42608607,-1.9111215,-0.9227021
3870.0,1.2421141,0.562861,-2.2096686,-1.1826271
3875.0,1.180832,0.6849438,-2.3804047,-1.1671555
3880.0,1.0700953,0.6735085,-2.2701595,-1.1249782
3885.0,1.1209608,0.651403,-2.2246332,-1.2870579
3890.0,1.0349115,0.49444973,-2.1786017,-1.0544244
3895.0,1.1603063,0.44637936,-2.2694561,-1.0065154
3900.0,1.0802042,0.6039551,-2.2359807,-1.1554291
3905.0,1.1273056,0.63161504,-2.2991583,-1.228945
3910.0,1.2079628,0.56464124,-2.2856307,-1.178874
3915.0,1.1923343,0.41903096,-2.1655579,-1.0898383
3920.0,1.1565379,0.64329755,-2.4142022,-1.1370114
3925.0,1.5359436,0.725176,-2.733151,-1.4349836
3930.0,1.1331506,0.64909345,-2.4008386,-1.1242611
3935.0,1.1108733,0.57854176,-2.2369747,-1.1678843
3940.0,1.2604913,0.47642022,-2.3337147,-1.1564363
3945.0,1.2898064,0.3934931,-2.27714,-1.0837533
3950.0,1.091772,0.64231807,-2.2654915,-1.1813906
3955.0,1.492875,0.7758809,-2.63775,-1.440677
3960.0,1.1628064,0.7301557,-2.6211586,-0.96532226
3965.0,1.186237,0.5597719,-2.2413032,-1.16148
3970.0,1.107422,0.47798175,-2.1218157,-1.1148463
3975.0,1.1179036,0.257523,-2.1232471,-0.93203586
3980.0,0.9421711,0.46732342,-1.9289168,-1.1144835
3985.0,1.5096853,0.7167226,-2.6504295,-1.4288669
3990.0,1.5590721,0.7983625,-2.8967307,-1.2478373
3995.0,1.0291251,0.62218356,-2.254083,-1.094718
4000.0,0.88807917,0.47972196,-2.0543478,-0.9427041
4005.0,1.0110971,0.4803922,-1.9959081,-1.1447955
4010.0,1.1271906,0.446104,-2.045495,-1.1888669
4015.0,1.3778049,0.56367385,-2.4404755,-1.2357359
4020.0,1.5264667,0.747399,-2.6149464,-1.4999518
4025.0,1.32733,0.6568398,-2.4973044,-1.2573508
4030.0,1.2379365,0.48711,-2.1927514,-1.2033684
4035.0,1.0800457,0.35813314,-2.0942733,-0.9689581
4040.0,1.081946,0.47134215,-2.0713763,-1.0562166
4045.0,1.1744142,0.6264936,-2.503791,-1.0032561
4050.0,1.2636164,0.70628667,-2.5543487,-1.1726588
4055.0,1.0760087,0.63662124,-2.273391,-1.1109004
4060.0,1.0024552,0.34442765,-1.9526427,-1.0349995
4065.0,0.8305999,0.39913052,-2.1582582,-0.81506246
4070.0,1.1724083,0.8315171,-2.5248234,-1.293212
4075.0,1.630542,0.8568627,-3.1769001,-1.2943153
4080.0,1.2857136,0.6963949,-2.5189517,-1.229923
4085.0,1.1458881,0.6571277,-2.266981,-1.253799
4090.0,0.89772993,0.6304811,-2.0648491,-1.157702
4095.0,0.91478276,0.575631,-2.2760432,-1.0299104
4100.0,1.4734864,0.61153775,-2.4727528,-1.3836349
4105.0,1.4946018,0.648872,-2.8129857,-1.1702514
4110.0,1.3112458,0.75372523,-2.4980605,-1.310461
4115.0,1.3596537,0.5562718,-2.63135,-1.0059606
4120.0,1.1591929,0.6784197,-2.4268553,-1.1966302
4125.0,0.9235374,0.45059538,-1.844171,-1.0531459
4130.0,1.2719051,0.43268973,-2.3558095,-1.0033631
4135.0,0.9117101,0.46253544,-2.1914663,-0.9207004
4140.0,1.2230573,0.654238,-2.2894053,-1.3186382
4145.0,1.2749397,0.66040075,-2.3431647,-1.170456
4150.0,1.3616492,0.78498465,-2.4703825,-1.3971955
4155.0,0.92460907,0.5013171,-1.976242,-1.062791
4160.0,1.364135,0.4698923,-2.3707445,-1.1515572
4165.0,1.3268439,0.48455703,-2.20756,-1.255054
4170.0,1.1274335,0.3473004,-2.038172,-1.0039775
4175.0,0.666533,0.50995505,-1.7613702,-0.9369951
4180.0,1.27768,0.68644726,-2.4667747,-1.2867827
4185.0,1.2037112,0.63691664,-2.5508335,-1.0185258
4190.0,1.4836142,0.6708121,-2.6436033,-1.4330657
4195.0,1.1337442,0.46544626,-2.0807724,-1.0779334
4200.0,0.8671169,0.54424196,-2.0288625,-0.998914
4205.0,1.055899,0.64377314,-2.1754653,-1.09558
4210.0,1.5335083,0.8457209,-2.760029,-1.5801842
4215.0,1.3584102,0.52137834,-2.412442,-1.2052335
4220.0,1.1883756,0.5375499,-2.340155,-1.162046
4225.0,1.1485159,0.4769827,-2.279222,-1.0836482
4230.0,1.0306723,0.646068,-2.2545226,-1.182605
4235.0,1.4221765,0.69747174,-2.8077557,-1.2182696
4240.0,1.4018182,0.6858442,-2.5854917,-1.2989697
4245.0,1.1874219,0.4209419,-2.0995448,-1.0995506
4250.0,0.9325211,0.48432538,-2.0885067,-0.8319578
4255.0,1.3274032,0.5230542,-2.5987303,-1.1142124
4260.0,1.2272199,0.6056057,-2.3365414,-1.1526791
4265.0,1.4926387,0.60335517,-2.6503935,-1.2975295
4270.0,1.1335889,0.580516,-2.2451508,-1.171344
4275.0,1.023269,0.53463435,-2.1359491,-1.047544
4280.0,1.043111,0.57391185,-2.0397358,-1.1587063
4285.0,1.257489,0.6950488,-2.4312682,-1.2531966
4290.0,1.2494344,0.61291164,-2.446878,-1.1324635
4295.0,1.1384265,0.59300804,-2.037515,-1.3126926
4300.0,0.79245746,0.4064515,-1.7596476,-1.0018871
4305.0,1.102904,0.3655849,-2.1361766,-0.912409
4310.0,1.0184398,0.42744088,-2.0232413,-1.0217412
4315.0,1.1644095,0.6474979,-2.2997801,-1.2373071
4320.0,1.3647107,0.6971251,-2.5772812,-1.2728808
4325.0,1.1476215,0.6241131,-2.2674606,-1.2138438
4330.0,1.0345691,0.47083464,-1.9517857,-1.1304638
4335.0,0.7746906,0.5376115,-1.6195389,-1.2212745
4340.0,1.0296923,0.47998768,-2.1728728,-0.993457
4345.0,1.1564391,0.5921898,-2.2389386,-1.3890096
4350.0,1.2520956,0.43874788,-2.2976985,-1.0939136
4355.0,1.1934458,0.5503072,-2.2734044,-1.1296188
4360.0,1.0763896,0.48062193,-2.1788082,-1.036472
4365.0,1.068882,0.58778214,-2.3041615,-1.0599506
4370.0,1.2667525,0.6615875,-2.3917146,-1.3008733
4375.0,1.0094995,0.55343777,-2.0926802,-1.1076804
4380.0,1.0510713,0.34501252,-2.0431879,-0.93486863
4385.0,0.8554846,0.5099076,-1.9065374,-1.0512782
4390.0,1.3085688,0.3805381,-2.3170054,-1.0637218
4395.0,1.4798218,0.6892231,-2.6009843,-1.3076476
4400.0,1.2812387,0.72187066,-2.3823931,-1.284512
4405.0,1.0631299,0.6451011,-2.2722728,-1.0569935
4410.0,1.2127537,0.56493866,-2.2994816,-1.1175706
4415.0,1.2049047,0.58255434,-2.308224,-1.1750921
4420.0,1.2544177,0.5526989,-2.2798707,-1.2908965
4425.0,1.1712166,0.6190507,-2.2992563,-1.0805112
4430.0,1.1731373,0.65436876,-2.2486494,-1.3286657
4435.0,1.237337,0.6468693,-2.3801973,-1.219834
4440.0,1.2708489,0.5485295,-2.306111,-1.1849506
4445.0,0.932731,0.5770432,-2.0765758,-1.1164883
4450.0,1.0347966,0.59009,-2.147606,-1.2116387
4455.0,1.0342071,0.47448942,-2.088615,-1.0460691
4460.0,1.3531749,0.56747127,-2.3384254,-1.399869
4465.0,1.4178376,0.5834662,-2.4972737,-1.2584913
4470.0,1.3394481,0.6845734,-2.569547,-1.2281573
4475.0,1.3408518,0.5984321,-2.3495412,-1.3663021
4480.0,0.89705604,0.4910295,-1.9374553,-1.0105851
4485.0,0.9393721,0.49264318,-1.9771211,-1.0987706
4490.0,1.5151302,0.6094372,-2.6485498,-1.334188
4495.0,1.4971523,0.7201874,-2.623267,-1.4084475
4500.0,1.243275,0.51144797,-2.2099605,-1.1943921
4505.0,1.1173552,0.5217852,-2.1687062,-1.0830181
4510.0,1.2281582,0.58591115,-2.4257162,-1.0285729
4515.0,1.3934878,0.66695845,-2.5833144,-1.1757543
4520.0,1.4147654,0.6768762,-2.5679488,-1.3010554
4525.0,1.0322807,0.44323644,-2.0065496,-1.1576571
4530.0,0.884012,0.41309,-1.9303042,-0.9879469
4535.0,0.9418115,0.49529895,-1.9207155,-1.114716
4540.0,1.2154552,0.5407915,-2.2176287,-1.380529
4545.0,1.5352883,0.58473027,-2.616644,-1.2623785
4550.0,1.2683924,0.64482653,-2.4130585,-1.2902418
4555.0,1.0880688,0.65565777,-2.3616602,-1.1220073
4560.0,1.1716465,0.6418525,-2.2664387,-1.1818348
4565.0,1.1252508,0.58363163,-2.1930976,-1.1844717
4570.0,1.2101228,0.40769762,-2.161185,-1.143156
4575.0,1.29526,0.34898794,-2.210194,-1.0673047
4580.0,1.2183667,0.67812264,-2.2444413,-1.3069506
4585.0,1.4711109,0.6382186,-2.6020677,-1.3199936
4590.0,1.2892388,0.7145782,-2.47141,-1.2611544
4595.0,1.4720875,0.58947945,-2.58819,-1.2651392
4600.0,1.186313,0.5360847,-2.1467638,-1.1979096
4605.0,1.0114418,0.40079346,-2.0577056,-0.94894046
4610.0,1.201501,0.6472182,-2.361686,-1.1615973
4615.0,1.3694798,0.596206,-2.4703743,-1.2772214
4620.0,1.1595238,0.587362,-2.3134897,-1.1517717
4625.0,1.2905585,0.44179875,-2.1669357,-1.2487541
4630.0,1.0714961,0.4632615,-1.948901,-1.2469568
4635.0,1.0431205,0.50845397,-2.0894737,-1.0746398
4640.0,1.1531256,0.6001475,-2.085233,-1.2028089
4645.0,0.9882033,0.6552266,-1.9622248,-1.2278669
4650.0,1.2082666,0.73059076,-2.3582926,-1.2458248
4655.0,1.1415749,0.48080474,-2.1648679,-1.1160154
4660.0,0.977378,0.5379456,-1.9698269,-1.0585496
4665.0,1.150824,0.46579918,-2.1428778,-1.1052661
4670.0,1.2021413,0.6310753,-2.4386785,-1.1176713
4675.0,0.9024786,0.6708482,-2.0476115,-1.1475632
4680.0,1.3443974,0.70081455,-2.45351,-1.2899305
4685.0,1.3351425,0.6239865,-2.5340672,-1.3608946
4690.0,1.3261012,0.47853172,-2.489456,-1.0044875
4695.0,1.2638726,0.6302696,-2.2670252,-1.2673384
4700.0,1.3351663,0.7227136,-2.6838262,-1.2095094
4705.0,1.0467173,0.66392547,-2.3392081,-1.077379
4710.0,1.3772888,0.7714704,-2.5102222,-1.3945584
4715.0,1.3830771,0.54924464,-2.3716116,-1.4039922
4720.0,1.2603197,0.54490215,-2.4140944,-1.1020768
4725.0,1.2664102,0.6393874,-2.3871002,-1.2061534
4730.0,1.2085432,0.6776617,-2.473465,-1.1530708
4735.0,1.3328278,0.58997536,-2.4905283,-1.184515
4740.0,1.3619193,0.7197294,-2.555236,-1.2220366
4745.0,1.223428,0.5646838,-2.3677557,-1.2082591
4750.0,1.233359,0.46950054,-2.3949544,-0.9785115
4755.0,1.204655,0.4491801,-2.1554875,-1.1110235
4760.0,1.0641024,0.5648452,-2.183148,-1.1343279
4765.0,1.1048332,0.5743276,-2.2607787,-1.0933688
4770.0,1.240061,0.7288406,-2.5958838,-1.0514629
4775.0,1.2799555,0.72700024,-2.3205836,-1.3285116
4780.0,1.1986784,0.48159236,-2.356115,-1.0714536
4785.0,1.2564205,0.35151842,-2.192216,-1.001778
4790.0,1.0697128,0.5795394,-2.1985946,-1.1530929
4795.0,1.3602535,0.6155132,-2.3150403,-1.4118087
4800.0,1.3608687,0.6518163,-2.4701033,-1.1336356
4805.0,1.0660989,0.6022615,-2.0492246,-1.1558133
4810.0,1.3206451,0.5935251,-2.3873389,-1.1873673
4815.0,1.1972413,0.40850127,-2.3205106,-0.9434723
4820.0,0.9440818,0.57973254,-2.1145864,-1.1324388
4825.0,1.3573185,0.6216781,-2.3704739,-1.3020773
4830.0,1.0761644,0.67862964,-2.1752844,-1.2200233
4835.0,1.2358683,0.7542206,-2.4502106,-1.2723095
4840.0,1.4516343,0.61597323,-2.4559472,-1.2169342
4845.0,1.045929,0.6145186,-2.2002144,-1.0874535
4850.0,1.1596502,0.6188545,-2.3305223,-1.1779989
4855.0,1.2516266,0.5073127,-2.4670312,-1.0755519
4860.0,1.2727524,0.43514025,-2.0803142,-1.2066755
4865.0,1.13686,0.6118872,-2.1996074,-1.1421063
4870.0,1.1988524,0.6032922,-2.3555548,-1.0363629
4875.0,1.073856,0.5557283,-2.3428066,-0.9867837
4880.0,1.2669797,0.5896735,-2.2022734,-1.250994
4885.0,1.1314964,0.45332146,-2.1633992,-1.1587799
4890.0,1.2882333,0.32243052,-2.3049688,-0.99560183
4895.0,0.85766834,0.6115398,-2.0365613,-1.0132885
4900.0,1.2124127,0.7417271,-2.279876,-1.229177
4905.0,1.071205,0.65606785,-2.4166665,-1.0305579
4910.0,1.2750858,0.5708436,-2.406275,-1.2384422
4915.0,1.0223632,0.54661256,-2.1424105,-1.0808887
4920.0,1.167844,0.5898129,-2.1488874,-1.1881769
4925.0,0.93702364,0.49689627,-2.1191566,-1.073358
4930.0,1.260732,0.47889262,-2.3202968,-1.0562963
4935.0,1.1053097,0.7328911,-2.115155,-1.3644142
4940.0,1.3162005,0.6366519,-2.3890045,-1.3059092
4945.0,1.1897999,0.6741658,-2.4587722,-1.1225669
4950.0,0.96890455,0.53217447,-1.9411703,-1.0975938
4955.0,1.0346526,0.17239745,-1.8795577,-0.9600462
4960.0,1.0133537,0.5279465,-2.1485548,-0.991292
4965.0,0.99444056,0.7079246,-2.1109018,-1.2110558
4970.0,1.2312636,0.72446036,-2.3154597,-1.348151
4975.0,1.1802815,0.5687458,-2.2365339,-1.1137353
4980.0,1.1095296,0.66162044,-2.2297351,-1.1188673
4985.0,1.1616039,0.46423906,-2.2480805,-1.1426772
4990.0,1.0045934,0.6009467,-2.236822,-1.1671845
4995.0,1.1548892,0.6749729,-2.2274332,-1.3578956
5000.0,1.2157716,0.59699214,-2.2300506,-1.2992587
5005.0,1.0517814,0.5530705,-2.0705426,-1.1186283
5010.0,1.0693599,0.5940165,-2.1176054,-1.1487908
5015.0,0.99431527,0.46292037,-2.0369463,-1.0546043
5020.0,1.1919204,0.75869936,-2.4969838,-1.08369
5025.0,1.2597369,0.6763452,-2.4490407,-1.2594151
5030.0,1.2159013,0.60576,-2.4358954,-1.17577
5035.0,1.013071,0.45805755,-1.8785766,-1.1453892
5040.0,1.0700724,0.31041566,-2.0596447,-0.97288114
5045.0,0.9464765,0.4822407,-2.1970038,-1.0665624
5050.0,1.367655,0.66996664,-2.352432,-1.3631196
5055.0,1.445999,0.68751514,-2.513356,-1.4501245
5060.0,1.3788265,0.6492789,-2.5306041,-1.3166096
5065.0,1.3695065,0.5648173,-2.5446231,-1.2314701
5070.0,1.1653169,0.24775316,-2.1200578,-0.92513114
5075.0,1.0723515,0.42527878,-2.0824258,-1.0558732
5080.0,1.0787039,0.6421585,-2.1809611,-1.1904277
5085.0,1.0120078,0.53880024,-2.1331918,-1.0123357
5090.0,1.2294263,0.6274822,-2.257897,-1.2366006
5095.0,1.1751093,0.71203303,-2.289197,-1.2806011
5100.0,1.184815,0.59420484,-2.42369,-1.1260849
5105.0,1.1183916,0.47267967,-2.4558702,-0.9551483
5110.0,1.2116661,0.67113936,-2.2311225,-1.3434231
5115.0,1.0177041,0.2895146,-2.0211587,-1.0096838
5120.0,1.2077224,0.5910152,-2.3423023,-1.1810873
5125.0,0.8838794,0.5668633,-1.9882343,-1.0468285
5130.0,1.1810354,0.63391715,-2.3076785,-1.3425992
5135.0,1.4056349,0.6073319,-2.7074711,-1.1901858
5140.0,1.2959235,0.51145566,-2.4454696,-1.0716045
5145.0,0.94951123,0.2655461,-2.11261,-0.8757124
5150.0,1.0878198,0.3680513,-2.0275087,-1.0650736
5155.0,1.1119558,0.49210778,-2.0382617,-1.1872474
5160.0,1.2150608,0.35449916,-2.309849,-1.0738311
5165.0,1.1282104,0.55485076,-2.412769,-1.0245612
5170.0,1.3135394,0.73491514,-2.5976913,-1.1930085
5175.0,1.4100136,0.7631966,-2.8602116,-1.0943664
5180.0,1.1922983,0.49627942,-2.36364,-1.032277
5185.0,1.1113201,0.43702108,-2.2144115,-1.0229334
5190.0,0.92295694,0.14840797,-1.8318745,-0.76905566
5195.0,0.85594654,0.58701587,-2.1649833,-0.99199575
5200.0,1.4991254,0.8015176,-2.9049447,-1.3341247
5205.0,1.5682503,0.8542464,-3.0383615,-1.368468
5210.0,1.0959569,0.7059772,-2.2460535,-1.2845265
5215.0,1.1606265,0.6818249,-2.2741032,-1.3042929
5220.0,1.24808,0.5191999,-2.4293554,-1.1517029
5225.0,0.9966041,0.63130426,-2.1813698,-1.1143819
5230.0,1.5045933,0.7753206,-2.6265512,-1.4140635
5235.0,1.3231679,0.69084764,-2.5405772,-1.2397923
5240.0,1.1152283,0.45517185,-2.083289,-1.0404112
5245.0,0.844014,0.52214193,-1.8488206,-1.1680914
5250.0,1.4684387,0.70597893,-2.7290385,-1.2871253
5255.0,1.2743942,0.6635444,-2.5690062,-1.0960377
5260.0,1.0703686,0.7085886,-2.289114,-1.1077784
5265.0,1.0578811,0.593855,-2.048495,-1.1987396
5270.0,1.0949179,0.4697947,-1.9603195,-1.2164361
5275.0,0.8213928,0.42763832,-2.0163214,-0.92842424
5280.0,1.3100203,0.6757258,-2.38516,-1.3909436
5285.0,1.2019387,0.7006512,-2.410933,-1.1905956
5290.0,1.1392783,0.624,-2.3712633,-1.1147001
5295.0,1.1163794,0.5397848,-2.0989945,-1.1791883
5300.0,1.2093104,0.55107296,-2.372247,-1.110746
5305.0,1.1847734,0.4312489,-2.2291684,-1.0431083
5310.0,0.9986862,0.67662156,-2.1867914,-1.1904058
5315.0,1.055492,0.64022505,-2.1494904,-1.1924815
5320.0,1.2378131,0.6532891,-2.5074587,-1.2208745
5325.0,1.0606662,0.675508,-2.2192607,-1.1651444
5330.0,1.3531326,0.60108656,-2.5121596,-1.2982652
5335.0,1.1231679,0.47835925,-2.145634,-1.1818343
5340.0,0.94405353,0.52374846,-2.0907204,-0.9826885
5345.0,1.1906732,0.6260655,-2.1858382,-1.1694728
5350.0,1.4021012,0.8109267,-2.8874125,-1.3546317
5355.0,1.0302495,0.68363154,-2.4207973,-1.0807972
5360.0,1.2900716,0.6241637,-2.4542952,-1.2236552
5365.0,1.2330617,0.5902067,-2.3184998,-1.1586403
5370.0,1.2271503,0.54038906,-2.424145,-1.0796292
5375.0,1.294561,0.63889384,-2.3783731,-1.254879
5380.0,1.3234023,0.49719015,-2.4015472,-1.2527604
5385.0,1.236969,0.54441106,-2.466742,-1.176338
5390.0,1.2710632,0.42333803,-2.2077403,-1.083735
5395.0,0.93389815,0.6161989,-2.0398653,-1.0969535
5400.0,1.0630003,0.6575545,-2.3490615,-1.1630557
5405.0,1.4808921,0.6797551,-2.7838025,-1.2715777
5410.0,1.4182426,0.62124497,-2.5893068,-1.261498
5415.0,1.2070334,0.31039238,-2.3665214,-1.0335747
5420.0,1.1764512,0.20872353,-2.0086234,-0.97789645
5425.0,0.4793804,0.38194412,-1.8274534,-0.7298903
5430.0,1.1287181,0.7617862,-2.3053772,-1.3305329
5435.0,1.2793348,0.59394443,-2.4197736,-1.2872398
5440.0,1.046348,0.671558,-2.3014963,-1.202019
5445.0,1.1685277,0.5367694,-2.3352978,-1.0952041
5450.0,1.207171,0.3645999,-2.1129704,-1.0722001
5455.0,1.0722946,0.30967018,-2.0724468,-0.8996908
5460.0,1.1779807,0.62617177,-2.2201192,-1.270462
5465.0,1.1685666,0.5374166,-2.1985419,-1.2245462
5470.0,0.8330319,0.62934446,-1.992927,-1.0341957
5475.0,0.97751105,0.6891545,-2.1529589,-1.1612772
5480.0,1.0803064,0.599534,-2.3203542,-1.0721973
5485.0,1.1908243,0.4012816,-2.2484126,-0.95846075
5490.0,1.035221,0.4012459,-1.918814,-1.1041651
5495.0,0.93687296,0.5203549,-1.9908856,-1.141428
5500.0,1.1354743,0.6571351,-2.472464,-1.0380332
5505.0,1.1853628,0.6671401,-2.2469416,-1.2611537
5510.0,1.2904009,0.542593,-2.2677453,-1.1985447
5515.0,1.1184847,0.54636496,-2.3919337,-1.0315753
5520.0,1.0669636,0.55911875,-2.1913192,-1.039505
5525.0,0.96657753,0.6440015,-2.163593,-1.1635618
5530.0,1.5096424,0.7213054,-2.6813836,-1.4750972
5535.0,1.0732768,0.6222538,-2.2360685,-1.1052585
5540.0,1.1659698,0.6203823,-2.272161,-1.2133698
5545.0,1.1725476,0.6369584,-2.3766706,-1.1683761
5550.0,0.97231495,0.6027209,-2.051506,-1.1488057
5555.0,1.0970036,0.5049634,-2.148035,-1.0984046
5560.0,1.0564659,0.5815135,-2.2664824,-1.0490673
5565.0,1.1822536,0.6462249,-2.3335054,-1.1538625
5570.0,1.3800032,0.7065741,-2.4601636,-1.2126497
5575.0,1.3031287,0.75500685,-2.4958766,-1.2505915
5580.0,1.128065,0.6824175,-2.3741124,-1.1777236
5585.0,1.1274502,0.5933344,-2.338455,-1.1047702
5590.0,0.95747423,0.48262265,-2.163371,-1.0528076
5595.0,1.1892378,0.38233054,-2.135601,-1.0147228
5600.0,1.2287692,0.526535,-2.3855383,-1.0834509
5605.0,1.2870795,0.5721509,-2.294233,-1.2282742
5610.0,1.1484458,0.63764197,-2.323464,-1.0704423
5615.0,1.2806165,0.6168454,-2.2589781,-1.2475351
5620.0,1.2226287,0.47415328,-2.26004,-1.1309236
5625.0,0.9955354,0.4200995,-2.234825,-0.8220192
5630.0,1.1290826,0.5626102,-2.2972472,-1.0401856
5635.0,1.0983927,0.5181994,-2.2344613,-1.0106404
5640.0,1.1313318,0.5780488,-2.233928,-1.0395967
5645.0,1.2888044,0.651186,-2.242502,-1.3642242
5650.0,1.0494721,0.6034739,-2.2940345,-1.0185493
5655.0,1.0187305,0.6423811,-2.3530762,-0.9580253
5660.0,1.1272143,0.7013341,-2.3801053,-1.0672954
5665.0,1.3695077,0.6404248,-2.497721,-1.2530371
5670.0,1.2185056,0.6998703,-2.436958,-1.2656758
5675.0,1.2876991,0.42006874,-2.2253807,-1.0685363
5680.0,1.0953821,0.3993317,-2.1238666,-1.0074655
5685.0,0.96760297,0.6354442,-2.0631933,-1.1196089
5690.0,1.3279538,0.6335752,-2.4867396,-1.2168019
5695.0,1.57188,0.6532233,-2.752401,-1.3300028
5700.0,1.3947438,0.6030426,-2.4299014,-1.3287963
5705.0,1.0162575,0.28137368,-1.9999133,-0.8231109
5710.0,1.2469069,0.39274356,-2.2981956,-1.0629684
5715.0,1.0238558,0.54733247,-2.1341207,-1.102102
5720.0,1.2984332,0.6773186,-2.436104,-1.2041872
5725.0,1.4468777,0.788249,-2.7637727,-1.329163
5730.0,1.3251745,0.62806106,-2.3719175,-1.2764521
5735.0,1.3668929,0.3549317,-2.3941796,-0.9992741
5740.0,1.0513097,0.32629424,-1.9440467,-1.1155864
5745.0,1.1338962,0.66827637,-2.3526435,-1.1308434
5750.0,1.3077329,0.6987958,-2.395126,-1.3044609
5755.0,1.1312584,0.7419084,-2.4683805,-1.1456795
5760.0,1.1237394,0.5793486,-2.2075992,-1.1518095
5765.0,1.3354096,0.44419473,-2.3421476,-1.2019602
5770.0,1.0003285,0.48162925,-2.1460233,-1.0739161
5775.0,1.0818837,0.67410886,-2.2496083,-1.2772521
5780.0,1.2398435,0.6179111,-2.3493974,-1.2937276
5785.0,1.0741937,0.5063787,-2.211013,-1.0272751
5790.0,0.9629991,0.5434115,-2.0891016,-1.0607115
5795.0,1.1291357,0.43988058,-2.20815,-1.044703
5800.0,1.2844719,0.48080814,-2.2432718,-1.1285666
5805.0,1.260227,0.66969943,-2.2268739,-1.3454763
5810.0,1.2949014,0.7329083,-2.5006883,-1.3162563
5815.0,1.3593405,0.62322617,-2.7343004,-0.9839841
5820.0,1.0411165,0.6109109,-2.2005203,-1.1440444
5825.0,1.1368293,0.49533567,-2.163278,-1.0999657
5830.0,1.2004756,0.51329684,-2.3227546,-1.0402644
5835.0,0.99818563,0.597965,-2.0233066,-1.1328609
5840.0,1.3815674,0.70172274,-2.3730285,-1.4964693
5845.0,1.2116947,0.5786942,-2.2773201,-1.2710937
5850.0,1.0711539,0.48692322,-2.2021894,-1.118535
5855.0,0.7863545,0.53071505,-1.9690957,-0.98392826
5860.0,1.257803,0.63436055,-2.2597797,-1.3238821
5865.0,1.1317757,0.5832839,-2.1254919,-1.1953342
5870.0,1.2160215,0.5488025,-2.0920632,-1.2505586
5875.0,1.1879915,0.5017004,-2.3080447,-1.0737576
5880.0,1.3929689,0.4751414,-2.7172463,-0.95184666
5885.0,1.0392002,0.6911607,-2.399967,-1.0844511
5890.0,1.113005,0.57111883,-2.1866677,-1.1723318
5895.0,0.9933715,0.51240456,-2.0960128,-1.0179477
5900.0,0.9942509,0.5227586,-2.0033352,-1.0809699
5905.0,1.3911604,0.67437565,-2.542442,-1.2802892
5910.0,1.5384041,0.53101605,-2.4663641,-1.2899966
5915.0,1.3164877,0.6638371,-2.612912,-1.13817
5920.0,1.1404698,0.67250174,-2.3522325,-1.2060021
5925.0,1.1489329,0.5921283,-2.4036124,-1.0169209
5930.0,1.2364786,0.63754714,-2.2764828,-1.3224988
5935.0,1.3181003,0.4430393,-2.197793,-1.3047802
5940.0,1.2298489,0.26193887,-2.1635265,-0.97302955
5945.0,0.8771499,0.40101394,-2.0941207,-0.8995262
5950.0,1.0624946,0.50509846,-2.187843,-1.0557837
5955.0,1.2153953,0.5114486,-2.3365452,-1.1491349
5960.0,1.2178544,0.6004004,-2.2787755,-1.2146354
5965.0,1.2926825,0.365111,-2.2035606,-1.1724055
5970.0,1.1083742,0.3958748,-2.2281463,-0.8770104
5975.0,0.8567727,0.6359199,-2.220973,-0.9025073
5980.0,1.1761731,0.53230494,-2.099814,-1.1653185
5985.0,1.0010768,0.40937692,-2.002505,-1.0201786
5990.0,0.85163116,0.59222776,-1.9436208,-0.9582802
5995.0,1.4520248,0.673877,-2.5563102,-1.4108014
6000.0,1.0900899,0.5837275,-2.3226974,-1.1440446
6005.0,1.0093131,0.41404605,-1.9502865,-1.0935193
6010.0,1.1622235,0.6192931,-2.165091,-1.2940857
6015.0,1.0310968,0.3438419,-2.0985012,-0.90388227
6020.0,1.0193728,0.40073287,-1.9240768,-1.122738
6025.0,1.3679744,0.7169887,-2.6073992,-1.2891016
6030.0,1.4110963,0.7062777,-2.7810647,-1.1620492
6035.0,1.1997088,0.4716517,-2.3426478,-1.0726504
6040.0,1.0934588,0.55415374,-2.086641,-1.1476994
6045.0,1.1067224,0.55481094,-2.1246595,-1.1198497
6050.0,1.1465816,0.37871724,-2.3185008,-0.89778924
6055.0,0.9465928,0.6285339,-2.1886716,-1.1180911
6060.0,1.3436774,0.68371147,-2.3843138,-1.3545532
6065.0,1.3512949,0.5926839,-2.4336183,-1.3230451
6070.0,1.2514645,0.64819086,-2.4926083,-1.2232249
6075.0,1.1650583,0.6636561,-2.2413845,-1.1431551
6080.0,1.1294599,0.70310867,-2.3012326,-1.236597
6085.0,1.1283578,0.716713,-2.3648615,-1.1683974
6090.0,1.2680893,0.77923226,-2.4111392,-1.2790902
6095.0,1.2408352,0.53767514,-2.1321588,-1.3355215
6100.0,1.3103043,0.52802026,-2.2674353,-1.2666154
6105.0,1.1857566,0.44444048,-2.2114873,-1.1019866
6110.0,0.9609064,0.4754672,-2.0914845,-0.9389452
6115.0,1.2321823,0.5348949,-2.2578833,-1.2998911
6120.0,1.2025682,0.7134498,-2.4571862,-1.2111734
6125.0,0.81298673,0.5784967,-1.9861486,-1.1308451
6130.0,1.1727179,0.6144614,-2.4340558,-1.0373408
6135.0,1.3092467,0.60883975,-2.5919166,-1.0956434
6140.0,1.3174332,0.5991794,-2.4444895,-1.2360284
6145.0,1.1670654,0.5061617,-2.157709,-1.0965252
6150.0,1.1661772,0.52610016,-2.3927252,-1.0555284
6155.0,0.8367372,0.5806256,-2.161481,-0.9356823
6160.0,1.2300172,0.46453175,-1.8753849,-1.3432497
6165.0,1.3659121,0.682382,-2.5240376,-1.2042713
6170.0,1.4367872,0.773275,-2.751829,-1.2968074
6175.0,1.0293721,0.6657255,-2.2881014,-1.0584142
6180.0,1.0440999,0.5581518,-2.1909611,-1.066936
6185.0,1.239825,0.46474725,-2.3313324,-1.021538
6190.0,1.0116036,0.50017905,-1.934675,-1.2130716
6195.0,1.1781453,0.6385865,-2.3998497,-1.030348
6200.0,1.3313941,0.7522453,-2.446441,-1.4197184
6205.0,1.0398763,0.5614453,-2.1264012,-1.1211596
6210.0,1.2380998,0.5640527,-2.4149792,-1.1529616
6215.0,1.2584482,0.55589265,-2.5784242,-1.0034988
6220.0,1.0593579,0.692469,-2.2183948,-1.3067108
6225.0,1.2852385,0.51508504,-2.2535126,-1.1426938
6230.0,1.0840597,0.629351,-2.2439067,-1.093987
6235.0,1.1502734,0.66945577,-2.4646513,-1.04056
6240.0,1.3611177,0.63341206,-2.481198,-1.3103522
6245.0,1.3226019,0.528902,-2.3134763,-1.2134684
6250.0,1.0587814,0.49794483,-2.0731175,-1.1148688
6255.0,1.1133012,0.39900172,-2.115308,-1.0427532
6260.0,1.1946774,0.4640631,-2.210378,-1.1245273
6265.0,1.5275999,0.47603595,-2.4333594,-1.3374074
6270.0,1.073571,0.4892683,-2.189775,-1.1313708
6275.0,1.1400751,0.6002674,-2.2483432,-1.1084849
6280.0,1.297526,0.6609849,-2.4197364,-1.2767537
6285.0,1.1709598,0.4953365,-2.2040668,-1.1809115
6290.0,1.2161926,0.54186034,-2.2136233,-1.1701658
6295.0,1.2619864,0.4216901,-2.2484772,-1.1047117
6300.0,1.2490273,0.5870264,-2.6039565,-1.0957044
6305.0,1.1845908,0.5945223,-2.2508466,-1.2061408
6310.0,1.5217515,0.6599055,-2.4630845,-1.3729618
6315.0,1.2343367,0.7492379,-2.3753235,-1.3771152
6320.0,1.3227464,0.73004335,-2.641002,-1.1580828
6325.0,1.342331,0.7075213,-2.4823632,-1.284371
6330.0,1.5870309,0.7017683,-2.6894925,-1.4388881
6335.0,0.94267213,0.61223006,-2.2042074,-1.0311761
6340.0,1.1864141,0.70478773,-2.4712622,-1.1808954
6345.0,1.3747604,0.7175953,-2.6066968,-1.2938061
6350.0,1.3359839,0.5477321,-2.3217459,-1.2398863
6355.0,1.3604122,0.42622635,-2.282235,-1.1511078
6360.0,1.0488578,0.4973583,-2.0807254,-1.014386
6365.0,1.037976,0.7276679,-2.248075,-1.1301358
6370.0,1.405118,0.7454017,-2.7839353,-1.2026126
6375.0,1.2962054,0.6513547,-2.4620006,-1.2414145
6380.0,1.1874269,0.44373643,-2.0652642,-1.2243936
6385.0,1.0740944,0.46141437,-2.1976197,-0.9780205
6390.0,1.1242012,0.6503192,-2.3360531,-1.154928
6395.0,1.164137,0.7720541,-2.4129715,-1.1811585
6400.0,1.2293226,0.69605756,-2.3972538,-1.3106394
6405.0,1.0279086,0.5175711,-2.160364,-1.0485783
6410.0,1.1086417,0.5216726,-2.0747187,-1.1726887
6415.0,1.1503392,0.51322263,-2.3470604,-1.0689559
6420.0,1.2808405,0.5748036,-2.2450824,-1.2296504
6425.0,0.88151795,0.59778845,-1.987935,-1.0102098
6430.0,0.96194243,0.6414592,-2.071313,-1.234496
6435.0,1.1774586,0.5655116,-2.3860192,-1.030431
6440.0,1.2969283,0.48321357,-2.211125,-1.3201418
6445.0,1.2315365,0.54788053,-2.2587001,-1.2629879
6450.0,1.1337367,0.5393344,-2.2859468,-1.0641235
6455.0,0.79847133,0.5402819,-2.0066752,-0.9300168
6460.0,1.077265,0.6852089,-2.2568674,-1.1732831
6465.0,1.1698247,0.6807864,-2.3369808,-1.3118571
6470.0,1.1410019,0.48043054,-2.1295273,-1.2439263
6475.0,0.96097815,0.4839973,-1.9962834,-0.9249503
6480.0,1.0822359,0.56089824,-2.0950215,-1.1638784
6485.0,1.2145206,0.6812487,-2.337381,-1.2374182
6490.0,1.0582361,0.6432851,-2.335274,-1.1610518
6495.0,0.974326,0.5792476,-2.091551,-1.1265929
6500.0,1.0132445,0.5854132,-2.0909672,-1.1368834
6505.0,1.1429096,0.50531787,-2.2260892,-1.057921
6510.0,1.2437781,0.69750917,-2.4223843,-1.1504416
6515.0,1.336038,0.6559728,-2.3559709,-1.2481141
6520.0,1.025889,0.5170259,-2.1530569,-1.0100727
6525.0,0.9968327,0.4787984,-1.9351825,-1.1632531
6530.0,1.0496175,0.44042915,-2.0239558,-0.9558155
6535.0,1.0696157,0.54258645,-2.0928667,-1.0941907
6540.0,1.2359178,0.6739279,-2.5765922,-1.0695968
6545.0,1.2482914,0.6723891,-2.465994,-1.1661499
6550.0,1.0264846,0.52482086,-2.159233,-1.04705
6555.0,1.0981067,0.30016357,-1.9800438,-0.97701645
6560.0,0.7479171,0.45680404,-1.8461436,-0.9591249
6565.0,1.0136381,0.5928401,-2.0615485,-1.0568643
6570.0,1.4400724,0.7270794,-2.7589757,-1.2878127
6575.0,1.3403869,0.55392706,-2.3364146,-1.2032655
6580.0,1.1575038,0.51689124,-2.2311528,-1.1411498
6585.0,1.2490479,0.48079407,-2.343507,-1.0116913
6590.0,0.9517589,0.6890194,-2.3154376,-1.0450963
6595.0,1.0616583,0.6549326,-2.2053053,-1.15628
6600.0,1.2685329,0.60504967,-2.4326847,-1.2413135
6605.0,1.1975416,0.44894975,-2.13303,-1.1751596
6610.0,0.94818866,0.5303854,-2.104203,-1.0319896
6615.0,1.2539396,0.7112712,-2.5776932,-1.203596
6620.0,1.5201513,0.7873643,-2.9465091,-1.3207667
6625.0,1.2523583,0.52994144,-2.3162558,-1.2284667
6630.0,1.1872207,0.54926467,-2.2780907,-1.0919256
6635.0,1.3548998,0.3116163,-2.328255,-0.9534583
6640.0,1.2846566,0.47835505,-2.2457278,-1.2091777
6645.0,1.3201734,0.5688365,-2.4207907,-1.199631
6650.0,1.165604,0.6078741,-2.2751307,-1.1651952
6655.0,0.9651074,0.5921618,-2.0911198,-1.0697011
6660.0,1.0439839,0.49451578,-2.113013,-1.0538155
6665.0,1.3018221,0.59510565,-2.3631113,-1.1161796
6670.0,1.4963152,0.61149204,-2.5163357,-1.328941
6675.0,1.2280153,0.5362146,-2.4769545,-0.9665656
6680.0,1.0526507,0.51489353,-2.2034307,-1.0174565
6685.0,1.0073993,0.4807286,-2.083546,-1.0071602
6690.0,1.0096079,0.4353575,-2.0100758,-1.1396167
6695.0,1.1035181,0.58138824,-2.098331,-1.1492386
6700.0,1.0845991,0.6843481,-2.2514126,-1.161552
6705.0,1.4736551,0.7668119,-2.8215706,-1.3486102
6710.0,1.2162209,0.70749843,-2.486883,-1.1374905
6715.0,1.143114,0.49976635,-2.1451502,-1.0832204
6720.0,1.2523822,0.48983657,-2.257372,-1.2210937
6725.0,1.1305095,0.4657696,-2.2567563,-1.0567033
6730.0,0.8642228,0.6540952,-2.0932868,-0.92011344
6735.0,1.3250248,0.7321727,-2.4576392,-1.4476808
6740.0,1.1320003,0.63540226,-2.4179142,-1.042534
6745.0,1.0000764,0.6632017,-2.1644914,-1.1272395
6750.0,1.22555,0.3880778,-2.2723286,-1.0372237
6755.0,1.294728,0.30042708,-2.371886,-0.9832686
6760.0,1.111014,0.574828,-2.1497295,-1.0801973
6765.0,1.2813271,0.5554726,-2.3012002,-1.1449468
6770.0,1.2812922,0.71066,-2.5451384,-1.2121396
6775.0,1.1787127,0.6131945,-2.4027975,-1.0510839
6780.0,1.199571,0.5742433,-2.3550236,-1.1760808
6785.0,1.2862467,0.42326802,-2.224755,-1.1450591
6790.0,0.94755125,0.37834018,-1.8989714,-0.9324227
6795.0,1.0419967,0.5183069,-2.171371,-1.0772533
6800.0,1.3214781,0.6657558,-2.498642,-1.2485155
6805.0,1.0971419,0.6134571,-2.2340863,-1.1256957
6810.0,1.0194778,0.63868475,-2.14667,-1.124637
6815.0,1.3320229,0.5430198,-2.3487265,-1.1981094
6820.0,0.9248283,0.5373725,-1.9907078,-1.05198
6825.0,1.3107442,0.6471175,-2.3533814,-1.3764515
6830.0,1.3418947,0.5937349,-2.5295289,-1.1658865
6835.0,1.0935332,0.42296517,-1.9980167,-1.1196239
6840.0,1.226749,0.6080961,-2.2923503,-1.1875237
6845.0,1.2175896,0.6516283,-2.4877336,-1.1478645
6850.0,1.2652723,0.6974504,-2.6957085,-1.0965259
6855.0,1.3138905,0.57327414,-2.2292688,-1.3714578
6860.0,1.158414,0.50515896,-2.110953,-1.1225617
6865.0,1.0687093,0.6182913,-2.424828,-0.94999737
6870.0,1.521535,0.6903403,-3.013102,-1.1177155
6875.0,1.3832806,0.7786261,-2.8926203,-1.2527219
6880.0,1.3611187,0.7117734,-2.6142757,-1.2367874
6885.0,1.179655,0.50517577,-2.1790164,-1.1299407
6890.0,1.0552831,0.45067677,-2.2329884,-1.0172485
6895.0,1.4431449,0.48026958,-2.438137,-1.1479408
6900.0,1.7190398,0.7446308,-2.7899365,-1.4175496
6905.0,1.6011659,0.69098693,-2.9014795,-1.3003793
6910.0,1.2745503,0.6721248,-2.5887237,-1.1917566
6915.0,1.0646853,0.5342046,-2.1560261,-1.0311993
6920.0,1.3158617,0.40641218,-2.4177082,-1.1065196
6925.0,1.3764358,0.19957404,-2.2267513,-0.9743237
6930.0,0.95128155,0.62456584,-2.1236644,-1.1398666
6935.0,1.5103409,0.76348627,-2.539208,-1.6359775
6940.0,1.291865,0.648198,-2.4922662,-1.1678568
6945.0,1.0391185,0.6451437,-2.1365902,-1.1728244
6950.0,1.1336771,0.47416088,-2.202237,-1.0426085
6955.0,1.2123269,0.15142702,-2.1892643,-0.9435326
6960.0,0.9679081,0.4713836,-2.0327349,-1.0133003
6965.0,1.2902399,0.6600794,-2.344406,-1.4561343
6970.0,1.3417,0.69806933,-2.538198,-1.2507792
6975.0,0.97120327,0.6300736,-2.186714,-0.99982333
6980.0,1.0128995,0.6631326,-2.1527395,-1.1808133
6985.0,1.2078613,0.40726918,-2.2871766,-1.1546104
6990.0,1.1280099,0.55253935,-2.2862217,-1.0429001
6995.0,1.3375307,0.6994169,-2.4655757,-1.3407791
7000.0,1.491666,0.7374624,-2.6722608,-1.3451948
7005.0,1.2135583,0.6658075,-2.445436,-1.1011915
7010.0,1.0912539,0.58778507,-2.163436,-1.1375084
7015.0,1.1169769,0.52534175,-2.154274,-1.1095855
7020.0,1.1714631,0.48202255,-2.245319,-1.041249
7025.0,1.183421,0.57877606,-2.2633865,-1.1318499
7030.0,1.0458022,0.64134526,-2.1036365,-1.1830816
7035.0,1.2068831,0.6619475,-2.3890314,-1.1378236
7040.0,1.1126744,0.56653345,-2.059532,-1.2896866
7045.0,1.0717996,0.55245113,-2.0734913,-1.0894763
7050.0,1.295541,0.7049402,-2.4595225,-1.2493254
7055.0,1.1898812,0.5396518,-2.4746892,-1.0731823
7060.0,1.0353647,0.52177984,-2.0785816,-1.1112972
7065.0,1.157864,0.5528796,-2.229439,-1.0737332
7070.0,1.15806,0.41636539,-2.1920683,-1.0064056
7075.0,1.1118267,0.63754076,-2.2244267,-1.0655308
7080.0,1.2411544,0.69310457,-2.4886372,-1.2568291
7085.0,1.2371384,0.65556294,-2.3719738,-1.2901771
7090.0,1.0617865,0.518779,-1.9851865,-1.2350233
7095.0,1.1644782,0.38881946,-2.1926541,-1.0064484
7100.0,1.0417235,0.6650014,-2.2208626,-1.2370104
7105.0,1.2251285,0.6486141,-2.3724773,-1.1885462
7110.0,1.3548851,0.5652082,-2.3757887,-1.1853712
7115.0,1.1224245,0.5188888,-2.0864387,-1.074466
7120.0,1.207876,0.658689,-2.3358939,-1.2436152
7125.0,1.1889118,0.55160266,-2.4247794,-1.1796807
7130.0,1.33996,0.51779205,-2.3524234,-1.2675893
7135.0,1.0307543,0.5065809,-2.1031013,-1.029376
7140.0,1.0425426,0.5447936,-2.0771325,-1.1321985
7145.0,1.0835497,0.5826577,-2.1742864,-1.0400618
7150.0,1.2695371,0.7463282,-2.3441777,-1.3577528
7155.0,1.366797,0.7740474,-2.6402833,-1.208475
7160.0,1.4700593,0.55399626,-2.604262,-1.3192163
7165.0,1.1069552,0.43467027,-2.0793357,-1.0759475
7170.0,1.0907297,0.48862574,-1.9923522,-1.17236
7175.0,1.1599013,0.5327965,-2.1380417,-1.1771315
7180.0,1.0604826,0.6030525,-2.1381707,-1.1834953
7185.0,1.2582619,0.66337144,-2.4311478,-1.1127344
7190.0,1.2359321,0.6244416,-2.4139853,-1.3513118
7195.0,1.4029256,0.5411764,-2.3922307,-1.2200572
7200.0,1.2151984,0.48470128,-2.3386831,-1.0709013
7205.0,1.2346516,0.4987855,-2.2571666,-1.1707827
7210.0,1.2452532,0.7322232,-2.4233613,-1.2792113
7215.0,1.5086561,0.68707544,-2.5601342,-1.3610412
7220.0,1.4066669,0.6522145,-2.71121,-1.1475341
7225.0,1.2350328,0.5832445,-2.3790674,-1.1519461
7230.0,1.0462387,0.61361223,-2.1322992,-1.1870098
7235.0,1.3321415,0.4591416,-2.4704456,-1.0887921
7240.0,1.0898678,0.5377232,-2.4148939,-0.96251506
7245.0,1.364518,0.639557,-2.403875,-1.3639953
7250.0,1.5297228,0.645373,-2.7222548,-1.2338912
7255.0,1.324405,0.4705726,-2.2650762,-1.2130075
7260.0,1.1489452,0.5870806,-2.1952534,-1.1824957
7265.0,1.1701536,0.6641171,-2.3220222,-1.1564527
7270.0,1.2296418,0.63765776,-2.407342,-1.0765876
7275.0,1.2068232,0.5102227,-2.1819775,-1.2287802
7280.0,1.141751,0.37564886,-2.0373092,-1.0674298
7285.0,1.1947142,0.21324183,-1.9766731,-1.0581849
7290.0,1.2551328,0.6838422,-2.3857486,-1.2285212
7295.0,0.97104275,0.588632,-2.0171196,-1.1161633
7300.0,1.2007971,0.68232816,-2.435108,-1.139926
7305.0,1.1692023,0.5727039,-2.2633607,-1.1696172
7310.0,1.2055689,0.59204876,-2.343653,-1.1752838
7315.0,1.2193763,0.57829785,-2.2264771,-1.2081039
7320.0,1.344385,0.5921681,-2.4896572,-1.2051022
7325.0,1.1515509,0.6006739,-2.3510683,-1.1046656
7330.0,1.2819937,0.5970968,-2.4260926,-1.1389347
7335.0,1.164622,0.44104064,-2.0886004,-1.102377
7340.0,1.1649399,0.5546762,-2.3213434,-1.0110409
7345.0,1.4054693,0.6384518,-2.6444552,-1.1853936
7350.0,1.4127973,0.6369779,-2.7526164,-1.1804296
7355.0,1.2148896,0.5460144,-2.4088714,-1.0778186
7360.0,1.0753384,0.5457257,-2.223766,-1.0869375
7365.0,1.0131637,0.48108035,-2.051861,-1.0438486
7370.0,1.1866658,0.5528686,-2.2305481,-1.0205534
7375.0,1.4419354,0.5887505,-2.4166477,-1.2834575
7380.0,1.2152725,0.63955355,-2.4055274,-1.1651459
7385.0,1.1555777,0.634491,-2.245208,-1.1724461
7390.0,1.0584038,0.60702777,-2.1149848,-1.1859944
7395.0,1.041912,0.53235584,-2.1281672,-1.1091042
7400.0,1.2669567,0.6538907,-2.278867,-1.3052984
7405.0,1.3058007,0.4317323,-2.1305552,-1.177607
7410.0,0.87861335,0.5171253,-1.9630514,-0.9476362
7415.0,0.94693166,0.5656198,-1.9777058,-1.1411809
7420.0,1.0292422,0.42516246,-2.0588644,-0.9178212
7425.0,1.158868,0.5059383,-2.1188946,-1.1226532
7430.0,1.158882,0.5790706,-2.2201388,-1.1898273
7435.0,1.4354738,0.6409977,-2.712938,-1.2084563
7440.0,1.2001076,0.62724787,-2.3059618,-1.123398
7445.0,1.2881275,0.6585338,-2.4366992,-1.2838147
7450.0,1.206846,0.5746167,-2.342779,-1.0370816
7455.0,1.0460209,0.55265296,-2.0656488,-1.1186992
7460.0,1.1725147,0.6605059,-2.3229854,-1.265211
7465.0,1.0866739,0.64148337,-2.301387,-1.1748067
7470.0,1.2075583,0.6331698,-2.1395526,-1.3137908
7475.0,1.2902739,0.5023863,-2.259333,-1.1397669
7480.0,1.0309659,0.65430224,-2.2873576,-1.0675168
7485.0,1.1129228,0.5681462,-2.1970558,-1.23771
7490.0,1.2204422,0.6509522,-2.237429,-1.2806034
7495.0,1.1069123,0.4260368,-2.0889833,-1.1262412
7500.0,0.8768207,0.559284,-2.0163326,-0.98354185
7505.0,1.1571496,0.610055,-2.2599044,-1.1812762
7510.0,1.426556,0.7178023,-2.5700443,-1.3385675
7515.0,1.2583182,0.57246053,-2.0878232,-1.3579869
7520.0,1.095064,0.6264522,-2.1489642,-1.2509335
7525.0,1.0770218,0.4756757,-2.1327028,-1.1398535
7530.0,0.8450638,0.41460603,-1.8977141,-0.9311293
7535.0,1.4341556,0.521549,-2.4179535,-1.2527661
7540.0,1.182568,0.60848165,-2.2957475,-1.3351983
7545.0,1.1548843,0.6613835,-2.1811016,-1.334838
7550.0,1.2855654,0.6691917,-2.445306,-1.2221324
7555.0,1.3477023,0.6809124,-2.4651768,-1.2403162
7560.0,1.267994,0.561414,-2.4388509,-1.050997
7565.0,1.1902715,0.48136374,-2.327668,-1.0364529
7570.0,1.3046459,0.6758575,-2.3730946,-1.4083261
7575.0,1.1444495,0.6093366,-2.2330341,-1.3079376
7580.0,1.3493181,0.6520885,-2.6210294,-1.2427872
7585.0,1.4024941,0.8145203,-2.4539292,-1.5520027
7590.0,1.2761352,0.60846984,-2.4034023,-1.2266096
7595.0,1.0921569,0.5636586,-2.1036563,-1.1008012
7600.0,1.0763842,0.59182435,-2.0740018,-1.2056539
7605.0,1.3662105,0.5948202,-2.3741095,-1.293886
7610.0,1.6985767,0.69984734,-3.012457,-1.3520548
7615.0,1.4179274,0.6348053,-2.541903,-1.3127308
7620.0,1.2036262,0.478955,-2.272668,-1.0963844
7625.0,1.093461,0.48068708,-2.004818,-1.2031895
7630.0,0.8309521,0.5067312,-1.8650886,-0.97539604
7635.0,1.1343491,0.5710776,-2.0998473,-1.3305272
7640.0,1.4100546,0.7095427,-2.6348178,-1.2926363
7645.0,1.2140234,0.6939279,-2.354387,-1.301167
7650.0,1.1901361,0.4085162,-2.1483254,-1.1155053
7655.0,1.058616,0.5513021,-2.034328,-1.1597471
7660.0,1.0219022,0.5832771,-2.0178964,-1.0515662
7665.0,1.2736496,0.64568233,-2.4356291,-1.2849048
7670.0,1.0542169,0.56802523,-2.224756,-1.0971522
7675.0,1.031729,0.5427253,-2.0483794,-1.0539925
7680.0,1.1429135,0.4021672,-2.0728552,-1.1476352
7685.0,1.1070274,0.50466305,-2.073934,-1.191007
7690.0,1.0066273,0.62968266,-2.1415749,-1.0169437
7695.0,1.2824227,0.6958748,-2.5607245,-1.1844025
7700.0,1.1042627,0.5029555,-2.2825918,-1.0512755
7705.0,1.0730141,0.66112465,-2.2646234,-1.1610944
7710.0,1.4057301,0.49082842,-2.4041803,-1.1691972
7715.0,1.0048465,0.5155437,-1.9391961,-1.1810324
7720.0,1.0871192,0.6779857,-2.3322935,-1.180186
7725.0,1.3487453,0.6260378,-2.6026583,-1.1116314
7730.0,1.3737935,0.6053257,-2.6388457,-1.2019415
7735.0,1.0424703,0.5387517,-2.1648562,-0.9949746
7740.0,1.3692516,0.58636075,-2.3706336,-1.2394458
7745.0,1.1024786,0.46213353,-2.1756117,-1.1064628
7750.0,1.1471375,0.6766339,-2.3479578,-1.2213594
7755.0,1.3708345,0.5740465,-2.3872476,-1.2681751
7760.0,1.3384608,0.6117462,-2.5143588,-1.2599458
7765.0,0.948171,0.5815511,-2.165431,-0.9756866
7770.0,1.2338864,0.552587,-2.2439747,-1.1933196
7775.0,1.2304598,0.49280897,-2.2389164,-1.1762587
7780.0,1.2382866,0.54345787,-2.307296,-1.2381836
7785.0,1.3077291,0.5216669,-2.3167279,-1.1177986
7790.0,1.3204243,0.5997083,-2.4100986,-1.1932642
7795.0,1.1115481,0.66720915,-2.3704126,-1.1578462
7800.0,0.99992573,0.55235326,-2.2287805,-0.9989756
7805.0,1.1147563,0.63503665,-2.204735,-1.1803739
7810.0,1.2895132,0.5518075,-2.2551725,-1.3011321
7815.0,1.2184488,0.5520123,-2.1917474,-1.1233428
7820.0,1.2061954,0.709846,-2.2848647,-1.4148009
7825.0,1.1278813,0.6200446,-2.3580098,-1.0350642
7830.0,1.3142159,0.64156926,-2.4573305,-1.2286348
7835.0,1.127197,0.57578903,-2.1570334,-1.1189938
7840.0,1.3226848,0.63091886,-2.3767374,-1.3220195
7845.0,1.0227032,0.6772313,-2.0968745,-1.121962
7850.0,1.1984731,0.6914093,-2.2908251,-1.262656
7855.0,1.0578132,0.46957204,-2.141303,-1.0029055
7860.0,1.1519583,0.73656356,-2.2921283,-1.2172962
7865.0,1.2085878,0.52861667,-2.1998398,-1.2171657
7870.0,1.2812344,0.5547774,-2.3993657,-1.180472
7875.0,1.0370864,0.72208595,-2.1496687,-1.2525343
7880.0,1.0347307,0.53435063,-2.1387205,-0.9952175
7885.0,1.1938733,0.5801711,-2.3450973,-1.0987165
7890.0,1.1034006,0.6576415,-2.2009847,-1.161322
7895.0,1.3083358,0.5233409,-2.348099,-1.2168868
7900.0,1.2742707,0.5801575,-2.3775947,-1.225124
7905.0,1.1485342,0.6319754,-2.2290952,-1.1704252
7910.0,0.8484154,0.6118328,-2.0139267,-1.1543684
7915.0,0.9719245,0.6401591,-2.1450047,-1.097439
7920.0,1.2144929,0.634574,-2.4019005,-1.1420121
7925.0,1.2339722,0.51625085,-2.2828672,-1.1700392
7930.0,1.1066324,0.38057595,-2.0120635,-1.0401294
7935.0,1.2872056,0.49925262,-2.2764633,-1.2366376
7940.0,0.9860922,0.5634128,-2.152021,-1.0137571
7945.0,1.2367307,0.587526,-2.2913713,-1.127242
7950.0,1.4455907,0.7331078,-2.6526287,-1.2596582
7955.0,1.0870126,0.49519813,-2.130868,-1.1221213
7960.0,1.1939229,0.44654053,-2.039025,-1.1987735
7965.0,1.185776,0.46862912,-2.0722804,-1.3463372
7970.0,1.0331805,0.6721908,-2.1788592,-1.2420225
7975.0,1.0563899,0.6300336,-2.285257,-1.1237712
7980.0,1.4206132,0.701213,-2.5654418,-1.217534
7985.0,1.1633202,0.6043444,-2.349365,-1.1481558
7990.0,1.4290246,0.3617238,-2.4222512,-1.2069396
7995.0,1.1669482,0.5060187,-2.2664988,-1.1340874
8000.0,1.3224227,0.50482464,-2.3472433,-1.182347
8005.0,1.2675191,0.6329304,-2.4424665,-1.1460375
8010.0,1.3917407,0.7882438,-2.7759826,-1.0576633
8015.0,1.5634207,0.7334149,-2.7317288,-1.4233842
8020.0,1.1831038,0.44573584,-2.2767804,-1.1008811
8025.0,1.0998173,0.49590388,-2.2394617,-1.0723561
8030.0,1.0162371,0.5002421,-2.0589027,-1.0228983
8035.0,1.1388724,0.45901716,-2.2983487,-0.92241395
8040.0,1.5020558,0.630219,-2.6155934,-1.3563355
8045.0,1.0853038,0.5582303,-2.1920857,-1.1480813
8050.0,1.1820943,0.6074177,-2.402044,-1.1368794
8055.0,1.2915906,0.56495744,-2.2872486,-1.2499213
8060.0,1.1561234,0.56298816,-2.260386,-1.0973569
8065.0,1.296282,0.623361,-2.5055234,-1.2132399
8070.0,1.0720394,0.6120783,-2.1088326,-1.3320132
8075.0,0.9707598,0.6450263,-2.0263784,-1.2508935
8080.0,1.1726825,0.62471646,-2.4985297,-1.1544284
8085.0,1.2448064,0.66970134,-2.3692362,-1.2834663
8090.0,1.5140704,0.63094425,-2.7816856,-1.2120849
8095.0,1.5203098,0.5771723,-2.653128,-1.2650888
8100.0,1.1512587,0.62665594,-2.279777,-1.1796254
8105.0,1.086799,0.5850113,-2.2029495,-1.1613026
8110.0,1.3118364,0.64622676,-2.449241,-1.2530026
8115.0,1.2446101,0.613855,-2.3500397,-1.2386168
8120.0,1.3649653,0.48746735,-2.3315399,-1.2545638
8125.0,1.3090442,0.42896894,-2.303106,-1.0785527
8130.0,1.3112048,0.6634787,-2.4435923,-1.307035
8135.0,1.2557625,0.6771175,-2.4529288,-1.2193086
8140.0,1.337926,0.6594815,-2.3242843,-1.310693
8145.0,1.2709817,0.6806241,-2.3145447,-1.2880194
8150.0,0.85317713,0.44341597,-1.9216304,-1.0405554
8155.0,1.2414068,0.48747173,-2.3055308,-1.0907841
8160.0,1.3027833,0.60823226,-2.3241382,-1.3950392
8165.0,1.2109965,0.63847995,-2.3604152,-1.2334706
8170.0,1.1159714,0.55299675,-2.0718713,-1.1963462
8175.0,1.2017745,0.6297102,-2.4569182,-1.1380551
8180.0,1.1805263,0.53297126,-2.3582716,-1.0349687
8185.0,1.3165857,0.6795516,-2.4320736,-1.30371
8190.0,1.1046226,0.5452055,-2.13146,-1.1278749
8195.0,1.1978551,0.6414614,-2.4416015,-1.2395712
8200.0,0.999699,0.5106643,-2.1297073,-1.0795212
8205.0,1.1140295,0.5499213,-2.2270947,-1.0922639
8210.0,1.3393668,0.64099586,-2.3966825,-1.2461889
8215.0,1.2392894,0.67001075,-2.4661071,-1.3039007
8220.0,1.2666973,0.6149084,-2.2494419,-1.2869848
8225.0,1.5748488,0.5677813,-2.521094,-1.3739882
8230.0,1.3424981,0.34746256,-2.308098,-1.0269536
8235.0,0.9985199,0.46242172,-2.1558905,-0.96444696
8240.0,1.3408514,0.69352233,-2.588748,-1.1813511
8245.0,1.732727,0.7059205,-3.1675994,-1.2297426
8250.0,1.091351,0.5682359,-2.2732012,-1.0400878
8255.0,1.2717376,0.51805454,-2.4136903,-1.1335342
8260.0,1.1333505,0.258003,-2.0144145,-0.99974287
8265.0,0.6390385,0.3147878,-1.8752981,-0.76438266
8270.0,1.4226978,0.6668417,-2.5526776,-1.3114249
8275.0,1.5842192,0.7747611,-2.962251,-1.2391111
8280.0,1.1686146,0.69689703,-2.5852778,-1.1514
8285.0,1.0255399,0.65616524,-2.340627,-1.0502715
8290.0,1.0085899,0.59149766,-2.0395904,-1.1524874
8295.0,0.9910916,0.48860595,-2.1579664,-0.9626788
8300.0,1.2869277,0.5003974,-2.448467,-1.0499052
8305.0,1.2265172,0.6901095,-2.3257537,-1.2408648
8310.0,1.4313916,0.62766093,-2.5169556,-1.3231454
8315.0,1.1048414,0.4945676,-2.2978663,-1.0242145
8320.0,1.0617806,0.45440286,-1.9598578,-1.0876837
8325.0,1.0966241,0.5331758,-2.2094648,-1.1167083
8330.0,1.1176993,0.68462867,-2.344261,-1.2188478
8335.0,1.3574686,0.61811423,-2.3745396,-1.2034245
8340.0,1.4205139,0.70057046,-2.4550624,-1.4229143
8345.0,1.2526648,0.42403346,-2.340944,-1.0676124
8350.0,1.1535565,0.3462038,-2.178979,-0.93417543
8355.0,1.2572716,0.51006174,-2.361848,-1.1652343
8360.0,1.3388811,0.6325094,-2.2954834,-1.4218484
8365.0,1.3614098,0.5866425,-2.380173,-1.209343
8370.0,1.2692204,0.6228076,-2.3267488,-1.2912185
8375.0,1.0807124,0.5308205,-2.177556,-1.1202857
8380.0,1.2915841,0.6462486,-2.5111678,-1.2207386
8385.0,1.5030171,0.48012438,-2.3247902,-1.2956942
8390.0,0.95974827,0.5211387,-1.8566185,-1.3081735
8395.0,1.1296761,0.5218116,-2.1694195,-1.1227168
8400.0,1.3172557,0.6481972,-2.5383198,-1.1353815
8405.0,1.1322287,0.58881426,-2.2489712,-1.1387783
8410.0,1.3641518,0.6661501,-2.5194356,-1.3168907
8415.0,1.3876892,0.23672913,-2.1132627,-1.1731116
8420.0,0.86810523,0.44387823,-1.9774746,-0.94551045
8425.0,1.2484455,0.582559,-2.2124188,-1.1873151
8430.0,1.2230525,0.66870314,-2.4768944,-1.1112309
8435.0,1.2337011,0.6503123,-2.6027927,-1.1734201
8440.0,1.2750748,0.70017064,-2.624915,-1.1631532
8445.0,1.2665458,0.38798004,-2.0896473,-1.2420853
8450.0,0.7731089,0.62128544,-1.9942806,-1.0246508
8455.0,1.1936972,0.6500881,-2.3761992,-1.2638093
8460.0,1.3411797,0.60641736,-2.4411187,-1.2030474
8465.0,1.221573,0.5368908,-2.3334544,-1.1246206
8470.0,1.1586303,0.6152872,-2.2300236,-1.2632585
8475.0,0.9792167,0.696339,-2.1768217,-1.2009125
8480.0,1.133617,0.6935708,-2.3899863,-1.2745019
8485.0,1.5763042,0.6673794,-2.5613177,-1.4157538
8490.0,1.2367347,0.62563026,-2.3012426,-1.1992419
8495.0,1.0494233,0.5482739,-2.1260123,-1.1235939
8500.0,1.0751613,0.6358066,-2.1592069,-1.2256172
8505.0,1.0633571,0.6616292,-2.3114378,-1.1656308
8510.0,1.2710844,0.665539,-2.3560507,-1.2450542
8515.0,1.3890283,0.56195116,-2.4653156,-1.2335618
8520.0,1.1489655,0.5542872,-2.2765386,-1.1052136
8525.0,1.2453381,0.5829432,-2.2666826,-1.2015479
8530.0,1.1760229,0.6784715,-2.3121874,-1.1598359
8535.0,1.1097906,0.67693496,-2.2401297,-1.272929
8540.0,0.97645146,0.59197176,-2.0313427,-1.1213107
8545.0,1.1288879,0.675547,-2.1671078,-1.308672
8550.0,1.3951191,0.52280605,-2.4573252,-1.0959011
8555.0,1.3343786,0.52123004,-2.4406443,-1.1655248
8560.0,1.2391812,0.5989327,-2.2628655,-1.1790498
8565.0,1.0518792,0.4496194,-2.0398932,-1.0820881
8570.0,0.9433816,0.577397,-2.0857584,-1.0646971
8575.0,1.0724376,0.62078184,-2.1726224,-1.1752576
8580.0,1.1321023,0.651605,-2.243841,-1.1452128
8585.0,1.4374202,0.5076444,-2.4792235,-1.2435465
8590.0,1.1515242,0.48171365,-2.1362364,-1.1010954
8595.0,1.0371388,0.5465471,-2.0532017,-1.0523562
8600.0,1.1942316,0.55551946,-2.290685,-1.2273958
8605.0,1.3007606,0.51743335,-2.3571556,-1.1011963
8610.0,1.0574768,0.4882841,-2.014311,-1.1242063
8615.0,1.3044226,0.65712357,-2.4806902,-1.2252722
8620.0,1.2588359,0.62177396,-2.3489423,-1.2415769
8625.0,1.2169352,0.5725213,-2.2675397,-1.2475259
8630.0,1.3545059,0.5467957,-2.2764192,-1.2692578
8635.0,1.1296893,0.54607534,-2.2510707,-1.0874587
8640.0,1.119971,0.5311496,-2.0921435,-1.2347282
8645.0,1.276096,0.6436402,-2.4854414,-1.0913334
8650.0,1.3085927,0.58119446,-2.1598482,-1.2532613
8655.0,1.2011424,0.5355141,-2.16695,-1.2099324
8660.0,1.0780619,0.6238979,-2.224486,-1.112981
8665.0,1.0932606,0.4890365,-2.2397747,-1.0496801
8670.0,1.1260213,0.5713161,-2.1808448,-1.222543
8675.0,0.8507484,0.64892745,-2.090597,-1.0121106
8680.0,1.0373219,0.5695355,-1.9582976,-1.2032717
8685.0,1.3496122,0.5456739,-2.3142588,-1.3154184
8690.0,1.2087557,0.6362709,-2.3263378,-1.2839073
8695.0,1.2334377,0.5939493,-2.3526456,-1.2293986
8700.0,1.260803,0.52729464,-2.361191,-1.120837
8705.0,1.2144755,0.62444043,-2.279209,-1.1816188
8710.0,1.2336502,0.5894914,-2.231295,-1.3247192
8715.0,1.328632,0.48935178,-2.2891872,-1.1622235
8720.0,1.1205958,0.5255109,-2.1108286,-1.1873248
8725.0,1.447463,0.5105074,-2.5934327,-1.1815827
8730.0,1.232788,0.68343043,-2.3921797,-1.2218643
8735.0,1.4312073,0.6102102,-2.355882,-1.3674843
8740.0,1.170314,0.6382221,-2.089027,-1.3983657
8745.0,1.1267918,0.5409053,-2.026567,-1.2375307
8750.0,1.1017978,0.5567187,-2.142545,-1.1352185
8755.0,1.4638994,0.43256345,-2.4321675,-1.2076815
8760.0,1.0599324,0.53176427,-2.1013246,-1.2085302
8765.0,1.2874751,0.5269405,-2.1662624,-1.28864
8770.0,1.1222366,0.6139097,-2.1495516,-1.2280568
8775.0,1.0786979,0.527106,-2.0541584,-1.2072093
8780.0,1.4264333,0.5528097,-2.4584875,-1.2813723
8785.0,1.1747053,0.498005,-2.196901,-1.2032496
8790.0,1.1231924,0.55739605,-2.1555781,-1.1140691
8795.0,1.2427641,0.74336886,-2.3128226,-1.3332561
8800.0,1.3255979,0.7086203,-2.4438498,-1.2020378
8805.0,1.1468189,0.58883524,-2.083747,-1.2551967
8810.0,1.2671177,0.5453466,-2.3288522,-1.2250199
8815.0,1.1107616,0.4762119,-2.198662,-0.97686493
8820.0,1.2707034,0.58631635,-2.3054407,-1.1745586
8825.0,1.1421884,0.5659058,-2.099116,-1.2082984
8830.0,1.2787106,0.69499505,-2.4199724,-1.2890112
8835.0,1.113963,0.657609,-2.2225587,-1.2431748
8840.0,1.124108,0.6276722,-2.2472298,-1.1708398
8845.0,1.3474194,0.63472843,-2.2926657,-1.3119556
8850.0,1.2896794,0.57188904,-2.1746802,-1.3065014
8855.0,1.109358,0.5946673,-2.2243679,-1.0785694
8860.0,1.1914357,0.6553118,-2.3818967,-1.2227669
8865.0,1.2415026,0.7079437,-2.4319847,-1.2823445
8870.0,1.1705512,0.59869295,-2.1449566,-1.251322
8875.0,1.2036663,0.5609146,-2.2346942,-1.1975082
8880.0,1.1949519,0.561103,-2.1529207,-1.3573515
8885.0,1.0093431,0.38257313,-1.9634334,-1.0235747
8890.0,1.1465088,0.6885794,-2.54156,-1.0467463
8895.0,1.2164826,0.70582646,-2.369724,-1.2184031
8900.0,1.2450358,0.70366365,-2.4334025,-1.2720377
8905.0,1.2254373,0.5379568,-2.278682,-1.0628421
8910.0,1.2378374,0.5520394,-2.1882977,-1.3542004
8915.0,1.1874801,0.52477604,-2.0174787,-1.3439649
8920.0,1.2998961,0.54543173,-2.270274,-1.2200946
8925.0,1.1816735,0.66152364,-2.2649035,-1.299627
8930.0,1.2063314,0.63642997,-2.4538918,-1.183991
8935.0,1.1932168,0.61266196,-2.1921382,-1.2490005
8940.0,1.2232631,0.50448895,-2.1342378,-1.2372495
8945.0,1.0263555,0.5715269,-2.0412834,-1.1672828
8950.0,1.1979185,0.6482086,-2.1354113,-1.2778059
8955.0,1.432306,0.66976243,-2.4571419,-1.375583
8960.0,1.2977402,0.5896224,-2.4700465,-1.2223189
8965.0,1.0769747,0.62922317,-2.1359587,-1.1709512
8970.0,1.1194836,0.6611296,-2.2337828,-1.2369491
8975.0,1.0281694,0.63601947,-2.1745522,-1.1119937
8980.0,1.027448,0.66433007,-2.1768672,-1.1196272
8985.0,1.2586225,0.5830859,-2.1803496,-1.314523
8990.0,1.4025357,0.5903412,-2.4101682,-1.3108184
8995.0,1.2290479,0.5515325,-2.3663955,-1.0854417
9000.0,1.1658705,0.5876721,-2.3107178,-1.0825431
9005.0,1.2356919,0.66481435,-2.3412464,-1.1813611
9010.0,1.2307376,0.6495083,-2.2294056,-1.3240297
9015.0,1.1719254,0.5336648,-2.1095684,-1.1722428
9020.0,0.96252245,0.49836183,-1.9910449,-1.1663594
9025.0,1.2601777,0.501123,-2.3144486,-1.2884417
9030.0,1.1463591,0.5864117,-2.2169142,-1.2094604
9035.0,1.0872215,0.54722935,-2.2551458,-1.02554
9040.0,1.3182338,0.6214764,-2.4772568,-1.2689568
9045.0,1.3033385,0.61178434,-2.3879404,-1.2797378
9050.0,1.1324309,0.59530246,-2.2286665,-1.1503044
9055.0,1.240342,0.705581,-2.44743,-1.2511858
9060.0,1.0095135,0.56578225,-2.231782,-1.1006032
9065.0,1.1030405,0.6112081,-2.219813,-1.1176776
9070.0,1.3584043,0.5497365,-2.429693,-1.2221743
9075.0,1.2110621,0.591681,-2.3913362,-1.1328578
9080.0,1.1921321,0.6120337,-2.1594522,-1.1886739
9085.0,1.3574295,0.5305536,-2.6279805,-1.0345825
9090.0,1.0726396,0.5513254,-2.0836532,-1.1584334
9095.0,1.0719879,0.6497216,-2.1709125,-1.1607286
9100.0,1.1063589,0.55510724,-2.225405,-1.2089416
9105.0,1.0860847,0.53940094,-2.181712,-1.0084736
9110.0,1.0506012,0.6096313,-2.08199,-1.1626668
9115.0,1.0877194,0.5241513,-2.195796,-1.184694
9120.0,1.1896574,0.641904,-2.3021953,-1.2071346
9125.0,1.0725908,0.60122186,-2.1066556,-1.1110469
9130.0,1.3862826,0.54506826,-2.3778172,-1.2915485
9135.0,1.0547606,0.6740489,-2.254594,-1.0641166
9140.0,1.1976844,0.6910891,-2.2357023,-1.2095687
9145.0,1.1158086,0.66241115,-2.2187536,-1.1934884
9150.0,1.0159588,0.5998826,-2.1440392,-1.0846663
9155.0,1.0010979,0.60983425,-2.0642664,-1.2598903
9160.0,1.4860669,0.64801645,-2.6090758,-1.3886001
9165.0,1.125695,0.7235775,-2.361423,-1.049165
9170.0,1.3729249,0.70912504,-2.5014307,-1.3477378
9175.0,1.3476849,0.4862798,-2.2831879,-1.213386
9180.0,1.0563358,0.54067194,-2.15253,-1.0742918
9185.0,1.0568498,0.50448483,-2.0149524,-1.1977103
9190.0,1.2592505,0.38915414,-2.2619457,-1.1648259
9195.0,1.1081171,0.68379813,-2.2441993,-1.1759807
9200.0,1.3469255,0.6488261,-2.4488733,-1.3707719
9205.0,1.1228961,0.5013125,-2.054491,-1.1773465
9210.0,1.0342972,0.615082,-2.1877282,-1.0486321
9215.0,1.3392383,0.55136317,-2.4062178,-1.2160852
9220.0,1.3491079,0.5533822,-2.4283757,-1.1925036
9225.0,1.2404175,0.50571305,-2.356914,-1.0689362
9230.0,1.2927088,0.5269642,-2.305612,-1.0982987
9235.0,1.198768,0.51811653,-2.3584301,-1.0866032
9240.0,1.0560142,0.5905195,-2.0273852,-1.0852442
9245.0,1.3660883,0.67731285,-2.3972747,-1.2845289
9250.0,1.2570425,0.59737194,-2.30619,-1.1049877
9255.0,1.1458219,0.6516327,-2.389622,-1.0827689
9260.0,1.0968268,0.5026798,-2.1469142,-1.0642047
9265.0,1.2330259,0.55790657,-2.3557644,-1.0995142
9270.0,1.0737576,0.56806636,-2.1346822,-1.0994552
9275.0,1.0298289,0.61072946,-2.231685,-1.0178058
9280.0,1.3036155,0.5063299,-2.1878579,-1.2644296
9285.0,1.1085042,0.48061875,-2.174531,-1.0992142
9290.0,1.294046,0.723793,-2.4421315,-1.275901
9295.0,1.1120303,0.5421146,-2.332799,-1.0251564
9300.0,1.0939623,0.5038832,-2.1454234,-1.0313399
9305.0,1.1209768,0.56610274,-2.164143,-1.2013412
9310.0,1.3187925,0.42147467,-2.3326771,-1.1094643
9315.0,1.2510871,0.47907925,-2.4209013,-1.0470548
9320.0,1.2615789,0.5827201,-2.2990777,-1.1257894
9325.0,1.231405,0.6274357,-2.3621588,-1.161517
9330.0,1.2190672,0.60783905,-2.348459,-1.2041907
9335.0,1.0148304,0.507036,-1.9817195,-1.1840657
9340.0,1.0808625,0.45227125,-2.0862207,-1.1558117
9345.0,1.2636003,0.51805425,-2.2292848,-1.2657337
9350.0,0.9375557,0.5067857,-2.1035235,-1.0128565
9355.0,1.1234018,0.75606596,-2.2125633,-1.335284
9360.0,1.3136874,0.6809501,-2.693035,-1.1015298
9365.0,1.1301485,0.6514879,-2.2466412,-1.1777161
9370.0,1.0299319,0.38717243,-2.070868,-0.9955186
9375.0,1.1921996,0.4854529,-2.1473038,-1.0473183
9380.0,0.96150106,0.5455732,-1.9361062,-1.1060809
9385.0,1.1898628,0.5150247,-2.187334,-1.1552206
9390.0,1.115429,0.5074944,-2.1658099,-1.0580506
9395.0,1.2492996,0.68299246,-2.459404,-1.2947886
9400.0,1.1714743,0.5933517,-2.1701186,-1.2946569
9405.0,1.2413148,0.58977413,-2.3146484,-1.1365595
9410.0,1.0278813,0.42667362,-1.9198736,-1.195866
9415.0,1.237516,0.62925017,-2.3441532,-1.271015
9420.0,0.97479606,0.54789734,-2.0069168,-1.161622
9425.0,1.2759645,0.52622104,-2.3861,-1.1589724
9430.0,1.3188848,0.64026344,-2.3048613,-1.3053738
9435.0,1.1438512,0.5474226,-2.2245407,-1.1429539
9440.0,1.0403893,0.5777085,-2.0248444,-1.200721
9445.0,1.1453447,0.48768264,-2.266235,-1.0467826
9450.0,1.0927135,0.5359656,-2.1023378,-1.1252334
9455.0,1.2656596,0.40805525,-2.240721,-1.1834706
9460.0,1.0559617,0.6247201,-2.1177676,-1.2193555
9465.0,1.1365011,0.69207954,-2.3173158,-1.1662589
9470.0,1.0811554,0.6355881,-2.126851,-1.2046533
9475.0,1.0856469,0.5517226,-2.1810615,-1.0868882
9480.0,1.1545967,0.41272035,-2.1456769,-1.0951059
9485.0,1.526218,0.47540283,-2.5520453,-1.2629051
9490.0,1.2832627,0.58206487,-2.4048104,-1.0894053
9495.0,1.171405,0.5863027,-2.1415608,-1.2809011
9500.0,1.3334779,0.6934264,-2.4682758,-1.3259547
9505.0,1.0867006,0.6049958,-2.3339875,-1.1789708
9510.0,1.1788,0.5362122,-2.1611476,-1.2228835
9515.0,1.3599048,0.5615232,-2.338434,-1.234344
9520.0,1.3474729,0.57199776,-2.3175027,-1.1856412
9525.0,1.2110528,0.5544869,-2.3759997,-1.0721122
9530.0,1.2204206,0.64030486,-2.4275591,-1.1350003
9535.0,1.1253337,0.6401154,-2.3167124,-1.2043228
9540.0,1.2463955,0.63911414,-2.3147771,-1.216691
9545.0,1.159177,0.29913872,-1.9561347,-1.0522025
9550.0,0.97571385,0.3973705,-2.0264614,-0.97341436
9555.0,1.3520409,0.33467895,-2.3945777,-1.0701178
9560.0,0.88301474,0.35953295,-2.1050322,-0.9371035
9565.0,1.1437198,0.7783756,-2.3598506,-1.2094808
9570.0,1.454716,0.80468786,-2.936177,-1.1739184
9575.0,1.4766365,0.47646037,-2.6179028,-1.0752788
9580.0,1.2254287,0.5469659,-2.445237,-1.013805
9585.0,1.1641706,0.4036482,-2.3330042,-0.88335174
9590.0,0.9912342,0.34871414,-2.2699625,-0.9008532
9595.0,1.1095828,0.467631,-2.1637244,-1.0503645
9600.0,1.3340378,0.7849083,-2.620269,-1.2656054
9605.0,1.336985,0.74101317,-2.6518197,-1.257805
9610.0,1.0935538,0.62203485,-2.2962325,-1.130988
9615.0,0.9781361,0.6761906,-2.1803405,-1.1480643
9620.0,1.1834975,0.5855532,-2.183734,-1.2193173
9625.0,1.2984742,0.5345714,-2.3461332,-1.1828746
9630.0,1.1448295,0.433222,-2.1794505,-1.025602
9635.0,1.4153931,0.6116759,-2.4084508,-1.3483293
9640.0,1.2174428,0.62265915,-2.3372998,-1.1592
9645.0,1.1693009,0.5590756,-2.06792,-1.2599305
9650.0,1.0605735,0.5351567,-2.1697378,-1.0931288
9655.0,0.9211001,0.51716703,-2.0198321,-1.1120723
9660.0,1.3123426,0.51621985,-2.2949064,-1.2473695
9665.0,1.2119908,0.5416578,-2.4284723,-1.0510134
9670.0,1.436524,0.71734387,-2.6585727,-1.2531775
9675.0,1.3842102,0.71328956,-2.6150475,-1.2921829
9680.0,1.2937671,0.6511893,-2.4989903,-1.0539569
9685.0,1.2208055,0.53740644,-2.3057077,-1.1839569
9690.0,1.2242908,0.5197194,-2.3745396,-1.1424248
9695.0,1.10844,0.5658772,-2.1324844,-1.1501281
9700.0,1.2434063,0.6726202,-2.3196888,-1.328263
9705.0,1.3900701,0.67680645,-2.7018964,-1.1911465
9710.0,1.4277939,0.67202544,-2.6218014,-1.249845
9715.0,1.4165651,0.6661702,-2.627331,-1.2803032
9720.0,1.1758157,0.5589695,-2.259977,-1.1179109
9725.0,1.2222377,0.5378815,-2.264873,-1.24089
9730.0,1.036523,0.346963,-1.9768391,-0.8726585
9735.0,1.3773497,0.6405102,-2.4265568,-1.3299508
9740.0,1.3111621,0.6998222,-2.4127028,-1.2815487
9745.0,1.5012392,0.71412915,-2.9701066,-1.1991038
9750.0,1.3830895,0.73386264,-2.5560653,-1.3081053
9755.0,1.2450379,0.5686876,-2.2494996,-1.2551824
9760.0,1.1202265,0.32656962,-2.1489604,-0.905538
9765.0,0.94445765,0.48396283,-1.9807365,-1.098896
9770.0,1.0254269,0.59753287,-2.1837995,-1.1545932
9775.0,1.5186881,0.7547235,-2.750522,-1.3325329
9780.0,1.3115567,0.7264516,-2.514972,-1.2425094
9785.0,1.0841492,0.55379003,-2.134591,-1.1675086
9790.0,1.100417,0.48375088,-2.2868097,-0.96322507
9795.0,1.1559383,0.6190199,-2.2915852,-1.1898414
9800.0,0.93765265,0.59096044,-2.0861232,-1.0869724
9805.0,1.3104163,0.6607764,-2.2805696,-1.329338
9810.0,0.952297,0.57410157,-1.9884571,-1.1477499
9815.0,1.021064,0.6371168,-2.071499,-1.092396
9820.0,1.21946,0.71560735,-2.3273952,-1.2838013
9825.0,1.3802047,0.6415359,-2.5580199,-1.3457481
9830.0,1.0827941,0.5412931,-2.1164782,-1.1390281
9835.0,1.0444945,0.5195777,-1.9474484,-1.1347492
9840.0,1.1344742,0.6865693,-2.1818297,-1.3576342
9845.0,1.02866,0.6088189,-2.2156768,-1.0000093
9850.0,1.236013,0.63127536,-2.2421892,-1.3566167
9855.0,1.4965124,0.55885965,-2.5231116,-1.2951275
9860.0,1.1777512,0.67627704,-2.2302067,-1.3139145
9865.0,1.0524565,0.64161,-2.17186,-1.1470551
9870.0,1.3159746,0.71493864,-2.459488,-1.2913865
9875.0,1.1387107,0.6692456,-2.3528638,-1.1346788
9880.0,1.1321175,0.5459012,-2.2491043,-1.0453769
9885.0,1.1875376,0.31555372,-2.1664784,-1.0081543
9890.0,1.2656162,0.4908916,-2.3453696,-1.0944728
9895.0,0.9091948,0.5311651,-2.0464344,-1.0181836
9900.0,1.0448908,0.71338946,-2.215809,-1.21607
9905.0,1.1997231,0.7211411,-2.4175172,-1.2589346
9910.0,1.2190988,0.69462526,-2.4074812,-1.1902275
9915.0,1.5521687,0.4120547,-2.3949044,-1.2290344
9920.0,1.0317198,0.35752833,-2.0414593,-1.035591
9925.0,0.7684898,0.5367815,-1.7651823,-1.1145281
9930.0,1.4519565,0.75647986,-2.75405,-1.3626524
9935.0,1.1919645,0.71131706,-2.512156,-1.2340889
9940.0,1.1703223,0.67688596,-2.3462713,-1.2747589
9945.0,1.2360888,0.5678525,-2.2832406,-1.1901466
9950.0,1.0452079,0.40271547,-2.3026588,-0.8466701
9955.0,1.107217,0.57975495,-2.248726,-1.1325622
9960.0,1.6798582,0.60279584,-2.6657517,-1.3919159
9965.0,1.3510748,0.484339,-2.4740849,-1.1366278
9970.0,1.1798798,0.44524795,-2.1826618,-1.0052599
9975.0,1.0548972,0.5505802,-2.1634622,-1.033904
9980.0,1.3572177,0.63237524,-2.4318607,-1.1642247
9985.0,1.1142955,0.65940547,-2.2307916,-1.2548488
9990.0,1.3970382,0.68885005,-2.5483477,-1.3176296
9995.0,1.3402104,0.58254933,-2.5257816,-1.1965764
10000.0,1.2598972,0.56957114,-2.4255817,-1.0544834
10005.0,1.2072859,0.54147595,-2.2279563,-1.1841389
10010.0,1.3894212,0.56388927,-2.478923,-1.1952732
10015.0,1.0284655,0.5438539,-1.9088694,-1.2046334
10020.0,1.2722074,0.5865077,-2.181218,-1.2219818
10025.0,1.117472,0.6024929,-2.24144,-1.1356043
10030.0,1.2159868,0.68033975,-2.4433298,-1.2581848
10035.0,1.2762077,0.64552605,-2.3827655,-1.2970524
10040.0,1.4259504,0.720772,-2.5358825,-1.3873067
10045.0,1.3038552,0.5976877,-2.4088755,-1.1721354
10050.0,1.0472449,0.5889653,-2.1809573,-1.1596066
10055.0,1.2154781,0.5217726,-2.3457255,-1.1626132
10060.0,1.14377,0.62788904,-2.3602617,-1.2382901
10065.0,1.1289774,0.57737887,-2.1668546,-1.1905919
10070.0,1.3657192,0.6391398,-2.527817,-1.0851995
10075.0,1.4541585,0.62559515,-2.7121289,-1.223081
10080.0,1.2828852,0.6604122,-2.5328429,-1.1915708
10085.0,1.52822,0.5540629,-2.588175,-1.3542792
10090.0,1.3254064,0.3991052,-2.2179646,-1.1793287
10095.0,0.78726566,0.4833272,-1.8438027,-1.0508003
10100.0,1.1202703,0.6233599,-2.2276516,-1.2097406
10105.0,1.1859118,0.6565193,-2.419805,-1.1127166
10110.0,1.1099421,0.65193844,-2.304951,-1.1755788
10115.0,1.4021518,0.56150734,-2.3808296,-1.3915695
10120.0,1.2419411,0.41110918,-2.2052891,-1.1948843
10125.0,0.81333727,0.5876173,-1.9276168,-1.0543681
10130.0,1.3059773,0.64103955,-2.3440545,-1.3030324
10135.0,1.35819,0.6498815,-2.4118583,-1.283607
10140.0,1.1942767,0.80316854,-2.4222143,-1.3593744
10145.0,1.1413312,0.63735926,-2.3629994,-1.1277304
10150.0,1.1925639,0.5901302,-2.3588545,-1.1822276
10155.0,0.8712364,0.5501973,-1.9127642,-1.0489535
10160.0,1.1645457,0.51625824,-2.1747835,-1.2224491
10165.0,1.1259387,0.5984639,-2.2385316,-1.2098464
10170.0,1.199091,0.5220528,-2.3456342,-1.063822
10175.0,1.0873312,0.545709,-2.2741456,-1.0053145
10180.0,0.97223747,0.6850257,-2.1654437,-1.2817806
10185.0,1.1166128,0.6612699,-2.3612652,-1.0739292
10190.0,1.215393,0.6914152,-2.4506958,-1.1716735
10195.0,1.0959452,0.5050309,-2.1083865,-1.0999324
10200.0,1.0844434,0.45277214,-2.1273077,-1.037338
10205.0,0.9204389,0.47347468,-2.0345182,-1.0280225
10210.0,0.87885857,0.603387,-2.0645485,-1.1232514
10215.0,1.23919,0.58305216,-2.4408152,-1.2001487
10220.0,1.2566322,0.68788075,-2.3456626,-1.3050565
10225.0,0.94636106,0.59983146,-2.0652256,-1.1370045
10230.0,1.158581,0.49332732,-2.2548368,-0.9923825
10235.0,1.18326,0.516782,-2.2051904,-1.1464167
10240.0,1.2154206,0.6656265,-2.3916852,-1.2070254
10245.0,1.032189,0.6757541,-2.3210979,-1.1013126
10250.0,1.2526165,0.6726167,-2.375717,-1.3026971
10255.0,1.085102,0.6728652,-2.1786842,-1.2432334
10260.0,1.0447958,0.45942912,-2.1488311,-0.98137784
10265.0,1.3261482,0.48807156,-2.3398693,-1.2013094
10270.0,1.2530812,0.68938875,-2.465503,-1.1449465
10275.0,1.075767,0.7236723,-2.3347542,-1.0837104
10280.0,1.0492349,0.5662882,-2.085773,-1.2112857
10285.0,1.1927761,0.56442964,-2.3494089,-1.08476
10290.0,1.158179,0.51143813,-2.1724918,-1.1760782
10295.0,1.2987942,0.44310364,-2.2378411,-1.2229998
10300.0,1.2014279,0.6785993,-2.3880987,-1.2002107
10305.0,1.3485488,0.6936307,-2.4707186,-1.3298051
10310.0,1.3423609,0.6985892,-2.5851462,-1.2952231
10315.0,1.2494489,0.50897396,-2.3818767,-1.0401797
10320.0,1.2240483,0.5543724,-2.3286545,-1.0715108
10325.0,1.1115263,0.39682722,-2.0445454,-1.0087678
10330.0,1.1793467,0.34868538,-1.8863395,-1.0930095
10335.0,1.0903063,0.7485323,-2.253301,-1.1867449
10340.0,1.2517916,0.6084904,-2.4110987,-1.1691521
10345.0,1.0034478,0.5798125,-2.1798067,-1.0741088
10350.0,1.1934227,0.64680374,-2.293564,-1.2419045
10355.0,1.0052146,0.4487425,-2.0120416,-1.0644784
10360.0,1.2667743,0.37406147,-2.231303,-1.1620256
10365.0,0.99036384,0.5157979,-2.1933064,-1.1318141
10370.0,1.3990849,0.7110281,-2.4215739,-1.4267167
10375.0,1.107622,0.5689062,-2.2659974,-1.0922081
10380.0,1.2004138,0.6282362,-2.4265606,-1.1795107
10385.0,1.3418676,0.5798615,-2.4776826,-1.1674109
10390.0,1.1782526,0.41277117,-2.261525,-0.9827756
10395.0,0.97941566,0.44665897,-2.0763173,-1.0507886
10400.0,1.1124648,0.5767231,-2.0486197,-1.2131574
10405.0,1.1243775,0.71147776,-2.3298793,-1.1817157
10410.0,1.0940937,0.5090413,-2.06896,-1.2031732
10415.0,1.3618568,0.6815157,-2.5329041,-1.216569
10420.0,1.1082838,0.5212072,-2.1502645,-1.0729709
10425.0,1.0392249,0.48101938,-2.1072717,-1.0290684
10430.0,1.1553156,0.5696032,-2.1981683,-1.1703954
10435.0,1.2551459,0.8124825,-2.4452903,-1.3076519
10440.0,1.3845357,0.68546534,-2.4141216,-1.4023093
10445.0,1.3125261,0.5427121,-2.4003124,-1.1492709
10450.0,1.1784581,0.5852257,-2.2007258,-1.1718209
10455.0,0.9782187,0.4906733,-1.9874419,-1.0954818
10460.0,1.1030247,0.58136266,-2.18746,-1.0859233
10465.0,1.0986683,0.6111468,-2.2228823,-1.143883
10470.0,1.4294405,0.5816692,-2.4959114,-1.3113154
10475.0,1.2446226,0.6836969,-2.2590005,-1.3609881
10480.0,1.234989,0.58387125,-2.4023767,-1.0440167
10485.0,1.1601095,0.5910007,-2.1451738,-1.174939
10490.0,1.0908947,0.4528009,-2.1154792,-0.9858225
10495.0,0.996318,0.41859388,-2.0611198,-1.0144627
10500.0,1.126843,0.59771425,-2.2582867,-1.1393896
10505.0,1.0858287,0.6252624,-2.2056544,-1.178586
10510.0,1.328626,0.72573555,-2.4953008,-1.3069315
10515.0,1.4228228,0.6958223,-2.4727106,-1.4250574
10520.0,1.1736133,0.59726524,-2.073666,-1.2914665
10525.0,1.0757751,0.46389824,-2.2092724,-1.0806304
10530.0,0.8876282,0.57719094,-1.9861808,-1.0482184
10535.0,1.1473552,0.58331406,-2.225232,-1.1432192
10540.0,1.1172217,0.66125715,-2.3681564,-1.1337457
10545.0,1.2069188,0.5872164,-2.2522447,-1.2206281
10550.0,1.0051299,0.62730414,-2.139207,-1.1405532
10555.0,1.3060666,0.59289485,-2.4162624,-1.1965673
10560.0,1.0666194,0.47384623,-1.9478287,-1.1894065
10565.0,1.1241618,0.5246339,-2.075008,-1.1351305
10570.0,1.1929711,0.6260294,-2.2616565,-1.239899
10575.0,1.1658608,0.63788164,-2.2585065,-1.2537527
10580.0,1.1074739,0.5433608,-2.1779575,-1.0435647
10585.0,1.335654,0.54185355,-2.1981676,-1.2854381
10590.0,0.8333383,0.52491814,-1.7491323,-1.1507319
10595.0,0.9909769,0.5894394,-2.0609832,-1.1582253
10600.0,1.0868498,0.65842247,-2.2118828,-1.2249196
10605.0,1.1019138,0.6369597,-2.2790782,-1.178721
10610.0,1.3504863,0.66776335,-2.362509,-1.3472295
10615.0,1.3879362,0.55547893,-2.3652515,-1.2252369
10620.0,1.067217,0.57651,-2.212642,-1.0694523
10625.0,1.1960754,0.560567,-2.1805482,-1.0919325
10630.0,0.99253213,0.49672285,-2.0332212,-1.1031297
10635.0,1.0087107,0.5888475,-2.2042572,-1.0917215
10640.0,1.0891473,0.66389954,-2.187391,-1.1783627
10645.0,1.2434975,0.5829873,-2.2526083,-1.2712258
10650.0,1.1840619,0.637888,-2.4232063,-1.152154
10655.0,1.0750751,0.6472294,-2.160178,-1.141436
10660.0,1.0035653,0.51981306,-2.1473536,-1.0351348
10665.0,1.1604203,0.66316915,-2.2820184,-1.1093781
10670.0,0.9953766,0.6803402,-2.102845,-1.1953773
10675.0,1.2491026,0.63228,-2.3673322,-1.1817094
10680.0,1.1373409,0.6266806,-2.156694,-1.2965525
10685.0,1.1865356,0.57050437,-2.2043874,-1.1417972
10690.0,1.1287721,0.59264195,-2.2012448,-1.2201916
10695.0,1.1134958,0.56787825,-2.2575781,-1.0564454
10700.0,1.3406368,0.6057969,-2.4061086,-1.2437034
10705.0,1.238741,0.5760929,-2.3483236,-1.2348564
10710.0,1.0878241,0.6059581,-2.0582252,-1.177793
10715.0,1.2160996,0.4393641,-2.2860982,-1.1571289
10720.0,1.1714325,0.47736782,-2.1004179,-1.1677663
10725.0,1.2948904,0.583518,-2.4472716,-1.1726079
10730.0,1.3882518,0.57276046,-2.5519497,-1.3338753
10735.0,1.2281047,0.67355955,-2.4676301,-1.1462396
10740.0,1.0672287,0.5836404,-2.1648877,-1.0232215
10745.0,1.4242259,0.57885015,-2.463105,-1.2874825
10750.0,1.15173,0.5552964,-2.2645442,-1.1269965
10755.0,1.2808908,0.5980529,-2.3320746,-1.2141432
10760.0,1.3914887,0.57475936,-2.2925475,-1.3818628
10765.0,0.7946309,0.59256846,-1.892052,-0.9691628
10770.0,1.1778859,0.6815251,-2.3181694,-1.1715646
10775.0,1.1598016,0.63853246,-2.2926037,-1.2184685
10780.0,1.1531914,0.6246809,-2.2161865,-1.1203651
10785.0,1.0885944,0.6251357,-2.232099,-1.2341138
10790.0,1.0558482,0.48366848,-2.1101758,-1.0519329
10795.0,1.0061882,0.4833178,-1.9351678,-1.2000024
10800.0,0.91051155,0.61388296,-2.0508828,-1.0756313
10805.0,1.0070843,0.62986064,-2.1159449,-1.1006715
10810.0,1.1187204,0.6229894,-2.1985574,-1.2126637
10815.0,1.2347943,0.60960335,-2.350355,-1.2272253
10820.0,1.0164434,0.54219115,-2.1457906,-1.042592
10825.0,1.3595301,0.57836014,-2.3642025,-1.3726425
10830.0,1.0248963,0.6106073,-2.235924,-1.0413897
10835.0,1.1677376,0.66176546,-2.3175347,-1.1187006
10840.0,1.2485498,0.5742952,-2.4361262,-1.225803
10845.0,1.3058375,0.55313516,-2.347441,-1.268455
10850.0,1.1109798,0.42433235,-2.1543884,-1.064462
10855.0,1.391831,0.5497063,-2.3286095,-1.3326479
10860.0,0.9891747,0.5935162,-2.1312687,-1.0685369
10865.0,1.2049757,0.73978645,-2.3639886,-1.2000946
10870.0,1.2856292,0.61223066,-2.466101,-1.1869092
10875.0,1.2500005,0.5569664,-2.3411639,-1.1311629
10880.0,1.2686213,0.62992823,-2.5085928,-1.2107203
10885.0,1.2647897,0.68297005,-2.5166988,-1.2295245
10890.0,1.0496216,0.62384653,-2.2115557,-1.1324285
10895.0,1.293324,0.58696014,-2.2835124,-1.2608984
10900.0,1.2123038,0.5530729,-2.1962318,-1.164074
10905.0,1.2570254,0.6729036,-2.381323,-1.2750894
10910.0,1.1739296,0.57939804,-2.3546288,-1.1589899
10915.0,0.90095353,0.6588069,-2.1423783,-1.1179483
10920.0,1.1987864,0.6388068,-2.3215828,-1.1482643
10925.0,1.3400346,0.6188439,-2.4703605,-1.234758
10930.0,1.2254795,0.6257212,-2.291724,-1.1952667
10935.0,1.1830288,0.5125482,-2.1614106,-1.1632576
10940.0,1.1458766,0.49020666,-2.1915588,-1.0578325
10945.0,1.051815,0.6676698,-2.190444,-1.1950202
10950.0,1.45548,0.6889857,-2.788063,-1.2033737
10955.0,1.5668484,0.7297185,-2.7796333,-1.4118124
10960.0,1.4767374,0.7416893,-2.6408923,-1.3943396
10965.0,0.9963138,0.5166516,-2.0711517,-1.0846403
10970.0,1.1115297,0.43650728,-2.085688,-1.1078873
10975.0,1.2025034,0.6277039,-2.3697531,-1.1702163
10980.0,1.3623573,0.6467186,-2.6094682,-1.2383398
10985.0,1.3233948,0.760604,-2.491648,-1.3460069
10990.0,1.2490594,0.7667899,-2.487277,-1.3226848
10995.0,0.9941442,0.6392257,-2.1620052,-1.1361551
11000.0,1.1001037,0.5508933,-2.2749588,-1.1458108
11005.0,1.1547107,0.4808041,-2.1915278,-1.1090671
11010.0,1.089243,0.42069843,-2.0515075,-1.1496711
11015.0,1.0240812,0.51967615,-2.0608826,-1.0419034
11020.0,1.1738592,0.7335151,-2.4148347,-1.293195
11025.0,1.1721687,0.6112354,-2.3644893,-1.230859
11030.0,1.1335373,0.4694925,-2.21132,-1.073583
11035.0,1.0845296,0.40894538,-2.0979698,-1.085353
11040.0,0.97254354,0.26663435,-2.1339505,-0.861056
11045.0,1.1550549,0.6217144,-2.4588819,-1.0081924
11050.0,1.4870241,0.79558146,-2.9423802,-1.1961734
11055.0,1.3650469,0.64688706,-2.7205763,-1.1262974
11060.0,1.2337866,0.46812516,-2.3591454,-1.0584675
11065.0,0.9630521,0.421934,-2.1566057,-0.8965789
11070.0,0.90222394,0.32166848,-2.135775,-0.8775787
11075.0,1.1201763,0.61521685,-2.2004213,-1.2719498
11080.0,1.4785393,0.83953255,-2.7835908,-1.3295752
11085.0,1.4169407,0.800833,-2.7694561,-1.2235146
11090.0,1.2806753,0.8293675,-2.6703658,-1.2870889
11095.0,1.2250491,0.5745009,-2.3211188,-1.2031757
11100.0,1.1579713,0.5254911,-2.1832657,-1.1186544
11105.0,0.94333583,0.23918064,-1.8487082,-0.92564523
11110.0,1.247729,0.6295649,-2.263625,-1.1824138
11115.0,1.28163,0.7044851,-2.281132,-1.3771385
11120.0,1.2306737,0.65795934,-2.4082081,-1.1685303
11125.0,1.285458,0.49495125,-2.2146506,-1.2752112
11130.0,1.2787012,0.7016191,-2.4050276,-1.2637706
11135.0,1.2548261,0.5537941,-2.4983835,-1.083899
11140.0,1.2183341,0.6586693,-2.253877,-1.261026
11145.0,1.1373576,0.676584,-2.117958,-1.3020291
11150.0,1.2103912,0.5897419,-2.3583937,-1.0891557
11155.0,1.1076399,0.505273,-2.1088407,-1.1438763
11160.0,1.0883677,0.4295865,-2.0797203,-1.0352261
11165.0,1.1896921,0.61881196,-2.3020394,-1.3123796
11170.0,1.1736541,0.68644077,-2.403445,-1.1098534
11175.0,1.1936489,0.71991706,-2.3644433,-1.2781055
11180.0,1.3110784,0.66491723,-2.5259762,-1.2079905
11185.0,1.1491234,0.42161268,-2.0576544,-1.0984142
11190.0,0.8187295,0.39216584,-1.849672,-0.9580926
11195.0,0.95566535,0.5522802,-2.060814,-1.1128759
11200.0,1.2325867,0.7212367,-2.3420346,-1.2970526
11205.0,1.312199,0.7510778,-2.5222259,-1.3134704
11210.0,1.1161093,0.60680073,-2.446321,-1.0724218
11215.0,1.1897405,0.3814045,-2.0621498,-1.1854012
11220.0,0.97401136,0.5218678,-2.141759,-0.9676383
11225.0,1.2758738,0.56941795,-2.5656831,-1.1241668
11230.0,1.194366,0.6165014,-2.2798705,-1.2122161
11235.0,1.2612693,0.516759,-2.1961205,-1.1519876
11240.0,1.2276275,0.42186144,-2.2398064,-1.0045978
11245.0,1.104953,0.44545883,-2.2206764,-0.9573027
11250.0,1.1014844,0.6118403,-2.2290282,-1.1612642
11255.0,1.3353959,0.69466865,-2.351593,-1.3919129
11260.0,1.1040539,0.6854131,-2.256341,-1.1595681
11265.0,1.0711092,0.598066,-2.0744104,-1.2023178
11270.0,1.1941005,0.69032764,-2.3773391,-1.2024568
11275.0,1.1223543,0.6466147,-2.3120365,-1.1163329
11280.0,1.173191,0.59581715,-2.2788522,-1.2508636
11285.0,1.0465325,0.41693756,-1.9347861,-1.104572
11290.0,0.86907446,0.49484298,-2.0259485,-0.8960571
11295.0,1.0719873,0.6406666,-2.084885,-1.2276163
11300.0,1.2627102,0.63269365,-2.4218333,-1.303874
11305.0,1.2503741,0.7221818,-2.340692,-1.3135414
11310.0,1.3623726,0.56697595,-2.4895523,-1.2889745
11315.0,1.3543948,0.28275967,-2.2036088,-1.0209696
11320.0,0.91144747,0.5754778,-1.8677889,-1.1758406
11325.0,1.2197722,0.6712615,-2.3032281,-1.3051097
11330.0,1.2169107,0.6631576,-2.4831498,-1.1752652
11335.0,1.4175392,0.7073072,-2.5196974,-1.3743365
11340.0,1.481529,0.5546947,-2.4478996,-1.3763177
11345.0,1.0701185,0.36615062,-2.1635628,-0.91218865
11350.0,1.0725106,0.5423365,-2.1661694,-1.0495955
11355.0,1.3409189,0.61495394,-2.286954,-1.3173865
11360.0,1.131648,0.6731155,-2.3014188,-1.2309517
11365.0,1.1512116,0.66373193,-2.4420648,-1.1242932
11370.0,1.449307,0.64544106,-2.5435803,-1.329809
11375.0,1.0482966,0.61310524,-2.3045368,-1.150485
11380.0,1.3387475,0.5607431,-2.2536676,-1.3237394
11385.0,1.0407851,0.4163876,-2.0713377,-1.0508785
11390.0,1.1142704,0.4644401,-2.068221,-1.11346
11395.0,1.1503804,0.6994016,-2.329159,-1.1425529
11400.0,1.4277223,0.73882824,-2.6671283,-1.3456587
11405.0,1.2388068,0.6855116,-2.5421505,-1.18553
11410.0,1.3891104,0.58537006,-2.4955711,-1.1879427
11415.0,1.2931967,0.44080925,-2.2852206,-1.0780785
11420.0,1.0197946,0.2484359,-2.0079474,-0.7948611
11425.0,1.0777856,0.58122253,-2.1907947,-1.088842
11430.0,1.4568022,0.70791495,-2.5979576,-1.3991456
11435.0,1.1145169,0.6236235,-2.2014768,-1.254061
11440.0,1.1743503,0.5530103,-2.2985823,-1.1547191
11445.0,1.1745156,0.44557372,-2.04094,-1.2062898
11450.0,1.19394,0.41098973,-2.177359,-0.9652634
11455.0,1.0142411,0.5393671,-2.0543103,-1.182555
11460.0,1.3051307,0.7279111,-2.4154372,-1.4310412
11465.0,1.2983522,0.32510322,-2.070238,-1.2222577
11470.0,1.027823,0.37924,-1.9642013,-1.0135086
11475.0,1.048532,0.20867178,-1.9802397,-0.92577857
11480.0,0.9357656,0.4681652,-2.041375,-1.0184057
11485.0,1.1237576,0.6785486,-2.3365858,-1.1934297
11490.0,1.2876803,0.74851716,-2.5765433,-1.2225434
11495.0,1.416214,0.5893085,-2.767525,-1.0347689
11500.0,1.148589,0.642504,-2.6454408,-0.9420764
11505.0,1.1694483,0.4420749,-2.390134,-0.97192645
11510.0,0.9234349,0.38709813,-2.1533723,-0.854836
11515.0,0.9335209,0.5065078,-2.013802,-1.1052195
11520.0,1.4350389,0.7569984,-2.7692006,-1.3415684
11525.0,1.4321939,0.76681995,-2.6785595,-1.2938676
11530.0,1.3095387,0.6314595,-2.4951224,-1.1367673
11535.0,0.99561775,0.6627197,-2.2625542,-1.0999438
11540.0,1.266392,0.70126677,-2.4920352,-1.2055506
11545.0,1.0767425,0.55564,-2.311464,-0.99297583
11550.0,1.2835475,0.5619182,-2.3017507,-1.2196513
11555.0,1.028143,0.52108496,-2.055862,-1.1190684
11560.0,1.0988488,0.5491841,-2.161392,-1.2229415
11565.0,0.95302385,0.6693591,-2.1847239,-1.0766042
11570.0,1.5764576,0.7949155,-2.7784784,-1.4683068
11575.0,1.095113,0.6432151,-2.2253125,-1.1829917
11580.0,0.8989153,0.34117335,-1.943811,-0.9278533
11585.0,0.88012,0.43382922,-1.8905607,-0.9033246
11590.0,1.2364339,0.5083944,-2.2816987,-1.1970112
11595.0,1.0453913,0.64394385,-2.220021,-1.0825187
11600.0,1.3735874,0.66809374,-2.4841282,-1.296444
11605.0,1.160071,0.68765926,-2.2312186,-1.2729529
11610.0,1.1000761,0.495506,-2.131605,-1.0595778
11615.0,1.0032166,0.6135936,-2.0257905,-1.1138854
11620.0,1.1514591,0.6444499,-2.4850528,-1.1352339
11625.0,1.0860428,0.5874941,-2.176336,-1.2084584
11630.0,1.2448137,0.6510545,-2.3236592,-1.3201509
11635.0,1.1577457,0.55914617,-2.2554536,-1.1425949
11640.0,1.2775966,0.64745367,-2.3282893,-1.2127858
11645.0,1.2848451,0.68540764,-2.4607196,-1.2869706
11650.0,1.207272,0.70273304,-2.5238605,-1.1053821
11655.0,1.3676549,0.38031554,-2.2096035,-1.3282034
11660.0,1.1508343,0.41669905,-2.2579324,-0.97899795
11665.0,0.97772807,0.65185946,-2.193373,-1.0796511
11670.0,1.4231807,0.7505998,-2.665786,-1.2828392
11675.0,1.3028797,0.63675475,-2.4920638,-1.3323027
11680.0,1.1329044,0.56945515,-2.1291742,-1.1534573
11685.0,1.2871472,0.54796517,-2.244482,-1.2862949
11690.0,1.0535824,0.4854979,-2.2017806,-0.9482865
11695.0,1.2085946,0.6965351,-2.4159825,-1.2413062
11700.0,1.2887168,0.6573169,-2.6155283,-1.1399258
11705.0,1.2632955,0.6005198,-2.5267696,-1.1615391
11710.0,1.2991079,0.578994,-2.381479,-1.2221231
11715.0,1.3630339,0.525372,-2.3304896,-1.3171436
11720.0,1.1683077,0.5302403,-2.1872444,-1.1387196
11725.0,1.0287874,0.50408745,-2.0228891,-1.1343828
11730.0,1.1350486,0.600891,-2.3281586,-1.1377842
11735.0,1.160791,0.5072336,-2.2224092,-1.2388657
11740.0,1.2237923,0.65770805,-2.4031394,-1.3676951
11745.0,1.3321232,0.5855754,-2.4130213,-1.3458004
11750.0,0.9774983,0.50545365,-2.0718865,-1.172793
11755.0,0.9383532,0.649458,-2.0972047,-1.1113497
11760.0,1.1181439,0.5977105,-2.189413,-1.2060134
11765.0,1.2384907,0.53433937,-2.2272785,-1.2551196
11770.0,1.2291747,0.5930711,-2.2839305,-1.2771436
11775.0,1.3197857,0.45534295,-2.2487586,-1.2108432
11780.0,0.70175034,0.38603044,-1.8397025,-0.8484854
11785.0,1.0064214,0.74769413,-2.2549314,-1.1451199
11790.0,1.1498884,0.6522645,-2.2801807,-1.2473873
11795.0,1.2115942,0.65350384,-2.4093723,-1.19949
11800.0,1.0982505,0.62955016,-2.1634572,-1.1501344
11805.0,1.50624,0.5944699,-2.771175,-1.1745528
11810.0,1.0956515,0.6148213,-2.411295,-1.0218309
11815.0,1.0022987,0.659945,-2.1381328,-1.1753201
11820.0,1.1575153,0.574088,-2.2162826,-1.105414
11825.0,1.1104616,0.73879856,-2.3587918,-1.2194567
11830.0,1.1163182,0.55759215,-2.1692817,-1.1269574
11835.0,1.4182909,0.5505177,-2.5075684,-1.2884178
11840.0,1.1865104,0.54498446,-2.2791326,-1.2067789
11845.0,1.0630924,0.6146226,-2.2271254,-1.0613881
11850.0,0.97318673,0.76357806,-2.2879903,-1.0477281
11855.0,1.3888081,0.63073754,-2.5766447,-1.2242703
11860.0,1.3314427,0.5699512,-2.421299,-1.1439068
11865.0,1.2278243,0.39536563,-2.1116903,-1.0919616
11870.0,1.0446421,0.462127,-2.191413,-1.0531795
11875.0,1.193185,0.67352813,-2.4592931,-1.1071967
11880.0,1.230218,0.7405033,-2.41892,-1.3612629
11885.0,1.1374068,0.6854882,-2.2774801,-1.1660013
11890.0,1.2068516,0.50970703,-2.2127025,-1.2307003
11895.0,1.1179672,0.28825516,-1.9362748,-1.0555205
11900.0,1.1747382,0.43146303,-2.1977906,-1.044533
11905.0,1.2798277,0.49009994,-2.4338648,-1.183806
11910.0,1.2294528,0.5602668,-2.412418,-1.2179443
11915.0,1.4095978,0.61663127,-2.418275,-1.3023987
11920.0,1.2134277,0.5980345,-2.3199556,-1.1568756
11925.0,1.0961816,0.48486772,-2.2103136,-1.0633112
11930.0,0.96323097,0.5312321,-2.3430185,-0.86769456
11935.0,1.1299967,0.47184736,-2.1960688,-1.1647012
11940.0,1.3278574,0.61644566,-2.4134965,-1.1741432
11945.0,1.2087799,0.62467086,-2.2879431,-1.2637689
11950.0,1.1280681,0.70116657,-2.2903125,-1.1257224
11955.0,1.403056,0.7562351,-2.5950267,-1.4281623
11960.0,1.2260462,0.65994275,-2.379625,-1.1751652
11965.0,1.2596971,0.5577218,-2.2917242,-1.2437634
11970.0,1.1232375,0.52667505,-2.1482615,-1.0443707
11975.0,1.1918261,0.5247942,-2.2091308,-1.1305785
11980.0,1.0623338,0.58941203,-2.1087418,-1.1772527
11985.0,1.5018305,0.4858852,-2.3507817,-1.4751649
11990.0,1.282291,0.5777661,-2.5306644,-1.1276245
11995.0,1.2146686,0.6307553,-2.4044316,-1.1648278
12000.0,1.1897181,0.5490439,-2.3349488,-1.0737306
12005.0,1.2392097,0.54609907,-2.3031337,-1.1223617
12010.0,1.0635754,0.34659624,-1.9809809,-0.9832597
12015.0,0.9913765,0.13848941,-1.7532285,-0.9641108
12020.0,0.9379523,0.49548644,-2.013024,-1.0251433
12025.0,1.2662234,0.82305086,-2.5105255,-1.216923
12030.0,1.2904824,0.76499873,-2.6884959,-1.1434181
12035.0,1.2990382,0.65611166,-2.5057003,-1.1794016
12040.0,1.238228,0.5474898,-2.3143947,-1.1834949
12045.0,1.1953286,0.22996743,-1.9612778,-1.0786725
12050.0,0.98255324,0.4574373,-2.0992084,-0.9542839
12055.0,1.2164403,0.7179859,-2.3826547,-1.26055
12060.0,1.1621221,0.7003949,-2.4750624,-1.1665546
12065.0,0.9724334,0.561412,-2.1474755,-1.0064386
12070.0,1.172098,0.3582366,-2.04937,-1.161415
12075.0,0.9783841,0.57665384,-2.1320446,-1.172843
12080.0,1.23633,0.5922131,-2.6761754,-0.96229213
12085.0,1.3885264,0.71732116,-2.6898754,-1.3722787
12090.0,1.0849006,0.65849674,-2.3300195,-1.2113633
12095.0,1.1733772,0.46222848,-2.2036982,-1.0463088
12100.0,0.93333083,0.33736855,-1.9056331,-1.0154549
12105.0,1.0681506,0.70217335,-2.2366145,-1.297933
12110.0,1.2967135,0.74782693,-2.5791662,-1.2793583
12115.0,1.387209,0.63375676,-2.593339,-1.1803885
12120.0,1.1895953,0.6083367,-2.3471057,-1.1086997
12125.0,1.261777,0.59374803,-2.4364507,-1.0826335
12130.0,1.187121,0.6302458,-2.110788,-1.3023924
12135.0,0.98228467,0.5538409,-2.1260486,-1.1399875
12140.0,1.0335449,0.5265693,-2.0466752,-1.1040671
12145.0,1.1515826,0.56572783,-2.4457185,-1.079279
12150.0,1.159388,0.5832236,-2.2506282,-1.1291109
12155.0,1.4630061,0.7915963,-2.5423453,-1.3674853
12160.0,1.0922521,0.5534444,-2.0724242,-1.1424294
12165.0,0.8916608,0.57383144,-2.0568268,-1.0702308
12170.0,1.2000617,0.4611876,-2.31666,-1.0747216
12175.0,1.1718091,0.3781884,-2.2261527,-0.9656641
12180.0,1.0383754,0.53336924,-2.0342867,-1.1233314
12185.0,1.1660892,0.55526406,-2.1702592,-1.1592996
12190.0,0.91651976,0.580244,-2.003753,-1.0436809
12195.0,1.1469364,0.7002671,-2.3157117,-1.1346972
12200.0,1.5051727,0.6950451,-2.911588,-1.1561626
12205.0,1.1101098,0.62127393,-2.4875505,-1.0033506
12210.0,1.1753855,0.6087816,-2.2755232,-1.1621869
12215.0,1.1285578,0.5816601,-2.1506805,-1.214433
12220.0,1.0626433,0.64706624,-2.3084366,-1.1383451
12225.0,1.3529525,0.71640676,-2.4136462,-1.4011011
12230.0,1.2875556,0.6573912,-2.3845978,-1.2149913
12235.0,1.168387,0.5594573,-2.33089,-1.1314545
12240.0,1.2058655,0.49476436,-2.1255095,-1.1861329
12245.0,1.3086797,0.31866333,-2.2805994,-0.9487906
12250.0,1.182041,0.6355288,-2.315344,-1.1518008
12255.0,1.200997,0.65007114,-2.4089663,-1.2020434
12260.0,1.2924336,0.728503,-2.7479217,-1.0891995
12265.0,1.2468698,0.5457884,-2.2812645,-1.1547031
12270.0,1.200373,0.4394048,-2.2161129,-1.0819246
12275.0,1.3887244,0.3135591,-2.3727233,-1.0099705
12280.0,1.2817526,0.5923895,-2.322442,-1.2220736
12285.0,1.1517183,0.5070387,-2.1697114,-1.1548038
12290.0,1.2720098,0.6109498,-2.6525805,-1.0168977
12295.0,1.2401483,0.6884817,-2.3047502,-1.2469147
12300.0,1.1692647,0.68502474,-2.4131646,-1.0232153
12305.0,1.2718183,0.62243134,-2.5549164,-1.1323562
12310.0,1.2591871,0.49312556,-2.326928,-1.1060522
12315.0,1.200195,0.43106562,-2.2447898,-1.0442303
12320.0,1.00411,0.59349,-2.34219,-0.9641086
12325.0,1.2128336,0.6392977,-2.3136125,-1.3535881
12330.0,1.1925997,0.8021909,-2.4873004,-1.2188112
12335.0,1.4057251,0.59159696,-2.5519006,-1.194653
12340.0,1.202461,0.56029713,-2.296004,-1.1369852
12345.0,1.170678,0.6663062,-2.2892802,-1.208107
12350.0,1.1897529,0.6935968,-2.3686748,-1.3245808
12355.0,1.1256192,0.6626103,-2.291073,-1.1646035
12360.0,0.90626526,0.5000429,-1.9945256,-1.0053043
12365.0,1.277249,0.53959125,-2.3158169,-1.3154062
12370.0,0.9970989,0.5784358,-2.1600094,-1.0390176
12375.0,1.1961719,0.56907654,-2.2296703,-1.0899818
12380.0,0.99428153,0.5488235,-1.9575204,-1.1178876
12385.0,1.1188233,0.5520607,-2.0319364,-1.1801417
12390.0,1.3295354,0.5210944,-2.416837,-1.1022198
12395.0,1.1826264,0.5493757,-2.321877,-1.1672271
12400.0,1.1145967,0.5529425,-2.1546195,-1.104416
12405.0,1.1237677,0.47700024,-2.1285203,-1.1147474
12410.0,0.8780098,0.3582478,-1.9237763,-0.98069876
12415.0,0.9574174,0.31514066,-1.8454392,-1.0059962
12420.0,1.1339456,0.5370464,-2.3343654,-1.0763888
12425.0,1.2735722,0.59060967,-2.375798,-1.2254053
12430.0,1.2623338,0.64786375,-2.511832,-1.232954
12435.0,1.172747,0.5294869,-2.4331067,-0.90557235
12440.0,1.0589089,0.4483134,-2.361998,-0.9832149
12445.0,1.0409523,0.32433945,-2.0773175,-0.9427926
12450.0,1.0368359,0.7197339,-2.1550786,-1.2961355
12455.0,1.4033777,0.73202735,-2.7404149,-1.2768984
12460.0,1.2212118,0.7356185,-2.6117418,-1.1808232
12465.0,1.2226723,0.7513946,-2.3911016,-1.2472333
12470.0,1.285414,0.70249224,-2.5126257,-1.238447
12475.0,1.1401346,0.53451455,-2.1856973,-1.1410733
12480.0,1.064011,0.45982364,-1.9520822,-1.0621217
12485.0,1.2488142,0.63913655,-2.4352767,-1.1477727
12490.0,1.1701494,0.56564176,-2.3631017,-1.1891379
12495.0,1.2123274,0.5596463,-2.2716906,-1.1489611
12500.0,1.3589505,0.5015588,-2.3682656,-1.1586833
12505.0,1.1212908,0.42627937,-2.1041818,-1.1646075
12510.0,1.0000018,0.35776395,-2.0092216,-0.9618614
12515.0,0.75543207,0.5525273,-1.883922,-0.97689945
12520.0,1.2575542,0.58487916,-2.2668726,-1.2932312
12525.0,1.4642961,0.5447631,-2.713161,-1.0608374
12530.0,1.175202,0.4724472,-2.4730628,-0.89240843
12535.0,1.08014,0.5022864,-2.2045114,-1.0315329
12540.0,1.2038773,0.52244574,-2.4588103,-0.93828815
12545.0,1.1424237,0.6240298,-2.3062513,-1.1296947
12550.0,1.2901682,0.5442151,-2.2462072,-1.2697973
12555.0,1.4774233,0.59754866,-2.615278,-1.1795826
12560.0,1.1954952,0.5804653,-2.3097732,-1.1585321
12565.0,1.3843925,0.6281835,-2.593436,-1.231641
12570.0,1.4024094,0.7553236,-2.6413684,-1.363014
12575.0,1.1791567,0.62973344,-2.3470151,-1.2355156
12580.0,1.1421255,0.5249479,-2.305695,-1.1135163
12585.0,1.1980227,0.5914694,-2.2828293,-1.081501
12590.0,0.9457705,0.57967657,-2.250984,-1.0232391
12595.0,1.292537,0.606696,-2.4222317,-1.2366049
12600.0,1.1713645,0.59137917,-2.1883547,-1.1474627
12605.0,0.9566725,0.5912503,-2.033988,-1.2327017
12610.0,1.1646978,0.61315346,-2.3001382,-1.1035568
12615.0,1.2173477,0.7336581,-2.522763,-1.2583349
12620.0,1.3630106,0.76901686,-2.5367506,-1.3477274
12625.0,1.0172848,0.53811073,-2.2121933,-1.0944991
12630.0,1.080865,0.5754909,-2.1778412,-1.1224587
12635.0,1.1810863,0.54001826,-2.324211,-1.1294134
12640.0,1.0770682,0.64629567,-2.2588935,-1.1622086
12645.0,1.4296585,0.7182268,-2.697107,-1.2693875
12650.0,1.5637395,0.7631564,-2.815262,-1.2846123
12655.0,1.2446929,0.55534565,-2.2425556,-1.220437
12660.0,1.0154861,0.48120576,-2.0552826,-1.0550963
12665.0,0.87342906,0.61446667,-2.0535038,-1.1276362
12670.0,1.1093184,0.7209694,-2.4585059,-1.1836175
12675.0,1.3805841,0.74450135,-2.5590312,-1.2713376
12680.0,1.3916892,0.776779,-2.5850704,-1.3316846
12685.0,1.0958648,0.53420657,-2.180734,-1.1234946
12690.0,1.1894486,0.5144603,-2.2064571,-1.1310425
12695.0,0.9512017,0.509562,-2.080051,-1.031336
12700.0,1.1937889,0.6884315,-2.394176,-1.2681284
12705.0,1.2911965,0.70179045,-2.5626004,-1.3087591
12710.0,1.1209072,0.5710473,-2.1742465,-1.1359826
12715.0,1.0763239,0.47854894,-2.0022335,-1.1264849
12720.0,1.0808032,0.34165144,-2.0925298,-0.8375038
12725.0,0.8973313,0.53697133,-1.9760935,-1.0229137
12730.0,1.159247,0.7154937,-2.1970174,-1.3218493
12735.0,1.2199137,0.72160745,-2.5483768,-1.222018
12740.0,1.312836,0.51404786,-2.3205423,-1.3324198
12745.0,1.0251184,0.5401788,-2.056736,-1.1746988
12750.0,0.91014504,0.57452166,-2.0660903,-1.053375
12755.0,1.1599696,0.70270026,-2.5089815,-1.0367756
12760.0,1.3409921,0.7165261,-2.503652,-1.3084307
12765.0,1.1013787,0.74457353,-2.3763573,-1.1517042
12770.0,1.223779,0.46589756,-2.1496289,-1.2912012
12775.0,1.1354029,0.34172547,-2.2456522,-0.9195974
12780.0,0.89290845,0.51532334,-1.9272472,-1.1105886
12785.0,1.2161564,0.80301297,-2.5086658,-1.1798819
12790.0,1.5299907,0.749321,-2.8943522,-1.225877
12795.0,1.1406633,0.60982394,-2.2754185,-1.2582514
12800.0,1.0289918,0.33448172,-1.8765723,-1.0076965
12805.0,0.7010241,0.23028384,-1.9176053,-0.6992456
12810.0,0.81437373,0.50401694,-2.249404,-0.94597226
12815.0,1.43355,0.69582415,-2.770884,-1.1978288
12820.0,1.4749697,0.80911684,-2.8646913,-1.2956377
12825.0,1.4024633,0.7012763,-2.7332287,-1.2070931
12830.0,1.4506418,0.5715469,-2.790447,-1.1175225
12835.0,0.98055387,0.3950693,-2.2854161,-0.9013317
12840.0,1.1764106,0.5079581,-2.2771218,-1.0843738
12845.0,1.4068497,0.53712094,-2.5342946,-1.2575834
12850.0,1.2371885,0.79655564,-2.5222633,-1.1838158
12855.0,1.3149291,0.69951165,-2.5471,-1.298399
12860.0,1.3469965,0.72309244,-2.5934312,-1.2981486
12865.0,1.154152,0.5867623,-2.3597376,-1.1647706
12870.0,1.2239184,0.4169799,-2.2566268,-1.0480155
12875.0,0.9604543,0.55136347,-2.2362728,-1.0634665
12880.0,1.2815598,0.7284715,-2.4789605,-1.1343832
12885.0,1.2771178,0.7043303,-2.4132338,-1.3557854
12890.0,0.92747605,0.50655526,-2.0387352,-1.0389414
12895.0,1.132254,0.4498247,-2.0338852,-1.1502119
12900.0,1.2337724,0.669885,-2.4597266,-1.2297103
12905.0,1.4793884,0.70586175,-2.8975446,-1.152497
12910.0,1.1936525,0.74760336,-2.3436048,-1.3215349
12915.0,1.0939898,0.68417364,-2.236087,-1.2093847
12920.0,1.1863256,0.46727157,-2.3446462,-1.0090886
12925.0,1.0331508,0.26131523,-1.9720794,-0.9295425
12930.0,1.1729202,0.46047625,-2.2503688,-1.129881
12935.0,1.5326089,0.8385016,-2.9195018,-1.3048091
12940.0,1.4269229,0.828948,-2.9130943,-1.2045914
12945.0,1.3377602,0.7557034,-2.6876352,-1.2548276
12950.0,1.203942,0.56347495,-2.4436357,-1.0479034
12955.0,1.266006,0.52170527,-2.4133193,-1.1233962
12960.0,0.84668946,0.36475465,-2.1407819,-0.8613083
12965.0,0.9768783,0.5090401,-2.0156794,-1.1172919
12970.0,1.6467501,0.6004431,-2.7172878,-1.2824093
12975.0,1.4870688,0.68573713,-2.8800948,-1.2428266
12980.0,1.1531773,0.6528952,-2.4587955,-1.0554584
12985.0,1.0858412,0.7740165,-2.3031683,-1.160675
12990.0,1.4264678,0.656818,-2.7566311,-1.1289464
12995.0,1.4292425,0.5588522,-2.9074774,-1.0474958
13000.0,1.1758897,0.52272147,-2.447951,-0.96948236
13005.0,1.15553,0.4864608,-2.3167517,-0.93077666
13010.0,0.90365946,0.47691488,-2.0906873,-0.9995008
13015.0,1.0716726,0.6832919,-2.2038012,-1.2744088
13020.0,1.7491814,0.7406968,-2.9805164,-1.4610097
13025.0,1.3867668,0.59179544,-2.7071826,-1.1265299
13030.0,1.1525325,0.66908896,-2.4166715,-1.0357286
13035.0,1.0957052,0.51855075,-2.0881922,-1.1278884
13040.0,1.2832803,0.61218226,-2.3951278,-1.2005876
13045.0,1.1273087,0.5959026,-2.1832004,-1.2156038
13050.0,1.4840146,0.48708966,-2.460535,-1.2722305
13055.0,0.93089914,0.50030166,-2.0072315,-0.99453455
13060.0,1.1464118,0.58664036,-2.2443378,-1.0743561
13065.0,1.0945967,0.62442136,-2.1020386,-1.2146262
13070.0,1.3372233,0.48910916,-2.2990353,-1.2406448
13075.0,1.0480689,0.45094323,-1.9975774,-1.1063969
13080.0,0.6085381,0.36139062,-1.7220283,-0.794879
13085.0,0.87761,0.7304644,-2.0812912,-1.1988983
13090.0,1.3804013,0.7135749,-2.7337415,-1.2496207
13095.0,1.1096591,0.6680244,-2.2497408,-1.1650224
13100.0,1.2783915,0.52143663,-2.1896017,-1.3077418
13105.0,1.0440959,0.3724191,-2.209892,-0.88517123
13110.0,0.44231847,0.36144513,-1.6595252,-0.7781078
13115.0,1.0557969,0.73303616,-2.192767,-1.2765576
13120.0,1.7867961,0.87328863,-3.2231634,-1.4008944
13125.0,1.2713495,0.7487781,-2.616267,-1.1240252
13130.0,1.1975139,0.5465137,-2.184254,-1.161751
13135.0,0.91652083,0.5217097,-2.0834086,-1.1076818
13140.0,0.89579386,0.23617223,-1.9883616,-0.8791401
13145.0,0.9607587,0.50470227,-2.0589623,-1.0953504
13150.0,1.6287662,0.743894,-2.8297088,-1.3900535
13155.0,1.3024477,0.6554552,-2.3728516,-1.2457938
13160.0,1.2410586,0.6900846,-2.4612973,-1.1254607
13165.0,1.1295258,0.5734017,-2.3742065,-1.1114049
13170.0,1.1580942,0.49121532,-2.0807097,-1.098307
13175.0,0.96014255,0.5132584,-1.9568053,-1.0858643
13180.0,1.1658694,0.53811496,-2.235756,-1.099874
13185.0,1.1458942,0.6925697,-2.3629863,-1.1685982
13190.0,1.3343304,0.7413995,-2.522281,-1.3641201
13195.0,1.1650299,0.628148,-2.327429,-1.24753
13200.0,1.0150046,0.5448798,-2.0701718,-1.1601889
13205.0,0.8774916,0.45197803,-1.9501086,-1.0252762
13210.0,1.2010429,0.66302025,-2.3312218,-1.2276067
13215.0,1.3187573,0.77215433,-2.4807637,-1.3159457
13220.0,1.5464262,0.6268837,-2.6598518,-1.3665435
13225.0,1.1421131,0.5176337,-2.217643,-1.0726266
13230.0,1.202799,0.6081667,-2.2254717,-1.267498
13235.0,1.0228237,0.55362326,-2.1968312,-1.1624961
13240.0,1.0950173,0.5465273,-2.16076,-1.2054111
13245.0,1.3584307,0.549525,-2.3397844,-1.2556025
13250.0,1.1040689,0.5188451,-2.153651,-1.1193942
13255.0,1.2448953,0.46868187,-2.2091289,-1.2297101
13260.0,1.0873867,0.63431054,-2.214696,-1.2329049
13265.0,1.2825264,0.67530024,-2.4715948,-1.2929606
13270.0,1.2335292,0.5803608,-2.3829193,-1.1537937
13275.0,1.0876094,0.39537355,-1.9166433,-1.117988
13280.0,0.9520161,0.43704116,-2.0583348,-0.91199845
13285.0,1.1390697,0.4212529,-2.2116807,-1.0612075
13290.0,1.0243696,0.49833122,-2.1184976,-1.0567499
13295.0,1.2718452,0.5781455,-2.359769,-1.1885103
13300.0,1.1958084,0.6933633,-2.3540587,-1.2265877
13305.0,0.99358594,0.43613365,-1.8904681,-1.0417063
13310.0,0.9694556,0.63512063,-2.0884018,-1.1113884
13315.0,1.2654058,0.66168773,-2.3956974,-1.3457043
13320.0,1.1897316,0.6366557,-2.409051,-1.1973743
13325.0,1.2063394,0.61057186,-2.3589523,-1.1670034
13330.0,1.0828208,0.5226347,-2.0597835,-1.1470246
13335.0,1.093497,0.5292726,-2.2174046,-1.0291487
13340.0,1.0527577,0.47715878,-1.9789528,-1.1924343
13345.0,0.9433022,0.604445,-2.096696,-1.1112473
13350.0,1.0863903,0.41080981,-2.1242645,-1.1187199
13355.0,1.145486,0.6803299,-2.317527,-1.246006
13360.0,1.0362555,0.5421237,-2.200238,-1.0132289
13365.0,1.160875,0.54860884,-2.2421286,-1.1344368
13370.0,1.2370323,0.26976416,-2.1135666,-1.0388068
13375.0,0.7801488,0.445904,-1.7730408,-0.80511624
13380.0,0.9739921,0.51275426,-2.1624622,-1.1720797
13385.0,1.0175189,0.65301204,-2.3922987,-1.0632596
13390.0,1.1713692,0.60867226,-2.3377714,-1.177041
13395.0,1.286008,0.542825,-2.2809331,-1.165591
13400.0,1.2700783,0.3995796,-2.3481517,-1.1182137
13405.0,0.9614638,0.5947119,-2.1909318,-0.9808672
13410.0,1.2500942,0.71301544,-2.3055928,-1.411627
13415.0,1.2710401,0.71937513,-2.5498016,-1.203671
13420.0,1.2632781,0.5942868,-2.2300777,-1.2698302
13425.0,1.1936998,0.4510642,-2.099804,-1.1953895
13430.0,1.234836,0.275386,-2.0342689,-1.0853244
13435.0,0.8297454,0.4331597,-2.0226452,-0.9424011
13440.0,1.1758547,0.71392894,-2.2938483,-1.250973
13445.0,1.5447862,0.7666266,-2.9338381,-1.2658428
13450.0,1.4350458,0.7317952,-2.6459148,-1.296324
13455.0,1.2542605,0.5206643,-2.1494818,-1.2301674
13460.0,1.1777053,0.40772533,-2.1554933,-1.039646
13465.0,0.752883,0.4464495,-2.0403142,-0.79679686
13470.0,1.2263166,0.69476634,-2.422547,-1.1764064
13475.0,1.307999,0.73252964,-2.5060322,-1.2291622
13480.0,1.1704489,0.72445565,-2.4392846,-1.2107115
13485.0,1.1386429,0.52192634,-2.1936917,-1.1126027
13490.0,1.05776,0.51726234,-2.1097686,-1.1213183
13495.0,1.3527294,0.63836414,-2.3182652,-1.3282902
13500.0,1.0550878,0.56629837,-2.1425095,-1.0793597
13505.0,1.0786878,0.6265385,-2.1731045,-1.0866421
13510.0,0.87765753,0.46731555,-2.0236063,-0.9049659
13515.0,1.1041001,0.29410255,-1.9494756,-0.98551196
13520.0,1.0421058,0.51819915,-2.0769582,-1.0772051
13525.0,1.2685915,0.6906156,-2.3249428,-1.3131263
13530.0,1.2155257,0.63413465,-2.319397,-1.299911
13535.0,0.9707165,0.6597145,-2.1840131,-1.1126702
13540.0,1.2276578,0.5646489,-2.3301697,-1.1320724
13545.0,1.1591672,0.23035745,-1.9260426,-1.0156157
13550.0,1.0074265,0.5437746,-2.1115084,-1.032064
13555.0,1.2837727,0.62345886,-2.3826253,-1.1112895
13560.0,1.1671239,0.6472918,-2.3704667,-1.2296705
13565.0,1.0424303,0.5638291,-2.1422346,-1.1283426
13570.0,1.1719918,0.3698781,-2.1157494,-1.1044846
13575.0,0.8795504,0.49480778,-1.9797089,-1.0326356
13580.0,1.1082743,0.7217879,-2.2111213,-1.2211807
13585.0,1.1650281,0.70700413,-2.3800812,-1.1700892
13590.0,1.0211756,0.7158199,-2.3752584,-1.0332544
13595.0,1.2890375,0.66776574,-2.4070342,-1.3279667
13600.0,1.2386199,0.27396202,-2.1408525,-0.93086827
13605.0,0.8576826,0.29296064,-1.8009104,-0.89932853
13610.0,1.030768,0.73022956,-2.1372778,-1.1427395
13615.0,1.5648606,0.8422698,-2.7953947,-1.3969233
13620.0,1.254747,0.73175067,-2.47486,-1.2269818
13625.0,1.4602059,0.64094853,-2.6008391,-1.2763469
13630.0,0.93546075,0.25367683,-1.945082,-0.8338519
13635.0,0.9081997,0.22721809,-1.7964559,-0.8937016
13640.0,0.8741136,0.47215638,-1.9313272,-1.0593824
13645.0,1.4499661,0.71574146,-2.7020924,-1.2941167
13650.0,1.1379774,0.68609226,-2.406169,-1.1622579
13655.0,1.2471482,0.72880197,-2.5054018,-1.1744838
13660.0,1.0938115,0.4653119,-2.064911,-1.0428015
13665.0,1.2185842,0.32530913,-2.2927854,-0.9345179
13670.0,0.9619417,0.37605405,-1.9152831,-1.038684
13675.0,1.3821739,0.7283939,-2.493998,-1.2492331
13680.0,1.2980388,0.80439603,-2.4254045,-1.5412096
13685.0,1.247204,0.69011146,-2.3976095,-1.2332296
13690.0,1.1779866,0.56181383,-2.1183715,-1.2309248
13695.0,1.269543,0.49569857,-2.405781,-1.0925508
13700.0,0.8823267,0.4275043,-1.9135106,-0.9942742
13705.0,0.96111476,0.40705147,-1.8858783,-1.008577
13710.0,1.0882837,0.65531826,-2.1793098,-1.2278051
13715.0,1.322047,0.7520411,-2.5419047,-1.2177113
13720.0,1.2322977,0.645069,-2.3603776,-1.2467135
13725.0,0.89470416,0.50642025,-2.1585772,-0.9013886
13730.0,1.0490588,0.56765646,-2.1494486,-1.0433469
13735.0,1.0517462,0.39082432,-2.1841955,-0.9240388
13740.0,1.1349884,0.507475,-2.3277292,-1.0302336
13745.0,1.3199526,0.67945087,-2.3436592,-1.3067973
13750.0,1.4216508,0.7259103,-2.5120163,-1.3071618
13755.0,1.1522807,0.6662279,-2.2976923,-1.2221112
13760.0,0.910453,0.5258564,-1.9614334,-1.0657356
13765.0,1.3253063,0.7005908,-2.5117805,-1.3134149
13770.0,1.6101624,0.66946566,-2.8361683,-1.2336258
13775.0,1.3456333,0.58811426,-2.4505255,-1.1838602
13780.0,1.0895325,0.5094948,-2.082706,-1.0671561
13785.0,1.0405802,0.5652983,-2.0920575,-1.0948029
13790.0,1.0267782,0.56496704,-2.1174493,-1.0926101
13795.0,1.2116821,0.7571425,-2.3968267,-1.2409866
13800.0,1.5541271,0.74400795,-2.8137672,-1.4154103
13805.0,1.3254093,0.65676564,-2.5130742,-1.1681491
13810.0,1.1121265,0.40766495,-2.0695717,-1.0656803
13815.0,1.0142909,0.43626308,-2.0010545,-0.91952085
13820.0,0.95445365,0.5854924,-2.0485017,-1.2124068
13825.0,1.162184,0.52390236,-2.193055,-1.1698346
13830.0,1.3440818,0.60467863,-2.5241559,-1.1684337
13835.0,0.9979297,0.513909,-2.151281,-1.0238968
13840.0,1.1554757,0.7444541,-2.432588,-1.1672814
13845.0,1.3613583,0.7361492,-2.851695,-1.0885354
13850.0,1.5185717,0.6892808,-2.8516526,-1.263754
13855.0,1.0923386,0.46615595,-2.1949534,-1.00847
13860.0,0.95715964,0.40582377,-2.00849,-0.8283747
13865.0,0.70675296,0.4825077,-2.0222602,-0.9118054
13870.0,1.3616788,0.8321632,-2.644623,-1.2179254
13875.0,1.6480229,0.77875733,-3.01744,-1.3980029
13880.0,1.2286147,0.66828537,-2.47289,-1.2111242
13885.0,1.0568606,0.64268947,-2.2046669,-1.193144
13890.0,1.0538037,0.6005034,-2.1050744,-1.1541176
13895.0,0.7383181,0.61994994,-2.0108964,-1.0378616
13900.0,1.2397084,0.63178504,-2.4787753,-1.2502314
13905.0,1.4532672,0.59607434,-2.6086493,-1.2869043
13910.0,1.1788815,0.5627916,-2.3066006,-1.0992934
13915.0,1.004024,0.53576183,-2.137446,-1.0610425
13920.0,1.1747524,0.7006371,-2.2854316,-1.3383093
13925.0,1.2295253,0.63283104,-2.4593024,-1.1607239
13930.0,1.3376123,0.3268137,-2.1307323,-1.1685381
13935.0,1.0050359,0.6020044,-2.1172862,-1.0850539
13940.0,1.0445951,0.45910454,-2.1713383,-1.0383818
13945.0,1.2675745,0.7609079,-2.6112754,-1.1900938
13950.0,1.1755252,0.59748566,-2.2992728,-1.208526
13955.0,1.3954079,0.5020976,-2.3363564,-1.3617837
13960.0,1.1763066,0.21532497,-2.1426694,-0.91477513
13965.0,1.0063969,0.40801808,-2.0426238,-1.0152185
13970.0,1.3452802,0.5398991,-2.425467,-1.2509091
13975.0,1.0104278,0.5108449,-2.1497037,-0.9913193
13980.0,1.1529351,0.70408946,-2.351566,-1.251975
13985.0,1.5261751,0.679412,-2.9162452,-1.1311994
13990.0,1.1884068,0.65512794,-2.503701,-1.0117272
13995.0,1.2663912,0.5337186,-2.346179,-1.2050278
14000.0,1.0867782,0.37068304,-2.133727,-0.8977526
14005.0,0.5135169,0.33835596,-1.6193777,-0.8550164
14010.0,1.119903,0.7525879,-2.3605895,-1.2518281
14015.0,1.6297815,0.84966683,-3.102804,-1.3946545
14020.0,1.2366849,0.69491434,-2.623351,-1.1120045
14025.0,1.1184248,0.5267725,-2.1438372,-1.1808822
14030.0,1.0274876,0.2649229,-1.9387271,-0.94653845
14035.0,0.7911051,0.4119741,-2.0007792,-0.9723105
14040.0,1.0535423,0.63420326,-2.3409688,-1.232266
14045.0,1.4192549,0.48887232,-2.3827744,-1.3639119
14050.0,1.346916,0.466743,-2.4280617,-1.1930044
14055.0,0.94814587,0.56623316,-2.0469248,-1.1019027
14060.0,1.0617293,0.4886136,-2.307089,-0.9740073
14065.0,1.3052478,0.6239625,-2.5946784,-1.1761475
14070.0,1.3661238,0.6275358,-2.6630683,-1.1823964
14075.0,1.2536175,0.5933794,-2.3018243,-1.1645675
14080.0,1.0730169,0.48816824,-2.2236388,-0.9247008
14085.0,0.9253,0.5813534,-2.1400802,-1.1979471
14090.0,1.107183,0.53186727,-2.2261164,-1.0827446
14095.0,1.4285794,0.7702615,-2.7148204,-1.2997274
14100.0,1.2900676,0.7543358,-2.5058403,-1.3182482
14105.0,1.3008243,0.6904466,-2.5329669,-1.2024832
14110.0,1.2960359,0.55113494,-2.1952927,-1.3166751
14115.0,1.126305,0.4754763,-2.149311,-1.1271638
14120.0,1.0831369,0.34579176,-2.1237993,-0.9405617
14125.0,1.3005115,0.6601902,-2.554471,-1.075932
14130.0,1.1420046,0.6038748,-2.3083436,-1.1242595
14135.0,1.2361851,0.51139635,-2.4462404,-1.0095025
14140.0,1.2094325,0.5474119,-2.304591,-1.0977764
14145.0,1.0879415,0.6446763,-2.23143,-1.1716624
14150.0,1.293106,0.70022786,-2.615959,-1.1890882
14155.0,1.4487416,0.7469536,-2.8580024,-1.2085102
14160.0,1.2890631,0.60998523,-2.3759463,-1.3008034
14165.0,1.2153049,0.44754502,-2.3341124,-1.1123203
14170.0,1.1120596,0.59651697,-2.2565796,-1.1564707
14175.0,1.4183992,0.8141811,-2.7642882,-1.3481323
14180.0,1.1983222,0.7593668,-2.6553977,-1.2263173
14185.0,1.3373505,0.78199077,-2.6260688,-1.2807628
14190.0,1.398485,0.70105493,-2.453873,-1.3112975
14195.0,1.218858,0.44118723,-2.3729832,-1.0498025
14200.0,0.9199287,0.42258248,-1.9062812,-1.0702556
14205.0,1.1357003,0.67894626,-2.344879,-1.175502
14210.0,1.1910794,0.6632705,-2.3866527,-1.1987506
14215.0,1.1597682,0.7040514,-2.579253,-1.1182097
14220.0,1.2010733,0.67227125,-2.2819788,-1.162744
14225.0,1.2388955,0.62361383,-2.3101938,-1.299645
14230.0,1.0219113,0.5104021,-2.2210584,-1.0610195
14235.0,0.99092567,0.3679575,-2.0824418,-0.90637743
14240.0,1.1712874,0.6593869,-2.2894447,-1.2582135
14245.0,1.3007859,0.70465016,-2.4678247,-1.2741443
14250.0,1.0368904,0.7217216,-2.4287844,-1.0495493
14255.0,1.0914313,0.61430067,-2.2242162,-1.121819
14260.0,1.157122,0.65707487,-2.3108993,-1.1717533
14265.0,1.1218299,0.44056183,-2.1251094,-1.0118527
14270.0,0.98688567,0.5113705,-2.0053039,-1.0206534
14275.0,1.151055,0.6310978,-2.2430606,-1.2067232
14280.0,1.1069409,0.6685859,-2.5778635,-0.94019395
14285.0,1.2984923,0.58953595,-2.3022063,-1.2910981
14290.0,1.0619123,0.5806929,-2.0658317,-1.1046801
14295.0,1.0248556,0.5817143,-2.1891346,-1.0510217
14300.0,1.1189977,0.69269025,-2.4047782,-1.1104321
14305.0,1.1903628,0.6559322,-2.2950764,-1.2932541
14310.0,1.3825876,0.4941899,-2.5261705,-1.07873
14315.0,1.0833687,0.4517514,-2.0690598,-1.1318946
14320.0,0.9530114,0.60079587,-2.007301,-0.9969622
14325.0,1.2373463,0.67241216,-2.1892974,-1.3777457
14330.0,1.2476302,0.61477757,-2.4230356,-1.1359279
14335.0,1.0753143,0.683604,-2.213267,-1.2390436
14340.0,1.3548429,0.64606476,-2.4905314,-1.212901
14345.0,1.2056798,0.6677295,-2.573433,-1.1646531
14350.0,1.0573002,0.611518,-2.134356,-1.2778463
14355.0,1.1610566,0.4193471,-2.1550071,-1.0964575
14360.0,0.96613693,0.50564456,-2.0412822,-1.0588764
14365.0,1.2249798,0.7309159,-2.3507423,-1.2526766
14370.0,1.3363025,0.73512614,-2.5043304,-1.353047
14375.0,1.1358608,0.7778537,-2.415596,-1.1989558
14380.0,1.0554796,0.58620584,-2.1545742,-1.2921776
14385.0,0.99299586,0.4427314,-2.2110102,-0.96414506
14390.0,1.0269477,0.5126724,-2.0250669,-1.2137583
14395.0,1.3210554,0.5516567,-2.287409,-1.3140998
14400.0,1.0573362,0.6749759,-2.12411,-1.1695778
14405.0,1.0666889,0.5371943,-2.0904267,-1.0839096
14410.0,0.97416914,0.5540063,-1.9981226,-1.0937111
14415.0,1.144674,0.5246939,-2.2664073,-1.1957561
14420.0,1.1975684,0.50595504,-2.168816,-1.1417737
14425.0,0.7946372,0.54459417,-1.8930434,-0.9801368
14430.0,0.91750234,0.6372727,-2.058279,-1.0402687
14435.0,0.97514,0.5034485,-2.0021796,-1.1174904
14440.0,1.2477045,0.48923245,-2.2992725,-1.2118003
14445.0,1.3609421,0.4465343,-2.2243803,-1.2609081
14450.0,0.7300144,0.5029578,-1.8396584,-0.9014514
14455.0,0.99764633,0.61984277,-2.074591,-1.1281368
14460.0,1.1072961,0.6478572,-2.293734,-1.1458974
14465.0,1.2770983,0.6321135,-2.334501,-1.2578384
14470.0,1.3254248,0.708884,-2.4077418,-1.2828417
14475.0,1.2032574,0.5439879,-2.1925035,-1.125602
14480.0,0.7480263,0.511535,-1.8336112,-0.9586281
14485.0,1.0913334,0.57935566,-2.1640878,-1.1501145
14490.0,1.3487545,0.67619866,-2.558655,-1.287242
14495.0,1.2349633,0.62152594,-2.2293205,-1.2826886
14500.0,1.2673402,0.60866874,-2.2534707,-1.3018278
14505.0,1.1508051,0.42099476,-2.2423217,-0.9665423
14510.0,0.8519846,0.6282507,-1.9468371,-1.0498911
14515.0,1.0881505,0.6949017,-2.2538388,-1.2102506
14520.0,1.3471023,0.6002972,-2.4373677,-1.2161698
14525.0,1.3050356,0.67275167,-2.4014108,-1.2554617
14530.0,1.3848212,0.5397179,-2.4539607,-1.14262
14535.0,1.0285674,0.49881768,-2.2634416,-0.9981462
14540.0,0.82695746,0.42967057,-1.9517256,-0.8860948
14545.0,1.2417878,0.58810246,-2.160946,-1.355834
14550.0,1.3722388,0.60209215,-2.58979,-1.1406364
14555.0,1.4596719,0.69989693,-2.5644505,-1.3063731
14560.0,1.0474983,0.6687309,-2.2561803,-1.1989212
14565.0,1.3224987,0.62788796,-2.485943,-1.2436924
14570.0,1.1146923,0.52335954,-2.1177578,-1.2607411
14575.0,0.9834706,0.48957112,-2.0073824,-1.0504299
14580.0,1.2949508,0.59401935,-2.4052932,-1.1992681
14585.0,1.2559284,0.52999866,-2.2663028,-1.2147715
14590.0,1.2249967,0.6108529,-2.2926743,-1.2533358
14595.0,1.2787343,0.68898255,-2.3975573,-1.2562553
14600.0,1.2515844,0.63130724,-2.401118,-1.2267312
14605.0,0.94801795,0.5516464,-2.049328,-1.0486832
14610.0,0.9698519,0.54476285,-2.0512638,-1.0620763
14615.0,1.0440001,0.43151566,-2.0723412,-1.0127218
14620.0,1.1601323,0.5257508,-2.302296,-1.120936
14625.0,1.1646954,0.72467285,-2.2647967,-1.232293
14630.0,1.4697243,0.6940428,-2.6118455,-1.2832569
14635.0,1.0626401,0.6082717,-2.0732298,-1.2247158
14640.0,1.2330616,0.58867997,-2.2202673,-1.2355216
14645.0,0.7392755,0.48049003,-1.7908269,-1.0128838
14650.0,1.1880202,0.5315765,-2.3262174,-1.0828898
14655.0,1.0437804,0.6336398,-2.0527353,-1.2619267
14660.0,1.4041967,0.62093914,-2.694993,-1.1410147
14665.0,1.4005691,0.65197915,-2.3961558,-1.3644886
14670.0,1.4516927,0.57743585,-2.4087484,-1.3129783
14675.0,0.8691024,0.6079773,-2.0039315,-1.0991611
14680.0,1.2770838,0.5285692,-2.375291,-1.1360841
14685.0,1.1320132,0.64144015,-2.361677,-1.1284689
14690.0,1.4854313,0.6341791,-2.7420065,-1.3107615
14695.0,1.3288262,0.54635155,-2.2883766,-1.2708056
14700.0,1.1614743,0.43528658,-2.049431,-1.1448412
14705.0,1.2215316,0.70481217,-2.32618,-1.2675471
14710.0,1.5033551,0.70738006,-2.8170412,-1.242244
14715.0,1.2629949,0.7789738,-2.5022314,-1.1866534
14720.0,1.2213356,0.6252593,-2.226366,-1.2598406
14725.0,1.0800011,0.39483982,-2.035566,-0.956602
14730.0,1.0755289,0.46214136,-2.093633,-1.0216335
14735.0,1.31785,0.31581828,-2.234194,-1.0971508
14740.0,1.2354296,0.6956651,-2.4174788,-1.2107201
14745.0,1.3043209,0.7000805,-2.3203385,-1.311043
14750.0,0.9916495,0.68795395,-2.2099109,-1.026852
14755.0,1.2461649,0.53683484,-2.3459883,-1.1579947
14760.0,1.0796282,0.54772484,-2.0703418,-1.1565293
14765.0,1.2356572,0.36143747,-2.268472,-0.9889945
14770.0,0.77117634,0.60202855,-2.0196548,-0.9745322
14775.0,1.1025784,0.6780275,-2.234151,-1.1628951
14780.0,1.0953598,0.5700168,-2.1884646,-1.091583
14785.0,1.055976,0.6274605,-2.1464684,-1.1710424
14790.0,1.1238023,0.5220923,-2.2198036,-0.9724573
14795.0,1.2921237,0.6448957,-2.550836,-1.1815695
14800.0,1.1637686,0.5245837,-2.26293,-1.1394099
14805.0,1.1561003,0.61352426,-2.1891387,-1.1790127
14810.0,1.1003789,0.5358547,-2.0213375,-1.3141806
14815.0,1.0126953,0.4902965,-2.1841154,-1.0008537
14820.0,1.0004859,0.606745,-2.1290247,-1.1625406
14825.0,1.2973367,0.5819747,-2.4001532,-1.2103257
14830.0,0.9689885,0.54741937,-2.1428769,-1.0218197
14835.0,0.9627935,0.63424885,-2.2024531,-1.0376835
14840.0,1.3693501,0.5662809,-2.5936272,-1.1960459
14845.0,1.4082154,0.59017974,-2.5485103,-1.2096192
14850.0,1.066161,0.5563849,-2.1631365,-1.1974124
14855.0,1.1047617,0.6466354,-2.158998,-1.1454704
14860.0,1.0560764,0.6012218,-2.308687,-0.98996645
14865.0,1.2784075,0.5440424,-2.3754303,-1.14749
14870.0,1.1884755,0.57974637,-2.3561587,-1.0908979
14875.0,1.2069796,0.4796936,-2.1677914,-1.2098647
14880.0,1.0228858,0.6552051,-2.1934414,-1.1818097
14885.0,1.1727008,0.67202926,-2.168687,-1.2759703
14890.0,1.1374041,0.68675774,-2.2971976,-1.1656137
14895.0,1.2412643,0.6958311,-2.5017164,-1.3083833
14900.0,1.0818212,0.50709826,-2.1588538,-1.0921183
14905.0,1.2092543,0.5771698,-2.245271,-1.233742
14910.0,0.8072635,0.5896388,-1.8472832,-1.2064731
14915.0,1.3234457,0.64021885,-2.4082096,-1.2532685
14920.0,1.2454895,0.5794461,-2.3750198,-1.231638
14925.0,1.1343203,0.60473466,-2.3714955,-1.1133679
14930.0,1.3235224,0.6227448,-2.4404724,-1.2582052
14935.0,1.2166253,0.60166806,-2.376013,-1.1929958
14940.0,1.0441202,0.34851715,-1.9547006,-1.0514027
14945.0,1.048271,0.54441345,-2.200342,-1.0027254
14950.0,1.3431643,0.66408384,-2.6647346,-1.1492269
14955.0,1.260989,0.67735445,-2.5116012,-1.1692581
14960.0,1.2738382,0.6200969,-2.3827655,-1.142094
14965.0,1.0092036,0.50077236,-1.9441959,-1.101184
14970.0,1.1344765,0.28258073,-2.0341814,-1.0334337
14975.0,1.0984893,0.60987973,-2.1203303,-1.1960429
14980.0,1.1329657,0.676003,-2.287639,-1.1695073
14985.0,1.0779612,0.5844156,-2.212884,-1.1024888
14990.0,1.2115108,0.43614694,-2.2726774,-1.0353892
14995.0,1.0986544,0.5732114,-2.143527,-1.19486
15000.0,1.3005971,0.6265676,-2.470943,-1.1724597
15005.0,1.3143176,0.81331605,-2.5084472,-1.3720596
15010.0,1.0325319,0.6611775,-2.2336032,-1.0867732
15015.0,1.095734,0.6868814,-2.1877859,-1.2952518
15020.0,1.1051944,0.3440402,-2.058364,-0.94700164
15025.0,1.1451435,0.46606722,-2.256705,-1.0760478
15030.0,1.2161962,0.5862652,-2.2911937,-1.2007637
15035.0,1.4097217,0.7251489,-2.755039,-1.2549452
15040.0,1.314894,0.6886381,-2.4495614,-1.285712
15045.0,1.3381373,0.724963,-2.5475826,-1.2383577
15050.0,1.3282974,0.6342269,-2.5242617,-1.1875913
15055.0,1.2670556,0.55780315,-2.4613407,-1.0383121
15060.0,1.2695562,0.41105863,-2.0951838,-1.1639477
15065.0,1.097651,0.64851063,-2.2974453,-1.1611066
15070.0,1.2128016,0.6641656,-2.393959,-1.1996526
15075.0,1.1151001,0.6655838,-2.3406155,-1.1723145
15080.0,1.221939,0.61710155,-2.3392897,-1.2726337
15085.0,1.1128879,0.53765726,-2.1562452,-1.1531945
15090.0,0.9342457,0.50310165,-1.9838597,-1.0665325
15095.0,1.046775,0.5973824,-2.0822887,-1.0913328
15100.0,1.4295814,0.72443104,-2.623451,-1.3009766
15105.0,0.8630409,0.5865482,-2.097764,-1.013519
15110.0,1.2873098,0.51622695,-2.217391,-1.2232765
15115.0,1.1520506,0.3974851,-1.9487902,-1.22363
15120.0,0.8520481,0.551053,-2.0203578,-1.0615355
15125.0,1.2603776,0.7161548,-2.4317384,-1.2234986
15130.0,1.4446663,0.67925847,-2.5802553,-1.3008065
15135.0,1.2597991,0.6160815,-2.3670454,-1.1551507
15140.0,1.2984563,0.5194339,-2.3694363,-1.0825233
15145.0,1.2087545,0.66220486,-2.3176548,-1.2580459
15150.0,1.1628987,0.58272356,-2.3937917,-1.1430571
15155.0,1.244482,0.56116694,-2.4452002,-1.0282228
15160.0,1.2086204,0.5683215,-2.203454,-1.1887274
15165.0,1.0539674,0.47942233,-2.134144,-0.9662305
15170.0,1.186603,0.537145,-2.119918,-1.1452768
15175.0,1.101335,0.4903534,-2.1239254,-1.0523641
15180.0,1.1615435,0.56567514,-2.3191438,-1.200768
15185.0,1.1073501,0.57674915,-2.215114,-1.1027753
15190.0,1.340249,0.5246462,-2.2996442,-1.1936393
15195.0,0.96625197,0.53642595,-1.9864517,-1.1058809
15200.0,1.1241335,0.51192075,-2.1664944,-1.1658939
15205.0,1.2061615,0.4999536,-2.2652926,-1.087147
15210.0,1.2791892,0.5738453,-2.3244882,-1.2242547
15215.0,0.9968983,0.5223563,-1.8926598,-1.1884325
15220.0,1.2801474,0.6277982,-2.4439561,-1.2890117
15225.0,1.1885989,0.6727432,-2.5065548,-1.1103024
15230.0,1.1993097,0.57591796,-2.1231987,-1.3254393
15235.0,1.1951927,0.5483776,-2.224762,-1.1510551
15240.0,1.1901243,0.65832007,-2.2774894,-1.3448714
15245.0,1.0312015,0.5786956,-2.0733016,-1.1169609
15250.0,1.2805809,0.66608083,-2.4229352,-1.3375242
15255.0,1.3261961,0.5992073,-2.468035,-1.1796238
15260.0,1.3047775,0.56964624,-2.4615366,-1.0434799
15265.0,1.2228277,0.56128883,-2.435439,-1.09009
15270.0,1.160673,0.47884613,-2.2033565,-1.0932177
15275.0,1.0817763,0.6082355,-2.1278172,-1.1623054
15280.0,1.1811936,0.66448843,-2.1977925,-1.2090667
15285.0,1.2498436,0.7029717,-2.3651686,-1.3234019
15290.0,1.2377428,0.6388353,-2.3466322,-1.1747974
15295.0,1.2080251,0.5791464,-2.2552373,-1.1480323
15300.0,1.2477156,0.5324778,-2.2655394,-1.2121321
15305.0,0.8755851,0.5044335,-1.8318539,-1.030383
15310.0,1.0127127,0.44667822,-1.9543972,-1.1032608
15315.0,1.1209922,0.6209591,-2.142379,-1.2228622
15320.0,1.3521632,0.59964836,-2.3318584,-1.3960669
15325.0,1.0084955,0.6754943,-2.0941541,-1.1207447
15330.0,1.1837739,0.61338437,-2.2861748,-1.3078413
15335.0,1.1046592,0.52346474,-2.164193,-1.0974419
15340.0,1.1718901,0.55719686,-2.3484452,-1.1570424
15345.0,1.2186011,0.63494205,-2.2394423,-1.2436194
15350.0,1.2718997,0.71084356,-2.411071,-1.3620077
15355.0,1.0381999,0.52466005,-2.1077993,-1.0656652
15360.0,1.0655091,0.54969394,-2.1612782,-1.1097856
15365.0,1.1282917,0.66026175,-2.352051,-1.1518794
15370.0,1.2461357,0.64735544,-2.3412945,-1.3077447
15375.0,1.1727387,0.5500849,-2.294852,-1.1955084
15380.0,1.258372,0.55193824,-2.3279965,-1.1760802
15385.0,1.338217,0.53534234,-2.4285586,-1.1443777
15390.0,1.2849668,0.52004755,-2.2701757,-1.2161558
15395.0,1.3565972,0.62571234,-2.4767935,-1.2097869
15400.0,1.300255,0.49295872,-2.3349674,-1.1739653
15405.0,1.2991583,0.5292322,-2.285708,-1.2330766
15410.0,1.0695776,0.6355872,-2.0170734,-1.2333522
15415.0,0.9427494,0.6275067,-2.123355,-1.1701689
15420.0,1.229788,0.6632946,-2.2467291,-1.3310878
15425.0,1.2107636,0.5774896,-2.2076223,-1.2043757
15430.0,1.3609742,0.5580143,-2.3686497,-1.1831887
15435.0,1.2924199,0.6227931,-2.4837193,-1.1970251
15440.0,1.1370342,0.6293412,-2.257597,-1.1926489
15445.0,1.1821926,0.46369845,-2.1555326,-1.2052436
15450.0,1.1152865,0.51849574,-2.107968,-1.1352966
15455.0,1.1093225,0.5933201,-2.2290914,-1.1620616
15460.0,1.3085232,0.6583431,-2.3186343,-1.2776126
15465.0,1.2357879,0.6231693,-2.2228892,-1.3639593
15470.0,1.1902257,0.65950435,-2.2500951,-1.2311678
15475.0,1.261182,0.57583666,-2.3033426,-1.2227694
15480.0,1.1893843,0.53630245,-2.2793167,-1.1316837
15485.0,1.2584517,0.54766273,-2.4552991,-1.1008878
15490.0,1.1888691,0.63661003,-2.2891555,-1.2050855
15495.0,0.9988731,0.5840076,-2.0932286,-1.0884706
15500.0,1.1440051,0.6352478,-2.1848912,-1.1954508
15505.0,1.3985846,0.46563232,-2.3014066,-1.3308351
15510.0,1.2384336,0.48559535,-2.331798,-1.1453398
15515.0,1.2725824,0.515833,-2.270489,-1.1655436
15520.0,1.1352843,0.6762012,-2.2419858,-1.1542641
15525.0,1.0704032,0.76026875,-2.366684,-1.212913
15530.0,1.2518371,0.59802324,-2.4602027,-1.1231599
15535.0,1.2830244,0.5069225,-2.5000188,-1.0751672
15540.0,1.052602,0.4740675,-2.221525,-1.0147756
15545.0,1.2226688,0.46367666,-2.2682507,-1.1141989
15550.0,0.991469,0.37021953,-1.8575631,-1.1259569
15555.0,1.196998,0.60751534,-2.2420576,-1.2092713
15560.0,1.2951001,0.6991256,-2.5089405,-1.2459167
15565.0,1.3835443,0.64522743,-2.5884187,-1.2644303
15570.0,1.1497592,0.5582113,-2.21147,-1.1774125
15575.0,1.2828722,0.62362254,-2.4391887,-1.2312629
15580.0,1.2486175,0.5766928,-2.497281,-1.1263108
15585.0,1.2152531,0.6382854,-2.3631694,-1.2399888
15590.0,1.1809762,0.7029035,-2.2716792,-1.345595
15595.0,1.3946522,0.5252782,-2.4761767,-1.1682292
15600.0,0.9676511,0.49483854,-1.9422888,-1.0383651
15605.0,1.3827496,0.62134695,-2.3429525,-1.3366964
15610.0,1.4610583,0.5594672,-2.6075556,-1.2059119
15615.0,1.2744118,0.69256145,-2.4512744,-1.2692893
15620.0,1.1919084,0.6485267,-2.3367963,-1.2296695
15625.0,1.106183,0.64665926,-2.1560652,-1.2497786
15630.0,1.1989709,0.60292804,-2.3547795,-1.122571
15635.0,1.3809202,0.5974041,-2.6835957,-1.1577222
15640.0,1.3937736,0.5859829,-2.4673312,-1.2756498
15645.0,1.0735041,0.6382681,-2.1628692,-1.2281731
15650.0,1.1960732,0.56664634,-2.1474135,-1.2912755
15655.0,0.96303743,0.5384848,-1.9979246,-1.0953534
15660.0,1.3679485,0.75506556,-2.5360703,-1.3749993
15665.0,1.4565942,0.58606654,-2.5169053,-1.3006169
15670.0,1.1462276,0.58122754,-2.1432736,-1.263404
15675.0,1.082685,0.6038341,-2.2030501,-1.168887
15680.0,1.1780962,0.5375433,-2.315748,-1.0416135
15685.0,1.0652862,0.54403746,-2.2170959,-0.95379716
15690.0,1.4617589,0.5050943,-2.406555,-1.2495239
15695.0,1.3028198,0.57615435,-2.2837985,-1.1828908
15700.0,1.1827976,0.62484396,-2.274234,-1.208102
15705.0,1.1403224,0.5298637,-2.1652498,-1.1255682
15710.0,1.1804365,0.60852003,-2.2288752,-1.255446
15715.0,1.017965,0.58907926,-2.0656662,-1.080931
15720.0,0.9671921,0.58337295,-2.174796,-1.0283698
15725.0,0.99927247,0.6167381,-2.0782702,-1.1412898
15730.0,1.101544,0.5585089,-2.219632,-1.1709728
15735.0,1.026747,0.51248777,-2.1236196,-1.1027771
15740.0,1.0650941,0.49155337,-2.0692933,-1.0592083
15745.0,1.1862458,0.5424286,-2.1409137,-1.1800785
15750.0,1.0920118,0.6245787,-2.225451,-1.1070843
15755.0,1.0000752,0.5944133,-2.1269639,-1.1559042
15760.0,1.1806177,0.5231389,-2.232625,-1.1175956
15765.0,1.1848885,0.6507547,-2.4069822,-1.1612813
15770.0,1.0539371,0.5752582,-2.2315862,-1.0401683
15775.0,1.2189411,0.5695832,-2.2706163,-1.1452135
15780.0,1.2926785,0.5604867,-2.5300326,-1.1245487
15785.0,1.398214,0.7279495,-2.6648622,-1.2324986
15790.0,1.4126475,0.54881024,-2.4619734,-1.2124072
15795.0,1.3405197,0.6349139,-2.5054128,-1.2094886
15800.0,1.2178589,0.48924613,-2.2712774,-1.0785835
15805.0,1.3566753,0.514779,-2.306475,-1.270879
15810.0,1.2672479,0.6785611,-2.5147169,-1.1959721
15815.0,1.2510656,0.7224955,-2.6538398,-1.1504867
15820.0,1.2302805,0.6553637,-2.393623,-1.200756
15825.0,1.1217741,0.5416783,-2.2556612,-1.0769762
15830.0,0.96744615,0.4024828,-2.0064867,-1.002712
15835.0,1.0747803,0.4181078,-2.0323014,-1.1383641
15840.0,1.1910222,0.52231526,-2.0858874,-1.2684278
15845.0,1.217913,0.6124397,-2.2699482,-1.2134297
15850.0,1.2657012,0.7617593,-2.5212343,-1.2861598
15855.0,1.1788422,0.5968804,-2.25862,-1.1804178
15860.0,1.0001173,0.54396826,-2.0993538,-1.043573
15865.0,1.11657,0.5149325,-2.01082,-1.1727744
15870.0,1.2205936,0.54126084,-2.3621857,-1.0616634
15875.0,1.2814649,0.54104114,-2.3074565,-1.130592
15880.0,1.2696167,0.7172787,-2.4598153,-1.3210845
15885.0,1.2483289,0.50282526,-2.114576,-1.204178
15890.0,1.2310334,0.5945606,-2.4407384,-1.1604426
15895.0,1.2245439,0.6192475,-2.2417622,-1.3988384
15900.0,1.4870733,0.6831796,-2.6179574,-1.3291657
15905.0,1.264023,0.5441009,-2.3084874,-1.1990825
15910.0,1.1516045,0.51128155,-2.1457684,-1.0992551
15915.0,1.0508465,0.5681231,-2.1233525,-1.2331154
15920.0,1.2018715,0.6507095,-2.4099176,-1.1735351
15925.0,1.5034038,0.6313732,-2.7802272,-1.3245361
15930.0,1.1229049,0.6196434,-2.2999039,-1.318295
15935.0,1.1875633,0.50238794,-2.2585714,-1.1556059
15940.0,1.0368117,0.5735314,-2.0916615,-1.1514766
15945.0,1.0491343,0.49694407,-2.0175388,-1.1250377
15950.0,1.3883865,0.64126354,-2.548154,-1.2943792
15955.0,1.5231044,0.5797888,-2.424662,-1.3912728
15960.0,1.1066352,0.57574636,-2.0586236,-1.2785789
15965.0,0.9718665,0.48189908,-2.0637107,-0.9991416
15970.0,0.8057053,0.582736,-2.056837,-0.9262811
15975.0,1.1950384,0.45845068,-2.1101115,-1.2725285
15980.0,1.3742683,0.49656293,-2.4157965,-1.165537
15985.0,1.2250224,0.57009715,-2.2193718,-1.1641798
15990.0,0.9673998,0.5725635,-1.9614418,-1.2081127
15995.0,1.2062196,0.67750406,-2.3601313,-1.29149
16000.0,1.0048617,0.500408,-2.0792372,-1.0779504
16005.0,1.2178482,0.5992651,-2.2600844,-1.2781134
16010.0,1.1471573,0.5045214,-2.1813762,-1.0588136
16015.0,1.5921738,0.69834065,-2.8247166,-1.2561994
16020.0,1.2961069,0.5020213,-2.307853,-1.1101507
16025.0,1.1001626,0.5727447,-2.271208,-1.1172125
16030.0,1.0240047,0.58242434,-2.0851116,-1.1391194
16035.0,1.0911149,0.59637856,-2.2061696,-1.0629159
16040.0,1.1707278,0.5049649,-2.1942348,-1.2536131
16045.0,1.2434081,0.71360123,-2.3805597,-1.2979361
16050.0,1.1680046,0.43956622,-2.1526105,-1.113003
16055.0,1.0583764,0.5113765,-2.0385122,-1.1735216
16060.0,1.0574497,0.63107944,-2.1375139,-1.2995583
16065.0,1.044576,0.6517204,-2.0511122,-1.4068546
16070.0,1.360799,0.5962716,-2.2894316,-1.3677826
16075.0,1.2078626,0.5545667,-2.2552454,-1.1718994
16080.0,1.1872576,0.55004823,-2.1121955,-1.2138808
16085.0,1.1827303,0.6348915,-2.217794,-1.2105027
16090.0,1.316392,0.6977396,-2.345804,-1.3074019
16095.0,1.1204623,0.6127124,-2.1607606,-1.2032727
16100.0,1.1837671,0.5203349,-2.1078885,-1.238462
16105.0,1.1277152,0.5654838,-2.0841684,-1.2401328
16110.0,1.0495782,0.5317979,-1.995906,-1.1389787
16115.0,1.248844,0.6376384,-2.3737366,-1.2207503
16120.0,1.2871455,0.53222966,-2.2665668,-1.2534496
16125.0,1.0942641,0.673841,-2.3327248,-1.1215314
16130.0,1.2654864,0.62342507,-2.4178236,-1.2300467
16135.0,1.0987183,0.33071133,-1.9287447,-1.0545825
16140.0,1.0522926,0.39743373,-1.9579285,-0.9870944
16145.0,1.3096418,0.31340575,-2.3010147,-1.0532496
16150.0,1.1066039,0.24623294,-2.0000062,-1.0699602
16155.0,1.1787444,0.49804872,-2.3516963,-1.0483332
16160.0,1.159255,0.6017943,-2.3229055,-1.2314508
16165.0,1.3144064,0.46577153,-2.432096,-1.0594018
16170.0,1.4337579,0.6046052,-2.8186836,-1.0227866
16175.0,1.5409315,0.5356383,-2.8334992,-1.0437642
16180.0,1.0209298,0.2892293,-2.1773994,-0.9147498
16185.0,1.0167336,0.28822264,-1.974672,-0.84899944
16190.0,0.5735549,0.42247805,-1.8049892,-0.817317
16195.0,0.92430615,0.5825587,-2.1010795,-1.0993154
16200.0,1.4655119,0.8404065,-2.7580132,-1.2687157
16205.0,1.4471687,0.8340533,-2.8308642,-1.2538075
16210.0,1.315819,0.68359333,-2.6877868,-1.1896849
16215.0,1.0907894,0.6254301,-2.1613185,-1.214088
16220.0,0.8209116,0.56004846,-1.8817598,-1.0427005
16225.0,1.1149585,0.63083285,-2.2200484,-1.1817379
16230.0,1.2717988,0.59239864,-2.399683,-1.205476
16235.0,1.1165187,0.632059,-2.1872299,-1.1789182
16240.0,1.1217026,0.6772754,-2.4046736,-1.1617568
16245.0,1.2141709,0.7429334,-2.4739559,-1.2537208
16250.0,0.8592849,0.62876004,-1.987343,-1.1022811
16255.0,1.1675961,0.5344747,-2.2806902,-1.0377713
16260.0,1.4795282,0.47835904,-2.6812844,-1.0725331
16265.0,0.9959364,0.64259696,-2.3730555,-0.9680171
16270.0,1.174048,0.625726,-2.3254871,-1.1489027
16275.0,1.1260256,0.57693565,-2.1201913,-1.1856462
16280.0,1.0219879,0.39724165,-1.9859926,-1.0505593
16285.0,0.9470203,0.34909636,-2.000235,-0.8826569
16290.0,1.0898169,0.7307193,-2.2343404,-1.1617649
16295.0,1.3357334,0.76694703,-2.6313236,-1.2182434
16300.0,1.1555226,0.7086526,-2.5248268,-1.0843499
16305.0,0.90960467,0.45634305,-1.8447255,-1.1021825
16310.0,1.0020739,0.19264896,-1.7572123,-0.93977714
16315.0,0.71683246,0.4346872,-1.824706,-0.8242457
16320.0,1.0705318,0.7087995,-2.1520994,-1.2818242
16325.0,1.2868963,0.73030365,-2.4960935,-1.2681351
16330.0,1.1558865,0.641238,-2.390204,-1.1203413
16335.0,1.1159481,0.49130073,-2.083116,-1.2266731
16340.0,1.2242522,0.35620105,-2.168526,-1.0207211
16345.0,0.7339181,0.46384683,-1.784321,-0.9428579
16350.0,1.1133002,0.6424372,-2.2321298,-1.1247876
16355.0,1.4375011,0.75669265,-2.7208855,-1.2892122
16360.0,1.2671964,0.7344817,-2.5709221,-1.292573
16365.0,1.460199,0.5672312,-2.5302455,-1.2954323
16370.0,1.1430026,0.36093354,-2.2218506,-0.9434696
16375.0,0.8620666,0.42951924,-1.9548304,-0.9070538
16380.0,1.176227,0.47138476,-2.198417,-1.1192139
16385.0,1.406054,0.8043082,-2.7002423,-1.3098581
16390.0,1.3121465,0.73376036,-2.405644,-1.3591797
16395.0,1.1021609,0.6365937,-2.2379394,-1.143329
16400.0,0.9939498,0.61098385,-2.1583316,-1.0119704
16405.0,1.2807981,0.5579176,-2.4768684,-1.1847342
16410.0,1.3042895,0.37311086,-2.4637427,-0.928248
16415.0,1.09281,0.6573857,-2.123876,-1.1942792
16420.0,1.1515852,0.5938704,-2.1322768,-1.2514464
16425.0,1.1464447,0.58546567,-2.3069108,-1.2007163
16430.0,1.2124239,0.77885413,-2.3888314,-1.247319
16435.0,1.4116517,0.70010084,-2.5065928,-1.521744
16440.0,1.3014735,0.6688248,-2.4286592,-1.2691904
16445.0,1.0966164,0.635007,-2.1160412,-1.2028152
16450.0,1.2029277,0.5196524,-2.152235,-1.215253
16455.0,1.036589,0.20257737,-1.9926069,-0.86707526
16460.0,1.0950589,0.45922148,-2.1814222,-1.0914936
16465.0,1.3580195,0.66108817,-2.4331207,-1.236668
16470.0,1.120423,0.60391927,-2.2821283,-1.1288031
16475.0,1.2221897,0.67658114,-2.1966867,-1.282634
16480.0,1.2559351,0.5032354,-2.3158522,-1.1387138
16485.0,1.2575436,0.6208108,-2.4680898,-1.241484
16490.0,1.192083,0.4152231,-2.220795,-1.0687026
16495.0,1.0393575,0.6942536,-2.2050266,-1.1211698
16500.0,1.4553193,0.57849085,-2.648399,-1.2117229
16505.0,1.061306,0.6240256,-2.388314,-1.0154935
16510.0,1.519386,0.6356623,-2.5006702,-1.3497405
16515.0,1.457827,0.7060914,-2.5785787,-1.325979
16520.0,1.2134303,0.54293483,-2.324598,-1.132294
16525.0,1.0032908,0.6202543,-2.2232704,-0.9939671
16530.0,1.5934821,0.7377299,-2.6772146,-1.531739
16535.0,1.2472956,0.5248872,-2.3074832,-1.0623138
16540.0,1.3011135,0.5415554,-2.3065703,-1.1899905
16545.0,1.2057452,0.5074223,-2.337012,-1.1367556
16550.0,1.1687294,0.47657824,-2.2066085,-1.1359924
16555.0,1.0928968,0.6517692,-2.2512128,-1.174532
16560.0,1.164401,0.5744673,-2.2220511,-1.184161
16565.0,1.1818806,0.6044921,-2.5084016,-0.9073402
16570.0,1.2209812,0.61480653,-2.379647,-1.1497233
16575.0,1.5311376,0.5507746,-2.3940713,-1.3546679
16580.0,1.2094213,0.2721342,-2.2308643,-0.95003694
16585.0,1.1143318,0.40309718,-2.1693542,-0.979921
16590.0,1.0799617,0.7006812,-2.1507952,-1.2490878
16595.0,1.2413229,0.69554895,-2.4411995,-1.096434
16600.0,1.2330735,0.72848976,-2.4323614,-1.266608
16605.0,1.2837137,0.663287,-2.458481,-1.1745404
16610.0,1.2274998,0.44414473,-2.367376,-1.1130093
16615.0,1.0150398,0.37755853,-2.0738122,-0.95790774
16620.0,0.96648276,0.6316088,-2.3138232,-1.0045509
16625.0,1.2820128,0.655492,-2.4352255,-1.187798
16630.0,1.3370317,0.6471044,-2.3498654,-1.2318735
16635.0,1.2468928,0.6184052,-2.404718,-1.0961666
16640.0,0.9582692,0.4755574,-2.1777217,-0.94088054
16645.0,1.0320159,0.629357,-2.1559038,-1.145293
16650.0,1.2310618,0.6530168,-2.3161256,-1.2256266
16655.0,1.203584,0.623234,-2.3380864,-1.1262958
16660.0,1.2583586,0.51175225,-2.1747322,-1.1940105
16665.0,1.0487248,0.63709193,-2.1284008,-1.1225204
16670.0,1.0621248,0.61181045,-2.2490988,-1.1145725
16675.0,0.9801989,0.6204667,-2.113781,-1.1566743
16680.0,1.015467,0.5574726,-2.1404634,-1.050994
16685.0,1.1241498,0.51900005,-2.114908,-1.2699392
16690.0,1.1903689,0.3890429,-2.1048453,-1.1325158
16695.0,1.3023406,0.7292699,-2.5051808,-1.3404974
16700.0,1.2322462,0.7049154,-2.4483893,-1.2480986
16705.0,0.9521257,0.62111527,-2.0581138,-1.1335442
16710.0,1.1463016,0.6274472,-2.2933998,-1.1809994
16715.0,1.0187409,0.5017792,-2.127584,-1.0329539
16720.0,1.240149,0.26345333,-2.1724656,-0.88319117
16725.0,1.3442081,0.3831845,-2.3360434,-1.2550583
16730.0,1.2863115,0.63741887,-2.4380538,-1.1910303
16735.0,1.2742428,0.60697883,-2.4092433,-1.2534163
16740.0,1.1114366,0.63756734,-2.1977897,-1.2191232
16745.0,0.97733116,0.6703751,-2.1819415,-1.143089
16750.0,1.0740947,0.52521896,-2.2196314,-1.0599751
16755.0,1.3111404,0.4717045,-2.2995374,-1.1816244
16760.0,1.1695962,0.45498246,-2.2886424,-1.0289145
16765.0,1.2902135,0.5632175,-2.1950426,-1.3031425
16770.0,1.2238352,0.6980773,-2.3079755,-1.1649815
16775.0,1.1239558,0.6172184,-2.2176387,-1.1436996
16780.0,0.8826528,0.5414051,-1.8839256,-1.1640518
16785.0,0.94862497,0.36543718,-1.9544927,-1.0047219
16790.0,1.457524,0.40831283,-2.3148966,-1.2319877
16795.0,1.0700799,0.5006431,-2.033919,-1.210781
16800.0,1.3146452,0.5967674,-2.3408077,-1.2746539
16805.0,1.1742133,0.5936343,-2.2827785,-1.109147
16810.0,0.9833806,0.6043403,-2.01257,-1.101822
16815.0,1.2024356,0.60190326,-2.2532027,-1.1736493
16820.0,1.3569804,0.56117624,-2.4381518,-1.2198968
16825.0,1.0794061,0.5145674,-2.0789564,-1.076218
16830.0,1.2559274,0.4440849,-2.251856,-1.1919537
16835.0,0.9657354,0.5174907,-2.1650522,-1.0013664
16840.0,0.9842426,0.43146837,-1.9359891,-1.0186015
16845.0,1.2640643,0.72252405,-2.4528854,-1.2492477
16850.0,1.3864186,0.60037553,-2.5285714,-1.2577844
16855.0,1.1611551,0.6959461,-2.3402858,-1.2385956
16860.0,1.3339875,0.6010026,-2.2737224,-1.3560932
16865.0,1.2080548,0.5708758,-2.3876722,-1.1459537
16870.0,1.1539656,0.54531825,-2.2277076,-1.2114705
16875.0,1.1752074,0.6174029,-2.2104282,-1.3339462
16880.0,1.2595534,0.5000817,-2.391894,-1.0597485
16885.0,1.030961,0.646683,-2.189346,-1.1130841
16890.0,1.4258534,0.6513204,-2.4739358,-1.3371652
16895.0,1.2949842,0.60767823,-2.5449643,-1.0747725
16900.0,1.1517785,0.6532173,-2.2683809,-1.2005183
16905.0,1.1027231,0.55504173,-2.3265345,-1.0428503
16910.0,1.2954718,0.468295,-2.5120738,-0.9950533
16915.0,0.94347394,0.5687327,-2.2043512,-1.0290644
16920.0,1.2019153,0.65688074,-2.3276377,-1.1535584
16925.0,1.3860434,0.5623173,-2.4980788,-1.2320672
16930.0,1.205304,0.740507,-2.6124547,-1.0677538
16935.0,1.1408962,0.6258693,-2.3850214,-1.16589
16940.0,1.3727337,0.5840908,-2.5038648,-1.1903057
16945.0,1.051084,0.5221454,-2.122964,-1.1111273
16950.0,1.0803854,0.65786886,-2.2278042,-1.1157743
16955.0,1.1579462,0.59113944,-2.1810987,-1.2539296
16960.0,1.4908847,0.47701007,-2.5437987,-1.1195695
16965.0,1.2873806,0.41042063,-2.166139,-1.2897516
16970.0,1.0744302,0.4365875,-2.3265982,-0.9480195
16975.0,1.112514,0.66738737,-2.280468,-1.2251651
16980.0,1.1688458,0.6845162,-2.2677004,-1.2853347
16985.0,1.0172151,0.54367673,-2.103733,-1.0899616
16990.0,1.1681734,0.32628497,-2.2249663,-0.96008646
16995.0,1.3821515,0.20463942,-2.220609,-1.051568
17000.0,1.0987467,0.3164683,-2.138098,-0.9673381
17005.0,1.020684,0.49656445,-2.15421,-0.93907773
17010.0,1.297757,0.7807212,-2.5736043,-1.1888143
17015.0,1.5321983,0.6609191,-2.9071176,-1.1440539
17020.0,1.1522988,0.5702114,-2.3946288,-1.0193498
17025.0,1.2004226,0.5038089,-2.334051,-1.0672787
17030.0,1.0845572,0.37206087,-2.2825975,-0.92029476
17035.0,0.98561347,0.38062733,-2.1678712,-0.8512169
17040.0,1.1025912,0.6073436,-2.1624203,-1.2122808
17045.0,1.5394577,0.5788332,-2.7805653,-1.2455707
17050.0,1.1017021,0.61161053,-2.2985778,-1.1255894
17055.0,1.2064754,0.5282148,-2.3026903,-1.1423364
17060.0,1.134088,0.57504547,-2.2048204,-1.2161353
17065.0,1.3674544,0.4544106,-2.5837605,-0.99997795
17070.0,0.94386435,0.5399171,-2.2550592,-0.94524056
17075.0,1.317,0.55691385,-2.5972977,-1.1353189
17080.0,1.2441161,0.62621826,-2.4861834,-1.1255656
17085.0,1.4751271,0.6595485,-2.6757038,-1.2417526
17090.0,1.2438313,0.6423421,-2.674807,-1.018694
17095.0,1.3128669,0.5836363,-2.67051,-1.0623212
17100.0,1.0053453,0.5562503,-2.0139914,-1.2688711
17105.0,1.3409891,0.69732994,-2.520736,-1.3494147
17110.0,1.231292,0.6137492,-2.286327,-1.1923198
17115.0,1.1545303,0.7848222,-2.2822826,-1.2502542
17120.0,1.1426014,0.74380136,-2.3733344,-1.2055279
17125.0,1.2924705,0.79968387,-2.766805,-1.1632078
17130.0,1.2461581,0.6126057,-2.310049,-1.2697245
17135.0,1.3877865,0.56224287,-2.3175209,-1.2922052
17140.0,0.86728996,0.3795893,-1.8769181,-1.0004597
17145.0,0.8457104,0.46901903,-1.9276882,-1.0071017
17150.0,1.0139139,0.5199381,-2.1132176,-1.1335055
17155.0,1.3647017,0.44796896,-2.3744292,-1.162411
17160.0,1.2476403,0.6687436,-2.3170645,-1.2342743
17165.0,1.5135708,0.63994277,-2.5182369,-1.3008082
17170.0,1.0947112,0.5916914,-2.2859457,-1.081948
17175.0,1.0133508,0.59376884,-2.3464358,-1.0024952
17180.0,1.2545285,0.52072465,-2.37298,-1.1211047
17185.0,1.3758074,0.365883,-2.3916843,-1.0190716
17190.0,1.0289227,0.58679605,-2.0948558,-1.0900698
17195.0,1.172253,0.71823466,-2.2368064,-1.3775094
17200.0,0.9706526,0.6999223,-2.1943886,-1.1738495
17205.0,1.0126706,0.6483458,-2.1116922,-1.2036738
17210.0,1.3533336,0.5476363,-2.4130776,-1.2022009
17215.0,1.3232995,0.5680227,-2.3646705,-1.2070944
17220.0,1.0523144,0.6116667,-2.1120799,-1.1922362
17225.0,1.2633545,0.7155688,-2.4591565,-1.1749274
17230.0,1.2120637,0.59375066,-2.377482,-1.1438683
17235.0,1.0961032,0.6253601,-2.252868,-1.1745877
17240.0,1.0760633,0.58826345,-2.128312,-1.1587677
17245.0,1.1012431,0.58259326,-2.1660998,-1.0813723
17250.0,1.1711913,0.7535353,-2.248059,-1.4009931
17255.0,1.288561,0.6461246,-2.370795,-1.1514785
17260.0,1.1486963,0.5897282,-2.2318995,-1.2326927
17265.0,1.2658396,0.64655864,-2.3895438,-1.170801
17270.0,0.9123527,0.6296462,-2.0369663,-1.0676097
17275.0,1.0128841,0.5707618,-2.226869,-1.0085834
17280.0,1.2203764,0.58952373,-2.276714,-1.2878795
17285.0,1.07354,0.65941894,-2.1414516,-1.3327218
17290.0,1.0473047,0.566736,-2.244625,-1.0900174
17295.0,1.135188,0.5315341,-2.1845765,-1.0891078
17300.0,1.0231048,0.35578054,-1.9207147,-1.0271573
17305.0,1.1305034,0.6400728,-2.350335,-1.1014777
17310.0,1.1673669,0.71366704,-2.2947176,-1.3871648
17315.0,0.9049139,0.54273283,-1.9200858,-1.036356
17320.0,1.2846237,0.5493396,-2.2744224,-1.1216362
17325.0,1.2703185,0.5605234,-2.403505,-1.2137113
17330.0,1.0452403,0.34689236,-2.1219227,-0.8805856
17335.0,1.1329752,0.7108363,-2.2607124,-1.2602789
17340.0,1.1208855,0.6535592,-2.1293147,-1.1914353
17345.0,1.1926359,0.7215137,-2.365438,-1.186836
17350.0,1.2159492,0.61151433,-2.2036963,-1.2263366
17355.0,1.3968202,0.5143347,-2.3438284,-1.2293541
17360.0,0.90226525,0.4052758,-2.0666811,-0.8489476
17365.0,1.0086461,0.53946805,-2.0636055,-1.0426912
17370.0,1.0627365,0.62242955,-2.2029443,-1.109543
17375.0,1.1182657,0.68914205,-2.2996452,-1.1862648
17380.0,1.2853196,0.5682136,-2.3241704,-1.1796105
17385.0,1.2561455,0.4538331,-2.3252661,-1.0052227
17390.0,1.3019502,0.56851685,-2.32992,-1.0979402
17395.0,1.2166189,0.558358,-2.1451209,-1.1534219
17400.0,1.1067654,0.4234727,-2.229133,-0.9566178
17405.0,1.1640521,0.6407051,-2.3060105,-1.1507338
17410.0,1.4280041,0.6607435,-2.6075723,-1.286137
17415.0,1.3654507,0.6032406,-2.4875655,-1.2635523
17420.0,1.0923839,0.55681646,-2.1294026,-1.14284
17425.0,0.98432255,0.36566442,-1.9399369,-0.9459248
17430.0,1.0861279,0.56306493,-2.2694447,-1.0889748
17435.0,1.0660628,0.6516627,-2.0502298,-1.2755617
17440.0,1.1790783,0.64966476,-2.3174589,-1.2627014
17445.0,1.2449406,0.5565786,-2.249663,-1.2968729
17450.0,1.0665275,0.60096586,-2.0673773,-1.2864697
17455.0,1.171607,0.5324683,-2.2188685,-1.0786742
17460.0,1.2007074,0.6070653,-2.344763,-1.1569958
17465.0,0.97603846,0.61597335,-2.1256883,-1.0422816
17470.0,1.2473892,0.5843136,-2.2601652,-1.2578603
17475.0,1.0042056,0.5660094,-2.0557313,-1.1017164
17480.0,1.1015271,0.5707961,-2.2209888,-1.140429
17485.0,1.2044711,0.6380111,-2.2477815,-1.2971921
17490.0,1.1405898,0.56283784,-2.2319026,-1.1056433
17495.0,1.3421582,0.58456415,-2.5468843,-1.0777943
17500.0,1.3750024,0.7337917,-2.4774723,-1.4116125
17505.0,1.2797273,0.6550663,-2.3054025,-1.2561761
17510.0,1.3646666,0.59941065,-2.3074505,-1.3541701
17515.0,1.3171556,0.57993764,-2.2905695,-1.3234878
17520.0,0.93492043,0.51774335,-2.0226169,-1.0245013
17525.0,1.207712,0.5792334,-2.2973094,-1.3126285
17530.0,1.1056174,0.5627917,-2.2440104,-1.1021516
17535.0,1.3422977,0.72243965,-2.5209386,-1.0855315
17540.0,1.5219244,0.6497084,-2.659949,-1.3474041
17545.0,1.3699561,0.68224466,-2.5831437,-1.2696683
17550.0,1.2459775,0.5222194,-2.2923706,-1.1333523
17555.0,1.0972694,0.51112014,-2.0799606,-1.1816702
17560.0,1.1146374,0.56471956,-2.0868504,-1.1843004
17565.0,1.0983603,0.71988446,-2.239882,-1.3074282
17570.0,1.5321798,0.72372115,-2.6309,-1.3985157
17575.0,1.3834862,0.65281737,-2.690509,-1.1238003
17580.0,1.2127787,0.58420634,-2.3830223,-1.1305308
17585.0,1.1097301,0.6287031,-2.1476266,-1.1280382
17590.0,1.0804764,0.5953338,-2.1568117,-1.1511574
17595.0,1.1505486,0.65661347,-2.3348374,-1.2548593
17600.0,1.2045152,0.71295667,-2.2075748,-1.2924492
17605.0,1.2503301,0.5423869,-2.3247416,-1.1880817
17610.0,1.2381456,0.46969566,-2.360459,-1.0117217
17615.0,1.0526563,0.50245756,-2.03331,-1.0887339
17620.0,1.3524731,0.668368,-2.468292,-1.2375383
17625.0,1.1776657,0.50393856,-2.2622294,-1.1160469
17630.0,1.0908246,0.5719611,-2.077664,-1.1797775
17635.0,1.2285565,0.43949032,-2.222686,-1.1858449
17640.0,1.2026021,0.51004636,-2.157232,-1.2029454
17645.0,1.2573129,0.53435135,-2.3167245,-1.2010094
17650.0,1.1029227,0.66875833,-2.2536566,-1.3421316
17655.0,0.8794654,0.4985971,-1.9269682,-1.0554485
17660.0,1.1187873,0.59013665,-2.2225103,-1.162015
17665.0,1.024779,0.55317914,-2.2462335,-1.0752974
17670.0,1.3091987,0.70364016,-2.4482322,-1.3489034
17675.0,1.6936127,0.57711697,-2.9695747,-1.2434133
17680.0,1.0871896,0.6105058,-2.4167717,-0.9881762
17685.0,1.0462011,0.6603906,-2.1744905,-1.1305782
17690.0,1.2044014,0.5842428,-2.2719476,-1.1627382
17695.0,1.1817565,0.58868235,-2.3536587,-1.0845515
17700.0,1.2843392,0.72338074,-2.4686613,-1.308018
17705.0,1.3378351,0.6810579,-2.567507,-1.1902978
17710.0,1.117364,0.537354,-2.234292,-1.0829759
17715.0,1.0638896,0.42085522,-1.938315,-1.1305609
17720.0,1.1156353,0.50379556,-2.0982761,-1.1664186
17725.0,1.3800327,0.4128106,-2.3694458,-1.0942158
17730.0,1.1410247,0.5443848,-2.1841638,-1.1132163
17735.0,1.1203002,0.6271784,-2.2225723,-1.2113225
17740.0,1.1276016,0.5574624,-2.3286293,-1.0347779
17745.0,1.3788716,0.48954058,-2.3252206,-1.1353792
17750.0,0.9908339,0.51048785,-1.9855496,-1.1368482
17755.0,1.2072524,0.4050786,-2.293311,-0.98486173
17760.0,1.1766468,0.5626781,-2.3277528,-1.167617
17765.0,1.2585999,0.66467834,-2.3118165,-1.2943755
17770.0,1.1938115,0.7035732,-2.4137466,-1.2704775
17775.0,1.3207552,0.7188102,-2.4016397,-1.3007553
17780.0,0.903533,0.51077193,-1.9375509,-1.0145699
17785.0,1.1166251,0.50006866,-2.1673224,-1.0462717
17790.0,1.1024297,0.5302652,-2.1656992,-1.1132382
17795.0,1.2480036,0.5017541,-2.2333446,-1.1660069
17800.0,1.3191642,0.6308552,-2.3351321,-1.35344
17805.0,1.0545534,0.6153005,-2.0919232,-1.251838
17810.0,0.87092245,0.5256936,-2.0971305,-0.9493367
17815.0,1.2596548,0.63902336,-2.382898,-1.3404524
17820.0,1.0093371,0.61943996,-2.2962348,-1.0354958
17825.0,1.4553424,0.5573901,-2.5001228,-1.187608
17830.0,1.302778,0.6406973,-2.3677032,-1.3038359
17835.0,1.0861484,0.5785496,-2.2490728,-1.1809225
17840.0,1.1306204,0.47978354,-2.1981971,-1.0911188
17845.0,1.141112,0.47424352,-2.219725,-1.1448982
17850.0,1.3599416,0.30308285,-2.216689,-1.0861185
17855.0,1.2530953,0.63379073,-2.2756248,-1.312003
17860.0,1.2563602,0.7655263,-2.5385277,-1.1883178
17865.0,1.1859553,0.6587193,-2.5693648,-1.1839554
17870.0,1.3619138,0.47230548,-2.36677,-1.2021745
17875.0,1.1121885,0.4039147,-2.18429,-0.97861105
17880.0,1.2330587,0.121670604,-2.0794559,-0.93011487
17885.0,1.0740502,0.38601455,-2.095484,-1.0651467
17890.0,1.2689611,0.5572828,-2.338724,-1.144349
17895.0,1.2556413,0.64961994,-2.3974879,-1.3356683
17900.0,1.2341892,0.6495472,-2.427819,-1.1641977
17905.0,0.95163244,0.62979054,-2.1388323,-1.0622898
17910.0,1.3051093,0.5673708,-2.3413393,-1.2875845
17915.0,1.1583346,0.26070923,-2.0691314,-1.0280063
17920.0,0.955752,0.21586934,-1.9358671,-0.77941114
17925.0,1.0151688,0.33439827,-2.0577626,-1.0834842
17930.0,1.1364732,0.70832473,-2.4396646,-1.0737224
17935.0,1.4711661,0.85116416,-2.9751456,-1.1703479
17940.0,1.3343194,0.7249457,-2.5821,-1.2953463
17945.0,1.1742202,0.5528431,-2.2295287,-1.1279504
17950.0,0.99519217,0.35379857,-2.0017874,-0.9430815
17955.0,1.0673503,0.41284245,-2.719208,-0.8123233
17960.0,1.1659379,0.7129532,-2.4733868,-1.2743142
17965.0,1.3160036,0.73841727,-2.660157,-1.2792621
17970.0,1.2884302,0.71384263,-2.5285585,-1.1742923
17975.0,1.2902435,0.63798857,-2.4874086,-1.1193371
17980.0,1.006131,0.5588512,-2.0880592,-1.0766364
17985.0,1.4540284,0.7496799,-2.647554,-1.3623147
17990.0,1.1802045,0.57110226,-2.2306788,-1.1639742
17995.0,0.9896258,0.45412177,-2.1023495,-0.99235606
18000.0,1.0343124,0.49117303,-1.9351677,-1.085855
18005.0,1.325857,0.6649158,-2.4281812,-1.2893798
18010.0,1.1095961,0.6004375,-2.2913811,-1.1036376
18015.0,1.1594805,0.7211847,-2.6369839,-1.0299696
18020.0,1.1325942,0.55986935,-2.267295,-1.1351675
18025.0,1.1407263,0.48462713,-2.263738,-1.0912763
18030.0,1.1559492,0.45623916,-2.1418023,-1.0125381
18035.0,1.3578445,0.5907173,-2.3762648,-1.2467542
18040.0,1.3116761,0.574092,-2.3733132,-1.2145778
18045.0,1.3874911,0.6815938,-2.668537,-1.2225206
18050.0,1.3079828,0.49268445,-2.335098,-1.2523359
18055.0,0.9441706,0.4727537,-2.077802,-1.0209969
18060.0,1.2481728,0.5272088,-2.4304936,-1.0712695
18065.0,1.318719,0.55469775,-2.4424238,-1.1168321
18070.0,1.0817478,0.57959616,-2.280733,-1.0418373
18075.0,1.1733003,0.4920335,-2.0426319,-1.2049859
18080.0,1.0629618,0.42059273,-2.1366472,-0.98428303
18085.0,0.89777386,0.5917705,-2.066626,-1.1228238
18090.0,1.3699358,0.71660686,-2.4872901,-1.3562585
18095.0,1.2405888,0.6372775,-2.4358642,-1.3041402
18100.0,0.99596965,0.5444189,-2.2161825,-0.97971505
18105.0,1.0305183,0.5568856,-2.1215265,-1.2224994
18110.0,1.3487061,0.7042085,-2.709193,-1.083183
18115.0,1.447124,0.73597574,-2.7005072,-1.2055296
18120.0,1.3104695,0.7005354,-2.5455065,-1.2076432
18125.0,1.1737028,0.55776495,-2.3235095,-1.1367419
18130.0,0.8400522,0.37973306,-2.0094185,-0.8803461
18135.0,1.0989544,0.4359538,-2.0290356,-1.1188638
18140.0,1.4902223,0.5669732,-2.6179621,-1.2303442
18145.0,1.428295,0.76201844,-2.5937998,-1.2655784
18150.0,1.2815329,0.7361404,-2.4764717,-1.2330662
18155.0,1.1214708,0.6601629,-2.4493089,-1.0843631
18160.0,0.9592152,0.67536557,-2.10505,-1.1835434
18165.0,1.2473181,0.36824402,-2.161209,-1.0109979
18170.0,1.2091395,0.468025,-2.3010292,-0.96157616
18175.0,1.1222886,0.5848155,-2.062546,-1.2484232
18180.0,1.2019802,0.6078509,-2.327493,-1.1945994
18185.0,0.86330354,0.44537613,-1.8910582,-0.98348206
18190.0,1.1120661,0.70503175,-2.2111437,-1.2767891
18195.0,0.91881424,0.5917901,-2.0264552,-1.0111402
18200.0,1.0762295,0.6724335,-2.317035,-1.0831196
18205.0,1.0931712,0.6623863,-2.1715362,-1.182535
18210.0,1.2206335,0.59985083,-2.5432162,-0.9764012
18215.0,1.2109116,0.5414257,-2.2780337,-1.1830678
18220.0,1.0647992,0.5608772,-2.1909842,-1.1067046
18225.0,0.9837014,0.5663158,-2.0423312,-1.1285973
18230.0,1.2295216,0.7094729,-2.4016423,-1.2706844
18235.0,1.1312281,0.5040666,-2.156502,-1.1544555
18240.0,1.2405102,0.6500856,-2.3753233,-1.2604907
18245.0,1.2778418,0.57563865,-2.3052557,-1.3074392
18250.0,1.0682384,0.5467564,-2.2276309,-1.0901242
18255.0,1.242319,0.4682713,-2.3505073,-1.1098919
18260.0,1.3571221,0.47676685,-2.2704117,-1.2440414
18265.0,1.3985935,0.4281291,-2.3801076,-1.1667749
18270.0,1.3698945,0.6096052,-2.5303452,-1.1857839
18275.0,1.14451,0.6784292,-2.3417199,-1.2915078
18280.0,1.2513477,0.5812652,-2.6013129,-1.0263001
18285.0,1.3494776,0.5538491,-2.6167364,-1.1269915
18290.0,1.291147,0.43236983,-2.294239,-1.0804372
18295.0,1.1775995,0.46024758,-2.3447096,-1.0404264
18300.0,1.3881124,0.70533454,-2.6479318,-1.184952
18305.0,1.4009703,0.8442999,-2.7121973,-1.4543147
18310.0,1.2067447,0.61752427,-2.486275,-1.1524115
18315.0,1.259602,0.34853837,-2.0889764,-1.2296758
18320.0,0.9858955,0.35771275,-2.0266032,-0.9176601
18325.0,0.86562246,0.6666677,-2.4673064,-0.94845206
18330.0,1.5111345,0.74082685,-2.808675,-1.2526499
18335.0,1.3911031,0.75192237,-2.6583316,-1.2565441
18340.0,1.216849,0.61957335,-2.3449225,-1.2346678
18345.0,1.1547915,0.4309024,-2.0993297,-1.1731808
18350.0,1.1836001,0.5739358,-2.5419235,-0.9568717
18355.0,1.4520025,0.7864381,-2.7808797,-1.3693776
18360.0,1.4680558,0.75735456,-2.643357,-1.3382185
18365.0,1.2916737,0.59006894,-2.4324603,-1.153585
18370.0,1.1739271,0.5595609,-2.389315,-1.0691214
18375.0,1.3262289,0.5247082,-2.2069101,-1.2896454
18380.0,1.4842061,0.5590684,-2.550487,-1.2720176
18385.0,1.4060854,0.50484854,-2.6490362,-1.0991124
18390.0,1.307638,0.68431926,-2.604752,-1.2135866
18395.0,1.3096684,0.6239024,-2.6028297,-1.1875255
18400.0,1.3786808,0.5557292,-2.7097077,-1.0878868
18405.0,1.3277303,0.5843871,-2.3582695,-1.3168986
18410.0,1.0913662,0.40680367,-2.0185885,-1.0402163
18415.0,1.0597926,0.41549146,-2.361871,-0.86194724
18420.0,1.2415597,0.6109203,-2.367016,-1.1580392
18425.0,1.3608229,0.6810117,-2.5306659,-1.3348897
18430.0,1.1881372,0.56859493,-2.449762,-1.032875
18435.0,1.2643539,0.68566203,-2.5823543,-1.0785707
18440.0,0.96921575,0.52136755,-1.9395423,-1.0476873
18445.0,1.05539,0.61632025,-2.108194,-1.2525108
18450.0,1.283308,0.5449164,-2.2147777,-1.2065431
18455.0,1.190612,0.53620076,-2.168645,-1.2098594
18460.0,1.0927318,0.5130868,-2.200861,-1.1534833
18465.0,1.4522685,0.40357882,-2.4330654,-1.1678361
18470.0,1.1987289,0.38844597,-2.1693366,-1.1059593
18475.0,1.2559518,0.5885188,-2.3191855,-1.2331088
18480.0,1.1850594,0.7069149,-2.4409678,-1.1385796
18485.0,1.2305636,0.6415761,-2.5098221,-1.073748
18490.0,1.1240658,0.54570293,-2.3231518,-1.0749741
18495.0,1.0527382,0.49664742,-2.1453662,-1.03431
18500.0,1.0840226,0.24736872,-2.121273,-0.88454896
18505.0,0.9467344,0.5980267,-2.2164025,-1.0417217
18510.0,1.5112994,0.8634925,-2.7669914,-1.4993069
18515.0,1.3548346,0.69576305,-2.5992463,-1.1957803
18520.0,1.1886579,0.6381717,-2.4369252,-1.1546443
18525.0,1.2317947,0.6238692,-2.3164158,-1.3055564
18530.0,1.02186,0.6317755,-2.1472254,-1.1399075
18535.0,1.0272822,0.6186708,-2.0918875,-1.0632095
18540.0,1.2310467,0.7259555,-2.4018214,-1.3129188
18545.0,1.081193,0.54412574,-2.2000632,-1.0723568
18550.0,1.1735421,0.60685635,-2.2301834,-1.2396591
18555.0,1.365337,0.6151058,-2.4818058,-1.2402374
18560.0,1.0745854,0.6106473,-2.157682,-1.0953348
18565.0,1.0245328,0.638157,-2.3010113,-1.0565069
18570.0,1.0757867,0.6425288,-2.2109978,-1.1722434
18575.0,1.1942985,0.6119907,-2.4242384,-1.1425095
18580.0,1.0246841,0.5758885,-2.1850903,-1.1028445
18585.0,1.4517282,0.68131554,-2.5268688,-1.3693392
18590.0,1.1478068,0.6632696,-2.290391,-1.266845
18595.0,1.0825891,0.50951487,-2.2272298,-1.1061277
18600.0,0.9016853,0.5797775,-1.8644538,-1.1558115
18605.0,1.1969804,0.4319004,-2.235031,-1.0514281
18610.0,1.2321047,0.5932434,-2.361169,-1.2027551
18615.0,1.4847525,0.4614011,-2.6416347,-1.2826011
18620.0,1.3957787,0.38605943,-2.3568256,-1.1756034
18625.0,1.1277751,0.48849723,-2.1813765,-1.1272422
18630.0,0.91273165,0.27670884,-1.9527504,-0.9358928
18635.0,1.2033447,0.40890902,-2.3485005,-1.0925428
18640.0,1.4164377,0.6907603,-2.4666164,-1.3785214
18645.0,1.5735427,0.5464318,-2.7478025,-1.2142434
18650.0,1.2943672,0.43657085,-2.4838119,-1.0707222
18655.0,1.0083917,0.4117159,-2.171412,-0.89505404
18660.0,0.99327147,0.31579813,-2.3097613,-0.86122763
18665.0,0.9592328,0.56059164,-2.2597337,-1.0139959
18670.0,1.1751825,0.63768864,-2.335231,-1.1953881
18675.0,1.1626498,0.6576246,-2.3429759,-1.1084741
18680.0,1.3726599,0.6517135,-2.5089557,-1.2732735
18685.0,1.0651048,0.59681016,-2.268729,-1.0406947
18690.0,1.3261217,0.7236577,-2.624087,-1.2459867
18695.0,1.4274865,0.7305217,-2.8266933,-1.1530485
18700.0,1.3165901,0.7466575,-2.5568633,-1.2086651
18705.0,1.2045244,0.70299506,-2.2374606,-1.2804301
18710.0,1.228721,0.46033353,-2.157476,-1.1601876
18715.0,0.84478694,0.56566024,-2.0222113,-0.95830613
18720.0,1.2929262,0.7519095,-2.51587,-1.2310485
18725.0,1.1556553,0.7859944,-2.548173,-1.1211305
18730.0,1.0530511,0.7131754,-2.4123118,-1.1315448
18735.0,1.0710158,0.58633775,-2.0286078,-1.1146353
18740.0,1.1106771,0.3682638,-2.1442351,-1.018824
18745.0,0.8551839,0.50805736,-2.0180027,-1.0366882
18750.0,1.3308765,0.7245957,-2.4341984,-1.321639
18755.0,1.2724231,0.68108815,-2.4378955,-1.1708215
18760.0,1.368115,0.7172415,-2.6481779,-1.2679619
18765.0,1.1268374,0.6241374,-2.205071,-1.139826
18770.0,1.2793885,0.42618167,-2.280649,-0.99660033
18775.0,1.220215,0.28719282,-2.1470566,-1.058091
18780.0,1.0538831,0.303904,-1.9763952,-0.9507405
18785.0,1.1096216,0.6802921,-2.181792,-1.3146495
18790.0,1.5240953,0.7985308,-2.8640401,-1.401489
18795.0,1.2996827,0.64900213,-2.410825,-1.2527679
18800.0,1.2334074,0.5477139,-2.2692983,-1.1353981
18805.0,1.2090269,0.18763055,-2.0964208,-0.99943376
18810.0,1.0280632,0.4071318,-2.1787176,-0.8701562
18815.0,1.1288874,0.693658,-2.367891,-1.1603636
18820.0,1.4753932,0.7716702,-2.7390623,-1.2339419
18825.0,1.2154071,0.5678907,-2.2274082,-1.1682546
18830.0,1.054108,0.6056523,-2.1835868,-1.0925798
18835.0,0.9141955,0.414775,-2.0293899,-1.018004
18840.0,1.0504664,0.55369294,-2.2269425,-1.1126969
18845.0,1.3730582,0.6282885,-2.4365122,-1.3921247
18850.0,1.317412,0.7246351,-2.5578375,-1.2608182
18855.0,1.0175575,0.40967786,-2.0778747,-0.98684055
18860.0,1.2277184,0.60956806,-2.2391484,-1.2334479
18865.0,1.3923688,0.5390309,-2.4004362,-1.2916083
18870.0,1.1062167,0.47566366,-2.1837132,-1.0505189
18875.0,1.1300428,0.5847476,-2.3121164,-1.0734608
18880.0,1.2491887,0.6209129,-2.4641216,-1.1044664
18885.0,1.233646,0.52742183,-2.5062592,-0.9978258
18890.0,1.1487066,0.5868846,-2.3290343,-1.1710217
18895.0,1.1933249,0.63819563,-2.2966464,-1.2105055
18900.0,1.1970866,0.63314646,-2.3094866,-1.1732612
18905.0,1.2476496,0.70950586,-2.3374398,-1.1514884
18910.0,1.2661809,0.6931751,-2.3362339,-1.3265388
18915.0,1.0962654,0.6133681,-2.2491467,-1.0392815
18920.0,1.083341,0.6638166,-2.2837803,-1.1888653
18925.0,1.098405,0.63826406,-2.0500216,-1.2981758
18930.0,1.2424945,0.6946777,-2.3550103,-1.3145218
18935.0,1.1485212,0.7248833,-2.2440937,-1.1862543
18940.0,1.1467777,0.5793338,-2.1373703,-1.2138834
18945.0,1.0833616,0.5663059,-2.2215703,-1.0062308
18950.0,1.2507182,0.39690536,-2.0782144,-1.2594578
18955.0,1.1492759,0.30854312,-2.1064374,-1.0013663
18960.0,1.0801057,0.35449153,-2.0869706,-1.0025533
18965.0,1.2614354,0.68083394,-2.336742,-1.3119386
18970.0,1.4734849,0.73373336,-2.895147,-1.1783174
18975.0,1.3728243,0.7594718,-2.636512,-1.2443675
18980.0,1.4155084,0.652357,-2.5323212,-1.2563338
18985.0,1.1022111,0.49859378,-2.4687927,-0.85962373
18990.0,1.0870571,0.2878552,-2.1014497,-1.0419521
18995.0,1.3022147,0.6545839,-2.3410122,-1.3033288
19000.0,1.485462,0.70725286,-2.572417,-1.3203222
19005.0,1.2597123,0.82403123,-2.6746042,-1.2044191
19010.0,1.1388652,0.71154153,-2.297484,-1.2124338
19015.0,1.1091586,0.68896276,-2.323392,-1.1614383
19020.0,1.1115298,0.506092,-2.0834372,-1.1653354
19025.0,1.1868007,0.3959652,-2.2353113,-1.0325762
19030.0,1.0751413,0.45339027,-2.0923467,-0.9885406
19035.0,1.1482753,0.4127807,-2.1048012,-1.0913115
19040.0,1.0363902,0.6497637,-2.0732005,-1.201275
19045.0,1.4026794,0.7285944,-2.641764,-1.351198
19050.0,1.0925353,0.7030629,-2.2530987,-1.2316507
19055.0,1.2676071,0.6832921,-2.2739298,-1.3777132
19060.0,1.0787283,0.49164915,-2.1656258,-1.0581144
19065.0,1.0519224,0.29946166,-2.0062776,-0.9279933
19070.0,0.92015976,0.39296433,-1.9258658,-0.9396718
19075.0,1.3689636,0.7878874,-2.5471334,-1.3845577
19080.0,1.2442745,0.7148926,-2.4758728,-1.3930339
19085.0,1.1008563,0.6567755,-2.3996866,-1.0645369
19090.0,1.2054414,0.6532309,-2.3059392,-1.3266897
19095.0,1.1800545,0.5754885,-2.32294,-1.1808462
19100.0,1.0155522,0.4150404,-2.0787287,-0.9712531
19105.0,1.2104124,0.6232218,-2.3182464,-1.2197146
19110.0,1.283537,0.77547336,-2.4443622,-1.3722851
19115.0,1.115045,0.71496236,-2.4010794,-1.1133296
19120.0,1.2323635,0.6539499,-2.3629096,-1.2892562
19125.0,1.1832012,0.3393759,-2.1463373,-1.0279777
19130.0,1.2494434,0.32350218,-2.205024,-1.0685687
19135.0,1.1025594,0.39788896,-2.2503767,-1.0323218
19140.0,1.2284685,0.7231604,-2.483084,-1.1252621
19145.0,1.5363246,0.72454095,-2.80631,-1.3661871
19150.0,1.2676722,0.668172,-2.5665681,-1.1977222
19155.0,1.2046747,0.47022122,-2.117174,-1.2669958
19160.0,1.0835099,0.43494523,-2.1844933,-0.97087795
19165.0,0.9657179,0.5485003,-2.5142314,-0.842825
19170.0,1.2387553,0.68142116,-2.2623658,-1.2819015
19175.0,1.7014064,0.7532699,-2.9705625,-1.3609314
19180.0,1.185307,0.58238053,-2.372417,-1.1243231
19185.0,1.1519476,0.6011908,-2.2165518,-1.2030388
19190.0,1.3536903,0.41372418,-2.1956885,-1.1690187
19195.0,1.2383021,0.5542308,-2.4476564,-1.0616914
19200.0,1.15735,0.50600284,-2.298371,-1.1335318
19205.0,1.4303173,0.80046,-2.7786298,-1.2416272
19210.0,1.3800062,0.7484017,-2.7519271,-1.2005074
19215.0,1.2983283,0.66820407,-2.5490947,-1.1768196
19220.0,1.189902,0.44117963,-2.2690923,-0.98322237
19225.0,0.89504284,0.4058368,-1.9941069,-0.88494366
19230.0,0.8604069,0.52747446,-2.196713,-0.90015036
19235.0,1.200941,0.6323818,-2.372768,-1.2207497
19240.0,1.4925343,0.8343792,-2.8623679,-1.4311731
19245.0,1.2437218,0.7346611,-2.5621274,-1.1716174
19250.0,1.2186607,0.69762826,-2.3657448,-1.2151728
19255.0,1.0576414,0.592572,-2.2418237,-1.0704201
19260.0,1.1988124,0.63366926,-2.3119035,-1.2836231
19265.0,1.3393615,0.63803226,-2.4173625,-1.3724567
19270.0,1.2050503,0.56504965,-2.3180487,-1.1441249
19275.0,1.1009744,0.6652839,-2.3569472,-1.0773033
19280.0,1.0119966,0.5555135,-2.1798081,-1.1100667
19285.0,1.2882701,0.3732534,-2.1956542,-1.0597174
19290.0,1.1666949,0.44497448,-2.1559203,-1.1422025
19295.0,1.2591583,0.57015043,-2.3734176,-1.1600907
19300.0,1.1378268,0.65616,-2.3133466,-1.1072092
19305.0,1.1599408,0.62490165,-2.3353493,-1.180503
19310.0,1.2532877,0.63430095,-2.4987533,-1.195476
19315.0,1.1783814,0.46048224,-2.2615075,-1.0662932
19320.0,1.0794388,0.4951926,-2.2741518,-1.0251572
19325.0,1.3205085,0.65401673,-2.572945,-1.166157
19330.0,1.2132059,0.68860275,-2.338305,-1.2802742
19335.0,1.2674886,0.6457803,-2.292039,-1.3049883
19340.0,1.254665,0.634189,-2.6193044,-1.0857706
19345.0,1.2761823,0.5840881,-2.3278248,-1.2529783
19350.0,1.1240993,0.6534125,-2.2710748,-1.2561893
19355.0,1.2030389,0.4349991,-2.2985601,-1.0306736
19360.0,0.9462073,0.63348293,-2.1548164,-1.0133319
19365.0,1.3800359,0.7050953,-2.559354,-1.2507448
19370.0,1.357504,0.64623535,-2.6720316,-1.1521566
19375.0,1.1251342,0.55583465,-2.276666,-1.1458163
19380.0,1.2716872,0.66841793,-2.590401,-1.1348134
19385.0,0.98587406,0.591807,-2.1032145,-1.174874
19390.0,1.0075547,0.64596814,-2.1799362,-1.0727551
19395.0,1.2170099,0.62958753,-2.4480448,-1.193716
19400.0,1.1086208,0.6912664,-2.2676945,-1.169237
19405.0,1.1770748,0.6242064,-2.1113768,-1.3121378
19410.0,1.3358182,0.60978293,-2.4426668,-1.2020231
19415.0,1.0083236,0.7191988,-2.205375,-1.168848
19420.0,1.1058743,0.68553174,-2.2464745,-1.2073201
19425.0,1.4281063,0.72235703,-2.6117744,-1.3902653
19430.0,1.2266488,0.6070177,-2.1647866,-1.2201461
19435.0,1.1610304,0.4519127,-2.0275137,-1.1608078
19440.0,1.2325553,0.2846209,-2.1185286,-1.067728
19445.0,1.173522,0.4537005,-2.335556,-0.99322194
19450.0,1.049942,0.44308028,-2.1657798,-1.0428214
19455.0,1.2426962,0.48534045,-2.334411,-1.1493767
19460.0,1.2515188,0.69448197,-2.361581,-1.2978563
19465.0,1.2962614,0.6359569,-2.305204,-1.2658141
19470.0,1.1594666,0.574906,-2.3205945,-1.0745096
19475.0,1.2306589,0.5220544,-2.7674363,-0.9132959
19480.0,1.2679836,0.5766998,-2.6801379,-1.0876434
19485.0,1.2339001,0.60262805,-2.307873,-1.239409
19490.0,1.205754,0.5688322,-2.2833858,-1.1771929
19495.0,1.1972892,0.5664042,-2.2628376,-1.1482383
19500.0,0.93204236,0.5282234,-1.9834642,-1.0073446
19505.0,1.2623754,0.65381265,-2.2963388,-1.2664934
19510.0,1.2955276,0.727239,-2.5916412,-1.2419857
19515.0,1.0189806,0.6743931,-2.4069083,-0.9738641
19520.0,1.1412443,0.56290627,-2.2333663,-1.1814257
19525.0,1.2313007,0.51899874,-2.2515788,-1.1652772
19530.0,0.89142174,0.37109166,-1.8072289,-0.95864254
19535.0,0.9889468,0.54117733,-1.950824,-1.1533544
19540.0,1.2528131,0.5753597,-2.2829046,-1.2043666
19545.0,1.1887635,0.6036413,-2.2967734,-1.128317
19550.0,1.26518,0.5982073,-2.3823087,-1.2328222
19555.0,1.1491852,0.644124,-2.4211009,-1.1644822
19560.0,0.9976407,0.53506064,-2.0900276,-1.1045948
19565.0,1.0795007,0.5671717,-1.9736836,-1.2045794
19570.0,1.2231194,0.46245927,-2.2444823,-1.103662
19575.0,1.3429202,0.65889525,-2.4904292,-1.3734955
19580.0,1.2057779,0.605753,-2.3236697,-1.2402058
19585.0,1.2175708,0.61371326,-2.2855225,-1.1649492
19590.0,1.1278431,0.64149433,-2.3296158,-1.2207514
19595.0,1.177931,0.5331817,-2.2106051,-1.1824324
19600.0,1.2391942,0.64278007,-2.2765238,-1.220381
19605.0,1.4494567,0.68336296,-2.5074856,-1.5184891
19610.0,1.0992991,0.6118878,-2.3667963,-1.1728197
19615.0,1.171162,0.3993833,-2.1357017,-1.1178348
19620.0,1.1814457,0.63185346,-2.3528183,-1.2290258
19625.0,1.162207,0.42937136,-2.2009075,-1.163701
19630.0,0.92254984,0.60346305,-2.1074648,-1.1134702
19635.0,1.1805096,0.6262839,-2.356195,-1.2386067
19640.0,1.2282282,0.6474228,-2.3692756,-1.2819455
19645.0,1.1620988,0.36890307,-2.0913508,-1.0784203
19650.0,0.795454,0.405311,-1.9031498,-0.93157834
19655.0,0.95352787,0.5331403,-2.0670378,-1.0151837
19660.0,0.9586963,0.6362366,-2.2154086,-1.1009127
19665.0,1.3906938,0.7470491,-2.482777,-1.5352572
19670.0,1.2953978,0.7852347,-2.4395611,-1.3974895
19675.0,1.1074125,0.6108543,-2.1697197,-1.1590164
19680.0,0.99978256,0.4362306,-2.0374446,-1.0610789
19685.0,1.1915427,0.565418,-2.54315,-1.0251005
19690.0,1.1783648,0.5807346,-2.3468173,-1.1694659
19695.0,1.3144294,0.64408445,-2.3507617,-1.2850652
19700.0,1.3609113,0.6787559,-2.540247,-1.2176312
19705.0,1.3314271,0.6759994,-2.5036547,-1.2283245
19710.0,1.1680292,0.44467416,-2.283244,-1.0607848
19715.0,1.3983995,0.59986377,-2.7730231,-1.2368187
19720.0,1.0853473,0.49370998,-2.0241368,-1.1705258
19725.0,1.3177422,0.5431072,-2.4782975,-1.0741522
19730.0,1.1154095,0.4196043,-2.0693362,-1.0191097
19735.0,1.2974066,0.64737725,-2.4375277,-1.3004212
19740.0,1.2178339,0.513365,-2.3698843,-1.1586648
19745.0,1.3105488,0.66366065,-2.523922,-1.2580004
19750.0,1.0980314,0.5318241,-2.1338716,-1.0802888
19755.0,1.3515908,0.6158389,-2.572632,-1.2973517
19760.0,1.304724,0.6824926,-2.3874857,-1.3097465
19765.0,1.2224214,0.71092,-2.2746794,-1.3063737
19770.0,1.1955074,0.41666967,-2.1813967,-1.1294816
19775.0,1.0542336,0.34793144,-2.1451921,-0.9723665
19780.0,0.9319885,0.326181,-1.8631731,-0.96660995
19785.0,0.9328881,0.21316482,-2.133305,-0.8563947
19790.0,1.1474932,0.54430246,-2.2757528,-1.1185784
19795.0,1.359927,0.7971836,-2.5658286,-1.2483113
19800.0,1.4537454,0.7466365,-2.9777303,-1.1029497
19805.0,1.3965605,0.6245588,-2.7799606,-1.1331924
19810.0,1.1776259,0.5144258,-2.4132092,-0.9371007
19815.0,0.88136554,0.3959743,-2.2946007,-0.84236544
19820.0,1.0154797,0.5251143,-2.3299696,-0.990386
19825.0,1.3186415,0.5620104,-2.4282105,-1.2145357
19830.0,1.3272798,0.687926,-2.6909082,-1.101738
19835.0,1.2775618,0.82265747,-2.6331718,-1.2263694
19840.0,1.2514333,0.7077184,-2.6661365,-1.0602219
19845.0,1.2521514,0.65927285,-2.4787405,-1.1799396
19850.0,1.2531945,0.49565747,-2.4309945,-1.1078731
19855.0,0.8891739,0.45581716,-2.0609562,-1.0240408
19860.0,1.1699709,0.5823023,-2.2822304,-1.1728514
19865.0,1.3537407,0.6947857,-2.5976002,-1.2978241
19870.0,1.4402117,0.6576999,-2.683431,-1.2808342
19875.0,1.3168252,0.6848357,-2.4890585,-1.3450212
19880.0,1.3029166,0.5940884,-2.5304332,-1.1461686
19885.0,1.0152557,0.5821543,-2.137903,-1.0663886
19890.0,1.1274878,0.6297958,-2.1719615,-1.2560315
19895.0,1.2941699,0.64312226,-2.5369625,-1.2897332
19900.0,1.2477189,0.4719056,-2.151429,-1.2722971
19905.0,1.0041378,0.6770593,-2.1631732,-1.1092732
19910.0,1.1375672,0.6206929,-2.376324,-1.1416385
19915.0,1.0260934,0.60752755,-2.1709754,-1.114671
19920.0,1.0200198,0.68728876,-2.2551754,-1.1458772
19925.0,1.1748744,0.7009038,-2.5433767,-1.1664394
19930.0,1.1660118,0.6617174,-2.3707914,-1.1836442
19935.0,1.2443345,0.69621193,-2.3839118,-1.24387
19940.0,1.2964338,0.63015807,-2.4969091,-1.2900894
19945.0,1.0815514,0.5097041,-2.302106,-1.0259576
19950.0,0.9993557,0.5888249,-2.120338,-1.0878386
19955.0,1.248375,0.73838115,-2.4777114,-1.2524346
19960.0,1.140137,0.70637,-2.4751925,-1.176004
19965.0,1.3444299,0.6598215,-2.5075254,-1.2866114
19970.0,1.256545,0.5601971,-2.3200624,-1.1971403
19975.0,1.2170377,0.4717629,-2.1565006,-1.261796
19980.0,0.828318,0.5441204,-1.9561917,-1.0332354
19985.0,1.0068952,0.7115855,-2.268274,-1.0565314
19990.0,1.0664741,0.5412253,-2.1647666,-1.0946858
19995.0,1.189532,0.68165886,-2.2750876,-1.3079853
20000.0,1.3308827,0.53894657,-2.253184,-1.2937627
20005.0,1.1205076,0.5279349,-2.1136286,-1.1012962
20010.0,0.98468393,0.5407231,-2.049823,-1.1020415
20015.0,1.0469449,0.6198567,-2.299358,-1.0435766
20020.0,1.324508,0.47929424,-2.3349094,-1.2311875
20025.0,1.3692318,0.57712746,-2.4596107,-1.2749859
20030.0,1.2965246,0.34351042,-2.0711145,-1.1936827
20035.0,0.82029545,0.48839653,-1.9467114,-0.91530216
20040.0,1.1455463,0.73978996,-2.4342964,-1.2411606
20045.0,1.1427217,0.59784937,-2.4370477,-1.0522867
20050.0,1.2619377,0.53360736,-2.3537383,-1.19416
20055.0,1.2113447,0.5065209,-2.2200522,-1.1896604
20060.0,1.0944653,0.32271445,-2.0943902,-1.1135492
20065.0,0.9321381,0.61603945,-2.2590625,-0.9664409
20070.0,1.1759052,0.6728339,-2.2803192,-1.4079208
20075.0,1.4272274,0.59096736,-2.6471071,-1.240905
20080.0,1.4060587,0.39256233,-2.3955045,-1.0976326
20085.0,0.79933053,0.47635388,-2.014015,-0.90181834
20090.0,1.0610105,0.672786,-2.2144005,-1.1593535
20095.0,1.2755696,0.71748066,-2.6828427,-1.1130717
20100.0,1.3666381,0.689989,-2.6327376,-1.3310226
20105.0,1.3673503,0.61900294,-2.5443585,-1.2093645
20110.0,1.2952148,0.4010036,-2.355961,-1.014187
20115.0,0.87828547,0.5243757,-2.2620108,-0.8299921
20120.0,1.2722658,0.6902995,-2.3890214,-1.2502942
20125.0,1.2767371,0.77582604,-2.5461993,-1.3073201
20130.0,1.5218462,0.50400335,-2.5321815,-1.2373943
20135.0,1.2517991,0.6514504,-2.486307,-1.1467383
20140.0,1.2923187,0.5998323,-2.4389665,-1.2009331
20145.0,1.4445643,0.7790971,-2.577748,-1.4345624
20150.0,1.264789,0.6572216,-2.5311687,-1.1926327
20155.0,1.1514468,0.64683163,-2.4344018,-1.0530927
20160.0,1.3234917,0.34609374,-2.1898074,-1.1676497
20165.0,1.2529899,0.53641737,-2.4853513,-1.0597156
20170.0,1.3026916,0.4547045,-2.3100898,-1.2054424
20175.0,1.1658605,0.5629521,-2.1584437,-1.2189093
20180.0,1.4322513,0.6234508,-2.5294578,-1.2575078
20185.0,1.1495954,0.6884075,-2.3224423,-1.1791114
20190.0,1.0946875,0.5137437,-2.2132108,-1.0997112
20195.0,1.1404237,0.63146305,-2.2907455,-1.1719576
20200.0,1.2911084,0.58822995,-2.4129243,-1.186853
20205.0,0.98313797,0.47712064,-1.9661056,-0.9949878
20210.0,1.2721831,0.5737443,-2.402912,-1.0776123
20215.0,1.030233,0.6271252,-2.1711948,-1.1635698
20220.0,1.0092281,0.5960216,-2.1621425,-1.1465338
20225.0,1.2829927,0.5902934,-2.330889,-1.2078838
20230.0,0.905226,0.5155473,-1.8880974,-1.0937059
20235.0,1.1415948,0.6319684,-2.1898754,-1.2257086
20240.0,0.9185542,0.5515758,-2.1198874,-0.9903448
20245.0,1.040228,0.5811932,-2.1759505,-1.1080309
20250.0,1.1272242,0.51474506,-2.1322885,-1.1935574
20255.0,1.2454795,0.50789195,-2.3118145,-1.1936749
20260.0,1.1950189,0.410068,-1.9642543,-1.1633503
20265.0,1.3404697,0.395204,-2.4464571,-1.0953956
20270.0,1.0738765,0.39628455,-2.1517897,-1.0787108
20275.0,1.1278522,0.4348703,-2.3190835,-0.98709714
20280.0,1.191162,0.5988991,-2.1708517,-1.2326199
20285.0,1.3745795,0.68521965,-2.6053069,-1.1686441
20290.0,1.5819216,0.6034312,-2.889188,-1.1133476
20295.0,1.3802768,0.5587157,-2.8505023,-0.96784943
20300.0,1.1494759,0.47502774,-2.3678584,-0.9501465
20305.0,1.0622983,0.48607224,-2.3211832,-0.8628538
20310.0,1.1122956,0.67708516,-2.2676406,-1.2123313
20315.0,1.1282399,0.6869222,-2.2705653,-1.1624349
20320.0,1.3626498,0.7299762,-2.5581253,-1.2797123
20325.0,1.3727254,0.76942706,-2.6930912,-1.2533338
20330.0,1.1205359,0.7184081,-2.4689596,-1.127811
20335.0,1.1203048,0.70420086,-2.3562467,-1.1782689
20340.0,1.2465118,0.5103558,-2.1251073,-1.2780765
20345.0,1.0112003,0.36243337,-1.8067219,-1.2364814
20350.0,0.7721225,0.3941742,-1.8434236,-0.89744025
20355.0,1.1907318,0.5029424,-2.34076,-1.1133888
20360.0,1.5624261,0.71342975,-2.813606,-1.1964878
20365.0,1.4629722,0.6413977,-2.5464284,-1.2687072
20370.0,1.2694386,0.5500971,-2.313145,-1.1727183
20375.0,1.0960611,0.31175092,-2.1104977,-1.0737683
20380.0,0.9660405,0.3363444,-2.0266588,-0.8893834
20385.0,0.9793888,0.6133496,-2.063755,-1.2327069
20390.0,1.1775059,0.7260777,-2.5521972,-1.153716
20395.0,1.172675,0.56653076,-2.202019,-1.3129823
20400.0,1.1657833,0.5658215,-2.3518713,-1.0963833
20405.0,1.2591673,0.59854674,-2.2173405,-1.2382662
20410.0,1.0199283,0.39971903,-1.9941386,-1.0906183
20415.0,1.1031816,0.631463,-2.221987,-1.1043959
20420.0,1.225294,0.63428307,-2.3499553,-1.2166322
20425.0,1.2017449,0.45637828,-2.049037,-1.1519512
20430.0,1.1679457,0.5282663,-2.148189,-1.2340581
20435.0,1.1754459,0.44111812,-2.0394754,-1.1373929
20440.0,1.0104934,0.5900396,-2.0867465,-1.1325741
20445.0,1.1574903,0.6476324,-2.4217632,-1.0354159
20450.0,1.2037681,0.7089797,-2.40645,-1.2728169
20455.0,1.3768028,0.6902149,-2.5694716,-1.1968895
20460.0,1.3745015,0.6125774,-2.3386006,-1.3475313
20465.0,1.2742712,0.38387263,-2.2119327,-1.0156724
20470.0,0.92470896,0.52335745,-1.919799,-1.0802263
20475.0,1.2441193,0.5554602,-2.2676337,-1.2010666
20480.0,1.1371802,0.703719,-2.333468,-1.1387469
20485.0,1.1041347,0.732419,-2.2980168,-1.1698418
20490.0,1.4216675,0.7675089,-2.7147326,-1.3489197
20495.0,1.2921107,0.6583223,-2.6045306,-1.1626426
20500.0,1.1257865,0.5255742,-2.2802484,-1.0922198
20505.0,1.303689,0.13517481,-2.2490003,-0.87975276
20510.0,1.1390849,0.5136398,-2.3525805,-1.0634769
20515.0,1.3154261,0.79608834,-2.4994605,-1.344625
20520.0,1.4371556,0.7389017,-2.7832067,-1.3028038
20525.0,1.137148,0.69428927,-2.3561642,-1.1271636
20530.0,1.184966,0.6832435,-2.4528148,-1.2078509
20535.0,1.2100538,0.36286852,-2.2662416,-0.98515016
20540.0,1.1783394,0.5208807,-2.6400807,-0.86905974
20545.0,1.3091065,0.7035673,-2.5654519,-1.3863002
20550.0,1.4118636,0.75904536,-2.682937,-1.2896205
20555.0,1.121719,0.6434212,-2.2648933,-1.0634154
20560.0,1.1569321,0.6476011,-2.2071726,-1.2224692
20565.0,0.93872344,0.5573306,-2.0496488,-1.0588269
20570.0,1.0706307,0.5761011,-2.2681086,-1.0977492
20575.0,1.1909717,0.556659,-2.3216238,-1.2086654
20580.0,1.0552269,0.60065234,-2.2909555,-1.0454574
20585.0,1.3353289,0.6955519,-2.4183633,-1.3459163
20590.0,1.3322376,0.5649476,-2.4840746,-1.1704767
20595.0,1.1288755,0.56683457,-2.250499,-1.1709038
20600.0,1.1397077,0.54422116,-2.2446742,-1.1914855
20605.0,1.1790873,0.43896443,-2.199822,-1.0110401
20610.0,1.188717,0.33082557,-2.149278,-0.9503334
20615.0,1.048703,0.5118863,-1.9781371,-1.1518161
20620.0,1.2374624,0.68381363,-2.4212723,-1.200097
20625.0,1.191023,0.6875657,-2.375273,-1.1434591
20630.0,1.0811278,0.7034385,-2.251006,-1.1950377
20635.0,1.2087187,0.56786233,-2.382124,-1.0913458
20640.0,1.2863321,0.5712705,-2.523231,-1.1281129
20645.0,1.0786189,0.60390943,-2.2217276,-1.1002969
20650.0,1.3059661,0.77284443,-2.652829,-1.2549351
20655.0,1.2435192,0.588922,-2.274605,-1.1899534
20660.0,1.3258616,0.59183466,-2.2830215,-1.3395791
20665.0,1.1727091,0.66821826,-2.2471178,-1.2503757
20670.0,1.1899456,0.6455536,-2.4095047,-1.1450151
20675.0,1.0601364,0.5336871,-2.1613786,-1.1173029
20680.0,1.0157508,0.50506896,-2.1810899,-1.0363967
20685.0,1.1741917,0.63926226,-2.3012636,-1.229684
20690.0,1.5311022,0.5760879,-2.6832829,-1.2712822
20695.0,1.0797611,0.6191801,-2.2108223,-1.1239245
20700.0,0.989998,0.6213243,-2.110854,-1.0560064
20705.0,1.1529726,0.5008281,-2.1641622,-1.092812
20710.0,1.046786,0.33574122,-1.9241008,-1.0221953
20715.0,1.0649611,0.3315335,-1.9975846,-1.035327
20720.0,1.3454255,0.50103045,-2.6088247,-1.1304611
20725.0,1.1587452,0.60298884,-2.6143475,-1.0782351
20730.0,1.0808386,0.6931196,-2.4093335,-0.96149576
20735.0,1.3830982,0.74532247,-2.6519775,-1.235106
20740.0,1.4440144,0.66119707,-2.7385607,-1.2029046
20745.0,1.21837,0.52757454,-2.516379,-1.0053779
20750.0,0.9385232,0.3867286,-2.3358738,-0.8541078
20755.0,0.84991384,0.49969304,-2.2346978,-0.91532105
20760.0,1.2176069,0.5492995,-2.4308922,-1.0198038
20765.0,1.5390044,0.7578757,-2.9084876,-1.2511963
20770.0,1.3182322,0.8657748,-2.8265502,-1.1291306
20775.0,1.4440011,0.8548761,-2.9195373,-1.2562902
20780.0,1.4017631,0.7937857,-2.6719182,-1.3697116
20785.0,1.2212278,0.5519972,-2.4413059,-1.0415425
20790.0,1.0797552,0.48691413,-2.3740373,-0.9298493
20795.0,1.2933205,0.44562888,-2.4732146,-1.1222452
20800.0,1.4880811,0.5768753,-2.5195198,-1.2454052
20805.0,1.4261417,0.6085433,-2.7306406,-1.1358206
20810.0,1.1987343,0.73681784,-2.4228501,-1.1977376
20815.0,1.4514829,0.82605267,-2.7952034,-1.2219899
20820.0,1.1841751,0.66810465,-2.4978566,-1.0864279
20825.0,1.3249439,0.5847,-2.4212673,-1.1422263
20830.0,1.186463,0.43518668,-2.4358978,-0.88057345
20835.0,1.1036056,0.44856417,-2.4052007,-0.8790321
20840.0,1.2606363,0.7459395,-2.400974,-1.2793243
20845.0,1.461515,0.7891445,-2.7135186,-1.4064085
20850.0,1.2521186,0.57460284,-2.5570295,-1.1391753
20855.0,1.1548554,0.69334364,-2.298261,-1.2888478
20860.0,1.1556089,0.7142205,-2.237842,-1.1931088
20865.0,1.3197745,0.6488085,-2.3440893,-1.3150196
20870.0,1.0737909,0.49449173,-1.988565,-1.0992165
20875.0,1.0711592,0.4160079,-1.9323466,-1.1816939
20880.0,0.98800385,0.4271803,-2.0282376,-1.0893947
20885.0,1.0466744,0.67458946,-2.396221,-1.1146814
20890.0,1.052153,0.6122762,-2.235023,-1.2110696
20895.0,1.3100083,0.6735478,-2.556881,-1.2237898
20900.0,0.94415724,0.29674178,-1.7790846,-1.0111082
20905.0,0.8185102,0.28665888,-1.626772,-0.965108
20910.0,0.87958264,0.63581145,-2.0187383,-1.0295966
20915.0,1.1866361,0.57553697,-2.248192,-1.2105838
20920.0,1.1499252,0.62075305,-2.3916655,-1.1877363
20925.0,1.2514633,0.6771375,-2.423261,-1.2809945
20930.0,1.2711232,0.56691647,-2.3466702,-1.1488129
20935.0,1.097592,0.27344474,-1.9966699,-0.98186857
20940.0,1.0862921,0.48527014,-2.0753348,-1.0846244
20945.0,0.96391654,0.36864173,-2.065754,-0.96788776
20950.0,1.1949666,0.73107207,-2.4856234,-1.1884037
20955.0,1.2172582,0.67360795,-2.4644153,-1.160517
20960.0,1.3765372,0.7200953,-2.7224262,-1.1849313
20965.0,1.204683,0.5025191,-2.2341042,-1.1247823
20970.0,1.0684512,0.5149978,-2.338291,-0.9546657
20975.0,1.0813158,0.5144363,-2.6469502,-0.89053357
20980.0,1.2142049,0.7839147,-2.7520468,-1.1818498
20985.0,1.5663177,0.6414652,-2.636429,-1.37169
20990.0,1.3486501,0.58215797,-2.5035095,-1.2691872
20995.0,1.1819503,0.48596781,-2.2186546,-1.1295271
21000.0,1.4164823,0.5465616,-2.507773,-1.1253278
21005.0,1.4084871,0.79255235,-2.7436152,-1.2395592
21010.0,1.4390734,0.75197816,-2.854081,-1.1913061
21015.0,1.2568697,0.601787,-2.4084182,-1.1727848
21020.0,1.1270032,0.47819218,-2.0044055,-1.095412
21025.0,0.87852556,0.39618146,-1.9479319,-0.98283875
21030.0,1.2367002,0.53459996,-2.8364544,-0.8805856
21035.0,1.2497352,0.69794226,-2.5924885,-1.1798357
21040.0,1.479717,0.76921713,-2.8163924,-1.2964531
21045.0,1.1445764,0.6033839,-2.4260993,-1.125494
21050.0,1.01194,0.48538792,-2.0761695,-1.0225722
21055.0,1.1322261,0.30879343,-2.0213735,-1.0659561
21060.0,1.3414261,0.7797557,-2.5752728,-1.2441533
21065.0,1.1496197,0.778986,-2.4847858,-1.2293941
21070.0,1.2535864,0.83230394,-2.5781496,-1.2271433
21075.0,0.9954119,0.59059334,-2.2485092,-1.0980923
21080.0,1.1967648,0.54337823,-2.294671,-1.1289928
21085.0,1.2014862,0.32582167,-2.225649,-0.9743778
21090.0,1.0814456,0.4699664,-2.265038,-0.92000747
21095.0,1.0275204,0.60642385,-2.0988638,-1.2279646
21100.0,1.2107263,0.72995126,-2.4141743,-1.2761763
21105.0,1.375832,0.64729166,-2.4561825,-1.3254325
21110.0,1.1925638,0.6552788,-2.315642,-1.2458738
21115.0,1.0306418,0.5111969,-2.153711,-0.9878332
21120.0,1.0963362,0.5540457,-2.056273,-1.1650133
21125.0,0.9698087,0.57010025,-2.1615272,-1.0593101
21130.0,0.99071026,0.68784416,-2.2353964,-1.0403422
21135.0,1.1536647,0.67782587,-2.4050803,-1.2189157
21140.0,1.3402818,0.4252924,-2.2085276,-1.1692737
21145.0,1.1186904,0.45940575,-2.324775,-1.0303689
21150.0,0.8885174,0.51799786,-1.9504038,-1.0921994
21155.0,1.104711,0.72541183,-2.4344149,-1.0185431
21160.0,1.5001726,0.70088315,-2.7707274,-1.2316184
21165.0,1.235229,0.6408769,-2.5096064,-1.0590895
21170.0,1.007114,0.44189718,-2.0495064,-0.96722704
21175.0,0.820343,0.3347372,-1.8722812,-0.87674856
21180.0,0.99550045,0.55650276,-2.2517068,-1.0255619
21185.0,1.4135795,0.7587451,-2.8378189,-1.301491
21190.0,1.4997811,0.54587626,-2.5354507,-1.3384706
21195.0,1.1508726,0.43658692,-2.2185571,-1.0612694
21200.0,0.92351556,0.5625109,-2.1107292,-0.9862873
21205.0,1.0084361,0.6283939,-2.055992,-1.1250937
21210.0,1.1964637,0.6577355,-2.363621,-1.2385406
21215.0,1.4563364,0.53150713,-2.3908806,-1.3466481
21220.0,1.0530576,0.41396314,-2.0751524,-1.0678902
21225.0,1.1056974,0.56312597,-2.0904243,-1.1466739
21230.0,1.0006112,0.6018027,-2.0801308,-1.1887738
21235.0,1.1108865,0.62951934,-2.1470704,-1.1747634
21240.0,1.106415,0.57484806,-2.2534616,-1.0720353
21245.0,1.3404776,0.5849409,-2.4514158,-1.2121117
21250.0,1.2349466,0.46901762,-2.3370254,-0.9926421
21255.0,1.432234,0.7024207,-2.7284148,-1.2281795
21260.0,1.1439875,0.60170144,-2.1300075,-1.2353663
21265.0,1.095361,0.61646485,-2.2959538,-1.2015117
21270.0,1.2597814,0.60815215,-2.4338624,-1.1356899
21275.0,1.4833674,0.6932827,-2.6245813,-1.3358767
21280.0,1.1782614,0.5035076,-2.0786698,-1.1632671
21285.0,1.257023,0.6077028,-2.2364624,-1.2594256
21290.0,1.0597769,0.66589224,-2.1781418,-1.3264633
21295.0,1.559856,0.6457758,-2.858076,-1.2059635
21300.0,1.4915717,0.50815284,-2.493129,-1.2877213
21305.0,1.0551403,0.45751333,-2.0143867,-1.1952214
21310.0,1.0697901,0.38183582,-2.158662,-1.0024898
21315.0,0.96267223,0.6488476,-2.1005278,-1.1268859
21320.0,1.5185255,0.69736177,-2.5085258,-1.5028586
21325.0,1.6636729,0.78421974,-2.8228958,-1.4627848
21330.0,1.4086674,0.6233376,-2.5331006,-1.2411623
21335.0,1.1438998,0.5512192,-2.1586137,-1.1422023
21340.0,1.22604,0.5790255,-2.2605946,-1.172705
21345.0,1.196123,0.6296277,-2.3858113,-1.1863651
21350.0,1.2209727,0.49143398,-2.1903682,-1.2525631
21355.0,1.1143929,0.6645875,-2.3057816,-1.1176398
21360.0,1.2858967,0.69045895,-2.3968537,-1.3373475
21365.0,1.1622016,0.5203107,-2.290064,-1.0328009
21370.0,1.0270401,0.5001957,-2.0545778,-1.0129759
21375.0,1.2092515,0.48895618,-2.202816,-1.1466529
21380.0,1.2106708,0.6580486,-2.4027493,-1.1872032
21385.0,0.9683244,0.55446786,-2.0205977,-1.1010134
21390.0,1.2599117,0.59164333,-2.3361475,-1.2702892
21395.0,1.1983922,0.64856726,-2.2930353,-1.2054673
21400.0,0.99133587,0.69015944,-2.1642616,-1.1216705
21405.0,1.2016661,0.6170945,-2.2117999,-1.2292919
21410.0,1.3080837,0.61103886,-2.500917,-1.105223
21415.0,1.392368,0.55896103,-2.4472144,-1.1940243
21420.0,1.079369,0.43159652,-2.0783615,-1.1078545
21425.0,1.0407271,0.58511746,-2.110762,-1.1456621
21430.0,1.0369139,0.6206293,-2.1456864,-1.1839455
21435.0,1.3252312,0.6573172,-2.4771204,-1.3250453
21440.0,1.2030352,0.6425793,-2.469908,-1.1036575
21445.0,1.3256966,0.7290195,-2.4267104,-1.3903403
21450.0,1.3658164,0.49159333,-2.2814395,-1.2897786
21455.0,1.3452994,0.5945419,-2.4582026,-1.1302798
21460.0,1.0415555,0.6026708,-2.068249,-1.276884
21465.0,1.2497734,0.561478,-2.303503,-1.2433658
21470.0,1.085814,0.5042151,-2.1635492,-1.0231932
21475.0,1.0204266,0.66945875,-2.109957,-1.2175972
21480.0,1.0267285,0.5700851,-2.1541553,-1.1494594
21485.0,1.2758693,0.7261581,-2.521402,-1.2918528
21490.0,1.2745405,0.5788321,-2.3014417,-1.2510524
21495.0,1.1097857,0.64480805,-2.1312847,-1.2890232
21500.0,1.2212725,0.5170901,-2.302375,-1.1702076
21505.0,1.0481448,0.5387356,-2.195229,-1.1153166
21510.0,1.0935656,0.60076,-2.2279942,-1.0947022
21515.0,1.452129,0.63555115,-2.4400995,-1.4546618
21520.0,1.1704873,0.4433835,-2.2286892,-1.0116118
21525.0,1.1052529,0.66493076,-2.1886308,-1.1986601
21530.0,1.1023167,0.711215,-2.2403226,-1.2920821
21535.0,1.1341447,0.5694603,-2.4446099,-1.0449558
21540.0,1.1974634,0.32057756,-1.9999261,-1.1936679
21545.0,1.2128179,0.34055436,-2.0518808,-1.165992
21550.0,1.1015372,0.3997035,-2.194257,-0.9820428
21555.0,1.3490123,0.6827704,-2.4849179,-1.2343005
21560.0,1.419264,0.79148185,-2.7824018,-1.3202336
21565.0,1.287548,0.66637117,-2.556445,-1.139148
21570.0,1.1038784,0.4080928,-2.132439,-1.0427641
21575.0,0.9329256,0.3449928,-1.9907068,-0.86449426
21580.0,0.99730253,0.63450515,-2.34693,-1.1077446
21585.0,1.413627,0.7197574,-2.6568892,-1.3595347
21590.0,1.5551121,0.76624817,-2.897506,-1.3782089
21595.0,1.2412373,0.6194044,-2.3370826,-1.2581787
21600.0,1.2572895,0.49526376,-2.321605,-1.0115112
21605.0,0.9682971,0.5443225,-2.0019305,-1.1594568
21610.0,1.2308493,0.7508731,-2.523647,-1.2931205
21615.0,1.4095554,0.7356517,-2.6214726,-1.3892043
21620.0,1.208137,0.44352967,-2.2659237,-1.1066787
21625.0,1.1137421,0.3776575,-2.069185,-1.0651731
21630.0,1.3872381,0.501649,-2.3299851,-1.2718836
21635.0,1.0666102,0.6237538,-2.1583605,-1.2763321
21640.0,1.4324013,0.709296,-2.4222667,-1.4261289
21645.0,1.0520474,0.6728775,-2.1138043,-1.1809816
21650.0,0.8916787,0.3367565,-1.8866783,-0.9616367
21655.0,1.0155774,0.36022234,-2.106817,-0.93906105
21660.0,1.2090467,0.3935492,-2.062728,-1.2433778
21665.0,0.93280464,0.6681069,-2.0333984,-1.1951293
21670.0,1.2238384,0.67340344,-2.3452249,-1.2058046
21675.0,1.0497658,0.70778364,-2.3468559,-1.1248066
21680.0,0.9945897,0.5880014,-1.9689351,-1.2534628
21685.0,1.1694498,0.53095424,-2.2149704,-1.1364987
21690.0,0.99122465,0.51771474,-1.9975873,-1.102234
21695.0,0.85907805,0.5815714,-1.9853884,-0.99968183
21700.0,1.048174,0.6904501,-2.237113,-1.2034651
21705.0,1.1027421,0.6371335,-2.3082905,-1.1349442
21710.0,1.1058483,0.5513643,-2.1118038,-1.1730253
21715.0,1.2115809,0.6487211,-2.3847773,-1.1222185
21720.0,1.1665518,0.64863443,-2.2861562,-1.2427192
21725.0,1.0510521,0.5848807,-2.2338169,-1.0849972
21730.0,1.3135297,0.6406221,-2.5077903,-1.3300931
21735.0,1.1001763,0.53007495,-2.0672317,-1.1262561
21740.0,1.3150805,0.5295998,-2.3353715,-1.283951
21745.0,1.1943798,0.6105989,-2.3485115,-1.1818131
21750.0,1.2076389,0.69357157,-2.3322494,-1.3041189
21755.0,0.9424527,0.60986924,-2.159531,-1.102288
21760.0,1.2232248,0.64452815,-2.312258,-1.2834805
21765.0,1.1871326,0.5827336,-2.200021,-1.2031618
21770.0,1.169217,0.5466282,-2.1855376,-1.1343138
21775.0,1.1928263,0.6015285,-2.3194478,-1.1981056
21780.0,0.9985813,0.5839827,-2.0826497,-1.1044075
21785.0,1.1489307,0.5557684,-2.1287594,-1.177353
21790.0,1.182513,0.60852027,-2.2733161,-1.1687136
21795.0,1.0675598,0.4527588,-2.016705,-1.1674297
21800.0,1.1216834,0.5933547,-2.2291799,-1.1919844
21805.0,1.1082865,0.576383,-2.2264116,-1.1809665
21810.0,1.1091081,0.6282785,-2.4317806,-1.0378097
21815.0,1.1623427,0.5021453,-2.1147783,-1.0749223
21820.0,1.074225,0.612474,-2.141215,-1.1368312
21825.0,1.1711746,0.37268895,-2.021265,-1.1877707
21830.0,1.0264356,0.6124456,-2.2146106,-1.0078472
21835.0,1.0038921,0.5947348,-2.1751812,-1.1861118
21840.0,1.3222884,0.7172064,-2.6090596,-1.1955061
21845.0,1.1521066,0.5009736,-2.146083,-1.1639885
21850.0,1.0556891,0.61532927,-2.2905095,-0.9467749
21855.0,0.94625556,0.45261198,-1.8860751,-1.1589056
21860.0,1.1612818,0.59088784,-2.1632245,-1.1683073
21865.0,1.5662879,0.54507804,-2.5702035,-1.3379186
21870.0,1.3069488,0.62245715,-2.2472773,-1.2580028
21875.0,1.1377808,0.6445408,-2.1062741,-1.2981073
21880.0,1.1731052,0.7402105,-2.3914602,-1.1942108
21885.0,1.1548271,0.7069703,-2.2441852,-1.411636
21890.0,1.0176414,0.43129116,-2.1717508,-0.9444631
21895.0,1.320955,0.6162964,-2.3786259,-1.3118367
21900.0,1.0293497,0.4342973,-2.078571,-1.0486144
21905.0,1.2764596,0.5897931,-2.4023802,-1.1485701
21910.0,1.2995644,0.6395134,-2.28032,-1.3606766
21915.0,1.2288365,0.6240748,-2.4031203,-1.2187314
21920.0,1.1366347,0.4756194,-2.3021266,-1.0307076
21925.0,1.0753806,0.57451,-2.159523,-1.2236421
21930.0,1.2645904,0.37088114,-2.2935011,-1.0961833
21935.0,1.2682644,0.45246443,-2.2158504,-1.1980236
21940.0,1.1003393,0.6526134,-2.0831158,-1.2064185
21945.0,1.1212894,0.59964377,-2.3465247,-1.0856537
21950.0,1.1315469,0.66945815,-2.3881862,-1.0280949
21955.0,1.2296789,0.606185,-2.207375,-1.3270669
21960.0,1.2739501,0.59104955,-2.3468134,-1.2487665
21965.0,1.2904774,0.5836704,-2.2801,-1.3079923
21970.0,1.1932815,0.5805439,-2.4398263,-0.9691494
21975.0,1.3475376,0.629272,-2.6137877,-1.2549692
21980.0,1.2016492,0.61112976,-2.3425279,-1.160396
21985.0,1.1300088,0.6239368,-2.11378,-1.3100649
21990.0,1.2308968,0.6212585,-2.208068,-1.1729698
21995.0,1.1150123,0.60065866,-2.2258153,-1.1580746
22000.0,1.1107022,0.65091467,-2.217731,-1.2617006
22005.0,1.397627,0.5627452,-2.4056733,-1.3458025
22010.0,1.1664649,0.59993446,-2.3995476,-0.99166054
22015.0,0.8786022,0.4620267,-1.8961929,-1.0452931
22020.0,1.0430195,0.61661935,-2.1728594,-1.0632004
22025.0,1.2193863,0.47507557,-2.2817776,-0.9908127
22030.0,1.167601,0.54401976,-2.110148,-1.3025215
22035.0,1.271465,0.66705877,-2.2990615,-1.3912879
22040.0,1.3304929,0.6432543,-2.515027,-1.1709814
22045.0,1.0986391,0.5782592,-2.1842906,-1.2763996
22050.0,1.025848,0.52662456,-2.1509938,-1.0932457
22055.0,1.0930703,0.50264657,-2.2096853,-1.1071508
22060.0,1.1341408,0.6288109,-2.2656796,-1.2098792
22065.0,1.4237326,0.7368722,-2.4894469,-1.2765329
22070.0,1.3296871,0.6668564,-2.4237177,-1.3127263
22075.0,1.3933117,0.51082796,-2.3958938,-1.2300066
22080.0,1.0804666,0.47084853,-2.0295992,-1.0932095
22085.0,0.9576393,0.58469933,-2.1175601,-1.0588548
22090.0,1.1675717,0.5338913,-2.1629286,-1.2317708
22095.0,1.1540393,0.75582755,-2.2975452,-1.1924088
22100.0,1.0654771,0.5352347,-2.0413659,-1.2164335
22105.0,1.2476636,0.58815026,-2.2995632,-1.1856036
22110.0,1.2727524,0.5184551,-2.2959652,-1.28706
22115.0,1.0335766,0.5733136,-2.1467974,-1.0752773
22120.0,1.0976943,0.54667056,-2.0729294,-1.2530451
22125.0,1.2245823,0.6607903,-2.4112484,-1.1891222
22130.0,1.2644709,0.5754106,-2.3748262,-1.2997437
22135.0,1.2173643,0.7184737,-2.4530253,-1.156643
22140.0,1.1723095,0.4900421,-2.1969142,-1.2922659
22145.0,1.1130235,0.5879851,-2.1906466,-1.1374538
22150.0,1.1086903,0.5048105,-2.0355475,-1.1674687
22155.0,1.2402493,0.43046582,-2.3461077,-1.1114423
22160.0,1.179504,0.5421907,-2.1693513,-1.2020643
22165.0,1.3169826,0.63539475,-2.318098,-1.3233992
22170.0,1.304334,0.71226996,-2.4203017,-1.2825465
22175.0,0.95301557,0.5876038,-2.171905,-1.0436532
22180.0,1.1746024,0.4943093,-2.1305695,-1.152501
22185.0,1.2330459,0.49807066,-2.3940475,-1.1590148
22190.0,1.2754217,0.55478317,-2.3510535,-1.1988224
22195.0,1.1031829,0.4255283,-2.024538,-1.194961
22200.0,1.1415702,0.42627376,-2.0666964,-1.104701
22205.0,1.188109,0.5743592,-2.138511,-1.13312
22210.0,1.258098,0.72156966,-2.3466184,-1.2109822
22215.0,1.3073606,0.6230587,-2.5513682,-1.1756159
22220.0,1.2384948,0.622512,-2.3794875,-1.1887116
22225.0,1.1761519,0.37838784,-2.3691304,-0.8756676
22230.0,1.1997517,0.3785376,-2.1065545,-1.0808522
22235.0,1.3825113,0.64409053,-2.5077355,-1.2544992
22240.0,1.218242,0.6932696,-2.263286,-1.3239472
22245.0,1.4125623,0.72879213,-2.4574826,-1.383347
22250.0,1.1156535,0.6393704,-2.2442186,-1.155022
22255.0,1.1391857,0.61582506,-2.309657,-1.1240741
22260.0,1.2946018,0.49076796,-2.236024,-1.1957729
22265.0,1.1761974,0.65609735,-2.3684494,-1.1153269
22270.0,1.3923401,0.67010725,-2.5122273,-1.3265736
22275.0,1.2859086,0.6486589,-2.3136606,-1.2888697
22280.0,1.176573,0.5876553,-2.160887,-1.2288204
22285.0,0.8752788,0.6252388,-2.0603266,-1.13082
22290.0,1.1440741,0.5237087,-2.1910605,-1.1968119
22295.0,1.2406486,0.51517963,-2.218977,-1.1437972
22300.0,1.4752241,0.738369,-2.6038,-1.3820446
22305.0,1.2669045,0.5263569,-2.263263,-1.2299408
22310.0,1.029712,0.49752,-2.1259034,-1.0139258
22315.0,1.1314906,0.50165176,-2.1988018,-1.1018164
22320.0,1.0724419,0.5830722,-2.143359,-1.1737058
22325.0,1.1697662,0.574718,-2.1801832,-1.1137207
22330.0,1.1424321,0.5728518,-2.183731,-1.2990048
22335.0,1.1898686,0.5942514,-2.31064,-1.1975958
22340.0,1.0641158,0.55917567,-2.1684806,-1.1044354
22345.0,1.3167726,0.5717071,-2.3515568,-1.2408167
22350.0,1.1616162,0.5822824,-2.279144,-1.1305633
22355.0,1.1044335,0.5967461,-2.170862,-1.0796623
22360.0,1.0555447,0.5599224,-2.1037416,-1.2186754
22365.0,1.1212388,0.46910733,-2.1689117,-1.0996784
22370.0,1.1315216,0.49680308,-2.206044,-1.0858516
22375.0,1.3515458,0.62142396,-2.508687,-1.2455713
22380.0,0.9835806,0.6679294,-2.3435624,-1.0977036
22385.0,1.1913952,0.63232577,-2.4145207,-1.1826152
22390.0,0.97810256,0.5659441,-2.1715984,-1.0650785
22395.0,1.1548687,0.5517863,-2.2634609,-1.1987323
22400.0,1.1833402,0.5910181,-2.4059608,-1.1017289
22405.0,1.3455869,0.5571654,-2.5152133,-1.2094201
22410.0,1.1798834,0.5335456,-2.243068,-1.1857734
22415.0,1.1153915,0.4690345,-2.2039638,-1.0888611
22420.0,0.9544422,0.45750988,-2.0835156,-1.0099585
22425.0,1.0283636,0.6409998,-2.241242,-1.1992056
22430.0,1.1201528,0.619378,-2.2526877,-1.1668739
22435.0,1.4304336,0.7068669,-2.5360272,-1.4305253
22440.0,1.0810895,0.68405575,-2.1808507,-1.2166767
22445.0,1.4269046,0.5296718,-2.5533588,-1.2256656
22450.0,1.1084207,0.67061746,-2.3452537,-1.2017165
22455.0,1.231949,0.4912188,-2.17436,-1.1438872
22460.0,1.1980325,0.5983174,-2.2283785,-1.291636
22465.0,1.2423476,0.49387777,-2.3048701,-1.1737962
22470.0,1.024686,0.57506657,-2.2441192,-1.0428939
22475.0,1.1105909,0.44450742,-2.0847569,-1.1676816
22480.0,1.2336601,0.5367859,-2.288408,-1.126477
22485.0,1.1617004,0.48618597,-2.179085,-1.0889512
22490.0,1.1753834,0.58519685,-2.1489694,-1.3409201
22495.0,1.4463336,0.54548013,-2.4535685,-1.2849406
22500.0,1.0560071,0.65439594,-2.1235695,-1.2373451
22505.0,1.3268914,0.493279,-2.325795,-1.340592
22510.0,1.0554614,0.5977576,-2.1503003,-1.1501716
22515.0,1.1805266,0.4688453,-2.2860675,-1.0658541
22520.0,1.3084759,0.62702644,-2.269448,-1.2901504
22525.0,1.204038,0.41645962,-2.2697587,-1.0260885
22530.0,0.9964043,0.65319973,-2.0832918,-1.2133346
22535.0,1.4800397,0.6171236,-2.5508058,-1.3860664
22540.0,1.2469288,0.5441992,-2.2222073,-1.1914624
22545.0,1.0586512,0.43710464,-2.2298129,-0.9220549
22550.0,1.3619047,0.5415573,-2.296273,-1.2970718
22555.0,1.3247024,0.5655415,-2.3722408,-1.3008382
22560.0,1.1076671,0.602222,-2.305443,-1.1072028
22565.0,1.1813105,0.65064466,-2.3380163,-1.220527
22570.0,1.5884274,0.73896986,-2.621321,-1.4840003
22575.0,1.1564022,0.50390255,-2.3919973,-1.1336014
22580.0,1.0658331,0.5351132,-2.08475,-1.1423516
22585.0,1.4519686,0.718987,-2.6594744,-1.3571198
22590.0,1.425939,0.4896403,-2.4398918,-1.2099484
22595.0,1.3286742,0.55667543,-2.333153,-1.1704652
22600.0,1.2890524,0.6471105,-2.2306027,-1.3535857
22605.0,1.0910448,0.51934284,-2.0314307,-1.2169656
22610.0,1.3493574,0.65292466,-2.4509597,-1.2413884
22615.0,1.3526345,0.66124177,-2.4973977,-1.3457627
22620.0,1.5341892,0.6911366,-2.695824,-1.2461206
22625.0,1.3184932,0.7116691,-2.3943584,-1.2859658
22630.0,0.9787004,0.57059675,-2.0760186,-1.0683671
22635.0,1.0020036,0.6145006,-2.0873647,-1.0873123
22640.0,1.2200025,0.7008251,-2.350152,-1.275048
22645.0,1.4901787,0.55994964,-2.6003897,-1.2050477
22650.0,1.3919127,0.6916076,-2.6630027,-1.2071761
22655.0,1.2001227,0.6455717,-2.391628,-1.1684175
22660.0,1.1042678,0.6820428,-2.2382214,-1.1881758
22665.0,1.1985313,0.611653,-2.4677107,-1.1458907
22670.0,1.2095197,0.60130733,-2.2579656,-1.2280827
22675.0,1.4341279,0.7192016,-2.44571,-1.3736378
22680.0,1.1265721,0.67655885,-2.2138264,-1.2629999
22685.0,1.1811547,0.7218611,-2.3669815,-1.2854003
22690.0,1.3155345,0.62201643,-2.3808985,-1.2633557
22695.0,1.2107872,0.5089759,-2.1641808,-1.1369399
22700.0,1.0893282,0.587446,-2.2237048,-1.1790257
22705.0,1.0984215,0.63925683,-2.1875813,-1.1328547
22710.0,1.2416736,0.58438617,-2.340068,-1.2039757
22715.0,1.1527056,0.43432054,-2.0711462,-1.1195183
22720.0,1.2646686,0.44953227,-2.206765,-1.1490439
22725.0,1.0559341,0.62594056,-2.0663767,-1.2186857
22730.0,1.1877308,0.5833576,-2.3337603,-1.14599
22735.0,1.1731266,0.6398338,-2.3237395,-1.1257143
22740.0,1.2543434,0.49189436,-2.1614707,-1.3466682
22745.0,1.1530447,0.5409268,-2.217082,-1.126312
22750.0,1.2258506,0.64142895,-2.262077,-1.2964252
22755.0,1.2855271,0.59852695,-2.4523108,-1.1932515
22760.0,1.2952645,0.45986462,-2.340633,-1.0902942
22765.0,1.208336,0.6086123,-2.2410884,-1.1526905
22770.0,0.99050176,0.49827135,-1.9891578,-1.1199049
22775.0,1.0976039,0.5346179,-2.2366621,-1.0211002
22780.0,1.2335113,0.59312546,-2.2558002,-1.2861418
22785.0,1.1359879,0.51389974,-2.1202369,-1.1689954
22790.0,1.2176598,0.48752117,-2.2179997,-1.133069
22795.0,1.0081065,0.6218432,-2.1014326,-1.2546089
22800.0,0.98470557,0.60196346,-1.9311723,-1.3255231
22805.0,1.3097066,0.65574944,-2.478148,-1.1576073
22810.0,1.2784197,0.61162513,-2.3467815,-1.2321515
22815.0,1.1611495,0.56644773,-2.1775322,-1.1566486
22820.0,1.2286321,0.580233,-2.221512,-1.209683
22825.0,1.2860283,0.5055418,-2.3181114,-1.2368343
22830.0,0.98051286,0.5957495,-2.0464919,-1.1257424
22835.0,1.1833501,0.4991659,-2.1769,-1.174899
22840.0,1.1294569,0.6223657,-2.299198,-1.222547
22845.0,1.3838696,0.6421454,-2.4873068,-1.2859042
22850.0,1.2131819,0.59036136,-2.2738578,-1.2320586
22855.0,1.2991691,0.67957115,-2.3997324,-1.23052
22860.0,1.188493,0.5590948,-2.1853838,-1.2212449
22865.0,1.0337371,0.5700952,-2.0320916,-1.1511924
22870.0,0.99213314,0.527057,-2.0970688,-1.0886793
22875.0,1.2966417,0.5957102,-2.426214,-1.2718775
22880.0,1.1430286,0.4775803,-2.2167194,-1.0673378
22885.0,1.1184269,0.5512561,-2.091665,-1.1719817
22890.0,1.1211432,0.61219394,-2.2627103,-1.2709948
22895.0,1.2359387,0.6627896,-2.401735,-1.1965885
22900.0,1.1106646,0.6315238,-2.1980705,-1.2348366
22905.0,1.3562537,0.6332177,-2.4260302,-1.2822055
22910.0,1.2230531,0.51311916,-2.118859,-1.2122817
22915.0,1.1078049,0.48717406,-2.1037838,-1.1015259
22920.0,1.3678492,0.581666,-2.4607937,-1.2275062
22925.0,1.2862328,0.70874304,-2.3220754,-1.3481143
22930.0,1.2738198,0.719319,-2.4898973,-1.2316095
22935.0,1.3320218,0.6315508,-2.433947,-1.285111
22940.0,1.1793616,0.5382514,-2.1986287,-1.1279197
22945.0,0.9766764,0.62905824,-2.0844448,-1.1435285
22950.0,1.1365334,0.5725165,-2.3245137,-1.0689458
22955.0,1.1121532,0.5869045,-2.1061935,-1.2728932
22960.0,1.1995124,0.5503427,-2.3327878,-1.1600127
22965.0,1.1477549,0.633721,-2.298989,-1.213314
22970.0,1.1782157,0.62282497,-2.3714921,-1.139665
22975.0,1.1763954,0.7137813,-2.3756201,-1.1814555
22980.0,1.1290168,0.5883331,-2.2260056,-1.1413232
22985.0,1.2179555,0.63658905,-2.4497173,-1.2136836
22990.0,1.1811436,0.53041255,-2.1961365,-1.1449335
22995.0,1.3874167,0.69806236,-2.537645,-1.3131393
23000.0,1.2355614,0.65624106,-2.320247,-1.2783023
23005.0,1.0486592,0.65919113,-2.2293057,-1.0335611
23010.0,1.03331,0.4963205,-1.9750891,-1.1210674
23015.0,0.93866223,0.50019103,-2.0352893,-1.0080676
23020.0,1.0644386,0.63411653,-2.143683,-1.1907305
23025.0,1.2420415,0.6733519,-2.4738796,-1.2382491
23030.0,1.3645648,0.73780787,-2.493766,-1.3099413
23035.0,1.1275907,0.6702013,-2.198841,-1.199168
23040.0,1.0721363,0.6010784,-2.2164407,-1.1602066
23045.0,1.0887287,0.5282872,-2.200684,-1.0083904
23050.0,1.2517159,0.57891154,-2.2824159,-1.2954885
23055.0,1.1771535,0.6001173,-2.2888865,-1.1925545
23060.0,1.2049507,0.61537105,-2.2416337,-1.2693471
23065.0,1.193524,0.5593021,-2.3089006,-1.1548107
23070.0,0.9982331,0.5258852,-2.127448,-1.0295908
23075.0,1.1167856,0.60422397,-2.275903,-1.1936219
23080.0,1.3949989,0.5031486,-2.3829973,-1.2398801
23085.0,1.2473758,0.69918215,-2.2766392,-1.2421758
23090.0,1.1490458,0.57841384,-2.2759402,-1.0753651
23095.0,1.2682345,0.48443824,-2.3717344,-1.070552
23100.0,1.1704041,0.39237112,-2.0934875,-1.1702762
23105.0,1.283826,0.3786837,-2.2295153,-1.0911801
23110.0,1.2225987,0.46567962,-2.199803,-1.1336038
23115.0,1.3076383,0.77520204,-2.5979524,-1.3492901
23120.0,1.2052883,0.710505,-2.419721,-1.2924399
23125.0,1.182643,0.5755747,-2.3611882,-1.1717681
23130.0,1.347359,0.46342254,-2.3571098,-1.1192235
23135.0,1.2980129,0.49132103,-2.3817518,-1.0538394
23140.0,1.072316,0.64199126,-2.10074,-1.2042214
23145.0,1.4511966,0.7288448,-2.5802095,-1.4375305
23150.0,1.2107983,0.6621255,-2.358131,-1.2025027
23155.0,1.251133,0.69270635,-2.31296,-1.3218932
23160.0,1.1549704,0.61858463,-2.3967097,-1.0807358
23165.0,1.2460964,0.6435263,-2.3843203,-1.2384703
23170.0,1.2421954,0.5979322,-2.1454258,-1.2114887
23175.0,1.1048971,0.62556183,-2.1255848,-1.1627495
23180.0,1.176465,0.39430285,-2.1358957,-1.0557599
23185.0,0.88792324,0.44800314,-1.9040972,-0.971099
23190.0,1.1511286,0.6114024,-2.2269287,-1.252296
23195.0,1.3709408,0.6386397,-2.4073555,-1.2432243
23200.0,1.1697825,0.6639469,-2.247493,-1.2732909
23205.0,0.9402752,0.53577834,-2.0076656,-1.0773487
23210.0,1.0085735,0.45042533,-2.0577242,-1.1080006
23215.0,1.099461,0.50283843,-2.1471179,-1.176509
23220.0,1.2753744,0.5224944,-2.2617142,-1.2519629
23225.0,1.072326,0.49801168,-2.1477222,-1.1135508
23230.0,1.1812967,0.50815576,-2.1907485,-1.109884
23235.0,1.0971476,0.5672548,-2.0922084,-1.2106647
23240.0,1.2564045,0.5249777,-2.3062005,-1.1460104
23245.0,1.2767463,0.6679529,-2.3236587,-1.3318667
23250.0,1.2482276,0.640793,-2.3981667,-1.1785942
23255.0,1.0251327,0.61774004,-2.0644503,-1.3019738
23260.0,1.125548,0.548593,-2.090505,-1.2075312
23265.0,1.0268704,0.6350993,-1.9972569,-1.3161187
23270.0,1.1224917,0.623731,-2.3141186,-1.2248912
23275.0,1.1099418,0.71126676,-2.241778,-1.308887
23280.0,1.1058269,0.5712891,-2.1552014,-1.1583686
23285.0,1.0803386,0.5800164,-1.9790715,-1.3284733
23290.0,1.1168166,0.44391584,-2.2621615,-1.0213518
23295.0,1.4174249,0.39075541,-2.3407,-1.162155
23300.0,1.3812594,0.45449162,-2.4347284,-1.1520122
23305.0,1.1277791,0.7298249,-2.2767866,-1.1789473
23310.0,1.3964384,0.68062615,-2.495541,-1.2201964
23315.0,1.4310389,0.63957435,-2.6991804,-1.2003801
23320.0,1.3588672,0.42833096,-2.2825115,-1.2443227
23325.0,1.1257919,0.1682883,-2.0881011,-0.868662
23330.0,0.7412597,0.058017977,-1.9662389,-0.5938061
23335.0,0.6568886,0.4779995,-1.8508487,-0.9745198
23340.0,1.3778872,0.80793417,-2.6779788,-1.265692
23345.0,1.6217695,0.8376616,-3.085755,-1.2576183
23350.0,1.4223986,0.65728945,-2.5913558,-1.2332813
23355.0,1.3303448,0.5327953,-2.615462,-1.0028539
23360.0,0.67712915,0.33582103,-2.0716236,-0.68013984
23365.0,0.76864296,0.53754497,-2.001179,-0.9506106
23370.0,1.3845365,0.69370294,-2.5137706,-1.3668922
23375.0,1.3812832,0.8350076,-2.7389894,-1.226353
23380.0,1.3395569,0.7461926,-2.5385582,-1.3143079
23385.0,1.2801648,0.7836721,-2.515322,-1.2430314
23390.0,0.9996351,0.5950911,-2.2130318,-1.0134302
23395.0,1.0960674,0.6281526,-2.1062958,-1.1421088
23400.0,1.1740233,0.5664273,-2.2034705,-1.1092877
23405.0,1.227161,0.6134795,-2.379341,-1.1557155
23410.0,1.1248804,0.58919996,-2.194686,-1.2529252
23415.0,1.0272824,0.6069368,-2.137805,-1.0675819
23420.0,1.0774665,0.57613313,-2.0370963,-1.2848432
23425.0,1.013775,0.5354934,-2.1036701,-1.0749694
23430.0,1.039835,0.59945655,-2.1899529,-1.0660096
23435.0,1.4347068,0.69298506,-2.6756623,-1.3458701
23440.0,1.1283123,0.57015777,-2.2130423,-1.1368263
23445.0,1.3571998,0.5052757,-2.3192518,-1.1727251
23450.0,1.1696981,0.5221136,-2.1364837,-1.2484826
23455.0,1.0516845,0.5887214,-2.1513772,-1.1388718
23460.0,1.198891,0.54431665,-2.295105,-1.1263511
23465.0,1.2773322,0.6137145,-2.2645915,-1.2614985
23470.0,1.0678266,0.63827443,-2.110778,-1.1984241
23475.0,1.1370581,0.52479136,-2.3500059,-1.0741817
23480.0,1.2243617,0.62271667,-2.3337815,-1.3103174
23485.0,1.1850973,0.6322068,-2.3398516,-1.2131519
23490.0,1.2457212,0.5959717,-2.2250123,-1.3028297
23495.0,0.9192163,0.5134292,-1.9924854,-0.96145874
23500.0,1.2214102,0.6430191,-2.190685,-1.3803829
23505.0,1.0364081,0.45979393,-2.165987,-1.0942241
23510.0,1.3550998,0.56446314,-2.4326322,-1.1983118
23515.0,1.2012397,0.44849274,-2.092641,-1.2146931
23520.0,1.2631518,0.6439632,-2.3501546,-1.3302866
23525.0,1.0951517,0.6925747,-2.3092902,-1.2374574
23530.0,1.1233015,0.6396592,-2.3092196,-1.0421587
23535.0,1.0349468,0.53205514,-2.0872805,-1.1550875
23540.0,1.0130728,0.5701741,-1.9468507,-1.1732237
23545.0,1.2626545,0.601764,-2.2336857,-1.2190871
23550.0,1.2199411,0.68314797,-2.3871787,-1.2454877
23555.0,1.381574,0.5290233,-2.3099964,-1.2704514
23560.0,1.0013607,0.4275175,-2.1940594,-0.9572167
23565.0,1.3718529,0.5406714,-2.3921888,-1.1691089
23570.0,1.2076478,0.6851549,-2.456398,-1.0983278
23575.0,1.0631855,0.6870357,-2.2613828,-1.1076746
23580.0,1.1018533,0.59739923,-2.2393758,-1.125627
23585.0,1.1886307,0.34371215,-2.027547,-1.1328075
23590.0,1.0074513,0.30357072,-2.0507066,-0.91595685
23595.0,1.1733496,0.76420736,-2.5717232,-1.1817578
23600.0,1.4330517,0.80981207,-2.779081,-1.360665
23605.0,1.362887,0.6592445,-2.6353188,-1.2127135
23610.0,1.1298463,0.4883119,-2.2171028,-1.1841257
23615.0,0.98495686,0.39072308,-2.04981,-0.99592406
23620.0,1.0648544,0.5149538,-2.1457012,-1.0603621
23625.0,1.5995076,0.6605755,-2.6757367,-1.3448207
23630.0,1.3673791,0.6686071,-2.523312,-1.2991054
23635.0,1.1462258,0.50215447,-2.2408752,-1.1240237
23640.0,0.91798544,0.37800014,-1.9067286,-0.93149275
23645.0,1.2023573,0.42435417,-2.3128273,-1.0499798
23650.0,1.2354273,0.659132,-2.5190022,-1.1244025
23655.0,1.1125842,0.6300249,-2.4357727,-1.037116
23660.0,1.2782038,0.6821239,-2.4627306,-1.3492912
23665.0,1.1456128,0.52386355,-2.173265,-1.1894524
23670.0,1.0731629,0.27175212,-1.976807,-0.9683092
23675.0,1.0175021,0.551242,-2.1944418,-1.0366157
23680.0,1.2901975,0.8086188,-2.5487564,-1.2877642
23685.0,1.075607,0.63068295,-2.3198059,-1.1144128
23690.0,1.1096944,0.59235,-2.3572862,-1.1810508
23695.0,0.9051229,0.5148879,-1.9338188,-1.1385324
23700.0,1.2213746,0.46533555,-2.192185,-1.160653
23705.0,1.2408557,0.70114064,-2.3001637,-1.2795961
23710.0,1.2892257,0.6981691,-2.4861913,-1.2209194
23715.0,1.0631267,0.48638678,-2.163994,-1.0772893
23720.0,1.1680287,0.5954334,-2.2562845,-1.0704473
23725.0,0.9898623,0.40342194,-1.9580579,-1.0448039
23730.0,1.019981,0.5985398,-2.2791936,-1.0247254
23735.0,1.2015451,0.54885095,-2.1717598,-1.2624526
23740.0,1.2345455,0.61085296,-2.3682027,-1.1207054
23745.0,1.1148099,0.50055707,-2.1362023,-1.0925626
23750.0,1.083941,0.43570292,-2.0151029,-1.1111311
23755.0,1.0291278,0.55781597,-1.9679364,-1.3075193
23760.0,1.2558123,0.61249447,-2.375182,-1.213698
23765.0,1.1194483,0.65127516,-2.2152193,-1.3028413
23770.0,1.1157731,0.6078469,-2.2099288,-1.1551089
23775.0,1.0988332,0.49617147,-2.1166382,-1.1114923
23780.0,0.9522555,0.503335,-1.856844,-1.0541013
23785.0,1.0966773,0.48544005,-2.1125708,-1.0708029
23790.0,1.0913838,0.4431396,-2.086789,-1.1060095
23795.0,1.2141713,0.4981218,-2.3558025,-1.0878379
23800.0,1.1221174,0.61800814,-2.2475321,-1.2115866
23805.0,1.3820783,0.76569533,-2.5951984,-1.3740103
23810.0,1.1055,0.6043365,-2.3568523,-0.9814893
23815.0,0.95654833,0.52670294,-2.179616,-1.0119282
23820.0,1.0407751,0.48188597,-2.1578114,-1.0364298
23825.0,1.2213192,0.41061074,-2.525769,-0.87521607
23830.0,1.0702274,0.5102599,-2.1062422,-1.2923768
23835.0,1.2245994,0.66382366,-2.3449242,-1.2291704
23840.0,1.2210225,0.63998926,-2.4284837,-1.1233993
23845.0,1.2169396,0.67179644,-2.519225,-1.1360838
23850.0,1.3387116,0.61678576,-2.4353402,-1.207526
23855.0,1.2247272,0.5114811,-2.3728895,-1.0429577
23860.0,1.3008158,0.5454557,-2.3351562,-1.2542741
23865.0,0.97357154,0.52784514,-2.124864,-0.95403594
23870.0,1.2098901,0.61302185,-2.3041198,-1.2167567
23875.0,1.3708133,0.5839819,-2.4565456,-1.297758
23880.0,1.1870214,0.56726164,-2.2668965,-1.1772158
23885.0,1.1994658,0.66645384,-2.433079,-1.1714973
23890.0,1.3055553,0.6380577,-2.3413262,-1.2686613
23895.0,1.1459411,0.6261669,-2.1669931,-1.1595933
23900.0,1.4676293,0.64210427,-2.6143863,-1.4179372
23905.0,1.3100137,0.6450102,-2.4722283,-1.2888206
23910.0,1.2117306,0.6304202,-2.3829093,-1.2812167
23915.0,1.2315658,0.57487845,-2.3097534,-1.209046
23920.0,1.1419878,0.5989234,-2.24407,-1.16138
23925.0,1.2557496,0.556134,-2.289348,-1.2996985
23930.0,1.2907466,0.6189436,-2.375633,-1.2785406
23935.0,1.3462161,0.4790419,-2.2275584,-1.2340697
23940.0,1.272461,0.64865613,-2.4743505,-1.2563611
23945.0,1.297231,0.55590737,-2.4816844,-1.1278282
23950.0,1.0930607,0.5141521,-2.2489164,-1.0282124
23955.0,1.2723752,0.5766014,-2.426241,-1.148151
23960.0,1.2309705,0.51042676,-2.0848634,-1.2917552
23965.0,0.908467,0.45128214,-1.8853132,-1.0768884
23970.0,1.0841237,0.5318445,-2.1604176,-1.0113112
23975.0,1.227813,0.61885166,-2.3625176,-1.3285626
23980.0,1.1944531,0.5874573,-2.323456,-1.0994784
23985.0,1.0948577,0.67054373,-2.2547498,-1.2268994
23990.0,1.180997,0.5527064,-2.2075744,-1.1983498
23995.0,1.1561283,0.62565196,-2.43212,-0.9989757
24000.0,1.1494025,0.57053506,-2.099191,-1.2443509
24005.0,1.1481174,0.4904037,-2.0735838,-1.2148044
24010.0,1.2219882,0.55373836,-2.3325539,-1.1476837
24015.0,1.0922247,0.59903955,-2.0820022,-1.2103864
24020.0,1.3848195,0.6756736,-2.4340034,-1.245769
24025.0,1.3202394,0.7326631,-2.6033633,-1.1687942
24030.0,0.96424496,0.5875589,-2.1666667,-1.0225613
24035.0,1.1818616,0.5633622,-2.1926062,-1.066726
24040.0,1.4118482,0.5332741,-2.5760813,-1.2745458
24045.0,1.1655239,0.55151606,-2.272271,-1.1431227
24050.0,1.2183813,0.2545744,-1.9499866,-1.1273783
24055.0,1.2057201,0.6294055,-2.3985822,-1.169038
24060.0,1.122094,0.6260599,-2.3299487,-1.171705
24065.0,1.1679277,0.58816075,-2.2747722,-1.1758126
24070.0,1.3646697,0.637825,-2.3102977,-1.3982693
24075.0,1.3055214,0.642568,-2.3601937,-1.2194909
24080.0,1.1768819,0.3761351,-2.2368684,-1.0303278
24085.0,1.0575789,0.52948684,-2.422928,-0.90977937
24090.0,1.1765352,0.6370188,-2.315098,-1.1358416
24095.0,1.4533976,0.63426715,-2.4835563,-1.3321735
24100.0,1.3285146,0.3569169,-2.2343886,-1.029064
24105.0,1.0046849,0.50965434,-1.9282736,-1.1287462
24110.0,1.2834905,0.59209424,-2.3277795,-1.2530737
24115.0,1.2232426,0.7919369,-2.5810833,-1.1909611
24120.0,1.3028623,0.7389471,-2.5446012,-1.3582864
24125.0,1.3010298,0.62399447,-2.375675,-1.2038087
24130.0,1.3370019,0.3633332,-2.4154925,-1.02862
24135.0,1.020963,0.38831103,-1.9223244,-1.0386055
24140.0,1.2991164,0.5733043,-2.3286617,-1.2415853
24145.0,1.3643638,0.72586656,-2.6441686,-1.1113383
24150.0,1.198948,0.6883631,-2.5112603,-1.2464111
24155.0,0.9745047,0.63457835,-2.1931202,-1.1608299
24160.0,1.1882355,0.49542564,-2.3375976,-1.1191598
24165.0,1.1621674,0.463005,-2.3414009,-0.9863474
24170.0,1.0870008,0.65083534,-2.3030925,-1.17036
24175.0,1.5356895,0.8528002,-2.6413724,-1.5350862
24180.0,1.3046831,0.69602704,-2.5963588,-1.2246057
24185.0,1.2194449,0.7089212,-2.4494493,-1.2983546
24190.0,1.2645544,0.7250538,-2.4919786,-1.1391089
24195.0,1.3600348,0.67593217,-2.4704747,-1.3417529
24200.0,0.9136494,0.5731848,-2.0412989,-1.0577499
24205.0,1.2892476,0.44823736,-2.3636646,-1.2111235
24210.0,1.1686127,0.52065176,-2.207453,-1.1966349
24215.0,1.3714625,0.6053177,-2.412644,-1.3393843
24220.0,1.3780497,0.7391421,-2.492401,-1.2919868
24225.0,1.2412423,0.5956898,-2.3021848,-1.1098329
24230.0,1.1128802,0.7327807,-2.4372408,-1.2253346
24235.0,1.3386251,0.73130083,-2.4842603,-1.3459756
24240.0,1.2211746,0.6173328,-2.3584526,-1.1663043
24245.0,1.0705665,0.52055126,-2.222402,-1.0877317
24250.0,1.1361929,0.6519706,-2.2693586,-1.2484877
24255.0,1.387093,0.43521953,-2.4639616,-1.1407827
24260.0,1.3800932,0.6329912,-2.4282954,-1.379396
24265.0,1.1183585,0.6589714,-2.1644804,-1.1586154
24270.0,1.0918111,0.52182704,-2.204545,-1.1269662
24275.0,1.0951276,0.5222904,-2.2681715,-1.0472581
24280.0,1.1079526,0.6019717,-2.2114794,-1.2131842
24285.0,1.4121459,0.583693,-2.5687625,-1.1910493
24290.0,1.1152233,0.48815784,-2.1166077,-1.2181914
24295.0,1.2369791,0.5703612,-2.3520913,-1.1072866
24300.0,1.0145854,0.6181568,-2.1245935,-1.2429124
24305.0,0.9780501,0.54961467,-2.119432,-0.9324036
24310.0,1.2511296,0.7249702,-2.4878237,-1.1936754
24315.0,1.2854201,0.7257428,-2.5496876,-1.1744182
24320.0,1.1846586,0.60314626,-2.2938683,-1.1894634
24325.0,1.1845142,0.5618174,-2.241175,-1.1230087
24330.0,1.0555748,0.47698277,-2.136638,-1.0067971
24335.0,1.1903559,0.6111661,-2.4851773,-1.1771429
24340.0,1.3265742,0.490534,-2.281707,-1.2491198
24345.0,1.2424124,0.45713,-2.3151164,-1.0355059
24350.0,1.2443343,0.4258843,-2.2040062,-1.1353015
24355.0,1.0161337,0.5088266,-2.1358824,-1.0230625
24360.0,1.3367087,0.59425163,-2.5520086,-1.0852593
24365.0,1.4693137,0.7003509,-2.8405845,-1.2081828
24370.0,1.3009286,0.47692025,-2.47382,-1.0392344
24375.0,1.1388863,0.41570088,-2.1591346,-0.9403126
24380.0,1.1033794,0.36869943,-2.1458488,-0.98151845
24385.0,1.0587906,0.549773,-2.150143,-1.090762
24390.0,1.5271965,0.7987406,-2.8584297,-1.3405986
24395.0,1.0523204,0.6070664,-2.1558201,-1.0910141
24400.0,1.3044431,0.6318602,-2.3999236,-1.3265414
24405.0,1.0122868,0.6326889,-2.0297318,-1.1551497
24410.0,1.2380043,0.58891785,-2.381193,-1.1260917
24415.0,1.2454779,0.5878629,-2.4414978,-1.0923041
24420.0,1.2660099,0.7340939,-2.3739965,-1.1705456
24425.0,1.3166677,0.6363346,-2.3393476,-1.4042442
24430.0,0.9618731,0.61289483,-2.0286677,-1.07115
24435.0,1.0355655,0.52469444,-1.904876,-1.2032336
24440.0,1.0148195,0.602484,-1.9877634,-1.1789663
24445.0,1.0355983,0.64220047,-2.4135118,-1.039175
24450.0,1.0047209,0.5819997,-2.038792,-1.2093868
24455.0,1.4162933,0.57096624,-2.434287,-1.2783272
24460.0,1.0367543,0.6756194,-2.1274633,-1.157172
24465.0,0.99731696,0.61022,-2.186164,-1.1168871
24470.0,1.0376694,0.6301012,-2.1960797,-1.0719013
24475.0,1.3805712,0.5766032,-2.3071258,-1.2787197
24480.0,1.3437058,0.35746473,-2.1156282,-1.1860344
24485.0,1.193188,0.47432804,-2.1894045,-1.1252551
24490.0,1.134278,0.7033647,-2.3832805,-1.1499803
24495.0,1.249373,0.7447475,-2.5003018,-1.1842105
24500.0,1.1641409,0.62881905,-2.4048884,-1.2091466
24505.0,1.1094825,0.48553005,-2.1736698,-1.0824833
24510.0,0.9848823,0.3187147,-1.9828916,-0.9089186
24515.0,1.1441553,0.5490081,-2.3767045,-1.0365222
24520.0,1.378084,0.7469442,-2.5486603,-1.2784762
24525.0,1.3206356,0.71704555,-2.6125548,-1.2419964
24530.0,1.3164189,0.5901098,-2.4745407,-1.2779559
24535.0,1.060464,0.40111393,-2.0688665,-1.0054129
24540.0,0.8671476,0.5049545,-1.9142247,-0.9729422
24545.0,1.2218574,0.5957824,-2.2587085,-1.1490792
24550.0,1.0771759,0.66707647,-2.2421677,-1.1140916
24555.0,1.1659346,0.6637361,-2.441746,-1.2141262
24560.0,1.224728,0.68897307,-2.3692,-1.2884256
24565.0,1.2250608,0.47990835,-2.3819625,-0.9676238
24570.0,1.0815095,0.525229,-2.1651943,-1.0297554
24575.0,1.0008376,0.58099097,-2.0837858,-1.0984538
24580.0,1.1280301,0.71993613,-2.425391,-1.0676076
24585.0,1.1966255,0.6929113,-2.2997572,-1.2885748
24590.0,0.99603426,0.6268436,-2.3118784,-0.99347574
24595.0,1.1684157,0.68798876,-2.2525249,-1.3652611
24600.0,1.2507602,0.6539562,-2.4129243,-1.2026582
24605.0,1.1182371,0.4431873,-2.0637321,-1.1799608
24610.0,0.85039234,0.58848447,-1.9242828,-1.077641
24615.0,1.1756643,0.5782827,-2.2358696,-1.2422858
24620.0,1.1755635,0.67271125,-2.4267647,-1.1929128
24625.0,1.1630563,0.49521214,-2.1739852,-1.1868198
24630.0,1.3202907,0.62138677,-2.3464441,-1.2825354
24635.0,1.0473565,0.3890916,-1.9505864,-1.0886147
24640.0,0.9294603,0.57688314,-1.9585102,-1.1437311
24645.0,0.9695564,0.5893506,-2.0812688,-1.1240497
24650.0,1.1479535,0.5970026,-2.4334593,-1.1146244
24655.0,1.5121272,0.59323776,-2.7166848,-1.2548838
24660.0,1.2090007,0.684937,-2.2923737,-1.2796397
24665.0,1.0772282,0.46485478,-2.15211,-1.0213404
24670.0,1.1059707,0.48015916,-2.1507583,-1.0745828
24675.0,0.9655898,0.5887903,-2.046238,-1.0937369
24680.0,1.3234533,0.73222864,-2.3883305,-1.3668469
24685.0,1.4344186,0.5384535,-2.4588604,-1.2771133
24690.0,0.97040385,0.47933596,-1.9753242,-1.1108251
24695.0,1.2247499,0.5480848,-2.2469683,-1.1429886
24700.0,1.2396933,0.5671459,-2.4730673,-1.1489893
24705.0,1.2690204,0.5701642,-2.302792,-1.2720914
24710.0,1.0629013,0.5621944,-2.1415064,-1.1164272
24715.0,1.036192,0.5420533,-2.1901114,-1.0492837
24720.0,1.219363,0.6074896,-2.6062512,-0.9817932
24725.0,1.5786859,0.8144449,-2.7246897,-1.4129684
24730.0,1.331402,0.7362207,-2.5778723,-1.3538144
24735.0,1.1367819,0.57209915,-2.221239,-1.2496051
24740.0,1.0221592,0.6143092,-2.3581805,-0.9961601
24745.0,1.2002505,0.47254705,-2.0821285,-1.2885894
24750.0,1.4131249,0.7890589,-2.5634153,-1.2970698
24755.0,1.4257133,0.81437194,-2.691626,-1.368146
24760.0,1.0830795,0.6155041,-2.2904584,-1.1196748
24765.0,1.053308,0.54367906,-2.1095927,-1.2013887
24770.0,1.1847268,0.624743,-2.5164666,-0.9955506
24775.0,1.4933106,0.5886938,-2.5575368,-1.3370417
24780.0,1.3691529,0.52401894,-2.3673437,-1.1918124
24785.0,1.3355168,0.62673664,-2.2987916,-1.275338
24790.0,0.9500388,0.63995177,-2.1609235,-1.0268729
24795.0,1.2163924,0.6778327,-2.5236518,-1.1686331
24800.0,1.1414341,0.652061,-2.2808805,-1.2998081
24805.0,1.2680202,0.6757383,-2.3439748,-1.322512
24810.0,1.2086755,0.6773603,-2.4921372,-1.1955979
24815.0,1.1186396,0.5302799,-2.3213568,-1.0970578
24820.0,1.0802397,0.5678915,-2.2079916,-1.0516597
24825.0,1.3234575,0.76516896,-2.4481766,-1.3223683
24830.0,1.0777446,0.61694247,-2.0620987,-1.3189331
24835.0,0.94941103,0.54532516,-2.0579598,-1.0640334
24840.0,1.2343689,0.62261415,-2.5251713,-1.1158803
24845.0,1.3524581,0.6201442,-2.7074058,-1.1098552
24850.0,1.2351948,0.59595746,-2.4458835,-1.0475848
24855.0,1.3710607,0.62666035,-2.4272318,-1.2096543
24860.0,1.4264185,0.42930892,-2.2938938,-1.1806725
24865.0,1.2486532,0.41883582,-2.154568,-1.0497772
24870.0,0.9596716,0.6705151,-2.2803156,-1.0698693
24875.0,1.448383,0.8076542,-2.853143,-1.2093431
24880.0,1.3017222,0.7514659,-2.5881622,-1.1937116
24885.0,1.1400474,0.64135396,-2.3072078,-1.1810272
24890.0,1.143171,0.43127736,-2.1328545,-1.0692707
24895.0,0.97589797,0.40493894,-1.8551126,-1.0985214
24900.0,0.8602123,0.5175036,-2.1844785,-0.9575405
24905.0,1.4016589,0.7230676,-2.581267,-1.4179516
24910.0,1.3514668,0.4351433,-2.4150207,-1.1389378
24915.0,1.0918585,0.45833266,-2.3436368,-0.968846
24920.0,0.898759,0.71578974,-2.1059415,-1.0535184
24925.0,1.0874443,0.6735864,-2.3419526,-1.1971815
24930.0,1.1003667,0.6056784,-2.2425604,-1.1441183
24935.0,1.2915,0.52661765,-2.380139,-1.2135036
24940.0,1.3119276,0.102458216,-2.103259,-1.0027981
24945.0,0.92345923,0.031217208,-1.8854951,-0.7070188
24950.0,0.701788,0.41160193,-1.8797323,-0.95598996
24955.0,1.2540265,0.72966206,-2.5126035,-1.2878691
24960.0,1.2748088,0.6712127,-2.5563252,-1.1231712
24965.0,1.4864804,0.7120557,-2.7930567,-1.2579982
24970.0,1.2685392,0.50315434,-2.3459194,-1.13281
24975.0,1.1733546,0.2681264,-2.3732207,-0.81264037
24980.0,0.8421873,0.30991107,-1.9210236,-0.94744176
24985.0,0.99143267,0.56010747,-2.1377916,-1.1258512
24990.0,1.3219947,0.662762,-2.503729,-1.3975675
24995.0,1.3765032,0.6850779,-2.6210372,-1.324252
25000.0,1.162988,0.56081784,-2.258928,-1.1556375
25005.0,1.3252547,0.5686226,-2.253566,-1.2652826
25010.0,1.2239238,0.448241,-2.1137125,-1.191302
25015.0,1.1175808,0.6134274,-2.275913,-1.1301401
25020.0,1.3296193,0.6703653,-2.3392591,-1.3952215
25025.0,1.0554956,0.606001,-2.279231,-1.1719207
25030.0,1.2867608,0.47018373,-2.234328,-1.2292879
25035.0,1.0407594,0.5083051,-2.0159285,-1.1485103
25040.0,1.0275598,0.5039673,-1.9882334,-1.0324498
25045.0,1.188473,0.64607954,-2.3653514,-1.132862
25050.0,1.1321511,0.568647,-2.1927872,-1.2433302
25055.0,1.1801282,0.6132952,-2.4479373,-1.1158692
25060.0,1.2232654,0.50671875,-2.1376147,-1.2179415
25065.0,1.1424409,0.486249,-2.0636573,-1.0994073
25070.0,0.94139403,0.53598344,-2.0308163,-1.062556
25075.0,1.2276504,0.79126877,-2.47966,-1.2553692
25080.0,1.2904955,0.67427915,-2.6436527,-1.1851043
25085.0,1.1541911,0.5472565,-2.299143,-1.0797532
25090.0,1.1490024,0.457442,-2.223011,-1.0744635
25095.0,1.3055776,0.49234658,-2.3643851,-1.1500005
25100.0,1.1893364,0.6468613,-2.2649415,-1.1791618
25105.0,1.5170301,0.6312019,-2.5946383,-1.374217
25110.0,1.5077142,0.62777716,-2.738026,-1.2961906
25115.0,1.0154892,0.46408477,-2.0101442,-1.1179235
25120.0,1.2267622,0.52983296,-2.3028421,-1.068302
25125.0,1.4322982,0.6596889,-2.4354901,-1.3832989
25130.0,1.1157871,0.67369425,-2.297394,-1.2015845
25135.0,1.3899109,0.6034658,-2.469107,-1.2284211
25140.0,1.4030231,0.6990481,-2.6574347,-1.2574112
25145.0,1.1906439,0.7140866,-2.3890572,-1.3158686
25150.0,1.1628186,0.7081951,-2.3368213,-1.1674868
25155.0,1.5733503,0.7212152,-2.8049526,-1.3380209
25160.0,1.2534835,0.6031216,-2.30078,-1.2864659
25165.0,1.1167445,0.4434777,-2.0158808,-1.081353
25170.0,1.1435263,0.63200915,-2.3803413,-1.2154653
25175.0,0.9683568,0.6018039,-2.135743,-1.1072713
25180.0,1.029055,0.72124887,-2.2801569,-1.235328
25185.0,1.4019011,0.7388782,-2.5313087,-1.3326311
25190.0,1.2573855,0.634078,-2.451484,-1.2223698
25195.0,1.1755792,0.5281652,-2.341344,-1.1236397
25200.0,1.2127594,0.47571474,-2.4263563,-1.057102
25205.0,1.024937,0.5981354,-2.165089,-1.1960964
25210.0,0.9626708,0.6270999,-2.1285627,-1.0054271
25215.0,1.2810658,0.7973619,-2.597215,-1.2131171
25220.0,1.4179369,0.6697154,-2.7674108,-1.1488388
25225.0,1.3220898,0.69821167,-2.4148443,-1.2926008
25230.0,1.3557278,0.4547178,-2.2415714,-1.2575676
25235.0,1.163581,0.3083262,-2.253722,-0.94995606
25240.0,0.9872092,0.6580713,-2.134914,-1.1342871
25245.0,1.3012284,0.73903525,-2.5940125,-1.2745986
25250.0,1.3340377,0.6837521,-2.6413536,-1.3586143
25255.0,1.4185745,0.55018795,-2.462859,-1.3188347
25260.0,1.2604978,0.58672327,-2.4946215,-1.0636439
25265.0,1.1788603,0.37479144,-2.427533,-0.9491922
25270.0,1.234487,0.50590616,-2.35117,-1.1796557
25275.0,1.1534275,0.54237497,-2.122939,-1.2053185
25280.0,1.1825063,0.5436592,-2.1859593,-1.2155614
25285.0,1.0464479,0.59457266,-2.1731994,-1.2839181
25290.0,1.3589308,0.7649263,-2.6528552,-1.235164
25295.0,1.5509104,0.6930419,-2.6938198,-1.4693251
25300.0,1.2909921,0.63700944,-2.5031736,-1.1881373
25305.0,1.1618471,0.57702994,-2.2960694,-1.0399456
25310.0,1.2841984,0.51904297,-2.585067,-1.0685912
25315.0,1.1146561,0.6046605,-2.1935458,-1.1400555
25320.0,1.2577711,0.64578843,-2.2843077,-1.2760384
25325.0,1.2492144,0.6136906,-2.4232976,-1.2702261
25330.0,1.052463,0.5112066,-2.1694336,-1.0644042
25335.0,1.2478064,0.7582061,-2.346225,-1.3436129
25340.0,1.4567256,0.79877603,-2.7828968,-1.2964815
25345.0,1.2568418,0.6422428,-2.4983952,-1.1658456
25350.0,1.1031631,0.5597226,-2.2781277,-1.0771605
25355.0,1.0078928,0.63577473,-2.2203395,-1.1588062
25360.0,1.1777371,0.6215687,-2.4368827,-1.2123533
25365.0,1.3832887,0.6860556,-2.556236,-1.3677257
25370.0,1.3335959,0.60248375,-2.4342535,-1.2122093
25375.0,1.4285954,0.6036472,-2.3549964,-1.3821136
25380.0,1.0344017,0.54567134,-2.1333954,-1.015979
25385.0,1.064469,0.7043364,-2.220169,-1.1619107
25390.0,1.3279613,0.76148534,-2.4962122,-1.4012923
25395.0,1.3588797,0.7484113,-2.5831096,-1.3629334
25400.0,1.3181297,0.6580806,-2.5865085,-1.2471956
25405.0,1.4386419,0.48334107,-2.418607,-1.1956024
25410.0,1.0296962,0.44371596,-2.0313413,-0.9587067
25415.0,1.0944103,0.62553287,-2.1111996,-1.2344714
25420.0,1.2109853,0.628067,-2.3621795,-1.2070451
25425.0,1.0228769,0.64355814,-2.3196957,-1.0002209
25430.0,1.3534715,0.7640689,-2.503278,-1.3855962
25435.0,1.1362077,0.6142589,-2.3058212,-1.1406581
25440.0,1.1393586,0.5634583,-2.2444599,-1.0315541
25445.0,1.1371771,0.5780359,-2.2403975,-1.2979326
25450.0,1.4674075,0.6315111,-2.582351,-1.3518844
25455.0,1.4044856,0.62819993,-2.4297912,-1.1753335
25460.0,1.021299,0.52668816,-2.014144,-1.1077082
25465.0,0.95906013,0.62597036,-2.2845972,-0.98254293
25470.0,1.0929482,0.65049976,-2.2203965,-1.0964341
25475.0,1.2095617,0.5693976,-2.221616,-1.2369988
25480.0,1.2438818,0.4550627,-2.4710844,-0.97842175
25485.0,0.94264436,0.26368266,-1.8536341,-0.88551134
25490.0,0.9020834,0.46220404,-2.0689876,-1.0200016
25495.0,1.0605639,0.54872966,-2.1432228,-1.1780112
25500.0,1.0921143,0.5505159,-1.9955056,-1.2414998
25505.0,0.9762525,0.65799403,-2.1937912,-1.1208546
25510.0,1.1191655,0.57756054,-2.2718506,-1.1196076
25515.0,1.1033499,0.52568686,-2.1937697,-0.98660284
25520.0,0.998055,0.5129512,-1.9942926,-1.1944337
25525.0,0.9793593,0.42779335,-1.9619809,-1.0713829
25530.0,1.1406708,0.54073805,-2.1220763,-1.1146051
25535.0,1.130803,0.64314556,-2.2509854,-1.1224344
25540.0,1.1200298,0.71128124,-2.2030299,-1.3526521
25545.0,1.1499102,0.59934866,-2.2027993,-1.169282
25550.0,1.2612377,0.65628576,-2.3248854,-1.2511942
25555.0,1.3459238,0.4897209,-2.2640347,-1.2231662
25560.0,0.9955312,0.5742742,-2.1415915,-1.0997574
25565.0,1.0889956,0.7330803,-2.354078,-1.1751599
25570.0,1.5404047,0.7949215,-2.863328,-1.2526405
25575.0,1.5416018,0.7376367,-2.8475945,-1.2812701
25580.0,1.4528093,0.7306545,-2.6607826,-1.3147514
25585.0,1.2682997,0.44648468,-2.1490636,-1.2395425
25590.0,1.0356148,0.5382514,-2.255473,-1.0160637
25595.0,1.1933683,0.6264922,-2.5889704,-1.0107372
25600.0,1.480229,0.78097916,-2.7950838,-1.2674968
25605.0,1.5819279,0.7849699,-2.8638034,-1.3459172
25610.0,1.500662,0.6832691,-2.7882001,-1.3210405
25615.0,1.2298003,0.4370587,-2.3279345,-1.1489753
25620.0,1.0316703,0.40671927,-2.4433057,-0.8343597
25625.0,1.0295658,0.5542189,-2.4907088,-0.94746226
25630.0,1.2828542,0.6775252,-2.4375749,-1.233856
25635.0,1.3640472,0.63668394,-2.7402337,-1.130961
25640.0,1.4158608,0.45074666,-2.5144215,-1.1699166
25645.0,1.5052944,0.47433162,-2.5279427,-1.1973116
25650.0,1.3908244,0.5564028,-2.557995,-1.1846992
25655.0,1.3212367,0.59166986,-2.4101584,-1.1365681
25660.0,1.148431,0.6357226,-2.1455312,-1.3105661
25665.0,1.220838,0.6580528,-2.4126358,-1.1163281
25670.0,1.2130209,0.5216029,-2.2579207,-1.2195572
25675.0,1.1993462,0.73240095,-2.4268677,-1.245177
25680.0,1.5109907,0.76140535,-2.8160908,-1.4097797
25685.0,1.4229366,0.6622969,-2.7817268,-1.218527
25690.0,1.1529759,0.5780131,-2.2644613,-1.1527991
25695.0,1.0006634,0.43817014,-1.9882158,-1.0268519
25700.0,1.1359618,0.34140807,-2.1092894,-1.0430396
25705.0,0.8834232,0.4841565,-1.9824091,-0.9922762
25710.0,1.3683208,0.6643445,-2.6217237,-1.3401759
25715.0,1.5313216,0.6330863,-2.8755665,-1.1869795
25720.0,1.4046528,0.6487418,-2.6082153,-1.2131908
25725.0,1.097762,0.49368674,-2.3402593,-0.9757701
25730.0,1.2591412,0.49956292,-2.574213,-1.0383489
25735.0,1.0987952,0.3706768,-2.1566308,-1.0446806
25740.0,1.203076,0.48870575,-2.2148821,-1.2118149
25745.0,1.0414231,0.43913016,-2.1942587,-0.94573045
25750.0,1.030188,0.4841767,-2.0086198,-1.1136292
25755.0,1.3523875,0.6809164,-2.5131395,-1.2929919
25760.0,1.439762,0.66088337,-2.5149539,-1.2953101
25765.0,1.2119687,0.7307801,-2.507857,-1.2486935
25770.0,1.2279371,0.50708,-2.3024354,-1.1356277
25775.0,1.0740491,0.4951532,-2.0388808,-1.1165924
25780.0,1.2170223,0.55192244,-2.4124575,-1.1725572
25785.0,1.3165032,0.662972,-2.4354513,-1.2938908
25790.0,1.2484611,0.7311868,-2.3321269,-1.2953041
25795.0,0.99004674,0.47994986,-2.0250628,-1.105669
25800.0,0.9675907,0.5510137,-2.178129,-1.1089392
25805.0,1.1352004,0.45701498,-2.1635702,-0.99343777
25810.0,1.3467902,0.6078571,-2.3624578,-1.233926
25815.0,1.2608436,0.60482866,-2.3241558,-1.1803684
25820.0,0.9960742,0.5838728,-2.0823944,-1.0519618
25825.0,1.1639533,0.5749713,-2.161895,-1.2267096
25830.0,1.1444623,0.51983184,-2.2115703,-1.1947068
25835.0,1.0384135,0.5964185,-2.1071026,-1.1149874
25840.0,1.1670797,0.5468401,-2.2357664,-1.1174326
25845.0,1.1681,0.64115304,-2.2388728,-1.1224331
25850.0,1.198357,0.5779791,-2.183535,-1.2381406
25855.0,1.1086533,0.68636763,-2.1738014,-1.2877016
25860.0,1.2068458,0.6157199,-2.3588054,-1.1966511
25865.0,1.1831383,0.6946604,-2.3238852,-1.1531041
25870.0,1.3891846,0.65261245,-2.5176785,-1.3065758
25875.0,1.1055948,0.50994754,-2.3880875,-0.96137965
25880.0,1.3743404,0.42737406,-2.2792215,-1.209571
25885.0,1.1089097,0.54851806,-2.237923,-1.0573876
25890.0,1.2518598,0.59368306,-2.3213418,-1.2552385
25895.0,1.1164271,0.66544497,-2.3233361,-1.0855147
25900.0,1.3777161,0.6203864,-2.5003662,-1.2964222
25905.0,1.4631269,0.4889316,-2.4410093,-1.2260394
25910.0,1.0565146,0.5602671,-2.177303,-1.1175768
25915.0,1.3070917,0.6371015,-2.403838,-1.237704
25920.0,1.2442149,0.70486367,-2.5356777,-1.2688117
25925.0,1.2075125,0.6311803,-2.389434,-1.0746446
25930.0,1.2157649,0.5357861,-2.3614933,-1.2747147
25935.0,1.2291685,0.6142702,-2.3360605,-1.1988304
25940.0,1.1356742,0.56850386,-2.2533386,-1.018519
25945.0,1.2081131,0.46860304,-2.2024937,-1.0758314
25950.0,1.0062853,0.6412811,-2.169586,-1.17133
25955.0,1.2935498,0.6102371,-2.3133094,-1.2111306
25960.0,1.1882087,0.65094995,-2.3902931,-1.1579999
25965.0,1.2966819,0.69530845,-2.5091257,-1.236854
25970.0,1.4069618,0.55776346,-2.6423526,-1.0618049
25975.0,1.2048576,0.54714406,-2.2435212,-1.0973004
25980.0,1.166651,0.7006259,-2.1826136,-1.2496177
25985.0,1.2902449,0.6301956,-2.4728663,-1.2287169
25990.0,1.0525147,0.6394207,-2.2618349,-1.1410893
25995.0,1.3740149,0.70584226,-2.485647,-1.3981986
26000.0,1.4928905,0.51229095,-2.4373868,-1.1662993
26005.0,1.3310746,0.75279284,-2.3254068,-1.4018555
26010.0,1.2495033,0.68749774,-2.3900733,-1.2022055
26015.0,1.2078017,0.7371899,-2.601589,-1.0661263
26020.0,1.2719768,0.6819764,-2.477286,-1.2551477
26025.0,1.1820585,0.6129458,-2.2833843,-1.2434216
26030.0,1.0322536,0.525122,-1.9988462,-1.0960746
26035.0,1.1492528,0.4000337,-2.1120095,-1.1643455
26040.0,1.2787114,0.54871064,-2.277803,-1.1996586
26045.0,1.269287,0.7737362,-2.4455726,-1.198113
26050.0,1.5173017,0.8312699,-2.9024136,-1.2934089
26055.0,1.3489388,0.702739,-2.6951835,-1.2501612
26060.0,1.1095752,0.6141517,-2.1873105,-1.1432056
26065.0,1.022771,0.34767374,-1.9673849,-1.0019931
26070.0,0.82556635,0.39536113,-1.9707361,-0.95772636
26075.0,1.073793,0.59396064,-2.1166353,-1.1713704
26080.0,1.5016216,0.8351102,-2.7661178,-1.3043835
26085.0,1.5008327,0.7609557,-2.8947022,-1.2363664
26090.0,1.3335848,0.65375066,-2.6133006,-1.1643984
26095.0,1.0528536,0.33837965,-2.016822,-1.0077442
26100.0,0.8445986,0.4322164,-2.066682,-0.79773545
26105.0,1.1131866,0.63471544,-2.2775667,-1.1082135
26110.0,1.4202467,0.7578658,-2.6561115,-1.249439
26115.0,1.4570664,0.753803,-2.6490533,-1.4098387
26120.0,1.2535847,0.5496408,-2.3688414,-1.1866424
26125.0,1.1008197,0.34471846,-2.122984,-1.1011201
26130.0,1.035382,0.46695328,-2.1769948,-1.0040202
26135.0,1.2643896,0.6284844,-2.4724305,-1.1323545
26140.0,1.4752084,0.76058674,-2.7960033,-1.346396
26145.0,1.4691185,0.7065531,-2.7510366,-1.3383764
26150.0,1.3229724,0.44724324,-2.3906412,-1.1182846
26155.0,1.2923144,0.44382542,-2.2873056,-1.0805854
26160.0,1.2480232,0.30362985,-2.34182,-0.9516458
26165.0,1.1452657,0.29418588,-2.3756819,-0.81684476
26170.0,1.3242902,0.6158531,-2.4510062,-1.1935691
26175.0,1.3879594,0.67242867,-2.5240386,-1.2212971
26180.0,1.2511227,0.7056376,-2.5633986,-1.1039499
26185.0,1.2709271,0.66929144,-2.537176,-1.2014658
26190.0,1.2102021,0.61116046,-2.394903,-1.2327027
26195.0,1.2261684,0.49955034,-2.3185973,-1.1093205
26200.0,1.2277328,0.57459855,-2.3064287,-1.2701224
26205.0,1.2221228,0.602982,-2.2724545,-1.1985373
26210.0,1.2332028,0.6144499,-2.3055584,-1.2363508
26215.0,1.4616948,0.7094034,-2.7454183,-1.327676
26220.0,1.3014619,0.6440146,-2.391688,-1.3553123
26225.0,1.0602329,0.5624953,-2.1852624,-1.186811
26230.0,1.2334324,0.46543673,-2.2387862,-1.1973435
26235.0,1.1278948,0.61938417,-2.2916281,-1.1029428
26240.0,1.4426217,0.7301518,-2.6045382,-1.3757243
26245.0,1.7283884,0.7352004,-3.009665,-1.3756464
26250.0,1.4821182,0.6413268,-2.6062982,-1.2438952
26255.0,1.1820687,0.4630928,-2.3521326,-1.0178429
26260.0,0.98960936,0.4950167,-2.2106085,-0.9792961
26265.0,1.225653,0.6508975,-2.5231311,-1.2469574
26270.0,1.5046376,0.6127345,-2.6882153,-1.3013327
26275.0,1.4375137,0.6800058,-2.5673192,-1.2803719
26280.0,1.2921418,0.5424167,-2.3303409,-1.2939992
26285.0,1.1247028,0.57832843,-2.1324904,-1.1589888
26290.0,1.1036694,0.594782,-2.2074685,-1.1063501
26295.0,1.4153169,0.61749977,-2.5386903,-1.3043375
26300.0,1.4092039,0.46505156,-2.4888294,-1.2096001
26305.0,1.1811985,0.34756544,-2.1293507,-1.0043713
26310.0,1.0797255,0.48197734,-2.0763307,-1.1391492
26315.0,1.4217172,0.6321406,-2.6653595,-1.2365392
26320.0,1.3689083,0.7160566,-2.4773319,-1.4071255
26325.0,1.1592367,0.5584111,-2.4496772,-1.0128596
26330.0,1.2759066,0.53149414,-2.4253814,-1.1545385
26335.0,1.1555295,0.5879202,-2.440734,-1.0361603
26340.0,1.3638804,0.5935167,-2.4571283,-1.2882206
26345.0,1.6018307,0.5536222,-2.6342323,-1.3225669
26350.0,1.3133528,0.5354122,-2.305729,-1.18679
26355.0,1.2211503,0.5908121,-2.467384,-1.0932282
26360.0,1.3255634,0.62732613,-2.5163965,-1.2797076
26365.0,1.2163275,0.67410696,-2.4716337,-1.1000819
26370.0,1.6362432,0.68902946,-2.6287098,-1.5408034
26375.0,1.5022656,0.55238223,-2.723879,-1.205214
26380.0,1.1255586,0.46748525,-2.153865,-0.9584636
26385.0,1.0896585,0.4384445,-1.9680349,-1.1101385
26390.0,1.4907894,0.33174247,-2.3658152,-1.1603296
26395.0,0.95293295,0.6099939,-2.1412406,-0.9707476
26400.0,1.2476128,0.7974114,-2.4040694,-1.2966903
26405.0,1.3251716,0.6316923,-2.6463313,-1.1255051
26410.0,1.1297331,0.48129132,-2.0603836,-1.1775942
26415.0,0.9984484,0.32876363,-1.9193906,-0.9865833
26420.0,1.2623155,0.11783315,-2.1310022,-0.89024746
26425.0,0.8383547,0.47921738,-1.9476058,-1.0165545
26430.0,1.178435,0.65706354,-2.3110187,-1.1848739
26435.0,1.2999241,0.6596519,-2.6446571,-1.1804692
26440.0,1.3716618,0.5622783,-2.547356,-1.155925
26445.0,1.2035064,0.44986865,-2.3257315,-1.1013734
26450.0,1.0234315,0.42399076,-2.170581,-0.96114016
26455.0,1.3516216,0.35236403,-2.3630202,-1.0235724
26460.0,1.0306108,0.4922294,-1.9955128,-1.0328037
26465.0,1.2790211,0.5576709,-2.3408787,-1.2401385
26470.0,1.1466764,0.70735776,-2.3463767,-1.2469742
26475.0,1.107145,0.6805457,-2.4053457,-1.1153201
26480.0,1.197313,0.6638391,-2.2411642,-1.3678423
26485.0,1.3890153,0.57676494,-2.4909017,-1.1807426
26490.0,1.0634977,0.50421417,-2.1450098,-1.0061495
26495.0,1.172236,0.5538056,-2.2972796,-1.1330652
26500.0,1.0151993,0.590816,-2.1173134,-1.1180427
26505.0,1.2017062,0.5129056,-2.1891654,-1.1102629
26510.0,1.0168287,0.55557764,-1.9603282,-1.185987
26515.0,1.2252018,0.4961419,-2.4134657,-1.0491935
26520.0,1.3251206,0.70881814,-2.4029572,-1.3303176
26525.0,1.2981123,0.52938104,-2.4364145,-1.1457309
26530.0,1.33963,0.74694276,-2.6459877,-1.2584429
26535.0,1.1530108,0.6651938,-2.2688959,-1.2319533
26540.0,1.2180907,0.6065127,-2.2542262,-1.2205669
26545.0,1.2401183,0.5766522,-2.3928883,-1.1690128
26550.0,1.3384354,0.5838022,-2.457577,-1.1696852
26555.0,1.5742816,0.7464742,-2.783774,-1.3322481
26560.0,1.7235891,0.8062328,-3.3232057,-1.1573408
26565.0,1.3870451,0.7299365,-2.7059147,-1.1989424
26570.0,1.4348747,0.7255089,-2.5961673,-1.309893
26575.0,1.5205019,0.5881245,-2.5804772,-1.3063029
26580.0,1.290496,0.63396966,-2.3956833,-1.210796
26585.0,1.1269218,0.6794319,-2.1934235,-1.2130818
26590.0,1.4981688,0.81535816,-2.759727,-1.3956928
26595.0,1.4436517,0.7736572,-2.6187341,-1.3966606
26600.0,1.217894,0.69641805,-2.4960506,-1.216263
26605.0,1.243351,0.5543325,-2.3092554,-1.2407262
26610.0,1.2331188,0.599354,-2.306531,-1.2787778
26615.0,1.1820618,0.41753,-1.9757568,-1.2139109
26620.0,1.1706327,0.44428802,-2.1568036,-0.9851688
26625.0,1.0075517,0.68515867,-2.1767325,-1.1609949
26630.0,1.2195293,0.72384584,-2.541373,-1.0625863
26635.0,1.2581214,0.65124893,-2.5029373,-1.1685529
26640.0,1.2864939,0.53800684,-2.353041,-1.0842419
26645.0,1.3480537,0.15230083,-2.0471408,-1.0975577
26650.0,0.996071,0.25562245,-2.1145597,-0.83245915
26655.0,1.0114473,0.4736102,-2.1437902,-1.0915811
26660.0,1.1388506,0.6617087,-2.2866483,-1.2268536
26665.0,1.0514107,0.517471,-2.291024,-1.0873263
26670.0,1.1439582,0.54821396,-2.3040717,-1.0578028
26675.0,1.1587933,0.40981066,-2.2445805,-1.0294658
26680.0,1.4495355,0.63354975,-2.7323015,-1.1324193
