timestamp_s,arousal_logit
5.0,-0.8058
10.0,-0.4835
15.0,-1.2086
20.0,-0.9367
25.0,-0.7957
30.0,-0.3424
35.0,-0.3928
40.0,-0.1612
45.0,-0.3626
50.0,0.1612
55.0,-0.1712
60.0,0.1410
65.0,-0.1511
70.0,-0.1309
75.0,0.2115
80.0,0.1511
85.0,0.0504
90.0,0.0906
95.0,0.0101
100.0,-0.1309
105.0,0.0705
110.0,0.1108
115.0,-0.1410
120.0,0.1007
125.0,0.0906
130.0,-0.1309
135.0,-0.1007
140.0,0.0806
145.0,0.1209
150.0,-0.2518
155.0,-0.1612
160.0,-0.2619
165.0,-0.4432
170.0,0.0403
175.0,-0.0906
180.0,0.1914
185.0,-0.0101
190.0,0.0101
195.0,0.0504
200.0,0.0504
205.0,0.1108
210.0,0.0403
215.0,0.0604
220.0,0.1108
225.0,-0.1712
230.0,0.0201
235.0,-0.0403
240.0,0.1410
245.0,-0.0806
250.0,0.0806
255.0,0.0201
260.0,0.2115
265.0,0.0705
270.0,0.0101
275.0,-0.1511
280.0,-0.0403
285.0,-0.5842
290.0,-0.5338
295.0,-0.8158
300.0,-0.4835
305.0,-0.7050
310.0,-0.8058
315.0,-1.0273
320.0,-0.6950
325.0,-0.6648
330.0,-0.2921
335.0,-0.0906
340.0,-0.2115
345.0,-0.3223
350.0,-0.1511
355.0,-0.0403
360.0,0.1108
365.0,-0.1511
370.0,-0.0302
375.0,0.0101
380.0,-0.0403
385.0,0.0504
390.0,-0.0504
395.0,-0.0806
400.0,-0.0302
405.0,-0.1410
410.0,-0.0302
415.0,-0.2417
420.0,-0.0504
425.0,-0.1712
430.0,0.0504
435.0,-0.0403
440.0,-0.1209
445.0,-0.1511
450.0,-0.5036
455.0,-0.2014
460.0,-0.3928
465.0,-0.3928
470.0,-0.2719
475.0,-0.3525
480.0,-0.0705
485.0,-0.3626
490.0,-0.1209
495.0,-0.3122
500.0,-0.2317
505.0,-0.0906
510.0,-0.1612
515.0,0.1209
520.0,0.0504
525.0,-0.1612
530.0,-0.1511
535.0,-0.3022
540.0,-0.0201
545.0,-0.2518
550.0,0.1108
555.0,0.1007
560.0,-0.0906
565.0,-0.1612
570.0,-0.1007
575.0,-0.2014
580.0,-0.0604
585.0,-0.6849
590.0,-0.6547
595.0,-0.8964
600.0,-0.6245
605.0,-0.7655
610.0,-0.7856
615.0,-1.1583
620.0,-0.6648
625.0,-0.6245
630.0,-0.3727
635.0,-0.2417
640.0,-0.2014
645.0,0.0201
650.0,0.0000
655.0,-0.0604
660.0,0.1007
665.0,-0.2216
670.0,0.0403
675.0,-0.1309
680.0,0.0705
685.0,-0.1511
690.0,-0.1511
695.0,0.0302
700.0,-0.1511
705.0,-0.1511
710.0,0.0000
715.0,-0.2014
720.0,0.0201
725.0,-0.0101
730.0,0.1007
735.0,-0.3122
740.0,-0.0201
745.0,-0.0705
750.0,-0.1209
755.0,-0.1108
760.0,-0.2518
765.0,-0.0705
770.0,0.0000
775.0,-0.2216
780.0,-0.0302
785.0,0.0000
790.0,0.2216
795.0,-0.2719
800.0,-0.1209
805.0,-0.2619
810.0,-0.0604
815.0,0.0504
820.0,-0.0101
825.0,-0.0201
830.0,0.1007
835.0,0.0403
840.0,0.1410
845.0,-0.1007
850.0,0.1712
855.0,0.0101
860.0,0.0806
865.0,-0.0403
870.0,-0.1612
875.0,-0.3122
880.0,-0.2115
885.0,-0.7151
890.0,-0.6043
895.0,-0.6748
900.0,-0.4130
905.0,-0.8058
910.0,-0.8360
915.0,-1.1281
920.0,-0.6547
925.0,-0.5741
930.0,-0.0604
935.0,-0.2115
940.0,-0.0806
945.0,-0.0504
950.0,0.0504
955.0,-0.0201
960.0,0.0604
965.0,0.0302
970.0,0.0604
975.0,-0.0403
980.0,0.0101
985.0,-0.1813
990.0,0.1309
995.0,0.0201
1000.0,-0.0705
1005.0,-0.1309
1010.0,0.0101
1015.0,-0.1007
1020.0,-0.1209
1025.0,0.1209
1030.0,0.0403
1035.0,-0.1410
1040.0,-0.1511
1045.0,-0.4532
1050.0,-0.0806
1055.0,-0.3424
1060.0,-0.2619
1065.0,-0.2518
1070.0,-0.0403
1075.0,0.0201
1080.0,-0.0302
1085.0,-0.0101
1090.0,-0.0906
1095.0,-0.0906
1100.0,0.0302
1105.0,-0.3727
1110.0,0.1309
1115.0,-0.0906
1120.0,-0.0806
1125.0,-0.0806
1130.0,-0.0705
1135.0,0.0101
1140.0,0.0906
1145.0,-0.1511
1150.0,0.0101
1155.0,-0.1712
1160.0,0.0302
1165.0,-0.1511
1170.0,-0.0806
1175.0,-0.2719
1180.0,-0.3122
1185.0,-0.8460
1190.0,-0.5942
1195.0,-0.7050
1200.0,-0.6446
1205.0,-0.9770
1210.0,-0.7151
1215.0,-0.7755
1220.0,-0.5237
1225.0,-0.4835
1230.0,-0.1309
1235.0,-0.3122
1240.0,0.1209
1245.0,-0.3223
1250.0,-0.1108
1255.0,-0.0403
1260.0,0.0201
1265.0,-0.0504
1270.0,-0.0906
1275.0,-0.0403
1280.0,-0.0705
1285.0,-0.0201
1290.0,-0.0201
1295.0,-0.1712
1300.0,-0.0101
1305.0,-0.2115
1310.0,-0.0806
1315.0,-0.1712
1320.0,-0.1209
1325.0,-0.0101
1330.0,-0.0302
1335.0,0.0101
1340.0,-0.3223
1345.0,-0.2216
1350.0,-0.1410
1355.0,-0.4633
1360.0,-0.0604
1365.0,-0.1712
1370.0,0.0201
1375.0,-0.0101
1380.0,-0.0302
1385.0,-0.0403
1390.0,0.0504
1395.0,-0.2115
1400.0,-0.0604
1405.0,-0.0906
1410.0,0.1007
1415.0,-0.1813
1420.0,-0.0201
1425.0,-0.1410
1430.0,0.0000
1435.0,-0.0504
1440.0,0.0201
1445.0,0.0101
1450.0,0.1007
1455.0,0.1612
1460.0,-0.0302
1465.0,-0.2216
1470.0,-0.0806
1475.0,-0.4029
1480.0,-0.4835
1485.0,-0.8259
1490.0,-0.6144
1495.0,-0.6648
1500.0,-0.7252
1505.0,-1.0072
1510.0,-0.8763
1515.0,-0.7957
1520.0,-0.2518
1525.0,-0.3424
1530.0,-0.0504
1535.0,-0.2719
1540.0,0.0201
1545.0,-0.1209
1550.0,0.0705
1555.0,0.0201
1560.0,0.0806
1565.0,-0.0302
1570.0,-0.1309
1575.0,0.0806
1580.0,0.1309
1585.0,-0.1410
1590.0,-0.1209
1595.0,-0.0504
1600.0,0.0504
1605.0,-0.2014
1610.0,0.0000
1615.0,-0.0101
1620.0,-0.0403
1625.0,-0.0705
1630.0,0.0705
1635.0,-0.0806
1640.0,-0.1712
1645.0,0.0000
1650.0,-0.1612
1655.0,-0.4532
1660.0,-0.0302
1665.0,-0.0403
1670.0,0.0906
1675.0,0.0403
1680.0,0.0000
1685.0,-0.0302
1690.0,0.1712
1695.0,0.0604
1700.0,0.0504
1705.0,-0.1813
1710.0,-0.0604
1715.0,-0.1108
1720.0,0.1007
1725.0,0.0000
1730.0,0.0906
1735.0,-0.0201
1740.0,0.1108
1745.0,0.0201
1750.0,-0.0705
1755.0,0.1813
1760.0,-0.0504
1765.0,-0.3022
1770.0,-0.2216
1775.0,-0.3324
1780.0,-0.3324
1785.0,-0.7050
1790.0,-0.6547
1795.0,-0.6144
1800.0,-0.6648
1805.0,-0.9266
1810.0,-0.4935
1815.0,-0.4734
1820.0,-0.2417
1825.0,-0.2619
1830.0,-0.3122
1835.0,-0.3022
1840.0,0.0101
1845.0,0.0000
1850.0,0.1209
1855.0,-0.2317
1860.0,-0.0302
1865.0,-0.2518
1870.0,-0.1511
1875.0,-0.0906
1880.0,-0.1209
1885.0,-0.0101
1890.0,-0.0403
1895.0,-0.0906
1900.0,-0.0101
1905.0,-0.0101
1910.0,0.2417
1915.0,-0.2619
1920.0,-0.0906
1925.0,-0.2216
1930.0,-0.2719
1935.0,-0.3928
1940.0,-0.5842
1945.0,-0.2619
1950.0,-0.4432
1955.0,-0.4029
1960.0,-0.2518
1965.0,-0.3022
1970.0,0.0302
1975.0,-0.1108
1980.0,0.1410
1985.0,0.1108
1990.0,-0.2317
1995.0,-0.2619
2000.0,-0.1813
2005.0,-0.1209
2010.0,-0.1712
2015.0,-0.1511
2020.0,-0.0504
2025.0,0.0000
2030.0,0.1712
2035.0,-0.0604
2040.0,0.1511
2045.0,-0.1108
2050.0,0.0705
2055.0,-0.2417
2060.0,-0.2115
2065.0,-0.0806
2070.0,-0.0403
2075.0,-0.4532
2080.0,-0.5540
2085.0,-0.6547
2090.0,-0.4130
2095.0,-0.6748
2100.0,-0.6547
2105.0,-0.8460
2110.0,-0.4432
2115.0,-0.3525
2120.0,-0.2820
2125.0,-0.2417
2130.0,0.0000
2135.0,-0.0806
2140.0,-0.1511
2145.0,-0.2115
2150.0,-0.0604
2155.0,0.1914
2160.0,0.2216
2165.0,0.0101
2170.0,0.2619
2175.0,0.1612
2180.0,-0.0604
2185.0,-0.1007
2190.0,-0.0302
2195.0,0.0101
2200.0,0.0101
2205.0,0.2014
2210.0,0.0604
2215.0,0.0201
2220.0,0.1007
2225.0,-0.1410
2230.0,0.0806
2235.0,-0.3122
2240.0,-0.2619
2245.0,-0.1914
2250.0,-0.1209
2255.0,0.0201
2260.0,-0.0302
2265.0,-0.0201
2270.0,0.2014
2275.0,0.0000
2280.0,0.1108
2285.0,-0.2216
2290.0,0.0705
2295.0,-0.1511
2300.0,-0.1007
2305.0,-0.1209
2310.0,0.1914
2315.0,0.0806
2320.0,0.0403
2325.0,0.0504
2330.0,0.0806
2335.0,-0.0806
2340.0,0.1007
2345.0,0.0101
2350.0,0.0302
2355.0,-0.1914
2360.0,-0.1309
2365.0,-0.3223
2370.0,-0.2619
2375.0,-0.8460
2380.0,-0.6748
2385.0,-0.6547
2390.0,-0.5741
2395.0,-0.9367
2400.0,-0.9065
2405.0,-1.1482
2410.0,-0.5741
2415.0,-0.5640
2420.0,-0.1914
2425.0,-0.2417
2430.0,-0.2417
2435.0,-0.2014
2440.0,-0.0705
2445.0,-0.0201
2450.0,0.0705
2455.0,-0.1813
2460.0,-0.0201
2465.0,-0.1209
2470.0,0.0806
2475.0,-0.2115
2480.0,-0.0806
2485.0,-0.1813
2490.0,-0.1712
2495.0,-0.1410
2500.0,-0.1410
2505.0,-0.0906
2510.0,0.0806
2515.0,-0.1007
2520.0,0.0604
2525.0,-0.1712
2530.0,-0.1813
2535.0,-0.4532
2540.0,-0.0201
2545.0,-0.2719
2550.0,-0.0906
2555.0,0.0504
2560.0,0.1612
2565.0,0.2518
2570.0,-0.0101
2575.0,0.0302
2580.0,0.0101
2585.0,0.0201
2590.0,0.0604
2595.0,-0.2820
2600.0,0.0101
2605.0,-0.1410
2610.0,0.1108
2615.0,0.0201
2620.0,0.1309
2625.0,-0.0705
2630.0,-0.2115
2635.0,-0.0906
2640.0,-0.1007
2645.0,-0.2417
2650.0,0.0705
2655.0,0.0101
2660.0,0.0403
2665.0,-0.1209
2670.0,-0.2619
2675.0,-0.8561
2680.0,-0.6446
2685.0,-0.7755
2690.0,-0.7453
2695.0,-1.0878
2700.0,-0.7755
2705.0,-0.9669
2710.0,-0.4835
2715.0,-0.5338
2720.0,-0.1309
2725.0,-0.4432
2730.0,-0.1410
2735.0,-0.2518
2740.0,0.0403
2745.0,-0.0101
2750.0,0.0201
2755.0,0.1209
2760.0,0.0806
2765.0,-0.0403
2770.0,-0.0302
2775.0,-0.0201
2780.0,0.2518
2785.0,-0.1108
2790.0,0.1007
2795.0,-0.2014
2800.0,-0.0705
2805.0,0.0906
2810.0,0.1209
2815.0,0.1612
2820.0,0.0403
2825.0,0.0101
2830.0,-0.1007
2835.0,-0.2719
2840.0,-0.0604
2845.0,-0.4331
2850.0,0.0403
2855.0,-0.1007
2860.0,-0.2317
2865.0,-0.1410
2870.0,0.0000
2875.0,0.1712
2880.0,0.1007
2885.0,-0.0201
2890.0,-0.0101
2895.0,-0.0302
2900.0,0.0705
2905.0,-0.1209
2910.0,0.0806
2915.0,-0.0906
2920.0,0.1209
2925.0,-0.0201
2930.0,0.1309
2935.0,0.1813
2940.0,0.0403
2945.0,-0.1007
2950.0,-0.2014
2955.0,-0.3727
2960.0,0.1007
2965.0,-0.1813
2970.0,-0.3424
2975.0,-0.6849
2980.0,-0.4633
2985.0,-0.7151
2990.0,-0.6849
2995.0,-1.0777
3000.0,-0.9065
3005.0,-0.5842
3010.0,-0.1209
3015.0,-0.2518
3020.0,-0.3727
3025.0,-0.4532
3030.0,-0.0403
3035.0,-0.0906
3040.0,0.0302
3045.0,-0.1612
3050.0,-0.0201
3055.0,0.0101
3060.0,-0.2014
3065.0,-0.0101
3070.0,0.0604
3075.0,-0.2216
3080.0,-0.2417
3085.0,-0.3122
3090.0,0.0705
3095.0,-0.2719
3100.0,-0.0705
3105.0,-0.1007
3110.0,-0.1813
3115.0,-0.0201
3120.0,-0.2216
3125.0,-0.0201
3130.0,-0.1410
3135.0,-0.2216
3140.0,-0.5338
3145.0,-0.5741
3150.0,-0.1712
3155.0,-0.3525
3160.0,0.0806
3165.0,-0.1612
3170.0,-0.2518
3175.0,-0.2216
3180.0,-0.2820
3185.0,0.0201
3190.0,-0.1612
3195.0,-0.0906
3200.0,0.0101
3205.0,-0.3525
3210.0,-0.0302
3215.0,-0.3626
3220.0,-0.1108
3225.0,-0.2417
3230.0,0.0000
3235.0,0.0705
3240.0,-0.0403
3245.0,-0.0705
3250.0,-0.0504
3255.0,-0.2317
3260.0,-0.3022
3265.0,-0.4935
3270.0,-0.5036
3275.0,-0.7252
3280.0,-0.6245
3285.0,-0.8360
3290.0,-0.7252
3295.0,-0.9165
3300.0,-0.5439
3305.0,-0.5237
3310.0,-0.5237
3315.0,-0.2014
3320.0,-0.1712
3325.0,-0.1813
3330.0,-0.0403
3335.0,-0.1612
3340.0,0.0101
3345.0,-0.1309
3350.0,-0.0806
3355.0,-0.3324
3360.0,-0.2014
3365.0,-0.0302
3370.0,-0.0604
3375.0,0.0000
3380.0,-0.0302
3385.0,-0.0201
3390.0,-0.2317
3395.0,-0.3626
3400.0,-0.0906
3405.0,-0.0604
3410.0,0.0101
3415.0,-0.1209
3420.0,-0.0403
3425.0,-0.3022
3430.0,-0.5137
3435.0,-0.0604
3440.0,-0.2518
3445.0,-0.1612
3450.0,-0.0201
3455.0,-0.3626
3460.0,-0.0906
3465.0,-0.1410
3470.0,0.0806
3475.0,-0.1209
3480.0,-0.0806
3485.0,-0.2115
3490.0,-0.1007
3495.0,0.0705
3500.0,-0.1612
3505.0,-0.1813
3510.0,-0.0705
3515.0,-0.1511
3520.0,0.1410
3525.0,-0.3525
3530.0,-0.1007
3535.0,-0.3022
3540.0,-0.2115
3545.0,0.0302
3550.0,0.0604
3555.0,-0.2619
3560.0,-0.3022
3565.0,-0.4230
3570.0,-0.3928
3575.0,-0.7252
3580.0,-0.5237
3585.0,-0.5640
3590.0,-0.7957
3595.0,-0.9568
3600.0,-0.4633
3605.0,-0.4230
3610.0,-0.2820
3615.0,-0.2216
3620.0,-0.0906
3625.0,-0.1209
3630.0,-0.1813
3635.0,0.0604
3640.0,0.0403
3645.0,-0.1813
3650.0,-0.0504
3655.0,-0.2317
3660.0,0.1309
3665.0,0.0000
3670.0,-0.1712
3675.0,-0.2014
3680.0,-0.1712
3685.0,-0.1511
3690.0,-0.1108
3695.0,0.1209
3700.0,-0.0302
3705.0,-0.1209
3710.0,0.1914
3715.0,0.0504
3720.0,0.1612
3725.0,-0.1410
3730.0,-0.3424
3735.0,-0.3626
3740.0,-0.1712
3745.0,-0.2317
3750.0,-0.2115
3755.0,0.1108
3760.0,-0.0101
3765.0,-0.2921
3770.0,-0.0302
3775.0,-0.2719
3780.0,0.0302
3785.0,-0.0504
3790.0,-0.2417
3795.0,-0.2317
3800.0,-0.1108
3805.0,0.1108
3810.0,-0.0604
3815.0,-0.0604
3820.0,-0.1007
3825.0,-0.2518
3830.0,0.0201
3835.0,-0.1712
3840.0,0.0604
3845.0,-0.1914
3850.0,-0.0604
3855.0,-0.4633
3860.0,-0.4532
3865.0,-0.8460
3870.0,-0.5237
3875.0,-0.6547
3880.0,-0.5640
3885.0,-0.8360
3890.0,-0.8662
3895.0,-1.0878
3900.0,-0.5439
3905.0,-0.5036
3910.0,-0.1612
3915.0,-0.2820
3920.0,-0.2014
3925.0,-0.2518
3930.0,-0.2216
3935.0,0.0806
3940.0,-0.0604
3945.0,-0.0806
3950.0,-0.0504
3955.0,-0.2518
3960.0,0.0403
3965.0,-0.2115
3970.0,0.0705
3975.0,-0.1612
3980.0,-0.0806
3985.0,-0.3525
3990.0,-0.2619
3995.0,-0.0705
4000.0,0.0403
4005.0,-0.1209
4010.0,0.0000
4015.0,-0.1914
4020.0,-0.1712
4025.0,-0.4633
4030.0,-0.0504
4035.0,-0.3525
4040.0,-0.2317
4045.0,-0.1007
4050.0,0.0604
4055.0,-0.0906
4060.0,-0.1914
4065.0,-0.0705
4070.0,0.0201
4075.0,-0.0906
4080.0,0.0604
4085.0,-0.3928
4090.0,0.1209
4095.0,-0.2317
4100.0,-0.1410
4105.0,-0.1209
4110.0,-0.0101
4115.0,-0.0806
4120.0,-0.1914
4125.0,-0.2417
4130.0,-0.1007
4135.0,-0.2115
4140.0,0.0604
4145.0,-0.1209
4150.0,-0.1209
4155.0,-0.3324
4160.0,-0.5036
4165.0,-0.8561
4170.0,-0.6446
4175.0,-0.6144
4180.0,-0.7655
4185.0,-1.1885
4190.0,-0.8561
4195.0,-0.9770
4200.0,-0.4935
4205.0,-0.4935
4210.0,-0.1914
4215.0,-0.4935
4220.0,0.0302
4225.0,-0.2216
4230.0,-0.1108
4235.0,-0.0201
4240.0,-0.0504
4245.0,-0.1410
4250.0,-0.1612
4255.0,0.0705
4260.0,-0.0604
4265.0,-0.1209
4270.0,0.0302
4275.0,-0.3626
4280.0,0.1007
4285.0,-0.1914
4290.0,-0.0906
4295.0,-0.0201
4300.0,0.0705
4305.0,-0.1209
4310.0,-0.2014
4315.0,-0.2619
4320.0,-0.1914
4325.0,-0.3324
4330.0,-0.0302
4335.0,-0.5137
4340.0,-0.1712
4345.0,-0.1007
4350.0,-0.0302
4355.0,-0.0604
4360.0,0.0201
4365.0,0.0806
4370.0,-0.1914
4375.0,-0.2216
4380.0,-0.0101
4385.0,-0.2518
4390.0,0.1511
4395.0,-0.3022
4400.0,-0.0906
4405.0,-0.0101
4410.0,-0.1007
4415.0,-0.0806
4420.0,0.1309
4425.0,-0.0604
4430.0,-0.1309
4435.0,-0.1511
4440.0,-0.1007
4445.0,-0.3223
4450.0,0.0101
4455.0,-0.5036
4460.0,-0.6547
4465.0,-0.7755
4470.0,-0.7050
4475.0,-0.6547
4480.0,-0.6648
4485.0,-1.1281
4490.0,-0.8460
4495.0,-0.7353
4500.0,-0.3827
4505.0,-0.3122
4510.0,-0.0705
4515.0,-0.3827
4520.0,0.0302
4525.0,-0.3022
4530.0,0.0504
4535.0,-0.0302
4540.0,-0.1209
4545.0,-0.1309
4550.0,-0.0604
4555.0,-0.0504
4560.0,-0.0604
4565.0,0.0000
4570.0,-0.1612
4575.0,-0.3223
4580.0,-0.0705
4585.0,-0.2820
4590.0,0.0705
4595.0,-0.1914
4600.0,-0.1914
4605.0,0.0906
4610.0,-0.1108
4615.0,-0.0302
4620.0,-0.1511
4625.0,-0.2820
4630.0,-0.4532
4635.0,-0.3827
4640.0,-0.0101
4645.0,-0.2115
4650.0,-0.0403
4655.0,-0.1712
4660.0,-0.0201
4665.0,0.0000
4670.0,-0.0504
4675.0,0.1309
4680.0,-0.1712
4685.0,-0.1209
4690.0,0.0302
4695.0,-0.2115
4700.0,0.1007
4705.0,-0.1914
4710.0,-0.0604
4715.0,-0.2820
4720.0,0.0403
4725.0,-0.1007
4730.0,-0.0504
4735.0,0.0806
4740.0,-0.1410
4745.0,-0.1813
4750.0,-0.1108
4755.0,-0.5338
4760.0,-0.4130
4765.0,-0.9669
4770.0,-0.7050
4775.0,-0.7856
4780.0,-0.9266
4785.0,-1.1482
4790.0,-0.7151
4795.0,-0.8460
4800.0,-0.3727
4805.0,-0.2115
4810.0,-0.2216
4815.0,-0.1511
4820.0,-0.1007
4825.0,-0.3022
4830.0,0.0302
4835.0,-0.2216
4840.0,0.0000
4845.0,-0.0201
4850.0,-0.1309
4855.0,-0.1612
4860.0,-0.0403
4865.0,-0.0806
4870.0,-0.0906
4875.0,-0.1209
4880.0,-0.1914
4885.0,-0.1511
4890.0,0.0604
4895.0,-0.2216
4900.0,0.0906
4905.0,-0.1612
4910.0,-0.2417
4915.0,-0.2820
4920.0,-0.4432
4925.0,-0.2719
4930.0,-0.4230
4935.0,-0.1511
4940.0,-0.2115
4945.0,-0.2317
4950.0,0.0504
4955.0,-0.1813
4960.0,0.0705
4965.0,0.1108
4970.0,-0.2216
4975.0,-0.2619
4980.0,-0.0906
4985.0,-0.0504
4990.0,-0.0806
4995.0,0.0302
5000.0,-0.0806
5005.0,-0.3022
5010.0,0.1007
5015.0,-0.1914
5020.0,0.0504
5025.0,0.0302
5030.0,-0.1813
5035.0,-0.2317
5040.0,-0.0101
5045.0,-0.1309
5050.0,-0.1914
5055.0,-0.5439
5060.0,-0.7151
5065.0,-0.8259
5070.0,-0.6648
5075.0,-0.8058
5080.0,-0.8662
5085.0,-1.1784
5090.0,-0.7655
5095.0,-0.6144
5100.0,-0.2921
5105.0,-0.1914
5110.0,-0.2719
5115.0,-0.1712
5120.0,-0.0604
5125.0,-0.1108
5130.0,0.0000
5135.0,0.0906
5140.0,0.0201
5145.0,-0.2719
5150.0,0.0604
5155.0,-0.1914
5160.0,-0.0403
5165.0,0.1209
5170.0,-0.2820
5175.0,-0.1309
5180.0,-0.0705
5185.0,-0.1511
5190.0,-0.0604
5195.0,-0.0302
5200.0,0.0101
5205.0,-0.3223
5210.0,0.0201
5215.0,-0.3928
5220.0,-0.2820
5225.0,-0.2115
5230.0,-0.3626
5235.0,-0.2417
5240.0,-0.0101
5245.0,-0.1209
5250.0,-0.0906
5255.0,-0.1209
5260.0,0.0201
5265.0,-0.3122
5270.0,0.0000
5275.0,-0.2619
5280.0,-0.1209
5285.0,0.0302
5290.0,-0.0906
5295.0,-0.1108
5300.0,-0.0604
5305.0,-0.0504
5310.0,-0.0201
5315.0,-0.0201
5320.0,0.0302
5325.0,-0.3022
5330.0,0.1108
5335.0,-0.1712
5340.0,-0.1712
5345.0,-0.1612
5350.0,-0.4734
5355.0,-0.8662
5360.0,-0.6144
5365.0,-0.6648
5370.0,-0.5540
5375.0,-1.0576
5380.0,-0.9165
5385.0,-0.8662
5390.0,-0.5338
5395.0,-0.4935
5400.0,-0.0101
5405.0,-0.4432
5410.0,-0.2719
5415.0,-0.1612
5420.0,-0.0604
5425.0,0.0101
5430.0,0.1410
5435.0,-0.1612
5440.0,0.0504
5445.0,-0.1309
5450.0,0.0403
5455.0,-0.1309
5460.0,0.0403
5465.0,-0.3022
5470.0,-0.1813
5475.0,-0.1813
5480.0,-0.0906
5485.0,0.0504
5490.0,-0.0403
5495.0,-0.2115
5500.0,-0.0403
5505.0,-0.0806
5510.0,-0.0906
5515.0,-0.4935
5520.0,-0.0201
5525.0,-0.4230
5530.0,-0.2820
5535.0,-0.2014
5540.0,-0.0906
5545.0,0.0302
5550.0,0.0906
5555.0,-0.1712
5560.0,-0.1309
5565.0,-0.1309
5570.0,0.0806
5575.0,-0.3223
5580.0,0.1007
5585.0,-0.1612
5590.0,-0.1813
5595.0,-0.0604
5600.0,0.0000
5605.0,0.0000
5610.0,0.0806
5615.0,-0.1914
5620.0,-0.1511
5625.0,-0.2317
5630.0,0.0604
5635.0,-0.1914
5640.0,-0.0101
5645.0,-0.3223
5650.0,-0.5640
5655.0,-0.8058
5660.0,-0.6245
5665.0,-0.6345
5670.0,-0.4835
5675.0,-1.2389
5680.0,-0.8763
5685.0,-0.9266
5690.0,-0.4532
5695.0,-0.4432
5700.0,0.0201
5705.0,-0.4734
5710.0,-0.1108
5715.0,-0.1007
5720.0,-0.1007
5725.0,-0.0705
5730.0,0.0101
5735.0,-0.0504
5740.0,-0.1209
5745.0,-0.1309
5750.0,-0.0101
5755.0,-0.1712
5760.0,0.1410
5765.0,-0.2518
5770.0,-0.0604
5775.0,-0.0806
5780.0,-0.0705
5785.0,-0.0101
5790.0,0.0403
5795.0,-0.0705
5800.0,-0.1712
5805.0,-0.2115
5810.0,-0.1410
5815.0,-0.2820
5820.0,0.0000
5825.0,-0.5137
5830.0,-0.1511
5835.0,-0.0806
5840.0,-0.0403
5845.0,-0.0302
5850.0,0.1007
5855.0,0.0302
5860.0,-0.1813
5865.0,-0.1309
5870.0,0.0302
5875.0,-0.2014
5880.0,0.3122
5885.0,-0.3022
5890.0,-0.0302
5895.0,-0.1511
5900.0,-0.0705
5905.0,-0.0403
5910.0,0.1410
5915.0,-0.0201
5920.0,0.0403
5925.0,-0.0806
5930.0,0.1511
5935.0,-0.0504
5940.0,0.1007
5945.0,-0.4734
5950.0,-0.5439
5955.0,-0.8561
5960.0,-0.6345
5965.0,-0.6345
5970.0,-0.6748
5975.0,-1.1180
5980.0,-0.7856
5985.0,-0.7957
5990.0,-0.3525
5995.0,-0.3324
6000.0,-0.1410
6005.0,-0.3626
6010.0,-0.0906
6015.0,-0.2115
6020.0,0.0604
6025.0,-0.0906
6030.0,0.0504
6035.0,-0.1410
6040.0,-0.0906
6045.0,-0.0504
6050.0,-0.0504
6055.0,-0.0906
6060.0,0.1007
6065.0,-0.3525
6070.0,-0.0806
6075.0,-0.3022
6080.0,0.0403
6085.0,-0.1309
6090.0,-0.0504
6095.0,-0.0806
6100.0,-0.2216
6105.0,-0.0604
6110.0,-0.3525
6115.0,-0.2014
6120.0,-0.3525
6125.0,-0.2921
6130.0,-0.1511
6135.0,-0.3324
6140.0,0.1209
6145.0,-0.0504
6150.0,-0.0403
6155.0,-0.0604
6160.0,-0.1108
6165.0,0.0705
6170.0,-0.1309
6175.0,-0.0604
6180.0,0.0705
6185.0,-0.2417
6190.0,0.0302
6195.0,-0.0806
6200.0,0.1209
6205.0,-0.0705
6210.0,0.1410
6215.0,-0.1813
6220.0,0.0000
6225.0,-0.1108
6230.0,-0.1410
6235.0,-0.2014
6240.0,-0.1813
6245.0,-0.6547
6250.0,-0.5540
6255.0,-0.9065
6260.0,-0.6144
6265.0,-0.7252
6270.0,-0.9568
6275.0,-1.2086
6280.0,-0.5640
6285.0,-0.7554
6290.0,-0.3928
6295.0,-0.1712
6300.0,-0.2216
6305.0,-0.3122
6310.0,-0.0806
6315.0,-0.1410
6320.0,0.0504
6325.0,-0.1612
6330.0,0.1712
6335.0,-0.1712
6340.0,-0.2317
6345.0,0.0302
6350.0,-0.0604
6355.0,0.0201
6360.0,-0.0101
6365.0,-0.1309
6370.0,-0.1209
6375.0,-0.1612
6380.0,0.0705
6385.0,-0.2014
6390.0,-0.1007
6395.0,-0.2518
6400.0,-0.0504
6405.0,-0.2719
6410.0,-0.4230
6415.0,-0.0705
6420.0,-0.4432
6425.0,-0.2719
6430.0,-0.1410
6435.0,-0.1511
6440.0,0.1108
6445.0,-0.0504
6450.0,-0.0604
6455.0,-0.2619
6460.0,-0.1209
6465.0,-0.0705
6470.0,-0.0604
6475.0,0.0604
6480.0,-0.0906
6485.0,-0.1914
6490.0,0.0000
6495.0,-0.2014
6500.0,0.1612
6505.0,0.0000
6510.0,0.0302
6515.0,-0.0806
6520.0,-0.2014
6525.0,-0.2115
6530.0,-0.0504
6535.0,-0.0705
6540.0,-0.2518
6545.0,-0.6547
6550.0,-0.5640
6555.0,-0.7050
6560.0,-0.5741
6565.0,-0.9468
6570.0,-0.9266
6575.0,-1.1079
6580.0,-0.6245
6585.0,-0.4532
6590.0,-0.4029
6595.0,-0.2719
6600.0,-0.1309
6605.0,-0.0806
6610.0,0.0403
6615.0,-0.1511
6620.0,-0.1813
6625.0,-0.0302
6630.0,0.0504
6635.0,-0.1813
6640.0,0.0906
6645.0,-0.2216
6650.0,-0.1712
6655.0,0.0705
6660.0,-0.1813
6665.0,0.0201
6670.0,-0.1209
6675.0,-0.2014
6680.0,-0.0403
6685.0,-0.1712
6690.0,0.0000
6695.0,-0.1309
6700.0,-0.0403
6705.0,-0.3727
6710.0,-0.2619
6715.0,-0.2317
6720.0,-0.3727
6725.0,0.0201
6730.0,-0.1007
6735.0,0.1309
6740.0,0.1007
6745.0,0.0604
6750.0,-0.0302
6755.0,-0.3022
6760.0,-0.0403
6765.0,-0.1914
6770.0,-0.0705
6775.0,-0.0101
6780.0,-0.1108
6785.0,-0.0403
6790.0,-0.0504
6795.0,-0.1410
6800.0,-0.0604
6805.0,-0.1209
6810.0,0.0302
6815.0,-0.2921
6820.0,0.0906
6825.0,-0.2317
6830.0,-0.2216
6835.0,-0.3122
6840.0,-0.3626
6845.0,-0.8964
6850.0,-0.6748
6855.0,-0.5439
6860.0,-0.6446
6865.0,-0.9165
6870.0,-0.9266
6875.0,-1.0878
6880.0,-0.5439
6885.0,-0.5439
6890.0,-0.1511
6895.0,-0.2014
6900.0,-0.2115
6905.0,-0.2014
6910.0,-0.1209
6915.0,-0.0604
6920.0,-0.0504
6925.0,0.0302
6930.0,-0.0906
6935.0,-0.0504
6940.0,0.0504
6945.0,-0.2619
6950.0,0.1209
6955.0,-0.2216
6960.0,-0.3223
6965.0,-0.2417
6970.0,-0.1309
6975.0,0.0302
6980.0,-0.0806
6985.0,-0.2014
6990.0,0.1108
6995.0,-0.0604
7000.0,0.0403
7005.0,-0.3827
7010.0,-0.2317
7015.0,-0.3223
7020.0,-0.2820
7025.0,-0.2317
7030.0,0.0000
7035.0,-0.0604
7040.0,-0.1410
7045.0,-0.0403
7050.0,-0.1108
7055.0,-0.2216
7060.0,0.0906
7065.0,-0.4130
7070.0,0.0101
7075.0,-0.0504
7080.0,-0.0604
7085.0,-0.0302
7090.0,0.0705
7095.0,-0.1007
7100.0,-0.2014
7105.0,-0.1309
7110.0,0.0302
7115.0,-0.1813
7120.0,0.1410
7125.0,-0.2921
7130.0,-0.1813
7135.0,-0.2317
7140.0,-0.4835
7145.0,-0.8763
7150.0,-0.5741
7155.0,-0.7353
7160.0,-0.6245
7165.0,-0.9669
7170.0,-0.6950
7175.0,-0.7151
7180.0,-0.5640
7185.0,-0.5942
7190.0,-0.0604
7195.0,-0.4331
7200.0,-0.0302
7205.0,-0.1007
7210.0,-0.1309
7215.0,-0.1511
7220.0,-0.0201
7225.0,0.0000
7230.0,-0.0403
7235.0,0.0705
7240.0,-0.1309
7245.0,-0.2619
7250.0,0.1712
7255.0,-0.1612
7260.0,0.0403
7265.0,-0.2115
7270.0,0.0302
7275.0,-0.1108
7280.0,-0.2115
7285.0,0.0604
7290.0,-0.0101
7295.0,-0.1813
7300.0,-0.1209
7305.0,-0.3928
7310.0,-0.2014
7315.0,-0.4633
7320.0,-0.0906
7325.0,-0.2317
7330.0,-0.0302
7335.0,-0.1007
7340.0,-0.1309
7345.0,0.0604
7350.0,-0.0906
7355.0,-0.1612
7360.0,0.1511
7365.0,-0.2921
7370.0,0.1209
7375.0,-0.1914
7380.0,0.0705
7385.0,-0.0302
7390.0,-0.1007
7395.0,-0.0403
7400.0,0.0906
7405.0,0.0201
7410.0,0.0201
7415.0,0.0201
7420.0,0.0403
7425.0,-0.3324
7430.0,-0.2216
7435.0,-0.4835
7440.0,-0.5640
7445.0,-0.8460
7450.0,-0.6043
7455.0,-0.5540
7460.0,-0.7554
7465.0,-0.9568
7470.0,-0.7957
7475.0,-0.7252
7480.0,-0.3223
7485.0,-0.4230
7490.0,-0.3424
7495.0,-0.3727
7500.0,0.0403
7505.0,-0.2719
7510.0,0.0806
7515.0,-0.1612
7520.0,-0.1914
7525.0,0.0806
7530.0,-0.0906
7535.0,-0.0201
7540.0,0.0504
7545.0,-0.0504
7550.0,-0.2115
7555.0,-0.2115
7560.0,0.0201
7565.0,-0.3424
7570.0,0.1309
7575.0,-0.2014
7580.0,0.1410
7585.0,0.1007
7590.0,0.0604
7595.0,0.0000
7600.0,-0.4029
7605.0,-0.1914
7610.0,-0.4029
7615.0,-0.4532
7620.0,-0.0302
7625.0,-0.2518
7630.0,-0.0403
7635.0,-0.1309
7640.0,-0.0906
7645.0,-0.0302
7650.0,0.0000
7655.0,-0.0504
7660.0,-0.2719
7665.0,0.0201
7670.0,0.0201
7675.0,-0.1511
7680.0,0.1612
7685.0,-0.3122
7690.0,0.0101
7695.0,-0.1007
7700.0,-0.0906
7705.0,-0.0302
7710.0,0.1209
7715.0,-0.1007
7720.0,-0.1410
7725.0,-0.2115
7730.0,-0.1914
7735.0,-0.4734
7740.0,-0.3424
7745.0,-0.9367
7750.0,-0.5741
7755.0,-0.7252
7760.0,-0.8259
7765.0,-0.9770
7770.0,-0.6547
7775.0,-0.6144
7780.0,-0.4230
7785.0,-0.2216
7790.0,-0.2014
7795.0,-0.2719
7800.0,-0.2014
7805.0,-0.1612
7810.0,0.0201
7815.0,-0.2216
7820.0,0.1309
7825.0,-0.2216
7830.0,-0.2216
7835.0,-0.0705
7840.0,-0.0604
7845.0,0.0101
7850.0,0.0302
7855.0,-0.2014
7860.0,-0.1914
7865.0,-0.0806
7870.0,0.0806
7875.0,-0.1511
7880.0,0.0906
7885.0,-0.1007
7890.0,-0.1612
7895.0,-0.0504
7900.0,-0.2820
7905.0,-0.0201
7910.0,-0.3626
7915.0,-0.2921
7920.0,-0.0504
7925.0,-0.2417
7930.0,0.0403
7935.0,-0.1108
7940.0,-0.1007
7945.0,-0.1914
7950.0,0.0000
7955.0,-0.1612
7960.0,-0.0705
7965.0,0.0302
7970.0,-0.1511
7975.0,-0.1612
7980.0,-0.0302
7985.0,-0.1914
7990.0,0.0906
7995.0,-0.0201
8000.0,0.0000
8005.0,-0.3122
8010.0,-0.1108
8015.0,-0.1209
8020.0,-0.0806
8025.0,-0.1309
8030.0,-0.2417
8035.0,-0.7151
8040.0,-0.6144
8045.0,-0.7050
8050.0,-0.4835
8055.0,-0.6043
8060.0,-0.8259
8065.0,-1.0777
8070.0,-0.5640
8075.0,-0.4835
8080.0,-0.1612
8085.0,-0.3223
8090.0,-0.3022
8095.0,-0.0504
8100.0,-0.0906
8105.0,-0.1410
8110.0,0.0302
8115.0,-0.1309
8120.0,0.1108
8125.0,-0.2115
8130.0,0.0201
8135.0,-0.1209
8140.0,0.0000
8145.0,-0.1410
8150.0,-0.2014
8155.0,-0.0403
8160.0,-0.0504
8165.0,0.0000
8170.0,-0.0705
8175.0,-0.2216
8180.0,0.1309
8185.0,-0.1813
8190.0,0.1007
8195.0,-0.3223
8200.0,-0.1813
8205.0,-0.0403
8210.0,-0.0906
8215.0,0.0000
8220.0,-0.2417
8225.0,0.0201
8230.0,-0.0101
8235.0,-0.1209
8240.0,0.0504
8245.0,-0.1712
8250.0,-0.2317
8255.0,-0.3424
8260.0,-0.1612
8265.0,-0.0906
8270.0,-0.0806
8275.0,-0.1410
8280.0,-0.2014
8285.0,-0.0302
8290.0,-0.0101
8295.0,-0.2014
8300.0,0.0705
8305.0,0.0906
8310.0,0.1712
8315.0,-0.0201
8320.0,-0.2619
8325.0,-0.3727
8330.0,-0.4029
8335.0,-0.7655
8340.0,-0.6748
8345.0,-0.6950
8350.0,-0.6043
8355.0,-0.8460
8360.0,-0.6245
8365.0,-1.0072
8370.0,-0.5338
8375.0,-0.5640
8380.0,-0.1511
8385.0,-0.2719
8390.0,0.0604
8395.0,-0.2317
8400.0,-0.0403
8405.0,0.1007
8410.0,0.0504
8415.0,0.0906
8420.0,-0.0906
8425.0,-0.2518
8430.0,-0.0504
8435.0,-0.2115
8440.0,0.0403
8445.0,-0.0201
8450.0,-0.3022
8455.0,-0.3122
8460.0,-0.1612
8465.0,-0.0906
8470.0,-0.0504
8475.0,0.0806
8480.0,-0.1209
8485.0,-0.2216
8490.0,0.0403
8495.0,-0.4331
8500.0,-0.1309
8505.0,-0.4734
8510.0,-0.4029
8515.0,-0.0504
8520.0,-0.0604
8525.0,0.0101
8530.0,0.0302
8535.0,-0.1612
8540.0,-0.1511
8545.0,-0.2216
8550.0,0.0302
8555.0,-0.3626
8560.0,0.0302
8565.0,-0.1511
8570.0,-0.1612
8575.0,-0.0705
8580.0,0.0302
8585.0,-0.0504
8590.0,0.0302
8595.0,-0.0604
8600.0,-0.0604
8605.0,-0.1511
8610.0,0.1007
8615.0,-0.0302
8620.0,-0.1813
8625.0,-0.2014
8630.0,-0.4130
8635.0,-0.7252
8640.0,-0.4734
8645.0,-0.7554
8650.0,-0.7353
8655.0,-1.1281
8660.0,-0.8964
8665.0,-1.0173
8670.0,-0.4935
8675.0,-0.4130
8680.0,-0.1813
8685.0,-0.3928
8690.0,0.0604
8695.0,-0.2216
8700.0,-0.0101
8705.0,-0.0806
8710.0,-0.1108
8715.0,-0.0906
8720.0,0.0604
8725.0,0.0604
8730.0,-0.1007
8735.0,-0.2921
8740.0,0.0705
8745.0,-0.2216
8750.0,0.0504
8755.0,-0.1309
8760.0,-0.1511
8765.0,0.1309
8770.0,-0.1209
8775.0,0.0201
8780.0,-0.0201
8785.0,-0.2619
8790.0,-0.4029
8795.0,-0.3324
8800.0,-0.1511
8805.0,-0.4734
8810.0,0.0705
8815.0,-0.2719
8820.0,-0.2014
8825.0,-0.0504
8830.0,-0.0504
8835.0,-0.0101
8840.0,0.0906
8845.0,-0.2115
8850.0,-0.1712
8855.0,-0.2518
8860.0,0.1712
8865.0,-0.0403
8870.0,0.2216
8875.0,-0.1914
8880.0,-0.0101
8885.0,0.0302
8890.0,0.0101
8895.0,0.0604
8900.0,-0.1007
8905.0,0.0302
8910.0,0.0101
8915.0,-0.2216
8920.0,0.0101
8925.0,-0.5036
8930.0,-0.6748
8935.0,-0.8561
8940.0,-0.6648
8945.0,-0.6748
8950.0,-0.7554
8955.0,-1.0878
8960.0,-0.8561
8965.0,-0.7453
8970.0,-0.3827
8975.0,-0.3626
8980.0,0.1410
8985.0,-0.2820
8990.0,0.1209
8995.0,-0.0906
9000.0,0.0403
9005.0,-0.1612
9010.0,-0.0201
9015.0,0.1511
9020.0,-0.1712
9025.0,0.0201
9030.0,0.0403
9035.0,-0.0906
9040.0,0.0201
9045.0,-0.2518
9050.0,-0.1209
9055.0,-0.2820
9060.0,-0.0201
9065.0,-0.0806
9070.0,-0.0403
9075.0,-0.0705
9080.0,-0.1813
9085.0,0.0201
9090.0,-0.2115
9095.0,-0.1309
9100.0,-0.2518
9105.0,-0.4532
9110.0,-0.1108
9115.0,-0.3122
9120.0,0.0806
9125.0,-0.0302
9130.0,0.0806
9135.0,-0.1007
9140.0,-0.1612
9145.0,0.0504
9150.0,-0.1712
9155.0,-0.1410
9160.0,0.0201
9165.0,-0.2317
9170.0,0.0000
9175.0,-0.2820
9180.0,0.0101
9185.0,-0.0504
9190.0,0.0906
9195.0,-0.1914
9200.0,-0.1007
9205.0,0.0101
9210.0,-0.1511
9215.0,-0.2417
9220.0,-0.1511
9225.0,-0.6648
9230.0,-0.6345
9235.0,-0.7353
9240.0,-0.5640
9245.0,-0.7252
9250.0,-0.7856
9255.0,-1.0173
9260.0,-0.5237
9265.0,-0.6547
9270.0,-0.2115
9275.0,-0.3022
9280.0,-0.3223
9285.0,-0.0906
9290.0,-0.1108
9295.0,-0.1007
9300.0,0.0504
9305.0,-0.2317
9310.0,-0.0101
9315.0,-0.1209
9320.0,-0.0403
9325.0,-0.0906
9330.0,-0.1813
9335.0,0.0504
9340.0,-0.0302
9345.0,-0.2014
9350.0,-0.0504
9355.0,-0.2014
9360.0,-0.0201
9365.0,-0.2317
9370.0,0.1813
9375.0,0.0806
9380.0,0.0000
9385.0,-0.3223
9390.0,-0.4230
9395.0,-0.0705
9400.0,-0.4633
9405.0,-0.4130
9410.0,-0.0504
9415.0,0.0504
9420.0,0.2518
9425.0,-0.1712
9430.0,-0.0705
9435.0,-0.1309
9440.0,-0.1612
9445.0,-0.2115
9450.0,0.0504
9455.0,-0.1209
9460.0,-0.1914
9465.0,0.0302
9470.0,-0.0504
9475.0,-0.2216
9480.0,0.0705
9485.0,-0.1712
9490.0,-0.0504
9495.0,-0.2014
9500.0,-0.0201
9505.0,0.0201
9510.0,0.2115
9515.0,0.0000
9520.0,-0.1209
9525.0,-0.6748
9530.0,-0.6043
9535.0,-0.7554
9540.0,-0.6748
9545.0,-0.9165
9550.0,-0.8158
9555.0,-1.0978
9560.0,-0.6950
9565.0,-0.5237
9570.0,-0.4029
9575.0,-0.3827
9580.0,-0.2518
9585.0,-0.0806
9590.0,-0.0705
9595.0,-0.0403
9600.0,-0.0201
9605.0,-0.2115
9610.0,0.1813
9615.0,-0.2014
9620.0,0.0906
9625.0,0.0705
9630.0,-0.1410
9635.0,-0.1309
9640.0,-0.2317
9645.0,-0.0806
9650.0,-0.0302
9655.0,0.0201
9660.0,-0.1410
9665.0,-0.2619
9670.0,0.1309
9675.0,-0.2619
9680.0,-0.0201
9685.0,-0.3928
9690.0,-0.2317
9695.0,-0.4029
9700.0,-0.4230
9705.0,-0.0604
9710.0,-0.1813
9715.0,-0.1007
9720.0,0.0705
9725.0,-0.1813
9730.0,-0.0504
9735.0,-0.1007
9740.0,-0.0705
9745.0,-0.2417
9750.0,0.1007
9755.0,-0.0705
9760.0,-0.0806
9765.0,-0.0403
9770.0,-0.0806
9775.0,-0.0201
9780.0,0.1511
9785.0,-0.2719
9790.0,0.1108
9795.0,-0.2216
9800.0,0.0504
9805.0,-0.1813
9810.0,-0.2014
9815.0,-0.4029
9820.0,-0.3223
9825.0,-0.8763
9830.0,-0.6245
9835.0,-0.5842
9840.0,-0.6748
9845.0,-1.0576
9850.0,-0.9266
9855.0,-1.0576
9860.0,-0.5439
9865.0,-0.4331
9870.0,-0.1410
9875.0,-0.2518
9880.0,-0.0504
9885.0,-0.0604
9890.0,0.0403
9895.0,-0.0705
9900.0,-0.1209
9905.0,-0.0604
9910.0,-0.0705
9915.0,-0.1209
9920.0,0.1007
9925.0,-0.2518
9930.0,0.0000
9935.0,-0.1309
9940.0,-0.1914
9945.0,-0.1813
9950.0,-0.0806
9955.0,-0.1209
9960.0,-0.0705
9965.0,-0.0504
9970.0,-0.0403
9975.0,-0.1309
9980.0,-0.0806
9985.0,-0.6144
9990.0,-0.1712
9995.0,-0.1914
10000.0,-0.1813
10005.0,-0.0705
10010.0,0.0504
10015.0,0.1108
10020.0,-0.0101
10025.0,-0.0302
10030.0,0.1108
10035.0,-0.2317
10040.0,-0.0906
10045.0,-0.4734
10050.0,0.1108
10055.0,-0.1813
10060.0,-0.0705
10065.0,-0.0201
10070.0,-0.0705
10075.0,-0.1007
10080.0,-0.0906
10085.0,-0.1410
10090.0,-0.0403
10095.0,-0.1007
10100.0,0.0101
10105.0,-0.3525
10110.0,-0.0906
10115.0,-0.3424
10120.0,-0.5237
10125.0,-0.8158
10130.0,-0.5741
10135.0,-0.6648
10140.0,-0.5640
10145.0,-0.9971
10150.0,-0.6648
10155.0,-0.6950
10160.0,-0.6043
10165.0,-0.6144
10170.0,-0.1309
10175.0,-0.4532
10180.0,-0.0403
10185.0,-0.1108
10190.0,-0.1309
10195.0,-0.1511
10200.0,0.0101
10205.0,-0.0101
10210.0,0.0201
10215.0,0.0201
10220.0,-0.1108
10225.0,-0.2518
10230.0,0.0504
10235.0,-0.2417
10240.0,0.0201
10245.0,-0.1309
10250.0,0.0000
10255.0,-0.1209
10260.0,-0.2417
10265.0,-0.1108
10270.0,0.0101
10275.0,-0.2317
10280.0,-0.2619
10285.0,-0.1007
10290.0,-0.1108
10295.0,-0.4532
10300.0,0.0604
10305.0,-0.2317
10310.0,-0.2115
10315.0,-0.1511
10320.0,0.0000
10325.0,0.0000
10330.0,-0.0604
10335.0,-0.1209
10340.0,-0.1007
10345.0,-0.2921
10350.0,0.0604
10355.0,-0.2014
10360.0,0.1007
10365.0,-0.1914
10370.0,-0.1712
10375.0,0.0000
10380.0,0.0101
10385.0,0.0101
10390.0,-0.0403
10395.0,-0.1914
10400.0,-0.1108
10405.0,-0.3223
10410.0,0.0906
10415.0,-0.2921
10420.0,-0.5137
10425.0,-0.5842
10430.0,-0.5942
10435.0,-0.5741
10440.0,-0.5338
10445.0,-0.8863
10450.0,-0.9065
10455.0,-0.8662
10460.0,-0.3022
10465.0,-0.4432
10470.0,-0.2417
10475.0,-0.2417
10480.0,-0.0101
10485.0,-0.3727
10490.0,0.0000
10495.0,-0.1511
10500.0,-0.1108
10505.0,-0.0403
10510.0,-0.1108
10515.0,-0.1007
10520.0,0.1612
10525.0,-0.1410
10530.0,-0.0504
10535.0,-0.0302
10540.0,-0.0806
10545.0,-0.3727
10550.0,0.0000
10555.0,-0.1712
10560.0,-0.1309
10565.0,0.0504
10570.0,-0.1612
10575.0,-0.1511
10580.0,-0.3022
10585.0,-0.1712
10590.0,-0.4633
10595.0,-0.3727
10600.0,0.0302
10605.0,-0.3223
10610.0,0.0705
10615.0,0.1108
10620.0,-0.1511
10625.0,-0.1410
10630.0,-0.0806
10635.0,-0.0403
10640.0,-0.1712
10645.0,-0.0604
10650.0,-0.0504
10655.0,-0.3122
10660.0,0.1511
10665.0,-0.3022
10670.0,0.0201
10675.0,-0.0604
10680.0,-0.1914
10685.0,-0.0806
10690.0,-0.0504
10695.0,0.0604
10700.0,-0.0806
10705.0,-0.1612
10710.0,0.0403
10715.0,-0.6144
10720.0,-0.6245
10725.0,-0.8158
10730.0,-0.4935
10735.0,-0.9065
10740.0,-0.9669
10745.0,-1.0576
10750.0,-0.6849
10755.0,-0.6648
10760.0,-0.4532
10765.0,-0.3324
10770.0,-0.2317
10775.0,-0.2216
10780.0,-0.1511
10785.0,-0.1712
10790.0,0.1309
10795.0,-0.2317
10800.0,-0.1007
10805.0,-0.1712
10810.0,-0.0403
10815.0,-0.1007
10820.0,0.1007
10825.0,0.1410
10830.0,-0.1612
10835.0,-0.1511
10840.0,-0.1007
10845.0,-0.1209
10850.0,0.1712
10855.0,-0.2820
10860.0,-0.0906
10865.0,-0.1410
10870.0,-0.1612
10875.0,-0.2619
10880.0,-0.3727
10885.0,-0.3626
10890.0,-0.5338
10895.0,-0.1914
10900.0,-0.1813
10905.0,-0.2417
10910.0,0.1108
10915.0,-0.2216
10920.0,-0.0504
10925.0,-0.1813
10930.0,-0.1309
10935.0,-0.1511
10940.0,0.0806
10945.0,-0.1209
10950.0,-0.2317
10955.0,-0.0403
10960.0,-0.0504
10965.0,-0.1712
10970.0,0.1813
10975.0,-0.0201
10980.0,0.1108
10985.0,-0.0806
10990.0,-0.0806
10995.0,-0.2518
11000.0,-0.1309
11005.0,-0.1813
11010.0,-0.2921
11015.0,-0.6345
11020.0,-0.6849
11025.0,-0.8763
11030.0,-0.6446
11035.0,-0.8763
11040.0,-0.9065
11045.0,-1.0777
11050.0,-0.7755
11055.0,-0.7050
11060.0,-0.3727
11065.0,-0.3223
11070.0,-0.2115
11075.0,-0.0201
11080.0,-0.1007
11085.0,-0.2216
11090.0,0.0604
11095.0,-0.0705
11100.0,0.1309
11105.0,-0.0302
11110.0,-0.0101
11115.0,-0.1813
11120.0,0.0101
11125.0,-0.0101
11130.0,-0.1209
11135.0,-0.0906
11140.0,-0.1712
11145.0,-0.2417
11150.0,-0.1007
11155.0,-0.1511
11160.0,0.0101
11165.0,-0.1209
11170.0,-0.0604
11175.0,-0.3525
11180.0,-0.2921
11185.0,-0.3324
11190.0,-0.3727
11195.0,-0.1108
11200.0,-0.2719
11205.0,-0.2719
11210.0,-0.1914
11215.0,-0.2921
11220.0,0.0000
11225.0,-0.2820
11230.0,-0.1410
11235.0,-0.2115
11240.0,-0.1511
11245.0,-0.2216
11250.0,-0.0906
11255.0,-0.0906
11260.0,-0.1813
11265.0,-0.2115
11270.0,-0.1511
11275.0,-0.2014
11280.0,0.0504
11285.0,-0.2518
11290.0,0.0302
11295.0,-0.1511
11300.0,-0.2014
11305.0,-0.2921
11310.0,-0.3928
11315.0,-0.8058
11320.0,-0.5540
11325.0,-0.6043
11330.0,-0.7151
11335.0,-1.0878
11340.0,-0.7755
11345.0,-1.0978
11350.0,-0.4130
11355.0,-0.4633
11360.0,-0.0504
11365.0,-0.4029
11370.0,-0.2115
11375.0,-0.1007
11380.0,-0.0604
11385.0,-0.1309
11390.0,-0.0101
11395.0,0.0705
11400.0,0.1108
11405.0,0.0000
11410.0,-0.0302
11415.0,-0.2921
11420.0,0.1410
11425.0,-0.2417
11430.0,-0.2518
11435.0,-0.1712
11440.0,-0.1410
11445.0,-0.0201
11450.0,-0.0201
11455.0,-0.1209
11460.0,0.0504
11465.0,-0.1108
11470.0,-0.1712
11475.0,-0.5942
11480.0,-0.0604
11485.0,-0.4331
11490.0,-0.2719
11495.0,-0.0806
11500.0,-0.2216
11505.0,0.0302
11510.0,-0.0302
11515.0,-0.1209
11520.0,0.0201
11525.0,-0.2719
11530.0,-0.0101
11535.0,-0.2719
11540.0,0.1209
11545.0,-0.0806
11550.0,-0.1813
11555.0,-0.1209
11560.0,-0.0906
11565.0,-0.0604
11570.0,0.0101
11575.0,-0.0705
11580.0,-0.1410
11585.0,-0.2719
11590.0,0.0000
11595.0,-0.2518
11600.0,0.0302
11605.0,-0.4130
11610.0,-0.5540
11615.0,-0.9367
11620.0,-0.6950
11625.0,-0.6748
11630.0,-0.6748
11635.0,-1.1583
11640.0,-0.8561
11645.0,-0.9568
11650.0,-0.4230
11655.0,-0.3626
11660.0,-0.2317
11665.0,-0.3022
11670.0,-0.0101
11675.0,-0.1712
11680.0,0.0403
11685.0,-0.1007
11690.0,-0.2014
11695.0,0.1108
11700.0,-0.0906
11705.0,-0.1410
11710.0,0.0604
11715.0,-0.2115
11720.0,-0.0302
11725.0,-0.2719
11730.0,0.0000
11735.0,-0.2115
11740.0,0.1007
11745.0,-0.1209
11750.0,-0.1309
11755.0,0.0403
11760.0,-0.0806
11765.0,-0.1007
11770.0,-0.3827
11775.0,-0.3928
11780.0,-0.1712
11785.0,-0.4935
11790.0,-0.0906
11795.0,-0.0806
11800.0,-0.1209
11805.0,-0.1007
11810.0,0.0101
11815.0,-0.0403
11820.0,0.0000
11825.0,-0.1612
11830.0,-0.1612
11835.0,-0.1712
11840.0,0.1007
11845.0,-0.2518
11850.0,0.1410
11855.0,-0.1712
11860.0,-0.1813
11865.0,-0.0403
11870.0,-0.0504
11875.0,-0.0504
11880.0,0.0806
11885.0,-0.1813
11890.0,-0.0403
11895.0,-0.2719
11900.0,-0.1410
11905.0,-0.4029
11910.0,-0.2719
11915.0,-0.9568
11920.0,-0.6547
11925.0,-0.5640
11930.0,-0.6446
11935.0,-0.9669
11940.0,-0.7856
11945.0,-0.8561
11950.0,-0.3223
11955.0,-0.4633
11960.0,-0.2518
11965.0,-0.2115
11970.0,-0.0806
11975.0,-0.2921
11980.0,0.0403
11985.0,-0.1914
11990.0,0.0906
11995.0,-0.1108
12000.0,-0.1309
12005.0,-0.0302
12010.0,-0.0504
12015.0,-0.0705
12020.0,-0.0806
12025.0,-0.2820
12030.0,-0.0302
12035.0,-0.2820
12040.0,0.0403
12045.0,0.0806
12050.0,0.1108
12055.0,0.0705
12060.0,-0.2115
12065.0,-0.1108
12070.0,-0.2014
12075.0,-0.2518
12080.0,-0.3223
12085.0,-0.2820
12090.0,0.1914
12095.0,-0.2518
12100.0,-0.0806
12105.0,-0.1712
12110.0,-0.0504
12115.0,-0.0806
12120.0,-0.0806
12125.0,0.0806
12130.0,-0.2115
12135.0,-0.1410
12140.0,-0.0101
12145.0,-0.2216
12150.0,0.0504
12155.0,-0.1209
12160.0,0.0000
12165.0,-0.1712
12170.0,-0.1007
12175.0,-0.1108
12180.0,-0.0504
12185.0,0.1007
12190.0,-0.2014
12195.0,-0.2820
12200.0,-0.1712
12205.0,-0.6648
12210.0,-0.5237
12215.0,-0.9367
12220.0,-0.6849
12225.0,-0.8763
12230.0,-0.9266
12235.0,-1.0978
12240.0,-0.5137
12245.0,-0.8158
12250.0,-0.3022
12255.0,-0.1712
12260.0,-0.2216
12265.0,-0.3223
12270.0,-0.0403
12275.0,-0.1309
12280.0,0.0201
12285.0,-0.2216
12290.0,-0.0806
12295.0,-0.0705
12300.0,-0.1108
12305.0,-0.1209
12310.0,-0.0604
12315.0,-0.0806
12320.0,-0.1914
12325.0,-0.1108
12330.0,-0.1511
12335.0,-0.1914
12340.0,0.0302
12345.0,-0.0504
12350.0,0.0000
12355.0,-0.2518
12360.0,-0.0806
12365.0,-0.3324
12370.0,-0.4734
12375.0,-0.1612
12380.0,-0.4835
12385.0,-0.4029
12390.0,-0.0806
12395.0,-0.3122
12400.0,0.0604
12405.0,-0.1914
12410.0,0.0705
12415.0,-0.1914
12420.0,-0.1813
12425.0,-0.1108
12430.0,-0.1007
12435.0,-0.1813
12440.0,-0.1209
12445.0,-0.0604
12450.0,-0.0504
12455.0,-0.0604
12460.0,-0.0201
12465.0,-0.2719
12470.0,0.0201
12475.0,-0.2115
12480.0,-0.0504
12485.0,-0.1410
12490.0,-0.1612
12495.0,-0.1410
12500.0,-0.2719
12505.0,-0.7554
12510.0,-0.6547
12515.0,-0.9266
12520.0,-0.7353
12525.0,-0.7554
12530.0,-0.9266
12535.0,-1.1986
12540.0,-0.6345
12545.0,-0.5942
12550.0,-0.4230
12555.0,-0.3525
12560.0,-0.2115
12565.0,-0.0302
12570.0,0.1612
12575.0,-0.2014
12580.0,0.0302
12585.0,-0.1108
12590.0,0.0705
12595.0,-0.2014
12600.0,-0.0705
12605.0,-0.1511
12610.0,-0.0101
12615.0,-0.0906
12620.0,-0.1511
12625.0,-0.1712
12630.0,-0.1108
12635.0,-0.1209
12640.0,-0.0604
12645.0,-0.0806
12650.0,0.0806
12655.0,-0.3324
12660.0,0.0504
12665.0,-0.3324
12670.0,-0.3727
12675.0,-0.2619
12680.0,-0.0806
12685.0,-0.1007
12690.0,-0.1511
12695.0,0.1007
12700.0,-0.0806
12705.0,-0.2417
12710.0,-0.0101
12715.0,-0.0705
12720.0,-0.1108
12725.0,-0.2317
12730.0,-0.0906
12735.0,-0.0101
12740.0,0.0000
12745.0,0.0705
12750.0,-0.0806
12755.0,-0.1309
12760.0,0.0000
12765.0,-0.2115
12770.0,0.0403
12775.0,-0.1108
12780.0,-0.0504
12785.0,-0.2216
12790.0,-0.1712
12795.0,-0.3827
12800.0,-0.2619
12805.0,-0.5640
12810.0,-0.6345
12815.0,-0.5540
12820.0,-0.6849
12825.0,-1.0072
12830.0,-0.7353
12835.0,-0.9568
12840.0,-0.3122
12845.0,-0.3424
12850.0,0.0403
12855.0,-0.4532
12860.0,-0.2820
12865.0,-0.0604
12870.0,-0.1209
12875.0,-0.0604
12880.0,0.0201
12885.0,-0.1712
12890.0,-0.1410
12895.0,-0.1813
12900.0,-0.0403
12905.0,-0.2518
12910.0,0.1209
12915.0,-0.2518
12920.0,-0.2216
12925.0,-0.2014
12930.0,-0.1511
12935.0,0.0000
12940.0,-0.0403
12945.0,-0.1914
12950.0,0.0000
12955.0,-0.1813
12960.0,-0.1209
12965.0,-0.5137
12970.0,-0.1813
12975.0,-0.4835
12980.0,-0.2820
12985.0,-0.0403
12990.0,-0.0806
12995.0,-0.0705
13000.0,-0.1410
13005.0,-0.0806
13010.0,0.0504
13015.0,-0.2820
13020.0,-0.0403
13025.0,-0.3626
13030.0,0.0806
13035.0,-0.1410
13040.0,-0.1712
13045.0,-0.0604
13050.0,-0.0806
13055.0,-0.0705
13060.0,-0.0504
13065.0,-0.0403
13070.0,-0.1007
13075.0,-0.2216
13080.0,0.0302
13085.0,-0.2518
13090.0,-0.0101
13095.0,-0.2719
13100.0,-0.5439
13105.0,-0.8863
13110.0,-0.6245
13115.0,-0.7252
13120.0,-0.7050
13125.0,-1.1281
13130.0,-0.8763
13135.0,-1.0072
13140.0,-0.5237
13145.0,-0.3022
13150.0,-0.1712
13155.0,-0.2014
13160.0,0.0906
13165.0,-0.2820
13170.0,-0.0705
13175.0,0.1511
13180.0,-0.1813
13185.0,-0.0403
13190.0,0.0806
13195.0,-0.0101
13200.0,0.0504
13205.0,-0.1914
13210.0,-0.0806
13215.0,-0.2719
13220.0,-0.0302
13225.0,-0.2216
13230.0,0.0201
13235.0,-0.1007
13240.0,-0.1914
13245.0,0.0201
13250.0,-0.0705
13255.0,-0.1914
13260.0,-0.1612
13265.0,-0.3626
13270.0,-0.1914
13275.0,-0.4633
13280.0,-0.1209
13285.0,-0.2317
13290.0,0.0101
13295.0,0.0604
13300.0,-0.0302
13305.0,0.1007
13310.0,0.0201
13315.0,-0.2317
13320.0,-0.1612
13325.0,-0.1108
13330.0,0.0504
13335.0,-0.2014
13340.0,0.1209
13345.0,-0.2317
13350.0,-0.2216
13355.0,-0.0705
13360.0,-0.0705
13365.0,-0.0604
13370.0,-0.0504
13375.0,-0.2014
13380.0,-0.1410
13385.0,-0.3223
13390.0,-0.1712
13395.0,-0.4029
13400.0,-0.4633
13405.0,-0.9266
13410.0,-0.7151
13415.0,-0.7050
13420.0,-0.6648
13425.0,-1.2086
13430.0,-0.9065
13435.0,-0.6950
13440.0,-0.3626
13445.0,-0.4331
13450.0,-0.1813
13455.0,-0.3223
13460.0,-0.0906
13465.0,-0.2619
13470.0,-0.0201
13475.0,-0.1612
13480.0,-0.0101
13485.0,-0.1007
13490.0,-0.2417
13495.0,-0.1007
13500.0,0.1007
13505.0,-0.1813
13510.0,-0.1309
13515.0,-0.1209
13520.0,0.2417
13525.0,-0.2820
13530.0,0.0403
13535.0,0.0101
13540.0,-0.1108
13545.0,-0.1511
13550.0,-0.1612
13555.0,-0.0201
13560.0,-0.3424
13565.0,-0.1813
13570.0,-0.3223
13575.0,-0.4835
13580.0,-0.1410
13585.0,-0.1309
13590.0,-0.0504
13595.0,-0.0906
13600.0,-0.0403
13605.0,-0.0806
13610.0,-0.1108
13615.0,-0.0201
13620.0,-0.1209
13625.0,-0.1108
13630.0,0.0504
13635.0,-0.2317
13640.0,0.1410
13645.0,-0.2820
13650.0,0.0101
13655.0,-0.0101
13660.0,-0.1511
13665.0,-0.1712
13670.0,-0.1108
13675.0,-0.0806
13680.0,-0.1108
13685.0,-0.2317
13690.0,-0.1914
13695.0,-0.6849
13700.0,-0.4734
13705.0,-0.9367
13710.0,-0.7050
13715.0,-0.7353
13720.0,-0.9669
13725.0,-1.2086
13730.0,-0.7856
13735.0,-0.4230
13740.0,-0.2417
13745.0,-0.0906
13750.0,-0.2619
13755.0,-0.2820
13760.0,-0.0101
13765.0,-0.2820
13770.0,-0.0604
13775.0,-0.2014
13780.0,0.2014
13785.0,0.1209
13790.0,0.0000
13795.0,-0.2619
13800.0,-0.1209
13805.0,-0.0906
13810.0,-0.1209
13815.0,-0.1209
13820.0,-0.1209
13825.0,0.1108
13830.0,0.1309
13835.0,-0.0201
13840.0,0.2921
13845.0,-0.1511
13850.0,-0.2619
13855.0,-0.2619
13860.0,-0.3827
13865.0,-0.1712
13870.0,-0.0806
13875.0,-0.4633
13880.0,-0.2619
13885.0,-0.3122
13890.0,-0.0302
13895.0,-0.2518
13900.0,0.1612
13905.0,0.1108
13910.0,-0.1209
13915.0,0.0604
13920.0,-0.1209
13925.0,-0.1612
13930.0,-0.2014
13935.0,-0.1209
13940.0,0.1309
13945.0,-0.0806
13950.0,0.1813
13955.0,-0.0604
13960.0,-0.0604
13965.0,-0.2216
13970.0,-0.0906
13975.0,-0.1914
13980.0,-0.1209
13985.0,-0.0302
13990.0,-0.0906
13995.0,-0.7856
14000.0,-0.6043
14005.0,-0.8763
14010.0,-0.6950
14015.0,-0.8662
14020.0,-0.8058
14025.0,-1.0072
14030.0,-0.4633
14035.0,-0.5842
14040.0,-0.4633
14045.0,-0.2518
14050.0,-0.2317
14055.0,-0.0604
14060.0,0.0000
14065.0,0.0806
14070.0,0.0403
14075.0,0.1007
14080.0,-0.0403
14085.0,-0.3424
14090.0,0.1209
14095.0,-0.0806
14100.0,0.0201
14105.0,0.0504
14110.0,-0.2619
14115.0,-0.0806
14120.0,-0.0705
14125.0,0.0806
14130.0,0.1612
14135.0,0.0906
14140.0,0.0504
14145.0,-0.2014
14150.0,0.0604
14155.0,-0.2317
14160.0,-0.3122
14165.0,-0.3424
14170.0,-0.2719
14175.0,-0.1813
14180.0,-0.1410
14185.0,-0.1612
14190.0,-0.0906
14195.0,-0.1712
14200.0,0.1309
14205.0,-0.2317
14210.0,-0.1108
14215.0,-0.1410
14220.0,-0.1108
14225.0,-0.1511
14230.0,-0.0504
14235.0,0.1410
14240.0,0.0504
14245.0,0.0504
14250.0,0.1108
14255.0,-0.2014
14260.0,0.0000
14265.0,-0.3223
14270.0,-0.1209
14275.0,-0.0806
14280.0,-0.1209
14285.0,-0.2719
14290.0,-0.3223
14295.0,-0.7755
14300.0,-0.6345
14305.0,-0.6950
14310.0,-0.6043
14315.0,-0.9669
14320.0,-0.7252
14325.0,-0.9468
14330.0,-0.6748
14335.0,-0.5036
14340.0,-0.2014
14345.0,-0.4230
14350.0,-0.2216
14355.0,-0.0201
14360.0,-0.1108
14365.0,0.0201
14370.0,0.0906
14375.0,0.0906
14380.0,0.1007
14385.0,-0.2115
14390.0,-0.0604
14395.0,-0.2417
14400.0,0.1511
14405.0,-0.0806
14410.0,-0.0302
14415.0,-0.2619
14420.0,0.0604
14425.0,0.1612
14430.0,-0.0302
14435.0,-0.0101
14440.0,-0.0604
14445.0,0.0403
14450.0,0.0604
14455.0,-0.3223
14460.0,0.0705
14465.0,-0.4633
14470.0,-0.3324
14475.0,-0.1309
14480.0,-0.0403
14485.0,0.0403
14490.0,-0.0403
14495.0,-0.1309
14500.0,-0.0604
14505.0,-0.1712
14510.0,0.0705
14515.0,-0.4130
14520.0,-0.0604
14525.0,-0.1712
14530.0,-0.0403
14535.0,-0.0604
14540.0,0.0302
14545.0,0.0302
14550.0,-0.1209
14555.0,-0.0806
14560.0,0.0302
14565.0,-0.0403
14570.0,0.1511
14575.0,-0.2820
14580.0,-0.2115
14585.0,-0.3827
14590.0,-0.4130
14595.0,-0.8360
14600.0,-0.5640
14605.0,-0.6748
14610.0,-0.7353
14615.0,-0.9669
14620.0,-0.8460
14625.0,-0.9367
14630.0,-0.4230
14635.0,-0.5842
14640.0,-0.0806
14645.0,-0.2417
14650.0,0.0000
14655.0,-0.1712
14660.0,0.1209
14665.0,-0.1511
14670.0,-0.0705
14675.0,0.1209
14680.0,0.0504
14685.0,0.0906
14690.0,-0.0403
14695.0,-0.2317
14700.0,-0.0403
14705.0,-0.3525
14710.0,0.0101
14715.0,-0.2014
14720.0,0.0403
14725.0,-0.1309
14730.0,-0.0604
14735.0,0.2216
14740.0,0.0000
14745.0,-0.3223
14750.0,-0.1511
14755.0,-0.2115
14760.0,-0.1712
14765.0,-0.5439
14770.0,-0.1007
14775.0,-0.1511
14780.0,-0.1712
14785.0,-0.0504
14790.0,0.0906
14795.0,0.2115
14800.0,-0.1309
14805.0,-0.2921
14810.0,0.0101
14815.0,-0.1209
14820.0,0.0906
14825.0,-0.1309
14830.0,0.0403
14835.0,-0.2417
14840.0,-0.1511
14845.0,0.0201
14850.0,-0.0201
14855.0,0.0101
14860.0,0.0705
14865.0,-0.2216
14870.0,0.0504
14875.0,-0.2619
14880.0,-0.1914
14885.0,-0.2619
14890.0,-0.6849
14895.0,-0.7353
14900.0,-0.4130
14905.0,-0.3626
14910.0,-0.4935
14915.0,-1.1683
14920.0,-0.9065
14925.0,-0.7151
14930.0,-0.4331
14935.0,-0.4331
14940.0,-0.0403
14945.0,-0.3424
14950.0,0.0403
14955.0,-0.3324
14960.0,-0.0403
14965.0,-0.0101
14970.0,-0.1511
14975.0,-0.0201
14980.0,-0.1007
14985.0,0.0000
14990.0,0.0403
14995.0,-0.1511
15000.0,-0.1309
15005.0,-0.1511
15010.0,-0.0302
15015.0,-0.2317
15020.0,0.1108
15025.0,-0.1612
15030.0,0.0705
15035.0,0.0906
15040.0,0.0705
15045.0,-0.1612
15050.0,-0.4130
15055.0,-0.2014
15060.0,-0.4734
15065.0,-0.4835
15070.0,0.1007
15075.0,-0.3122
15080.0,0.1309
15085.0,-0.1108
15090.0,-0.0504
15095.0,0.0403
15100.0,-0.1712
15105.0,-0.0806
15110.0,-0.0403
15115.0,-0.1309
15120.0,0.0101
15125.0,-0.1712
15130.0,-0.0101
15135.0,-0.0504
15140.0,0.0504
15145.0,-0.1410
15150.0,0.0403
15155.0,-0.2216
15160.0,-0.2115
15165.0,-0.0302
15170.0,-0.2115
15175.0,-0.2719
15180.0,-0.0403
15185.0,-0.3223
15190.0,-0.3727
15195.0,-0.6748
15200.0,-0.4935
15205.0,-0.8863
15210.0,-0.9669
15215.0,-1.0978
15220.0,-0.7453
15225.0,-0.7856
15230.0,-0.2417
15235.0,-0.3122
15240.0,-0.2921
15245.0,-0.2216
15250.0,-0.1309
15255.0,-0.1914
15260.0,0.1511
15265.0,-0.2115
15270.0,-0.0604
15275.0,-0.1410
15280.0,-0.1813
15285.0,-0.1209
15290.0,0.0705
15295.0,0.0806
15300.0,0.0604
15305.0,-0.0101
15310.0,-0.1612
15315.0,-0.2619
15320.0,0.0000
15325.0,-0.2417
15330.0,-0.0302
15335.0,-0.0906
15340.0,-0.1007
15345.0,-0.3626
15350.0,-0.4331
15355.0,-0.2115
15360.0,-0.3827
15365.0,-0.1511
15370.0,-0.1813
15375.0,-0.2921
15380.0,0.0806
15385.0,-0.2417
15390.0,0.0201
15395.0,-0.1108
15400.0,-0.2417
15405.0,-0.0604
15410.0,-0.0101
15415.0,-0.0101
15420.0,-0.0201
15425.0,-0.0705
15430.0,-0.1108
15435.0,-0.1712
15440.0,0.0201
15445.0,-0.1813
15450.0,0.0504
15455.0,-0.2216
15460.0,-0.0101
15465.0,-0.0906
15470.0,-0.0403
15475.0,-0.2317
15480.0,-0.2317
15485.0,-0.6849
15490.0,-0.6043
15495.0,-0.7453
15500.0,-0.6849
15505.0,-0.8964
15510.0,-0.9165
15515.0,-1.1583
15520.0,-0.7252
15525.0,-0.5842
15530.0,-0.4633
15535.0,-0.2921
15540.0,-0.1813
15545.0,-0.1209
15550.0,0.0302
15555.0,0.0806
15560.0,-0.0201
15565.0,0.0000
15570.0,0.0906
15575.0,-0.1209
15580.0,0.0906
15585.0,-0.2216
15590.0,-0.2115
15595.0,-0.0302
15600.0,-0.2216
15605.0,-0.0604
15610.0,-0.0101
15615.0,-0.0403
15620.0,-0.1712
15625.0,-0.1511
15630.0,0.0806
15635.0,-0.2216
15640.0,0.0604
15645.0,-0.4029
15650.0,-0.3928
15655.0,-0.1612
15660.0,-0.3223
15665.0,-0.0806
15670.0,-0.0806
15675.0,-0.1309
15680.0,-0.1914
15685.0,-0.2719
15690.0,0.1914
15695.0,-0.2317
15700.0,0.0101
15705.0,-0.1511
15710.0,0.0504
15715.0,-0.0906
15720.0,0.0101
15725.0,0.1108
15730.0,-0.0604
15735.0,-0.2216
15740.0,-0.0604
15745.0,-0.2115
15750.0,0.0302
15755.0,-0.1914
15760.0,0.1209
15765.0,-0.2719
15770.0,-0.3022
15775.0,-0.1914
15780.0,-0.3827
15785.0,-0.8360
15790.0,-0.5237
15795.0,-0.7353
15800.0,-0.6245
15805.0,-1.0576
15810.0,-0.8964
15815.0,-0.9568
15820.0,-0.5842
15825.0,-0.6345
15830.0,-0.2216
15835.0,-0.2719
15840.0,-0.1612
15845.0,-0.1309
15850.0,0.1108
15855.0,0.0302
15860.0,0.0403
15865.0,0.0906
15870.0,-0.0504
15875.0,-0.2317
15880.0,-0.0201
15885.0,-0.2115
15890.0,0.0201
15895.0,-0.1007
15900.0,-0.2115
15905.0,-0.3223
15910.0,0.0201
15915.0,-0.0604
15920.0,-0.1108
15925.0,-0.1108
15930.0,-0.0101
15935.0,-0.1712
15940.0,0.0201
15945.0,-0.4029
15950.0,0.0604
15955.0,-0.4835
15960.0,-0.2014
15965.0,-0.3827
15970.0,-0.1612
15975.0,-0.1309
15980.0,-0.1007
15985.0,0.0504
15990.0,-0.1410
15995.0,-0.2417
16000.0,0.1007
16005.0,-0.2115
16010.0,-0.0806
16015.0,-0.1410
16020.0,0.0000
16025.0,0.2014
16030.0,-0.0101
16035.0,-0.0403
16040.0,-0.1914
16045.0,-0.0101
16050.0,-0.0504
16055.0,-0.2216
16060.0,0.1007
16065.0,-0.1511
16070.0,-0.1612
16075.0,-0.3626
16080.0,-0.3827
16085.0,-0.5942
16090.0,-0.3525
16095.0,-0.5842
16100.0,-0.5741
16105.0,-0.8460
16110.0,-0.7453
16115.0,-0.8460
16120.0,-0.2619
16125.0,-0.5640
16130.0,-0.0604
16135.0,-0.2216
16140.0,0.0504
16145.0,-0.0101
16150.0,-0.1007
16155.0,-0.1209
16160.0,0.0302
16165.0,-0.0101
16170.0,-0.0604
16175.0,-0.1108
16180.0,0.0101
16185.0,-0.1612
16190.0,-0.0604
16195.0,-0.2115
16200.0,0.2417
16205.0,0.0302
16210.0,0.0302
16215.0,0.0604
16220.0,-0.0302
16225.0,0.0000
16230.0,-0.0705
16235.0,-0.0604
16240.0,-0.3324
16245.0,-0.3223
16250.0,0.0806
16255.0,-0.2518
16260.0,-0.0604
16265.0,-0.3122
16270.0,-0.1813
16275.0,0.0705
16280.0,0.0302
16285.0,0.1108
16290.0,-0.0806
16295.0,-0.2619
16300.0,0.0806
16305.0,-0.2216
16310.0,0.0403
16315.0,-0.1914
16320.0,0.0906
16325.0,-0.2719
16330.0,-0.0906
16335.0,0.0101
16340.0,0.0101
16345.0,0.1108
16350.0,-0.1209
16355.0,0.0101
16360.0,0.0403
16365.0,-0.1712
16370.0,0.0000
16375.0,-0.4432
16380.0,-0.5137
16385.0,-0.8058
16390.0,-0.5338
16395.0,-0.4230
16400.0,-0.4532
16405.0,-0.9266
16410.0,-0.7151
16415.0,-0.5338
16420.0,-0.4230
16425.0,-0.4835
16430.0,-0.3525
16435.0,-0.1511
16440.0,-0.0604
16445.0,-0.2921
16450.0,0.0504
16455.0,-0.1209
16460.0,-0.1813
16465.0,-0.0101
16470.0,-0.0504
16475.0,-0.0101
16480.0,0.1108
16485.0,-0.1511
16490.0,-0.1511
16495.0,-0.2518
16500.0,-0.0101
16505.0,-0.2820
16510.0,0.1209
16515.0,0.0604
16520.0,0.0201
16525.0,-0.0302
16530.0,-0.0604
16535.0,0.1511
16540.0,-0.3727
16545.0,-0.3122
16550.0,-0.2619
16555.0,-0.3727
16560.0,-0.0101
16565.0,-0.1007
16570.0,-0.0504
16575.0,-0.1813
16580.0,-0.0403
16585.0,-0.0806
16590.0,-0.0504
16595.0,0.0504
16600.0,-0.1410
16605.0,-0.2115
16610.0,-0.0403
16615.0,0.0806
16620.0,0.1410
16625.0,-0.3324
16630.0,0.1712
16635.0,-0.1309
16640.0,-0.1108
16645.0,-0.0403
16650.0,0.0201
16655.0,0.0000
16660.0,-0.2417
16665.0,-0.3525
16670.0,-0.2417
16675.0,-0.4130
16680.0,-0.3424
16685.0,-0.8964
16690.0,-0.7353
16695.0,-0.6950
16700.0,-0.9165
16705.0,-1.1482
16710.0,-0.6648
16715.0,-0.7755
16720.0,-0.4835
16725.0,-0.2216
16730.0,-0.1612
16735.0,-0.1914
16740.0,-0.0201
16745.0,-0.0705
16750.0,-0.0101
16755.0,-0.3022
16760.0,0.0705
16765.0,-0.1108
16770.0,-0.0403
16775.0,-0.1813
16780.0,-0.1612
16785.0,0.0302
16790.0,-0.0504
16795.0,-0.1612
16800.0,-0.0604
16805.0,0.0201
16810.0,-0.0906
16815.0,-0.2719
16820.0,0.0101
16825.0,-0.0403
16830.0,-0.1813
16835.0,-0.3626
16840.0,-0.4130
16845.0,-0.2719
16850.0,-0.4230
16855.0,-0.1612
16860.0,-0.1712
16865.0,-0.3022
16870.0,0.0403
16875.0,-0.1612
16880.0,0.0101
16885.0,-0.1511
16890.0,-0.0504
16895.0,-0.2518
16900.0,-0.0403
16905.0,-0.0201
16910.0,-0.0705
16915.0,-0.0604
16920.0,0.0906
16925.0,-0.2719
16930.0,0.0000
16935.0,-0.2216
16940.0,0.0201
16945.0,-0.1813
16950.0,0.0101
16955.0,-0.2014
16960.0,-0.1007
16965.0,-0.2216
16970.0,-0.2417
16975.0,-0.5842
16980.0,-0.4331
16985.0,-0.8360
16990.0,-0.3626
16995.0,-0.6245
17000.0,-0.9568
17005.0,-1.1784
17010.0,-0.7050
17015.0,-0.5237
17020.0,-0.3928
17025.0,-0.3022
17030.0,-0.1612
17035.0,-0.1209
17040.0,-0.1007
17045.0,-0.0604
17050.0,-0.0403
17055.0,-0.1007
17060.0,0.1712
17065.0,-0.2518
17070.0,-0.0705
17075.0,-0.1410
17080.0,-0.0302
17085.0,-0.0504
17090.0,-0.0101
17095.0,-0.1712
17100.0,-0.1108
17105.0,-0.1309
17110.0,-0.0806
17115.0,-0.0806
17120.0,0.0806
17125.0,-0.2921
17130.0,-0.1007
17135.0,-0.2417
17140.0,-0.2317
17145.0,-0.3022
17150.0,-0.3626
17155.0,-0.1511
17160.0,-0.2719
17165.0,-0.1511
17170.0,-0.1108
17175.0,-0.2417
17180.0,0.1209
17185.0,-0.1209
17190.0,0.0403
17195.0,-0.1309
17200.0,0.1712
17205.0,-0.1209
17210.0,-0.1108
17215.0,-0.1309
17220.0,-0.0101
17225.0,-0.0806
17230.0,-0.0201
17235.0,-0.0302
17240.0,0.0201
17245.0,-0.2619
17250.0,0.1007
17255.0,-0.1612
17260.0,-0.1209
17265.0,-0.3626
17270.0,-0.4230
17275.0,-0.7151
17280.0,-0.5942
17285.0,-0.6748
17290.0,-0.5842
17295.0,-1.0273
17300.0,-0.9468
17305.0,-1.0878
17310.0,-0.5137
17315.0,-0.4935
17320.0,-0.1108
17325.0,-0.4633
17330.0,-0.0403
17335.0,-0.2820
17340.0,-0.1914
17345.0,-0.1007
17350.0,0.0806
17355.0,-0.1712
17360.0,-0.0705
17365.0,-0.0101
17370.0,0.1209
17375.0,-0.0604
17380.0,0.0000
17385.0,-0.2719
17390.0,-0.1612
17395.0,-0.2820
17400.0,-0.1309
17405.0,0.0302
17410.0,-0.0302
17415.0,-0.1813
17420.0,0.1209
17425.0,-0.2014
17430.0,-0.1007
17435.0,-0.5036
17440.0,-0.1712
17445.0,-0.4935
17450.0,-0.3022
17455.0,-0.1712
17460.0,-0.1007
17465.0,0.0403
17470.0,-0.0504
17475.0,-0.1813
17480.0,0.0705
17485.0,-0.1410
17490.0,-0.0101
17495.0,-0.3324
17500.0,0.0302
17505.0,0.0806
17510.0,0.0000
17515.0,0.0302
17520.0,-0.0806
17525.0,-0.1410
17530.0,0.0504
17535.0,-0.1712
17540.0,-0.0302
17545.0,-0.2115
17550.0,0.0000
17555.0,-0.2719
17560.0,-0.1108
17565.0,-0.3022
17570.0,-0.3122
17575.0,-0.9266
17580.0,-0.6648
17585.0,-0.7252
17590.0,-0.6950
17595.0,-1.1381
17600.0,-0.8763
17605.0,-1.0072
17610.0,-0.4130
17615.0,-0.5540
17620.0,-0.0806
17625.0,-0.5036
17630.0,-0.0504
17635.0,-0.0604
17640.0,-0.0705
17645.0,0.0101
17650.0,0.1309
17655.0,-0.0906
17660.0,-0.1410
17665.0,0.0201
17670.0,-0.0806
17675.0,-0.1914
17680.0,0.0604
17685.0,-0.2518
17690.0,-0.0806
17695.0,-0.2317
17700.0,-0.0604
17705.0,-0.0302
17710.0,-0.0403
17715.0,-0.0806
17720.0,-0.1007
17725.0,-0.0504
17730.0,-0.2719
17735.0,-0.1914
17740.0,-0.1511
17745.0,-0.4230
17750.0,0.0101
17755.0,-0.1914
17760.0,-0.0604
17765.0,-0.0201
17770.0,-0.1209
17775.0,-0.1209
17780.0,-0.0604
17785.0,-0.2014
17790.0,-0.1108
17795.0,-0.0302
17800.0,0.0806
17805.0,-0.2820
17810.0,0.0906
17815.0,0.0604
17820.0,-0.1309
17825.0,-0.1612
17830.0,-0.0504
17835.0,0.0101
17840.0,-0.0403
17845.0,0.0302
17850.0,-0.1108
17855.0,-0.3626
17860.0,0.0604
17865.0,-0.4230
17870.0,-0.5842
17875.0,-0.7050
17880.0,-0.6547
17885.0,-0.6748
17890.0,-0.7655
17895.0,-1.0475
17900.0,-0.8158
17905.0,-0.6547
17910.0,-0.3928
17915.0,-0.4130
17920.0,-0.0806
17925.0,-0.2417
17930.0,0.0604
17935.0,0.0000
17940.0,-0.0504
17945.0,-0.1209
17950.0,-0.0403
17955.0,0.0201
17960.0,-0.1108
17965.0,-0.1309
17970.0,-0.1209
17975.0,-0.1511
17980.0,-0.1209
17985.0,-0.2115
17990.0,0.0705
17995.0,-0.3122
18000.0,0.0504
18005.0,-0.1209
18010.0,-0.1007
18015.0,-0.0101
18020.0,-0.1410
18025.0,-0.1511
18030.0,-0.2619
18035.0,-0.0604
18040.0,-0.2216
18045.0,-0.2115
18050.0,-0.0504
18055.0,-0.2820
18060.0,0.1209
18065.0,-0.0101
18070.0,-0.1914
18075.0,-0.1209
18080.0,-0.0101
18085.0,0.1914
18090.0,-0.1410
18095.0,-0.1914
18100.0,0.0201
18105.0,-0.1914
18110.0,0.0705
18115.0,-0.1007
18120.0,0.0000
18125.0,0.0403
18130.0,-0.0403
18135.0,-0.0906
18140.0,-0.0806
18145.0,0.0101
18150.0,-0.1511
18155.0,-0.3324
18160.0,-0.2619
18165.0,-0.6446
18170.0,-0.2820
18175.0,-0.6748
18180.0,-0.5942
18185.0,-0.7151
18190.0,-0.5640
18195.0,-1.1885
18200.0,-0.7252
18205.0,-0.6245
18210.0,-0.4633
18215.0,-0.2317
18220.0,0.0101
18225.0,-0.0604
18230.0,0.1007
18235.0,-0.1108
18240.0,-0.0302
18245.0,-0.3122
18250.0,0.1511
18255.0,-0.1914
18260.0,-0.1108
18265.0,-0.0705
18270.0,0.0000
18275.0,-0.1209
18280.0,-0.1108
18285.0,-0.1007
18290.0,-0.1712
18295.0,0.0403
18300.0,0.1712
18305.0,-0.1410
18310.0,0.0000
18315.0,0.0000
18320.0,-0.0604
18325.0,-0.1410
18330.0,-0.2417
18335.0,-0.2820
18340.0,-0.5137
18345.0,-0.2719
18350.0,-0.1007
18355.0,-0.1511
18360.0,0.1511
18365.0,-0.2619
18370.0,-0.0906
18375.0,0.0000
18380.0,-0.1410
18385.0,-0.2216
18390.0,-0.0604
18395.0,-0.0302
18400.0,-0.1612
18405.0,-0.1914
18410.0,-0.1007
18415.0,-0.1511
18420.0,0.0705
18425.0,-0.0705
18430.0,-0.0302
18435.0,-0.2518
18440.0,-0.0403
18445.0,-0.1612
18450.0,-0.1108
18455.0,-0.1309
18460.0,-0.2317
18465.0,-0.7957
18470.0,-0.6849
18475.0,-0.9065
18480.0,-0.6144
18485.0,-0.7353
18490.0,-0.9065
18495.0,-0.9871
18500.0,-0.5237
18505.0,-0.3928
18510.0,-0.4331
18515.0,-0.3928
18520.0,-0.1007
18525.0,-0.1108
18530.0,-0.0906
18535.0,-0.1209
18540.0,0.0906
18545.0,-0.2317
18550.0,-0.0302
18555.0,-0.2115
18560.0,-0.0302
18565.0,-0.1511
18570.0,0.0403
18575.0,-0.0604
18580.0,-0.0403
18585.0,-0.0705
18590.0,0.0101
18595.0,0.1108
18600.0,-0.0906
18605.0,-0.1813
18610.0,-0.0201
18615.0,0.0604
18620.0,0.2317
18625.0,-0.1813
18630.0,-0.0806
18635.0,-0.1712
18640.0,-0.1813
18645.0,0.0806
18650.0,-0.1108
18655.0,-0.2216
18660.0,0.0705
18665.0,-0.0302
18670.0,0.0906
18675.0,-0.1914
18680.0,-0.1209
18685.0,-0.2820
18690.0,-0.1209
18695.0,-0.1410
18700.0,0.0201
18705.0,0.0705
18710.0,-0.1914
18715.0,-0.0302
18720.0,-0.0604
18725.0,-0.1813
18730.0,0.0604
18735.0,-0.1309
18740.0,-0.0806
18745.0,-0.2820
18750.0,-0.0504
18755.0,-0.3122
18760.0,-0.1914
18765.0,-0.7252
18770.0,-0.7353
18775.0,-0.6245
18780.0,-0.4734
18785.0,-1.0878
18790.0,-0.9468
18795.0,-1.0777
18800.0,-0.5942
18805.0,-0.6043
18810.0,0.0604
18815.0,-0.1813
18820.0,0.0403
18825.0,-0.1309
18830.0,-0.1309
18835.0,-0.1007
18840.0,0.0705
18845.0,-0.0604
18850.0,-0.0403
18855.0,0.0403
18860.0,0.0101
18865.0,-0.2921
18870.0,0.1007
18875.0,-0.1914
18880.0,-0.1612
18885.0,-0.1511
18890.0,-0.2317
18895.0,-0.1209
18900.0,0.0101
18905.0,-0.1309
18910.0,0.1309
18915.0,0.0000
18920.0,0.1612
18925.0,-0.3424
18930.0,0.0201
18935.0,-0.3424
18940.0,-0.1410
18945.0,0.0806
18950.0,-0.1813
18955.0,-0.0705
18960.0,0.0604
18965.0,-0.0403
18970.0,-0.0504
18975.0,-0.1712
18980.0,-0.0302
18985.0,-0.3727
18990.0,0.0000
18995.0,-0.1712
19000.0,-0.0403
19005.0,0.0101
19010.0,-0.1108
19015.0,-0.1309
19020.0,0.0705
19025.0,-0.1612
19030.0,-0.0806
19035.0,-0.1914
19040.0,0.0806
19045.0,-0.3324
19050.0,-0.0806
19055.0,-0.0806
19060.0,-0.3223
19065.0,-0.6648
19070.0,-0.4532
19075.0,-0.6849
19080.0,-0.5942
19085.0,-0.9367
19090.0,-0.5842
19095.0,-1.0777
19100.0,-0.5942
19105.0,-0.4532
19110.0,-0.1309
19115.0,-0.4029
19120.0,0.0101
19125.0,-0.2518
19130.0,-0.1712
19135.0,-0.0604
19140.0,-0.0705
19145.0,0.0604
19150.0,-0.0101
19155.0,-0.1007
19160.0,-0.0302
19165.0,-0.1309
19170.0,0.1309
19175.0,-0.2317
19180.0,-0.0302
19185.0,-0.2014
19190.0,-0.0705
19195.0,-0.0302
19200.0,-0.0504
19205.0,0.1511
19210.0,-0.1410
19215.0,-0.2317
19220.0,-0.0504
19225.0,-0.1309
19230.0,0.0705
19235.0,-0.2317
19240.0,0.1712
19245.0,-0.1209
19250.0,-0.1209
19255.0,0.0504
19260.0,0.1511
19265.0,-0.1410
19270.0,-0.0906
19275.0,-0.0403
19280.0,0.0302
19285.0,-0.1511
19290.0,0.1612
19295.0,-0.2619
19300.0,0.0201
19305.0,-0.1511
19310.0,-0.0906
19315.0,-0.0201
19320.0,0.0705
19325.0,-0.1309
19330.0,-0.1712
19335.0,-0.1410
19340.0,-0.0705
19345.0,-0.2719
19350.0,-0.0302
19355.0,-0.4633
19360.0,-0.6748
19365.0,-0.7655
19370.0,-0.6648
19375.0,-0.6648
19380.0,-0.7453
19385.0,-1.1583
19390.0,-0.9367
19395.0,-0.8259
19400.0,-0.1108
19405.0,-0.4130
19410.0,-0.1813
19415.0,-0.0504
19420.0,0.1511
19425.0,-0.1309
19430.0,0.1108
19435.0,0.0705
19440.0,-0.1209
19445.0,-0.0504
19450.0,0.1209
19455.0,0.0504
19460.0,0.0806
19465.0,-0.1511
19470.0,-0.1209
19475.0,-0.0806
19480.0,-0.0806
19485.0,-0.2921
19490.0,0.0302
19495.0,-0.1108
19500.0,-0.1612
19505.0,-0.1209
19510.0,-0.2014
19515.0,-0.1309
19520.0,-0.3223
19525.0,-0.0604
19530.0,-0.4633
19535.0,-0.4532
19540.0,-0.0101
19545.0,-0.3022
19550.0,0.0403
19555.0,-0.0604
19560.0,-0.1712
19565.0,0.0906
19570.0,-0.0101
19575.0,-0.0403
19580.0,-0.0806
19585.0,-0.1612
19590.0,-0.1209
19595.0,-0.1914
19600.0,0.1007
19605.0,-0.2115
19610.0,0.1309
19615.0,-0.1813
19620.0,-0.1813
19625.0,0.0000
19630.0,0.0906
19635.0,0.1410
19640.0,0.0806
19645.0,-0.0101
19650.0,-0.0201
19655.0,-0.6144
19660.0,-0.5338
19665.0,-0.7353
19670.0,-0.6043
19675.0,-0.9065
19680.0,-0.9871
19685.0,-1.1079
19690.0,-0.7151
19695.0,-0.8058
19700.0,-0.3928
19705.0,-0.2317
19710.0,-0.3223
19715.0,-0.2417
19720.0,-0.1007
19725.0,-0.2014
19730.0,0.0604
19735.0,-0.1914
19740.0,-0.0604
19745.0,-0.1108
19750.0,-0.0806
19755.0,-0.0906
19760.0,-0.0504
19765.0,-0.0101
19770.0,-0.1209
19775.0,-0.2619
19780.0,-0.1712
19785.0,-0.2216
19790.0,0.0806
19795.0,-0.0302
19800.0,0.1612
19805.0,0.0201
19810.0,-0.0101
19815.0,-0.0403
19820.0,-0.4532
19825.0,-0.3827
19830.0,-0.5036
19835.0,-0.3223
19840.0,-0.1712
19845.0,-0.2014
19850.0,0.1511
19855.0,-0.2619
19860.0,-0.0906
19865.0,-0.1511
19870.0,-0.1612
19875.0,-0.1712
19880.0,0.0201
19885.0,-0.1410
19890.0,-0.1309
19895.0,-0.1108
19900.0,-0.0705
19905.0,-0.1914
19910.0,0.1612
19915.0,-0.2921
19920.0,-0.0504
19925.0,-0.1410
19930.0,-0.1108
19935.0,-0.1612
19940.0,0.0604
19945.0,-0.2216
19950.0,-0.3424
19955.0,-0.5237
19960.0,-0.4029
19965.0,-0.6345
19970.0,-0.3928
19975.0,-0.7856
19980.0,-0.7050
19985.0,-0.8763
19990.0,-0.4230
19995.0,-0.6345
20000.0,-0.4331
20005.0,-0.1209
20010.0,-0.2014
20015.0,0.0000
20020.0,-0.0101
20025.0,-0.1712
20030.0,-0.0806
20035.0,-0.0906
20040.0,-0.0201
20045.0,-0.2719
20050.0,0.1108
20055.0,-0.2417
20060.0,-0.0101
20065.0,-0.0604
20070.0,-0.2115
20075.0,-0.0604
20080.0,-0.1209
20085.0,-0.2417
20090.0,-0.0201
20095.0,-0.1511
20100.0,0.0403
20105.0,-0.0705
20110.0,-0.0504
20115.0,-0.5137
20120.0,-0.2921
20125.0,-0.2619
20130.0,-0.3122
20135.0,0.0705
20140.0,0.1209
20145.0,-0.2115
20150.0,-0.0302
20155.0,0.0504
20160.0,-0.0101
20165.0,-0.2115
20170.0,0.1309
20175.0,-0.0504
20180.0,0.1712
20185.0,-0.1914
20190.0,-0.1410
20195.0,0.0403
20200.0,-0.0906
20205.0,-0.1209
20210.0,-0.0403
20215.0,-0.1108
20220.0,0.0201
20225.0,-0.3223
20230.0,0.0201
20235.0,-0.2014
20240.0,-0.1914
20245.0,-0.2619
20250.0,-0.3525
20255.0,-0.8964
20260.0,-0.6648
20265.0,-0.7453
20270.0,-0.5036
20275.0,-0.9871
20280.0,-0.6345
20285.0,-0.8259
20290.0,-0.5942
20295.0,-0.4230
20300.0,-0.2518
20305.0,-0.4230
20310.0,0.0101
20315.0,0.1309
20320.0,0.1813
20325.0,-0.0101
20330.0,-0.1007
20335.0,0.0000
20340.0,-0.0906
20345.0,-0.1813
20350.0,0.0000
20355.0,-0.1612
20360.0,-0.0504
20365.0,-0.2317
20370.0,-0.2216
20375.0,-0.2719
20380.0,-0.0705
20385.0,0.0806
20390.0,-0.0906
20395.0,-0.1712
20400.0,0.0604
20405.0,-0.2216
20410.0,-0.1007
20415.0,-0.4935
20420.0,-0.1108
20425.0,-0.5036
20430.0,-0.3223
20435.0,-0.1209
20440.0,0.0403
20445.0,-0.0201
20450.0,0.1108
20455.0,-0.0302
20460.0,0.0302
20465.0,-0.1712
20470.0,0.0806
20475.0,-0.1209
20480.0,-0.0302
20485.0,-0.2518
20490.0,-0.1209
20495.0,-0.1209
20500.0,-0.0705
20505.0,0.0806
20510.0,-0.1108
20515.0,-0.2216
20520.0,-0.0101
20525.0,-0.2317
20530.0,0.0201
20535.0,-0.1410
20540.0,-0.1309
20545.0,-0.3626
20550.0,-0.5338
20555.0,-0.8662
20560.0,-0.5741
20565.0,-0.5942
20570.0,-0.7353
20575.0,-1.2288
20580.0,-0.7353
20585.0,-1.0374
20590.0,-0.5137
20595.0,-0.5439
20600.0,-0.1108
20605.0,-0.4935
20610.0,-0.0302
20615.0,-0.2719
20620.0,-0.1914
20625.0,-0.0604
20630.0,0.0000
20635.0,-0.0604
20640.0,0.1410
20645.0,-0.0201
20650.0,0.1209
20655.0,-0.1914
20660.0,-0.0705
20665.0,-0.2317
20670.0,0.0000
20675.0,-0.2417
20680.0,-0.0906
20685.0,0.0403
20690.0,-0.1410
20695.0,-0.1209
20700.0,-0.1209
20705.0,-0.1612
20710.0,-0.3022
20715.0,-0.2820
20720.0,-0.1612
20725.0,-0.5338
20730.0,-0.0101
20735.0,-0.1007
20740.0,-0.0504
20745.0,0.0906
20750.0,-0.0201
20755.0,0.0705
20760.0,-0.0101
20765.0,-0.0504
20770.0,-0.0604
20775.0,-0.3122
20780.0,0.1309
20785.0,-0.3022
20790.0,0.0806
20795.0,-0.0201
20800.0,-0.1612
20805.0,0.0504
20810.0,0.0101
20815.0,0.0403
20820.0,0.0906
20825.0,-0.1309
20830.0,-0.1209
20835.0,-0.2417
20840.0,-0.1511
20845.0,-0.4230
20850.0,-0.5237
20855.0,-0.9266
20860.0,-0.5942
20865.0,-0.6950
20870.0,-0.8259
20875.0,-1.1381
20880.0,-0.8561
20885.0,-0.8964
20890.0,-0.3928
20895.0,-0.3727
20900.0,-0.2619
20905.0,-0.1511
20910.0,-0.0906
20915.0,-0.3727
20920.0,0.0201
20925.0,-0.2719
20930.0,-0.1410
20935.0,0.0403
20940.0,-0.0201
20945.0,0.1712
20950.0,0.1309
20955.0,0.1712
20960.0,-0.1309
20965.0,-0.3122
20970.0,-0.0604
20975.0,-0.2115
20980.0,0.0000
20985.0,-0.1712
20990.0,-0.0302
20995.0,-0.1410
21000.0,-0.1511
21005.0,-0.0504
21010.0,-0.3626
21015.0,-0.1612
21020.0,-0.4331
21025.0,-0.5338
21030.0,0.0201
21035.0,-0.3424
21040.0,0.0101
21045.0,-0.0201
21050.0,0.0504
21055.0,-0.1108
21060.0,-0.1813
21065.0,0.0000
21070.0,-0.1309
21075.0,-0.0806
21080.0,-0.1209
21085.0,-0.2115
21090.0,0.1108
21095.0,-0.2719
21100.0,0.0504
21105.0,0.0000
21110.0,-0.0302
21115.0,0.0806
21120.0,0.0604
21125.0,0.1007
21130.0,-0.1007
21135.0,-0.3626
21140.0,-0.2115
21145.0,-0.5640
21150.0,-0.5338
21155.0,-0.7755
21160.0,-0.7050
21165.0,-0.8561
21170.0,-0.8259
21175.0,-1.1784
21180.0,-0.7252
21185.0,-0.6547
21190.0,-0.4331
21195.0,-0.1914
21200.0,-0.1612
21205.0,-0.2216
21210.0,0.1410
21215.0,-0.2619
21220.0,-0.1007
21225.0,-0.1914
21230.0,0.1712
21235.0,-0.1007
21240.0,0.1410
21245.0,0.0806
21250.0,-0.1712
21255.0,0.0101
21260.0,0.1108
21265.0,-0.2820
21270.0,-0.1914
21275.0,-0.1209
21280.0,0.0403
21285.0,-0.1813
21290.0,0.0101
21295.0,-0.2317
21300.0,-0.1813
21305.0,-0.2417
21310.0,-0.5137
21315.0,-0.2417
21320.0,-0.3525
21325.0,-0.3424
21330.0,-0.1813
21335.0,-0.2317
21340.0,0.0504
21345.0,-0.1612
21350.0,-0.0604
21355.0,-0.3223
21360.0,-0.0906
21365.0,-0.2619
21370.0,-0.0906
21375.0,0.1007
21380.0,-0.0201
21385.0,0.0906
21390.0,0.1108
21395.0,-0.2317
21400.0,-0.0201
21405.0,-0.3223
21410.0,0.0101
21415.0,-0.2216
21420.0,-0.1309
21425.0,-0.1209
21430.0,0.0403
21435.0,-0.2115
21440.0,-0.2417
21445.0,-0.7655
21450.0,-0.7050
21455.0,-0.8863
21460.0,-0.5640
21465.0,-0.9367
21470.0,-0.9165
21475.0,-1.1683
21480.0,-0.7252
21485.0,-0.5842
21490.0,-0.3928
21495.0,-0.3424
21500.0,-0.2115
21505.0,0.0705
21510.0,-0.0302
21515.0,-0.1007
21520.0,0.1309
21525.0,-0.0302
21530.0,0.0604
21535.0,-0.2014
21540.0,0.1914
21545.0,-0.2518
21550.0,-0.0906
21555.0,0.0705
21560.0,-0.1309
21565.0,0.0000
21570.0,-0.0806
21575.0,-0.2317
21580.0,0.0403
21585.0,-0.1712
21590.0,0.0403
21595.0,-0.1914
21600.0,-0.0806
21605.0,-0.4029
21610.0,-0.2921
21615.0,-0.3022
21620.0,-0.3727
21625.0,-0.2921
21630.0,-0.2619
21635.0,-0.0604
21640.0,-0.1712
21645.0,-0.2115
21650.0,0.0201
21655.0,-0.3022
21660.0,-0.1108
21665.0,-0.2216
21670.0,0.0201
21675.0,-0.1914
21680.0,-0.1410
21685.0,0.0403
21690.0,0.1309
21695.0,0.0403
21700.0,-0.0302
21705.0,-0.2518
21710.0,0.1410
21715.0,-0.1914
21720.0,0.0504
21725.0,-0.0604
21730.0,-0.0906
21735.0,-0.3928
21740.0,-0.4734
21745.0,-0.8964
21750.0,-0.4432
21755.0,-0.7353
21760.0,-0.6446
21765.0,-0.8360
21770.0,-0.6547
21775.0,-1.0777
21780.0,-0.6144
21785.0,-0.5036
21790.0,-0.1410
21795.0,-0.4633
21800.0,-0.2719
21805.0,-0.0604
21810.0,-0.0806
21815.0,-0.0302
21820.0,0.0604
21825.0,-0.1511
21830.0,-0.0201
21835.0,-0.1511
21840.0,0.0403
21845.0,-0.2014
21850.0,0.0201
21855.0,-0.2518
21860.0,-0.2417
21865.0,-0.2216
21870.0,-0.1309
21875.0,0.1813
21880.0,-0.1309
21885.0,-0.2216
21890.0,-0.1209
21895.0,-0.2921
21900.0,-0.1007
21905.0,-0.4734
21910.0,-0.1612
21915.0,-0.2719
21920.0,0.0201
21925.0,0.1007
21930.0,-0.0504
21935.0,-0.1209
21940.0,-0.2115
21945.0,0.0201
21950.0,-0.0705
21955.0,-0.2719
21960.0,0.0403
21965.0,-0.3022
21970.0,-0.0705
21975.0,-0.1309
21980.0,-0.0806
21985.0,-0.0906
21990.0,0.0101
21995.0,-0.0201
22000.0,-0.1712
22005.0,-0.1712
22010.0,-0.1612
22015.0,-0.2619
22020.0,0.1108
22025.0,0.0201
22030.0,0.0403
22035.0,-0.1108
22040.0,-0.2115
22045.0,-0.8259
22050.0,-0.7353
22055.0,-0.7755
22060.0,-0.6345
22065.0,-1.1583
22070.0,-0.8460
22075.0,-0.8863
22080.0,-0.4935
22085.0,-0.5439
22090.0,-0.1007
22095.0,-0.3928
22100.0,0.0201
22105.0,-0.2216
22110.0,-0.2417
22115.0,-0.1410
22120.0,-0.1612
22125.0,-0.0604
22130.0,0.1410
22135.0,0.0806
22140.0,-0.0705
22145.0,-0.1511
22150.0,0.1007
22155.0,-0.1813
22160.0,-0.1108
22165.0,-0.3525
22170.0,-0.0101
22175.0,-0.0504
22180.0,-0.1813
22185.0,-0.1309
22190.0,0.0302
22195.0,-0.1511
22200.0,-0.2719
22205.0,-0.3022
22210.0,-0.1813
22215.0,-0.2719
22220.0,0.1007
22225.0,-0.1511
22230.0,-0.0302
22235.0,-0.0201
22240.0,-0.0504
22245.0,-0.0705
22250.0,-0.0705
22255.0,-0.2417
22260.0,-0.0806
22265.0,-0.0806
22270.0,0.1712
22275.0,-0.2014
22280.0,0.1108
22285.0,-0.0906
22290.0,-0.1914
22295.0,-0.2921
22300.0,-0.1712
22305.0,0.1108
22310.0,-0.1410
22315.0,-0.2921
22320.0,-0.0604
22325.0,-0.1209
22330.0,-0.0604
22335.0,-0.4633
22340.0,-0.5540
22345.0,-0.7353
22350.0,-0.5439
22355.0,-0.4432
22360.0,-0.3928
22365.0,-0.8158
22370.0,-0.9165
22375.0,-0.7353
22380.0,-0.2317
22385.0,-0.3424
22390.0,-0.1309
22395.0,-0.3727
22400.0,0.0604
22405.0,-0.3525
22410.0,0.1108
22415.0,-0.1410
22420.0,-0.0101
22425.0,-0.0705
22430.0,-0.0604
22435.0,0.0000
22440.0,-0.1309
22445.0,-0.1309
22450.0,-0.0604
22455.0,-0.1511
22460.0,-0.0806
22465.0,-0.4633
22470.0,0.0201
22475.0,-0.0806
22480.0,-0.0604
22485.0,0.0604
22490.0,-0.0705
22495.0,0.0705
22500.0,-0.1511
22505.0,-0.2921
22510.0,-0.1108
22515.0,-0.2518
22520.0,0.1511
22525.0,0.0302
22530.0,0.0604
22535.0,-0.2317
22540.0,-0.1914
22545.0,-0.1007
22550.0,0.0705
22555.0,0.0504
22560.0,-0.1612
22565.0,-0.1914
22570.0,0.0705
22575.0,-0.1511
22580.0,0.1209
22585.0,-0.2317
22590.0,-0.0302
22595.0,-0.1309
22600.0,-0.0201
22605.0,-0.1209
22610.0,-0.1410
22615.0,-0.1007
22620.0,-0.1813
22625.0,-0.1309
22630.0,-0.2417
22635.0,-0.6446
22640.0,-0.5338
22645.0,-0.9568
22650.0,-0.6144
22655.0,-0.6144
22660.0,-0.7050
22665.0,-1.2288
22670.0,-0.7856
22675.0,-0.7353
22680.0,-0.2719
22685.0,-0.2216
22690.0,-0.1007
22695.0,-0.2921
22700.0,-0.0604
22705.0,-0.0302
22710.0,0.1410
22715.0,-0.0806
22720.0,0.2014
22725.0,-0.1108
22730.0,-0.1309
22735.0,-0.0705
22740.0,0.0604
22745.0,-0.0604
22750.0,0.0604
22755.0,0.0906
22760.0,0.1108
22765.0,-0.1712
22770.0,-0.0705
22775.0,-0.2216
22780.0,0.1209
22785.0,0.0302
22790.0,-0.2014
22795.0,-0.2115
22800.0,-0.4432
22805.0,-0.1712
22810.0,-0.5036
22815.0,-0.1309
22820.0,0.0000
22825.0,-0.0201
22830.0,0.0906
22835.0,-0.0302
22840.0,0.1108
22845.0,0.0201
22850.0,-0.0806
22855.0,0.0201
22860.0,0.0201
22865.0,-0.0906
22870.0,0.0705
22875.0,0.0906
22880.0,0.0806
22885.0,-0.2820
22890.0,0.0201
22895.0,-0.1309
22900.0,0.1309
22905.0,0.0101
22910.0,-0.0403
22915.0,-0.1007
22920.0,-0.1410
22925.0,-0.2216
22930.0,-0.2619
22935.0,-0.5137
22940.0,-0.6748
22945.0,-0.8561
22950.0,-0.5942
22955.0,-0.8058
22960.0,-0.8964
22965.0,-1.1784
22970.0,-0.7252
22975.0,-0.4432
22980.0,-0.3727
22985.0,-0.2317
22990.0,-0.0504
22995.0,-0.1007
23000.0,0.1511
23005.0,0.0302
23010.0,0.0806
23015.0,-0.0906
23020.0,-0.0302
23025.0,-0.2820
23030.0,0.0906
23035.0,-0.0403
23040.0,0.1309
23045.0,0.0705
23050.0,-0.2921
23055.0,-0.0604
23060.0,0.1511
23065.0,-0.0201
23070.0,0.1612
23075.0,0.0302
23080.0,0.1410
23085.0,-0.0101
23090.0,0.1108
23095.0,-0.1209
23100.0,-0.3626
23105.0,-0.3525
23110.0,-0.2317
23115.0,-0.1007
23120.0,-0.1108
23125.0,-0.1108
23130.0,-0.0806
23135.0,-0.0906
23140.0,0.0906
23145.0,-0.2518
23150.0,-0.0504
23155.0,-0.1410
23160.0,-0.1410
23165.0,-0.1813
23170.0,0.0000
23175.0,-0.0201
23180.0,-0.1007
23185.0,-0.1309
23190.0,0.1813
23195.0,-0.0604
23200.0,0.1108
23205.0,-0.1410
23210.0,0.1007
23215.0,-0.0906
23220.0,-0.0101
23225.0,-0.3525
23230.0,-0.1914
23235.0,-0.6547
23240.0,-0.5237
23245.0,-0.6043
23250.0,-0.6446
23255.0,-1.0173
23260.0,-0.7755
23265.0,-1.0777
23270.0,-0.5540
23275.0,-0.5137
23280.0,-0.2417
23285.0,-0.3626
23290.0,-0.1108
23295.0,-0.1108
23300.0,-0.0705
23305.0,-0.0705
23310.0,-0.1712
23315.0,-0.0403
23320.0,0.0302
23325.0,-0.0604
23330.0,0.2216
23335.0,-0.0806
23340.0,0.1108
23345.0,-0.1108
23350.0,-0.1813
23355.0,-0.3324
23360.0,-0.2518
23365.0,-0.0101
23370.0,0.0000
23375.0,-0.0201
23380.0,-0.1309
23385.0,-0.0806
23390.0,-0.0705
23395.0,-0.5640
23400.0,-0.1511
23405.0,-0.3324
23410.0,-0.3424
23415.0,-0.2719
23420.0,0.0806
23425.0,0.0504
23430.0,-0.0504
23435.0,0.0201
23440.0,0.0302
23445.0,-0.3324
23450.0,0.1209
23455.0,-0.2820
23460.0,0.0403
23465.0,0.0101
23470.0,-0.0201
23475.0,-0.1108
23480.0,-0.1007
23485.0,-0.0302
23490.0,-0.0504
23495.0,-0.2115
23500.0,-0.1612
23505.0,-0.1108
23510.0,0.0101
23515.0,-0.1813
23520.0,-0.0906
23525.0,-0.3827
23530.0,-0.4432
23535.0,-0.6043
23540.0,-0.4230
23545.0,-0.4532
23550.0,-0.4230
23555.0,-1.0475
23560.0,-0.6043
23565.0,-0.8763
23570.0,-0.3022
23575.0,-0.4633
23580.0,-0.0906
23585.0,-0.3928
23590.0,-0.0101
23595.0,-0.0201
23600.0,-0.1209
23605.0,0.0403
23610.0,-0.0201
23615.0,0.0101
23620.0,0.0000
23625.0,-0.2115
23630.0,-0.0705
23635.0,-0.1712
23640.0,0.0101
23645.0,-0.2014
23650.0,0.0705
23655.0,-0.3122
23660.0,-0.0705
23665.0,-0.0201
23670.0,-0.0302
23675.0,0.0504
23680.0,-0.1108
23685.0,0.0000
23690.0,-0.1813
23695.0,-0.2115
23700.0,0.0504
23705.0,-0.4633
23710.0,-0.0806
23715.0,0.0705
23720.0,0.0604
23725.0,0.1410
23730.0,-0.0604
23735.0,-0.1108
23740.0,-0.0806
23745.0,-0.2115
23750.0,-0.0906
23755.0,-0.0906
23760.0,0.0101
23765.0,-0.2719
23770.0,0.0806
23775.0,-0.1813
23780.0,-0.1209
23785.0,-0.0101
23790.0,-0.0504
23795.0,-0.1511
23800.0,-0.0101
23805.0,-0.1410
23810.0,-0.0705
23815.0,-0.2820
23820.0,-0.1309
23825.0,-0.3727
23830.0,-0.3022
23835.0,-0.6748
23840.0,-0.4734
23845.0,-0.4029
23850.0,-0.6245
23855.0,-1.1583
23860.0,-0.8561
23865.0,-0.6043
23870.0,-0.4633
23875.0,-0.4633
23880.0,-0.0906
23885.0,-0.1914
23890.0,0.0906
23895.0,-0.2518
23900.0,0.2216
23905.0,-0.1914
23910.0,-0.0101
23915.0,0.0604
23920.0,-0.0705
23925.0,0.0906
23930.0,-0.0403
23935.0,-0.1914
23940.0,-0.0504
23945.0,-0.1511
23950.0,0.0403
23955.0,-0.1108
23960.0,-0.0403
23965.0,-0.1712
23970.0,0.0806
23975.0,0.0302
23980.0,-0.0302
23985.0,0.1108
23990.0,-0.3424
23995.0,-0.2417
24000.0,-0.4331
24005.0,-0.4633
24010.0,-0.0201
24015.0,-0.0806
24020.0,-0.0201
24025.0,-0.1007
24030.0,0.0906
24035.0,-0.0403
24040.0,-0.0201
24045.0,0.1108
24050.0,-0.1612
24055.0,-0.0504
24060.0,0.0000
24065.0,-0.1309
24070.0,0.2317
24075.0,-0.3122
24080.0,0.0201
24085.0,-0.0302
24090.0,0.0302
24095.0,0.0504
24100.0,0.1209
24105.0,0.0403
24110.0,-0.0302
24115.0,-0.1914
24120.0,-0.0906
24125.0,-0.5137
24130.0,-0.5942
24135.0,-0.8561
24140.0,-0.6345
24145.0,-0.8259
24150.0,-0.8058
24155.0,-1.1784
24160.0,-0.8058
24165.0,-0.6547
24170.0,-0.4130
24175.0,-0.2317
24180.0,-0.0403
24185.0,-0.2619
24190.0,-0.0604
24195.0,-0.1813
24200.0,0.1108
24205.0,-0.2216
24210.0,-0.0201
24215.0,0.0806
24220.0,-0.0101
24225.0,0.0201
24230.0,-0.1309
24235.0,-0.1511
24240.0,0.0403
24245.0,-0.1612
24250.0,-0.1612
24255.0,-0.1511
24260.0,-0.0201
24265.0,-0.2820
24270.0,0.0302
24275.0,-0.1712
24280.0,-0.1007
24285.0,-0.2115
24290.0,-0.4835
24295.0,-0.1813
24300.0,-0.1914
24305.0,-0.1309
24310.0,-0.1712
24315.0,-0.1712
24320.0,0.1410
24325.0,-0.1108
24330.0,0.0806
24335.0,0.1007
24340.0,-0.2014
24345.0,-0.2317
24350.0,0.0806
24355.0,0.1813
24360.0,-0.0504
24365.0,-0.2115
24370.0,0.0201
24375.0,-0.2115
24380.0,0.0000
24385.0,-0.2014
24390.0,0.0201
24395.0,-0.2014
24400.0,-0.0302
24405.0,-0.1007
24410.0,-0.0403
24415.0,-0.1209
24420.0,-0.3223
24425.0,-0.6446
24430.0,-0.6245
24435.0,-0.8662
24440.0,-0.6144
24445.0,-0.8259
24450.0,-0.7755
24455.0,-1.0374
24460.0,-0.4935
24465.0,-0.3525
24470.0,-0.2317
24475.0,-0.0504
24480.0,-0.2619
24485.0,0.0201
24490.0,-0.0705
24495.0,-0.1712
24500.0,0.1209
24505.0,-0.1410
24510.0,0.0705
24515.0,-0.0906
24520.0,0.0705
24525.0,-0.0201
24530.0,-0.1712
24535.0,-0.1209
24540.0,-0.1612
24545.0,-0.1309
24550.0,0.0201
24555.0,-0.1914
24560.0,-0.0705
24565.0,-0.0806
24570.0,0.0403
24575.0,-0.2317
24580.0,0.1612
24585.0,-0.2417
24590.0,-0.1914
24595.0,-0.0201
24600.0,-0.1410
24605.0,-0.1712
24610.0,-0.2417
24615.0,-0.0101
24620.0,0.0504
24625.0,-0.0101
24630.0,0.2216
24635.0,-0.0604
24640.0,0.1007
24645.0,-0.0604
24650.0,-0.2417
24655.0,-0.0906
24660.0,0.1007
24665.0,0.1511
24670.0,-0.1410
24675.0,0.0504
24680.0,0.1309
24685.0,-0.1108
24690.0,0.0000
24695.0,-0.3022
24700.0,0.0806
24705.0,-0.0504
24710.0,-0.1209
24715.0,-0.1813
24720.0,-0.4029
24725.0,-0.7856
24730.0,-0.5036
24735.0,-0.6446
24740.0,-0.5942
24745.0,-1.1683
24750.0,-0.9367
24755.0,-0.9971
24760.0,-0.4935
24765.0,-0.5237
24770.0,-0.1007
24775.0,-0.3223
24780.0,-0.2719
24785.0,-0.1712
24790.0,-0.0504
24795.0,0.0101
24800.0,0.1007
24805.0,-0.1209
24810.0,-0.1309
24815.0,0.0403
24820.0,0.0302
24825.0,-0.2518
24830.0,0.1108
24835.0,-0.1309
24840.0,-0.3424
24845.0,-0.2317
24850.0,-0.0604
24855.0,-0.0101
24860.0,0.1410
24865.0,-0.1612
24870.0,-0.1108
24875.0,-0.1712
24880.0,0.0000
24885.0,-0.3022
24890.0,-0.1914
24895.0,-0.4130
24900.0,-0.1612
24905.0,-0.1309
24910.0,0.0604
24915.0,-0.0604
24920.0,-0.1108
24925.0,-0.0604
24930.0,-0.0201
24935.0,-0.1209
24940.0,0.0000
24945.0,-0.4532
24950.0,0.1309
24955.0,-0.1410
24960.0,-0.0504
24965.0,0.0604
24970.0,-0.1511
24975.0,-0.0504
24980.0,-0.0302
24985.0,0.0101
24990.0,0.0604
24995.0,-0.3022
25000.0,0.2216
25005.0,-0.0101
25010.0,0.0705
25015.0,-0.1209
25020.0,-0.5237
25025.0,-0.7957
25030.0,-0.6648
25035.0,-0.7151
25040.0,-0.6245
25045.0,-1.0475
25050.0,-0.7353
25055.0,-0.8460
25060.0,-0.2820
25065.0,-0.3525
25070.0,-0.2014
25075.0,-0.3928
25080.0,-0.0101
25085.0,-0.2619
25090.0,-0.1007
25095.0,0.0906
25100.0,-0.1712
25105.0,-0.0403
25110.0,0.0806
25115.0,-0.1813
25120.0,-0.0201
25125.0,-0.2014
25130.0,-0.0504
25135.0,-0.1410
25140.0,0.0302
25145.0,-0.2619
25150.0,0.0000
25155.0,-0.0403
25160.0,-0.2115
25165.0,0.0000
25170.0,-0.1007
25175.0,-0.1410
25180.0,-0.2921
25185.0,-0.3928
25190.0,-0.0906
25195.0,-0.5137
25200.0,-0.0906
25205.0,-0.0806
25210.0,-0.1209
25215.0,-0.1612
25220.0,0.1209
25225.0,-0.0705
25230.0,0.0403
25235.0,-0.1007
25240.0,-0.1511
25245.0,-0.3324
25250.0,0.2619
25255.0,-0.0705
25260.0,0.1813
25265.0,-0.1914
25270.0,-0.1712
25275.0,0.0705
25280.0,-0.0705
25285.0,-0.0604
25290.0,-0.0201
25295.0,-0.1712
25300.0,-0.1309
25305.0,-0.2518
25310.0,-0.0906
25315.0,-0.3626
25320.0,-0.4230
25325.0,-0.9669
25330.0,-0.7050
25335.0,-0.5338
25340.0,-0.6849
25345.0,-1.1180
25350.0,-0.8158
25355.0,-0.7554
25360.0,-0.4935
25365.0,-0.4130
25370.0,-0.1712
25375.0,-0.2820
25380.0,0.0705
25385.0,-0.1209
25390.0,-0.0101
25395.0,-0.2216
25400.0,0.0806
25405.0,0.0101
25410.0,-0.0504
25415.0,0.1410
25420.0,-0.1108
25425.0,-0.1612
25430.0,0.1007
25435.0,-0.0906
25440.0,0.1813
25445.0,-0.3424
25450.0,-0.0504
25455.0,-0.0705
25460.0,-0.1410
25465.0,-0.0101
25470.0,-0.0403
25475.0,-0.0906
25480.0,-0.3424
25485.0,-0.2317
25490.0,-0.3928
25495.0,-0.4331
25500.0,-0.1410
25505.0,-0.2820
25510.0,0.0403
25515.0,-0.0604
25520.0,-0.0504
25525.0,0.0403
25530.0,-0.1612
25535.0,0.0504
25540.0,-0.1108
25545.0,-0.1410
25550.0,-0.0302
25555.0,-0.1612
25560.0,-0.0403
25565.0,-0.2317
25570.0,0.0705
25575.0,-0.1410
25580.0,-0.0403
25585.0,-0.0906
25590.0,-0.1712
25595.0,0.0101
25600.0,-0.0302
25605.0,-0.2820
25610.0,-0.2317
25615.0,-0.3928
25620.0,-0.6648
25625.0,-0.9065
25630.0,-0.3727
25635.0,-0.5640
25640.0,-0.6748
25645.0,-1.0777
25650.0,-0.5540
25655.0,-0.7151
25660.0,-0.4230
25665.0,-0.1914
25670.0,-0.2619
25675.0,-0.2518
25680.0,0.0504
25685.0,-0.1007
25690.0,0.1007
25695.0,-0.2619
25700.0,-0.0705
25705.0,-0.1914
25710.0,-0.0302
25715.0,-0.0806
25720.0,-0.1007
25725.0,0.0806
25730.0,-0.1309
25735.0,-0.1108
25740.0,-0.1007
25745.0,-0.1209
25750.0,0.0302
25755.0,-0.0504
25760.0,0.0000
25765.0,-0.2820
25770.0,-0.2014
25775.0,-0.1511
25780.0,-0.4130
25785.0,-0.1712
25790.0,-0.3928
25795.0,-0.3122
25800.0,-0.0806
25805.0,-0.1511
25810.0,0.0302
25815.0,-0.0906
25820.0,0.1007
25825.0,-0.2518
25830.0,-0.0504
25835.0,0.0000
25840.0,0.1108
25845.0,-0.0302
25850.0,0.1309
25855.0,0.0000
25860.0,0.0705
25865.0,-0.2619
25870.0,0.1108
25875.0,-0.2417
25880.0,0.1007
25885.0,0.0302
25890.0,-0.1813
25895.0,-0.2216
25900.0,-0.1209
25905.0,-0.2115
25910.0,-0.2317
25915.0,-0.6648
25920.0,-0.6748
25925.0,-0.9669
25930.0,-0.5842
25935.0,-0.8158
25940.0,-0.9065
25945.0,-1.1583
25950.0,-0.6950
25955.0,-0.7353
25960.0,-0.3928
25965.0,-0.2216
25970.0,-0.2216
25975.0,-0.0604
25980.0,-0.0504
25985.0,-0.2014
25990.0,-0.0504
25995.0,-0.1108
26000.0,0.0101
26005.0,-0.2014
26010.0,0.0101
26015.0,-0.2115
26020.0,-0.1914
26025.0,-0.0604
26030.0,-0.1511
26035.0,-0.1410
26040.0,0.0000
26045.0,0.0302
26050.0,0.0403
26055.0,-0.0604
26060.0,0.0806
26065.0,-0.0201
26070.0,0.0806
26075.0,-0.2518
26080.0,-0.2317
26085.0,-0.1511
26090.0,-0.4432
26095.0,-0.1914
26100.0,-0.1108
26105.0,-0.1813
26110.0,-0.0403
26115.0,-0.1813
26120.0,-0.0302
26125.0,-0.0806
26130.0,-0.1007
26135.0,-0.1712
26140.0,-0.0906
26145.0,-0.1612
26150.0,0.0806
26155.0,0.0000
26160.0,-0.2417
26165.0,-0.2518
26170.0,-0.0101
26175.0,-0.2921
26180.0,0.0705
26185.0,-0.2619
26190.0,-0.0906
26195.0,-0.2417
26200.0,-0.0504
26205.0,-0.2115
26210.0,-0.4935
26215.0,-0.8662
26220.0,-0.6849
26225.0,-0.7252
26230.0,-0.6748
26235.0,-1.1784
26240.0,-0.9165
26245.0,-1.0576
26250.0,-0.4130
26255.0,-0.5137
26260.0,-0.1108
26265.0,-0.2518
26270.0,0.0906
26275.0,-0.0504
26280.0,-0.0806
26285.0,-0.0302
26290.0,-0.0302
26295.0,-0.0906
26300.0,0.0000
26305.0,0.1108
26310.0,-0.0101
26315.0,-0.0906
26320.0,0.0705
26325.0,-0.1209
26330.0,-0.0604
26335.0,-0.0504
26340.0,-0.2317
26345.0,-0.0302
26350.0,-0.0504
26355.0,-0.0101
26360.0,-0.0101
26365.0,-0.0604
26370.0,-0.0403
26375.0,-0.5842
26380.0,0.0604
26385.0,-0.2115
26390.0,-0.0403
26395.0,-0.0705
26400.0,-0.1309
26405.0,0.0302
26410.0,0.0604
26415.0,-0.0302
26420.0,0.1209
26425.0,-0.1712
26430.0,-0.0403
26435.0,-0.3122
26440.0,0.1007
26445.0,-0.0504
26450.0,0.1108
26455.0,-0.0403
26460.0,0.0201
26465.0,0.0604
26470.0,0.0403
26475.0,0.0806
26480.0,-0.0302
26485.0,-0.2719
26490.0,0.0604
26495.0,-0.1108
26500.0,-0.0201
26505.0,-0.1410
26510.0,-0.4835
26515.0,-0.6144
26520.0,-0.4331
26525.0,-0.5540
26530.0,-0.5137
26535.0,-1.1381
26540.0,-0.9065
26545.0,-0.9266
26550.0,-0.5540
26555.0,-0.5237
26560.0,-0.0201
26565.0,-0.3827
26570.0,-0.0504
26575.0,-0.1511
26580.0,-0.0302
26585.0,0.0403
26590.0,0.0201
26595.0,-0.0806
26600.0,0.0000
26605.0,0.0201
26610.0,-0.0504
26615.0,0.1108
26620.0,0.0201
26625.0,-0.1612
26630.0,0.1712
26635.0,-0.0806
26640.0,0.0000
26645.0,0.1209
26650.0,-0.1410
26655.0,0.0906
26660.0,-0.0504
26665.0,-0.1813
26670.0,-0.2719
26675.0,-0.1712
26680.0,-0.1309
26685.0,-0.5237
26690.0,0.0906
26695.0,-0.1511
26700.0,-0.0705
26705.0,0.0201
26710.0,-0.0504
26715.0,0.0906
26720.0,-0.0302
26725.0,-0.1813
26730.0,0.0201
26735.0,-0.2014
26740.0,0.0000
26745.0,-0.2719
26750.0,0.0705
26755.0,-0.1612
26760.0,-0.0403
26765.0,0.0403
26770.0,-0.0604
26775.0,0.0201
26780.0,0.0302
26785.0,0.0604
26790.0,-0.0806
26795.0,-0.2014
26800.0,0.0201
26805.0,-0.3122
26810.0,-0.4633
26815.0,-0.8058
26820.0,-0.6950
26825.0,-0.5036
26830.0,-0.7655
26835.0,-1.1482
26840.0,-0.8561
26845.0,-0.7453
26850.0,-0.4432
26855.0,-0.3525
26860.0,-0.1914
26865.0,-0.2518
26870.0,0.0906
26875.0,-0.2619
26880.0,-0.0201
26885.0,-0.0604
26890.0,0.0302
26895.0,-0.0302
26900.0,-0.0201
26905.0,-0.0302
26910.0,0.0302
26915.0,-0.1007
26920.0,-0.0504
26925.0,0.0000
26930.0,-0.0302
26935.0,-0.3324
26940.0,-0.0201
26945.0,-0.1108
26950.0,-0.0906
26955.0,-0.0604
26960.0,0.0000
26965.0,-0.1007
26970.0,-0.2317
26975.0,-0.0403
26980.0,-0.3626
26985.0,-0.3122
26990.0,-0.0101
26995.0,-0.2115
27000.0,0.1209
27005.0,-0.0302
27010.0,0.1007
27015.0,0.0604
27020.0,-0.0201
27025.0,0.1410
27030.0,-0.0906
27035.0,-0.0201
27040.0,0.1108
27045.0,-0.2115
27050.0,-0.0201
27055.0,-0.2921
27060.0,0.1712
27065.0,-0.0504
27070.0,0.0604
27075.0,-0.0101
27080.0,0.0101
27085.0,-0.0705
27090.0,-0.1511
27095.0,-0.2014
27100.0,-0.0302
27105.0,-0.5942
27110.0,-0.6446
27115.0,-0.9871
27120.0,-0.5741
27125.0,-0.7050
27130.0,-0.8763
27135.0,-1.1381
27140.0,-0.6648
27145.0,-0.6547
27150.0,-0.4835
27155.0,-0.3424
27160.0,-0.2619
27165.0,-0.2719
27170.0,-0.2014
27175.0,-0.2417
27180.0,0.1007
27185.0,-0.0806
27190.0,0.0906
27195.0,0.0403
27200.0,0.0101
27205.0,-0.0101
27210.0,0.1209
27215.0,0.1007
27220.0,0.2115
27225.0,-0.0201
27230.0,0.1209
27235.0,-0.0906
27240.0,0.1209
27245.0,-0.0705
27250.0,0.2115
27255.0,-0.2115
27260.0,-0.1914
27265.0,-0.1108
27270.0,-0.4331
27275.0,-0.1511
27280.0,-0.2216
27285.0,-0.3223
27290.0,-0.0403
27295.0,-0.1007
27300.0,0.0906
27305.0,-0.1108
27310.0,0.1309
27315.0,-0.1511
27320.0,-0.0806
27325.0,-0.1410
27330.0,-0.0504
27335.0,0.0906
27340.0,-0.0906
27345.0,-0.0101
27350.0,0.0705
27355.0,-0.2115
27360.0,0.1007
27365.0,-0.1612
27370.0,0.0504
27375.0,-0.0906
27380.0,0.0403
27385.0,-0.0101
27390.0,0.1612
27395.0,0.1007
27400.0,-0.1209
27405.0,-0.5741
27410.0,-0.6345
27415.0,-0.8763
27420.0,-0.5741
27425.0,-0.7151
27430.0,-0.8662
27435.0,-0.9971
27440.0,-0.7453
27445.0,-0.6748
27450.0,-0.3727
27455.0,-0.2820
27460.0,-0.1410
27465.0,-0.0302
27470.0,-0.1209
27475.0,-0.0705
27480.0,-0.0302
27485.0,-0.0806
27490.0,0.1108
27495.0,-0.3022
27500.0,0.0705
27505.0,-0.0906
27510.0,-0.0302
27515.0,0.0705
27520.0,-0.1914
27525.0,-0.1511
27530.0,-0.0403
27535.0,-0.1108
27540.0,0.1007
27545.0,0.0302
27550.0,0.0101
27555.0,-0.1612
27560.0,0.0705
27565.0,-0.2417
27570.0,-0.1108
27575.0,-0.3928
27580.0,-0.3324
27585.0,-0.0906
27590.0,-0.0806
27595.0,-0.0403
27600.0,-0.0101
27605.0,-0.2216
27610.0,0.1511
27615.0,-0.2014
27620.0,-0.0403
27625.0,-0.1813
27630.0,0.0302
27635.0,-0.1813
27640.0,-0.0705
27645.0,0.1007
27650.0,-0.0604
27655.0,-0.0101
27660.0,0.1511
27665.0,-0.2014
27670.0,0.0705
27675.0,-0.1108
27680.0,0.0201
27685.0,-0.1712
27690.0,-0.0906
27695.0,-0.3525
27700.0,-0.3424
27705.0,-0.7353
27710.0,-0.5540
27715.0,-0.5741
27720.0,-0.5640
27725.0,-1.0374
27730.0,-0.7655
27735.0,-1.0676
27740.0,-0.3928
27745.0,-0.5842
27750.0,-0.0302
27755.0,-0.2719
27760.0,-0.0504
27765.0,-0.0403
27770.0,0.1007
27775.0,0.1209
27780.0,0.0705
27785.0,0.1813
27790.0,-0.0705
27795.0,-0.2719
27800.0,0.1209
27805.0,-0.0403
27810.0,0.1209
27815.0,-0.1108
27820.0,-0.3022
27825.0,-0.1410
27830.0,-0.0504
27835.0,0.0000
27840.0,0.1914
27845.0,-0.1007
27850.0,-0.0906
27855.0,-0.1712
27860.0,-0.0201
27865.0,-0.5036
27870.0,-0.1108
27875.0,-0.3424
27880.0,-0.3324
27885.0,-0.1511
27890.0,0.0101
27895.0,0.0302
27900.0,0.0504
27905.0,-0.1108
27910.0,-0.1007
27915.0,-0.0705
27920.0,0.0403
27925.0,-0.2820
27930.0,0.1209
27935.0,-0.2115
27940.0,0.0705
27945.0,-0.0604
27950.0,-0.0504
27955.0,0.0101
27960.0,-0.1108
27965.0,-0.1511
27970.0,0.0806
27975.0,-0.0101
27980.0,0.1309
27985.0,-0.0504
27990.0,0.0604
27995.0,-0.1712
28000.0,-0.2619
28005.0,-0.8964
28010.0,-0.5942
28015.0,-0.6950
28020.0,-0.7252
28025.0,-0.9971
28030.0,-0.8158
28035.0,-0.9971
28040.0,-0.5036
28045.0,-0.5640
28050.0,-0.0705
28055.0,-0.3928
28060.0,-0.1007
28065.0,-0.0403
28070.0,-0.0302
28075.0,-0.0101
28080.0,0.1612
28085.0,-0.0302
28090.0,-0.0705
28095.0,-0.1209
28100.0,-0.0302
28105.0,-0.1108
28110.0,0.0906
28115.0,-0.2719
28120.0,0.1813
28125.0,-0.0403
28130.0,0.0101
28135.0,0.1410
28140.0,-0.0705
28145.0,0.1309
28150.0,0.0101
28155.0,-0.1612
28160.0,-0.1914
28165.0,-0.3324
28170.0,-0.1612
28175.0,-0.4633
28180.0,-0.0302
28185.0,-0.1511
28190.0,0.0000
28195.0,0.0000
28200.0,-0.0604
28205.0,0.0302
28210.0,-0.0302
28215.0,-0.1309
28220.0,0.1108
28225.0,-0.3122
28230.0,0.0403
28235.0,-0.0101
28240.0,0.0504
28245.0,-0.1410
28250.0,0.0705
28255.0,-0.0403
28260.0,0.0504
28265.0,0.0201
28270.0,-0.0201
28275.0,-0.0101
28280.0,0.1007
28285.0,-0.3827
28290.0,-0.1007
28295.0,-0.1813
28300.0,-0.4130
28305.0,-0.7252
28310.0,-0.5237
28315.0,-0.5338
28320.0,-0.6043
28325.0,-0.9971
28330.0,-0.8662
28335.0,-0.8158
28340.0,-0.2719
28345.0,-0.3626
28350.0,-0.2317
28355.0,-0.1511
28360.0,-0.0302
28365.0,-0.2921
28370.0,0.0705
28375.0,-0.1712
28380.0,-0.0906
28385.0,-0.0201
28390.0,-0.1410
28395.0,0.0302
28400.0,0.0201
28405.0,-0.0504
28410.0,0.0302
28415.0,-0.2115
28420.0,-0.1108
28425.0,-0.2619
28430.0,0.1007
28435.0,-0.0302
28440.0,0.1007
28445.0,-0.0906
28450.0,-0.1712
28455.0,-0.0101
28460.0,-0.3223
28465.0,-0.1914
28470.0,-0.3827
28475.0,-0.5036
28480.0,-0.0302
28485.0,-0.1712
28490.0,0.0504
28495.0,-0.0201
28500.0,0.0201
28505.0,-0.1108
28510.0,-0.0705
28515.0,0.0705
28520.0,-0.1108
28525.0,-0.0906
28530.0,-0.0101
28535.0,-0.0705
28540.0,0.1712
28545.0,-0.0806
28550.0,0.1712
28555.0,-0.1813
28560.0,-0.1410
28565.0,0.0000
28570.0,-0.0403
28575.0,0.0000
28580.0,0.0504
28585.0,-0.2921
28590.0,-0.0705
28595.0,-0.6043
28600.0,-0.4835
28605.0,-0.8360
28610.0,-0.6345
28615.0,-0.8763
28620.0,-0.9568
28625.0,-1.0676
28630.0,-0.6648
28635.0,-0.6245
28640.0,-0.3626
28645.0,-0.2115
28650.0,0.0000
28655.0,-0.1914
28660.0,0.0302
28665.0,-0.1612
28670.0,0.0101
28675.0,-0.1914
28680.0,0.1007
28685.0,-0.0504
28690.0,0.0604
28695.0,-0.1007
28700.0,-0.1410
28705.0,0.1007
28710.0,0.0403
28715.0,-0.1108
28720.0,0.0504
28725.0,0.0302
28730.0,0.1209
28735.0,-0.0403
28740.0,0.0705
28745.0,-0.2115
28750.0,-0.1007
28755.0,-0.2518
28760.0,-0.4835
28765.0,-0.0504
28770.0,-0.4331
28775.0,-0.3928
28780.0,0.0000
28785.0,-0.1309
28790.0,0.0806
28795.0,-0.0201
28800.0,0.0403
28805.0,-0.1612
28810.0,-0.1108
28815.0,-0.1209
28820.0,-0.0302
28825.0,0.0101
28830.0,-0.1410
28835.0,0.0000
28840.0,-0.0101
28845.0,-0.1612
28850.0,0.1007
28855.0,-0.2115
28860.0,-0.0403
28865.0,-0.0604
28870.0,0.0000
28875.0,-0.1007
28880.0,0.1612
28885.0,-0.1813
28890.0,-0.3122
28895.0,-0.6748
28900.0,-0.5942
28905.0,-0.7856
28910.0,-0.4835
28915.0,-0.9065
28920.0,-0.8964
28925.0,-1.1381
28930.0,-0.6748
28935.0,-0.5540
28940.0,-0.3626
28945.0,-0.3424
28950.0,-0.1914
28955.0,-0.0302
28960.0,0.1511
28965.0,-0.1309
28970.0,-0.0604
28975.0,0.0504
28980.0,0.1007
28985.0,-0.1612
28990.0,0.1209
28995.0,-0.1712
29000.0,-0.1108
29005.0,-0.0504
29010.0,-0.1209
29015.0,0.0201
29020.0,-0.0302
29025.0,-0.0504
29030.0,-0.0201
29035.0,-0.0504
29040.0,0.0604
29045.0,-0.2921
29050.0,0.0906
29055.0,-0.3626
29060.0,-0.2619
29065.0,-0.3122
29070.0,-0.4230
29075.0,-0.1108
29080.0,-0.1007
29085.0,-0.0806
29090.0,0.1309
29095.0,-0.2115
29100.0,0.1108
29105.0,-0.1712
29110.0,-0.0705
29115.0,-0.2417
29120.0,-0.0705
29125.0,-0.2115
29130.0,-0.0201
29135.0,0.0504
29140.0,-0.0504
29145.0,-0.0403
29150.0,0.0000
29155.0,-0.2115
29160.0,0.1309
29165.0,-0.1410
29170.0,0.0201
29175.0,-0.1209
29180.0,-0.2014
29185.0,-0.2115
29190.0,-0.2820
29195.0,-0.7957
29200.0,-0.6446
29205.0,-0.7050
29210.0,-0.6648
29215.0,-0.8259
29220.0,-0.7151
29225.0,-0.8964
29230.0,-0.3827
29235.0,-0.3626
29240.0,-0.0101
29245.0,-0.1813
29250.0,0.0705
29255.0,-0.1309
29260.0,-0.1813
29265.0,-0.0604
29270.0,0.1209
29275.0,-0.0504
29280.0,0.0906
29285.0,-0.1108
29290.0,-0.0403
29295.0,-0.0806
29300.0,0.0705
29305.0,-0.1712
29310.0,-0.1309
29315.0,-0.2518
29320.0,-0.1612
29325.0,-0.0302
29330.0,0.0101
29335.0,-0.0504
29340.0,-0.1007
29345.0,-0.2518
29350.0,0.0604
29355.0,-0.4734
29360.0,-0.0403
29365.0,-0.3727
29370.0,-0.3022
29375.0,-0.1007
29380.0,0.0201
29385.0,0.1309
29390.0,-0.0201
29395.0,-0.1712
29400.0,-0.0101
29405.0,-0.1511
29410.0,0.0705
29415.0,-0.1511
29420.0,-0.0302
29425.0,-0.0906
29430.0,0.0806
29435.0,-0.0504
29440.0,-0.0403
29445.0,0.0000
29450.0,-0.1108
29455.0,-0.0906
29460.0,0.1108
29465.0,-0.1209
29470.0,0.1410
29475.0,-0.2317
29480.0,-0.1209
29485.0,-0.3324
29490.0,-0.3122
29495.0,-0.7655
29500.0,-0.5036
29505.0,-0.4633
29510.0,-0.4532
29515.0,-0.9367
29520.0,-0.6245
29525.0,-0.6547
29530.0,-0.5942
29535.0,-0.5842
29540.0,-0.1612
29545.0,-0.3827
29550.0,0.0806
29555.0,-0.0201
29560.0,-0.1309
29565.0,-0.0101
29570.0,-0.0806
29575.0,0.0101
29580.0,0.0201
29585.0,-0.0705
29590.0,-0.1511
29595.0,-0.1813
29600.0,0.0806
29605.0,-0.2417
29610.0,0.1108
29615.0,-0.0201
29620.0,-0.1007
29625.0,-0.1007
29630.0,0.0504
29635.0,0.0201
29640.0,-0.0101
29645.0,-0.0101
29650.0,-0.2820
29655.0,-0.4029
29660.0,-0.1309
29665.0,-0.4633
29670.0,0.0101
29675.0,0.0403
29680.0,-0.1108
29685.0,-0.1209
29690.0,0.0201
29695.0,-0.0101
29700.0,-0.0504
29705.0,0.1007
29710.0,-0.0101
29715.0,-0.1914
29720.0,0.0201
29725.0,-0.1813
29730.0,0.1612
29735.0,-0.1914
29740.0,-0.0201
29745.0,0.0504
29750.0,0.0504
29755.0,0.1108
29760.0,-0.0604
29765.0,-0.0101
29770.0,0.0302
29775.0,-0.2216
29780.0,-0.0101
29785.0,-0.4029
29790.0,-0.5640
29795.0,-0.8763
29800.0,-0.5640
29805.0,-0.6648
29810.0,-0.7453
29815.0,-1.0173
29820.0,-0.7957
29825.0,-0.7554
29830.0,-0.3022
29835.0,-0.4029
29840.0,-0.3022
29845.0,-0.2216
29850.0,0.0906
29855.0,-0.1813
29860.0,0.1511
29865.0,-0.1007
29870.0,-0.1410
29875.0,0.0906
29880.0,0.0101
29885.0,0.0201
29890.0,0.0403
29895.0,-0.1410
29900.0,-0.0302
29905.0,-0.1309
29910.0,0.0705
29915.0,-0.0806
29920.0,-0.0101
29925.0,-0.2115
29930.0,0.0201
29935.0,-0.0201
29940.0,-0.0403
29945.0,0.0000
29950.0,-0.3827
29955.0,-0.1914
29960.0,-0.3626
29965.0,-0.4029
29970.0,0.0403
29975.0,-0.1108
29980.0,0.0000
29985.0,-0.1612
29990.0,-0.0302
29995.0,0.0705
30000.0,-0.0201
30005.0,0.1007
30010.0,-0.1511
30015.0,-0.0705
30020.0,0.0101
30025.0,-0.1309
30030.0,0.1007
30035.0,-0.1914
30040.0,-0.0302
30045.0,-0.1914
30050.0,0.0604
30055.0,0.0000
30060.0,0.0302
30065.0,0.0101
30070.0,-0.2014
30075.0,-0.1209
30080.0,-0.1007
30085.0,-0.5338
30090.0,-0.4734
30095.0,-0.8158
30100.0,-0.7151
30105.0,-0.7554
30110.0,-0.8863
30115.0,-1.0576
30120.0,-0.6345
30125.0,-0.7957
30130.0,-0.3525
30135.0,-0.1309
30140.0,-0.1410
30145.0,-0.1410
30150.0,-0.1007
30155.0,-0.2619
30160.0,0.1309
30165.0,-0.1712
30170.0,0.1007
30175.0,-0.0604
30180.0,-0.1612
30185.0,-0.0906
30190.0,0.0101
30195.0,0.0302
30200.0,0.0806
30205.0,-0.1108
30210.0,-0.1914
30215.0,-0.0101
30220.0,0.0806
30225.0,-0.1108
30230.0,0.1612
30235.0,-0.1914
30240.0,-0.1007
30245.0,-0.1511
30250.0,-0.4029
30255.0,-0.1612
30260.0,-0.4633
30265.0,-0.2719
30270.0,0.0201
30275.0,-0.1309
30280.0,0.1007
30285.0,-0.0705
30290.0,-0.0504
30295.0,-0.0201
30300.0,0.0504
30305.0,-0.0806
30310.0,0.0806
30315.0,-0.0403
30320.0,-0.1007
30325.0,-0.0604
30330.0,0.0101
30335.0,-0.1007
30340.0,0.1712
30345.0,-0.1612
30350.0,0.0705
30355.0,-0.0705
30360.0,0.0604
30365.0,-0.1410
30370.0,-0.0906
30375.0,-0.1007
30380.0,-0.1813
30385.0,-0.5338
30390.0,-0.6648
30395.0,-0.9165
30400.0,-0.4935
30405.0,-0.7655
30410.0,-0.8158
30415.0,-0.9468
30420.0,-0.7252
30425.0,-0.5842
30430.0,-0.2518
30435.0,-0.2518
30440.0,-0.0906
30445.0,-0.0604
30450.0,-0.0806
30455.0,0.1309
30460.0,0.0906
30465.0,0.0201
30470.0,0.1007
30475.0,-0.2719
30480.0,0.1007
30485.0,-0.0604
30490.0,0.0403
30495.0,0.1309
30500.0,-0.2014
30505.0,-0.1209
30510.0,-0.0604
30515.0,-0.0604
30520.0,0.0302
30525.0,-0.0403
30530.0,-0.0201
30535.0,-0.0604
30540.0,0.0604
30545.0,-0.3223
30550.0,-0.1209
30555.0,-0.2921
30560.0,-0.4230
30565.0,-0.1410
30570.0,-0.0101
30575.0,-0.0705
30580.0,0.0604
30585.0,-0.1410
30590.0,0.0000
30595.0,-0.0604
30600.0,0.0201
30605.0,-0.1712
30610.0,0.0403
30615.0,-0.1410
30620.0,0.0000
30625.0,0.0806
30630.0,-0.0101
30635.0,0.0403
30640.0,0.0604
30645.0,-0.2014
30650.0,0.2619
30655.0,-0.1410
30660.0,0.1410
30665.0,-0.1612
30670.0,-0.1712
30675.0,-0.2719
30680.0,-0.2820
30685.0,-0.7252
30690.0,-0.5237
30695.0,-0.7252
30700.0,-0.6547
30705.0,-0.8662
30710.0,-0.8058
30715.0,-0.9065
30720.0,-0.5036
30725.0,-0.5540
30730.0,-0.0201
30735.0,-0.3022
30740.0,-0.1209
30745.0,0.0604
30750.0,-0.0906
30755.0,-0.0705
30760.0,0.1309
30765.0,0.0201
30770.0,0.0806
30775.0,-0.0504
30780.0,0.0101
30785.0,-0.0705
30790.0,0.1511
30795.0,-0.1410
30800.0,-0.1511
30805.0,-0.2014
30810.0,-0.2014
30815.0,0.0504
30820.0,0.0201
30825.0,0.0201
30830.0,0.0302
30835.0,-0.1712
30840.0,0.1108
30845.0,-0.4633
30850.0,0.0201
30855.0,-0.3626
30860.0,-0.3424
30865.0,-0.0101
30870.0,0.0101
30875.0,0.0705
30880.0,0.0403
30885.0,-0.1612
30890.0,-0.0302
30895.0,-0.0403
30900.0,0.0806
30905.0,-0.1612
30910.0,0.0504
30915.0,-0.0906
30920.0,0.1309
30925.0,0.0504
30930.0,0.0705
30935.0,-0.0403
30940.0,-0.0302
30945.0,-0.1007
30950.0,0.0302
30955.0,-0.1108
30960.0,-0.0302
30965.0,-0.2820
30970.0,0.1410
30975.0,-0.2115
30980.0,-0.3223
30985.0,-0.7957
30990.0,-0.6748
30995.0,-0.5540
31000.0,-0.6144
31005.0,-1.0878
31010.0,-0.7755
31015.0,-0.9165
31020.0,-0.5137
31025.0,-0.5036
31030.0,0.0504
31035.0,-0.0403
31040.0,0.0504
31045.0,-0.0302
31050.0,0.0302
31055.0,0.1309
31060.0,0.1612
31065.0,-0.0504
31070.0,0.1108
31075.0,-0.0403
31080.0,0.0000
31085.0,0.0302
31090.0,-0.0101
31095.0,-0.2820
31100.0,0.1712
31105.0,-0.1108
31110.0,0.0504
31115.0,0.1209
31120.0,-0.1712
31125.0,0.1612
31130.0,0.0504
31135.0,-0.0101
31140.0,-0.1410
31145.0,-0.3626
31150.0,-0.1007
31155.0,-0.2115
31160.0,0.0302
31165.0,-0.0201
31170.0,-0.0201
31175.0,-0.1209
31180.0,0.0604
31185.0,0.1309
31190.0,0.0000
31195.0,0.0201
31200.0,0.0604
31205.0,-0.2317
31210.0,0.0705
31215.0,-0.1612
31220.0,0.1511
31225.0,-0.1309
31230.0,-0.1309
31235.0,0.0604
31240.0,0.1108
31245.0,0.1410
31250.0,0.0906
31255.0,-0.1309
31260.0,0.0302
31265.0,-0.1914
31270.0,-0.0403
31275.0,-0.2719
31280.0,-0.4835
31285.0,-0.8158
31290.0,-0.5640
31295.0,-0.5237
31300.0,-0.6245
31305.0,-1.0676
31310.0,-0.8360
31315.0,-0.5842
31320.0,-0.2317
31325.0,-0.3022
31330.0,-0.0201
31335.0,-0.2115
31340.0,0.0101
31345.0,-0.1108
31350.0,0.0906
31355.0,0.0000
31360.0,0.0000
31365.0,-0.1007
31370.0,-0.0403
31375.0,0.1712
31380.0,0.0604
31385.0,0.0604
31390.0,-0.0705
31395.0,-0.1309
31400.0,0.1007
31405.0,-0.1410
31410.0,0.1410
31415.0,-0.1813
31420.0,-0.1914
31425.0,0.1309
31430.0,0.0000
31435.0,0.0201
31440.0,-0.2417
31445.0,-0.1309
31450.0,-0.2518
31455.0,-0.3324
31460.0,0.1108
31465.0,-0.2115
31470.0,0.0302
31475.0,0.0906
31480.0,0.0504
31485.0,0.1511
31490.0,-0.0101
31495.0,-0.0806
31500.0,0.0101
31505.0,0.0504
31510.0,0.0201
31515.0,-0.0403
31520.0,0.1209
31525.0,-0.2518
31530.0,0.0604
31535.0,-0.0504
31540.0,0.0403
31545.0,-0.1209
31550.0,0.0504
31555.0,0.1511
31560.0,-0.0302
31565.0,-0.1209
31570.0,-0.0302
31575.0,-0.4734
31580.0,-0.4734
31585.0,-0.7957
31590.0,-0.5036
31595.0,-0.7353
31600.0,-0.9165
31605.0,-1.1079
31610.0,-0.4935
31615.0,-0.6648
31620.0,-0.2417
31625.0,-0.1209
31630.0,-0.2317
31635.0,-0.0705
31640.0,0.0201
31645.0,0.0101
31650.0,0.2216
31655.0,-0.1813
31660.0,0.1108
31665.0,0.0101
31670.0,0.0806
31675.0,-0.1007
31680.0,-0.1108
31685.0,0.1309
31690.0,0.0504
31695.0,-0.0201
31700.0,0.0504
31705.0,-0.1712
31710.0,0.1612
31715.0,-0.1209
31720.0,0.0705
31725.0,0.0000
31730.0,-0.0504
31735.0,-0.2820
31740.0,-0.4532
31745.0,-0.1108
31750.0,-0.3223
31755.0,-0.1007
31760.0,-0.0604
31765.0,-0.2014
31770.0,0.1813
31775.0,-0.0906
31780.0,0.1108
31785.0,-0.0101
31790.0,-0.1410
31795.0,-0.1511
31800.0,0.0504
31805.0,0.0705
31810.0,0.0302
31815.0,0.1309
31820.0,-0.1007
31825.0,-0.0504
31830.0,0.1410
31835.0,-0.1712
31840.0,0.0705
31845.0,-0.1410
31850.0,-0.1410
31855.0,-0.0403
31860.0,0.0504
31865.0,-0.0302
31870.0,-0.1511
31875.0,-0.6648
31880.0,-0.6648
31885.0,-0.7453
31890.0,-0.5540
31895.0,-0.6950
31900.0,-0.8158
31905.0,-1.1281
31910.0,-0.5842
31915.0,-0.5338
31920.0,-0.3022
31925.0,-0.0705
31930.0,-0.2317
31935.0,-0.1007
31940.0,0.1209
31945.0,-0.0101
31950.0,0.1209
31955.0,-0.1410
31960.0,0.0201
31965.0,-0.0604
31970.0,0.1209
31975.0,-0.0604
31980.0,0.2115
31985.0,-0.0705
31990.0,-0.1712
31995.0,0.0604
32000.0,0.0806
32005.0,-0.1309
32010.0,-0.0705
32015.0,0.0000
32020.0,0.0806
32025.0,-0.0705
32030.0,0.0604
32035.0,-0.4331
32040.0,-0.1612
32045.0,-0.1712
32050.0,-0.2619
32055.0,-0.0101
32060.0,0.0302
32065.0,-0.1410
32070.0,-0.0604
32075.0,0.0201
32080.0,0.1410
32085.0,-0.0403
32090.0,0.0101
32095.0,-0.0705
32100.0,0.0403
32105.0,0.0000
32110.0,0.1309
32115.0,0.0906
32120.0,-0.1108
32125.0,0.0101
32130.0,0.1007
32135.0,0.0101
32140.0,0.2518
32145.0,-0.1309
32150.0,-0.0101
32155.0,-0.0101
32160.0,-0.0806
32165.0,-0.2417
32170.0,-0.2216
32175.0,-0.7655
32180.0,-0.5842
32185.0,-0.5338
32190.0,-0.4835
32195.0,-0.8058
32200.0,-0.8964
32205.0,-1.0374
32210.0,-0.4331
32215.0,-0.4633
32220.0,-0.0302
32225.0,-0.3122
32230.0,-0.1914
32235.0,-0.0705
32240.0,0.0403
32245.0,0.1612
32250.0,0.1108
32255.0,-0.1007
32260.0,0.0201
32265.0,-0.0302
32270.0,0.1209
32275.0,-0.1914
32280.0,-0.0101
32285.0,-0.1511
32290.0,-0.0201
32295.0,-0.1410
32300.0,0.0403
32305.0,0.1007
32310.0,-0.0302
32315.0,-0.0101
32320.0,0.0302
32325.0,0.0101
32330.0,-0.0403
32335.0,-0.5338
32340.0,-0.1007
32345.0,-0.2317
32350.0,-0.2014
32355.0,-0.1007
32360.0,0.1813
32365.0,0.0201
32370.0,0.0101
32375.0,0.0806
32380.0,0.0806
32385.0,0.0302
32390.0,-0.0201
32395.0,-0.3626
32400.0,0.1813
32405.0,-0.0101
32410.0,0.1511
32415.0,-0.0201
32420.0,-0.1209
32425.0,0.1108
32430.0,0.0201
32435.0,0.0201
32440.0,0.0806
32445.0,-0.2014
32450.0,0.0403
32455.0,0.0504
32460.0,0.0705
32465.0,-0.0403
32470.0,-0.4230
32475.0,-0.7856
32480.0,-0.4029
32485.0,-0.5540
32490.0,-0.5338
32495.0,-1.0676
32500.0,-0.7655
32505.0,-0.8058
32510.0,-0.3122
32515.0,-0.3525
32520.0,-0.1612
32525.0,-0.3324
32530.0,0.1511
32535.0,-0.0604
32540.0,0.0403
32545.0,-0.0604
32550.0,0.0906
32555.0,0.0504
32560.0,0.0403
32565.0,0.0806
32570.0,-0.0906
32575.0,-0.1209
32580.0,0.1209
32585.0,-0.2014
32590.0,0.1410
32595.0,-0.0806
32600.0,-0.0604
32605.0,0.0403
32610.0,0.1914
32615.0,0.0906
32620.0,0.0906
32625.0,-0.0504
32630.0,-0.0302
32635.0,-0.1612
32640.0,0.0000
32645.0,-0.3727
32650.0,0.0806
32655.0,0.0302
32660.0,0.2014
32665.0,0.0806
32670.0,0.0504
32675.0,0.1813
32680.0,0.0201
32685.0,0.0705
32690.0,-0.0302
32695.0,-0.2115
32700.0,0.1309
32705.0,-0.1007
32710.0,0.1612
32715.0,-0.2216
32720.0,-0.0705
32725.0,0.0806
32730.0,0.0705
32735.0,0.0906
32740.0,-0.0201
32745.0,-0.0504
32750.0,0.0403
32755.0,-0.1813
32760.0,0.0504
32765.0,-0.3827
32770.0,-0.6043
32775.0,-0.7252
32780.0,-0.5439
32785.0,-0.4532
32790.0,-0.7453
32795.0,-1.1381
32800.0,-0.5842
32805.0,-0.6849
32810.0,-0.1511
32815.0,-0.3928
32820.0,-0.0101
32825.0,-0.1612
32830.0,0.1209
32835.0,-0.0906
32840.0,-0.0604
32845.0,-0.2014
32850.0,0.0705
32855.0,-0.0201
32860.0,-0.0403
32865.0,0.0201
32870.0,-0.0604
32875.0,-0.1712
32880.0,0.1007
32885.0,-0.1309
32890.0,0.0604
32895.0,-0.1108
32900.0,0.0504
32905.0,-0.1612
32910.0,0.0906
32915.0,0.0504
32920.0,0.0504
32925.0,-0.0201
32930.0,-0.3424
32935.0,-0.1309
32940.0,-0.3223
32945.0,-0.3827
32950.0,0.1410
32955.0,-0.2719
32960.0,0.0504
32965.0,0.0604
32970.0,0.0000
32975.0,0.1007
32980.0,0.0604
32985.0,-0.0302
32990.0,-0.1813
32995.0,0.0906
33000.0,0.1108
33005.0,-0.0604
33010.0,0.2014
33015.0,-0.0705
33020.0,0.1914
33025.0,-0.0101
33030.0,0.0403
33035.0,0.0302
33040.0,-0.0906
33045.0,-0.0302
33050.0,0.0806
33055.0,-0.1511
33060.0,-0.1007
33065.0,-0.4935
33070.0,-0.4734
33075.0,-0.8964
33080.0,-0.5338
33085.0,-0.6950
33090.0,-0.7856
33095.0,-1.0072
33100.0,-0.6748
33105.0,-0.7755
33110.0,-0.2820
33115.0,-0.1511
33120.0,0.0000
33125.0,-0.0302
33130.0,-0.0403
33135.0,0.0504
33140.0,0.1108
33145.0,0.0101
33150.0,0.2317
33155.0,-0.1309
33160.0,0.0101
33165.0,0.1007
33170.0,0.0101
33175.0,0.1410
33180.0,-0.0806
33185.0,-0.1914
33190.0,0.0403
33195.0,-0.1007
33200.0,0.0906
33205.0,-0.0604
33210.0,0.0604
33215.0,0.0201
33220.0,0.0101
33225.0,-0.1309
33230.0,-0.3928
33235.0,-0.2921
33240.0,-0.4432
33245.0,-0.2518
33250.0,-0.0101
33255.0,-0.0906
33260.0,0.1209
33265.0,-0.1511
33270.0,0.0201
33275.0,-0.0806
33280.0,-0.0504
33285.0,-0.0201
33290.0,0.0705
33295.0,-0.0604
33300.0,0.0201
33305.0,0.0504
33310.0,0.0302
33315.0,-0.1309
33320.0,0.1410
33325.0,0.0302
33330.0,0.1612
33335.0,-0.0101
33340.0,0.0101
33345.0,0.1007
33350.0,0.0906
33355.0,0.0000
33360.0,0.0000
33365.0,-0.6345
33370.0,-0.5439
33375.0,-0.6950
33380.0,-0.5036
33385.0,-0.6043
33390.0,-0.7353
33395.0,-0.9468
33400.0,-0.5338
33405.0,-0.4633
33410.0,-0.1410
33415.0,-0.1914
33420.0,-0.2719
33425.0,-0.0705
33430.0,0.1108
33435.0,-0.0403
33440.0,0.1108
33445.0,-0.0504
33450.0,0.2115
33455.0,-0.0906
33460.0,0.0806
33465.0,0.0101
33470.0,0.0101
33475.0,-0.1108
33480.0,-0.1612
33485.0,-0.1209
33490.0,-0.1612
33495.0,-0.1914
33500.0,-0.0302
33505.0,-0.0604
33510.0,0.0906
33515.0,-0.1108
33520.0,-0.0604
33525.0,-0.4532
33530.0,-0.3022
33535.0,-0.0906
33540.0,-0.1712
33545.0,0.0000
33550.0,-0.1813
33555.0,-0.1612
33560.0,-0.1511
33565.0,-0.2619
33570.0,0.1007
33575.0,-0.1914
33580.0,-0.0705
33585.0,-0.2619
33590.0,-0.1712
33595.0,-0.1309
33600.0,0.0403
33605.0,-0.0906
33610.0,-0.0806
33615.0,-0.1209
33620.0,-0.0504
33625.0,0.0201
33630.0,-0.0201
33635.0,-0.2518
33640.0,0.0806
33645.0,-0.2014
33650.0,-0.1209
33655.0,-0.3525
33660.0,-0.3827
33665.0,-0.7554
33670.0,-0.6144
33675.0,-0.5942
33680.0,-0.4935
33685.0,-0.7453
33690.0,-0.5640
33695.0,-0.8360
33700.0,-0.5439
33705.0,-0.6849
33710.0,-0.3022
33715.0,-0.4029
33720.0,0.0201
33725.0,0.1108
33730.0,0.0201
33735.0,0.1712
33740.0,-0.0604
33745.0,-0.1612
33750.0,0.0504
33755.0,-0.0201
33760.0,0.1309
33765.0,-0.1511
33770.0,-0.0101
33775.0,-0.1612
33780.0,-0.1309
33785.0,-0.2216
33790.0,0.0000
33795.0,0.0705
33800.0,0.0403
33805.0,-0.2216
33810.0,-0.1914
33815.0,-0.2921
33820.0,-0.0101
33825.0,-0.6345
33830.0,-0.2417
33835.0,-0.3928
33840.0,-0.0906
33845.0,0.0705
33850.0,0.0504
33855.0,0.0000
33860.0,-0.1209
33865.0,0.0101
33870.0,0.0705
33875.0,-0.3122
33880.0,-0.0504
33885.0,-0.3122
33890.0,0.2518
33895.0,0.1813
33900.0,-0.1410
33905.0,0.0403
33910.0,0.1209
33915.0,0.1612
33920.0,0.0403
33925.0,-0.1007
33930.0,0.1007
33935.0,-0.0604
33940.0,0.1209
33945.0,-0.1007
33950.0,0.0201
33955.0,-0.2619
33960.0,-0.3928
33965.0,-0.7151
33970.0,-0.5036
33975.0,-0.6748
33980.0,-0.5439
33985.0,-1.0576
33990.0,-0.6446
33995.0,-0.8158
34000.0,-0.3727
34005.0,-0.3223
34010.0,-0.1612
34015.0,-0.3525
34020.0,0.1511
34025.0,-0.1309
34030.0,0.1007
34035.0,-0.0705
34040.0,-0.2115
34045.0,0.1612
34050.0,0.0101
34055.0,-0.0504
34060.0,0.0806
34065.0,0.0101
34070.0,0.0604
34075.0,-0.1914
34080.0,0.0906
34085.0,-0.1914
34090.0,-0.2115
34095.0,-0.1108
34100.0,0.0101
34105.0,0.0302
34110.0,-0.0201
34115.0,0.0403
34120.0,-0.2216
34125.0,-0.3223
34130.0,0.0000
34135.0,-0.2518
34140.0,-0.0604
34145.0,-0.1712
34150.0,0.1813
34155.0,0.0705
34160.0,0.1914
34165.0,0.0604
34170.0,0.0000
34175.0,0.0201
34180.0,0.0403
34185.0,-0.1108
34190.0,0.2317
34195.0,-0.2619
34200.0,-0.0201
34205.0,-0.1612
34210.0,0.1007
34215.0,0.0604
34220.0,0.1108
34225.0,0.2317
34230.0,0.0201
34235.0,-0.0604
34240.0,-0.0302
34245.0,-0.0705
34250.0,-0.0604
34255.0,-0.2719
34260.0,-0.5137
34265.0,-0.7353
34270.0,-0.5942
34275.0,-0.6345
34280.0,-0.6748
34285.0,-0.9770
34290.0,-0.6748
34295.0,-0.5640
34300.0,-0.3223
34305.0,-0.1612
34310.0,-0.0906
34315.0,-0.1410
34320.0,0.1410
34325.0,-0.1410
34330.0,0.1612
34335.0,0.0201
34340.0,0.0302
34345.0,0.1108
34350.0,0.0806
34355.0,0.1209
34360.0,0.0604
34365.0,0.1309
34370.0,0.0302
34375.0,-0.0906
34380.0,0.1511
34385.0,-0.0504
34390.0,0.1914
34395.0,0.1511
34400.0,0.0302
34405.0,-0.0101
34410.0,0.0000
34415.0,0.1209
34420.0,-0.1612
34425.0,-0.0604
34430.0,-0.2014
34435.0,-0.4230
34440.0,0.1209
34445.0,-0.1712
34450.0,0.0705
34455.0,0.0101
34460.0,-0.1007
34465.0,-0.1007
34470.0,0.1511
34475.0,0.0403
34480.0,-0.0504
34485.0,0.0403
34490.0,-0.0604
34495.0,-0.0705
34500.0,0.1209
34505.0,-0.1209
34510.0,0.1309
34515.0,-0.0906
34520.0,-0.0504
34525.0,0.0705
34530.0,0.0906
34535.0,-0.0705
34540.0,-0.1209
34545.0,0.0504
34550.0,0.0101
34555.0,-0.4029
34560.0,-0.4130
34565.0,-0.7957
34570.0,-0.5540
34575.0,-0.6547
34580.0,-0.7554
34585.0,-1.0173
34590.0,-0.4835
34595.0,-0.7353
34600.0,-0.2921
34605.0,-0.0504
34610.0,-0.1007
34615.0,0.0000
34620.0,-0.0906
34625.0,-0.2216
34630.0,0.1007
34635.0,-0.0906
34640.0,0.2115
34645.0,-0.1007
34650.0,-0.1108
34655.0,-0.0906
34660.0,0.0403
34665.0,0.0604
34670.0,0.1511
34675.0,-0.1511
34680.0,-0.1108
34685.0,0.0604
34690.0,0.1914
34695.0,-0.0806
34700.0,0.0403
34705.0,-0.0201
34710.0,-0.0906
34715.0,-0.1612
34720.0,-0.2921
34725.0,-0.0906
34730.0,-0.2820
34735.0,-0.2115
34740.0,0.0403
34745.0,-0.0302
34750.0,0.0504
34755.0,-0.1612
34760.0,0.1914
34765.0,0.0000
34770.0,0.0403
34775.0,0.0000
34780.0,-0.0806
34785.0,0.0504
34790.0,0.0705
34795.0,0.0101
34800.0,0.0201
34805.0,-0.1511
34810.0,0.1108
34815.0,-0.0604
34820.0,0.1410
34825.0,0.1007
34830.0,-0.0806
34835.0,0.0504
34840.0,0.0403
34845.0,-0.0302
34850.0,-0.0604
34855.0,-0.6345
34860.0,-0.6245
34865.0,-0.7755
34870.0,-0.4130
34875.0,-0.7050
34880.0,-0.6446
34885.0,-0.9971
34890.0,-0.5237
34895.0,-0.4835
34900.0,-0.1813
34905.0,-0.0604
34910.0,-0.1209
34915.0,-0.0302
34920.0,0.1612
34925.0,0.0201
34930.0,0.1511
34935.0,-0.0302
34940.0,0.0906
34945.0,0.0201
34950.0,0.0906
34955.0,-0.0604
34960.0,0.1712
34965.0,-0.0806
34970.0,-0.0806
34975.0,0.0604
34980.0,0.0101
34985.0,0.0302
34990.0,-0.0705
34995.0,-0.2719
35000.0,0.0504
35005.0,-0.1511
35010.0,0.0705
35015.0,-0.2417
35020.0,-0.2014
35025.0,-0.1712
35030.0,-0.2518
35035.0,0.0302
35040.0,-0.1007
35045.0,-0.2317
35050.0,-0.0906
35055.0,0.0201
35060.0,0.0906
35065.0,-0.1007
35070.0,0.0604
35075.0,-0.2518
35080.0,0.0201
35085.0,0.0403
35090.0,0.2115
35095.0,0.0604
35100.0,-0.0302
35105.0,0.0403
35110.0,0.1309
35115.0,-0.0504
35120.0,0.1209
35125.0,0.0201
35130.0,0.1612
35135.0,-0.0101
35140.0,-0.1914
35145.0,-0.1612
35150.0,-0.2417
35155.0,-0.6950
35160.0,-0.4331
35165.0,-0.6043
35170.0,-0.6043
35175.0,-0.9266
35180.0,-0.7856
35185.0,-0.8662
35190.0,-0.5036
35195.0,-0.5439
35200.0,-0.0604
35205.0,-0.1813
35210.0,-0.0806
35215.0,-0.0302
35220.0,0.0302
35225.0,-0.1007
35230.0,0.0806
35235.0,-0.0906
35240.0,0.1108
35245.0,-0.1511
35250.0,-0.0403
35255.0,-0.2216
35260.0,0.1511
35265.0,-0.0806
35270.0,-0.1410
35275.0,-0.2417
35280.0,0.0504
35285.0,-0.1712
35290.0,-0.1209
35295.0,-0.1612
35300.0,-0.1612
35305.0,-0.3022
35310.0,-0.0403
35315.0,-0.4935
35320.0,-0.2216
35325.0,-0.3626
35330.0,-0.2115
35335.0,-0.0806
35340.0,0.1612
35345.0,0.1612
35350.0,0.1007
35355.0,-0.0705
35360.0,0.0403
35365.0,-0.0201
35370.0,0.1511
35375.0,-0.3223
35380.0,0.1209
35385.0,-0.0101
35390.0,-0.0806
35395.0,-0.0101
35400.0,0.1108
35405.0,0.0806
35410.0,0.0201
35415.0,0.1511
35420.0,0.1712
35425.0,-0.0504
35430.0,0.1410
35435.0,-0.0201
35440.0,-0.0705
35445.0,-0.3727
35450.0,-0.4532
35455.0,-0.7050
35460.0,-0.5036
35465.0,-0.6245
35470.0,-0.6144
35475.0,-1.0576
35480.0,-0.7655
35485.0,-0.8964
35490.0,-0.3122
35495.0,-0.4230
35500.0,-0.1813
35505.0,-0.5036
35510.0,0.1410
35515.0,-0.1108
35520.0,-0.0101
35525.0,0.1511
35530.0,0.1007
35535.0,-0.0806
35540.0,-0.0403
35545.0,-0.0101
35550.0,-0.1007
35555.0,-0.2216
35560.0,0.0806
35565.0,-0.0302
35570.0,0.2216
35575.0,-0.2115
35580.0,-0.0906
35585.0,0.2518
35590.0,0.2518
35595.0,0.0504
35600.0,-0.0604
35605.0,0.1108
35610.0,-0.0705
35615.0,-0.1612
35620.0,0.0504
35625.0,-0.4432
35630.0,0.0101
35635.0,-0.0101
35640.0,0.1410
35645.0,0.0705
35650.0,0.0504
35655.0,0.0806
35660.0,0.0604
35665.0,-0.0806
35670.0,-0.0101
35675.0,0.0302
35680.0,0.2216
35685.0,-0.0504
35690.0,0.1410
35695.0,0.0000
35700.0,0.1914
35705.0,0.1309
35710.0,0.0906
35715.0,0.1410
35720.0,0.0101
35725.0,0.0604
35730.0,0.1007
35735.0,-0.1914
35740.0,0.0906
35745.0,-0.2216
35750.0,-0.3928
35755.0,-0.6950
35760.0,-0.5640
35765.0,-0.5237
35770.0,-0.5741
35775.0,-0.9971
35780.0,-0.6446
35785.0,-0.5741
35790.0,-0.2115
35795.0,-0.3022
35800.0,-0.0906
35805.0,-0.1108
35810.0,0.1108
35815.0,-0.1007
35820.0,0.1309
35825.0,-0.0906
35830.0,0.1612
35835.0,0.0806
35840.0,0.1410
35845.0,0.1007
35850.0,0.1712
35855.0,0.1309
35860.0,0.1612
35865.0,-0.2014
35870.0,0.1309
35875.0,-0.1511
35880.0,0.1007
35885.0,0.0806
35890.0,-0.0201
35895.0,-0.0906
35900.0,-0.0504
35905.0,0.0201
35910.0,-0.2417
35915.0,-0.0806
35920.0,-0.2719
35925.0,-0.3324
35930.0,0.2115
35935.0,-0.0705
35940.0,0.1511
35945.0,0.0302
35950.0,-0.1612
35955.0,0.0000
35960.0,-0.0201
35965.0,0.0101
35970.0,-0.0302
35975.0,-0.1108
35980.0,-0.0806
35985.0,0.0403
35990.0,0.0806
35995.0,-0.2216
36000.0,0.0906
36005.0,-0.0201
36010.0,0.0302
36015.0,0.0806
36020.0,0.0705
36025.0,0.0806
36030.0,-0.0806
36035.0,-0.1813
36040.0,-0.0201
36045.0,-0.5439
36050.0,-0.4029
36055.0,-0.7957
36060.0,-0.5137
36065.0,-0.6547
36070.0,-0.7957
36075.0,-0.9871
36080.0,-0.6043
36085.0,-0.7151
36090.0,-0.2719
36095.0,-0.2518
36100.0,-0.1612
36105.0,-0.1712
36110.0,-0.1209
36115.0,-0.0302
36120.0,0.1108
36125.0,-0.1712
36130.0,0.0906
36135.0,0.0504
36140.0,-0.1209
36145.0,0.0302
36150.0,0.0906
36155.0,0.0906
36160.0,0.1209
36165.0,-0.0101
36170.0,0.1511
36175.0,0.0201
36180.0,0.1511
36185.0,-0.1410
36190.0,0.2518
36195.0,0.1108
36200.0,0.1410
36205.0,-0.1108
36210.0,-0.3424
36215.0,-0.0504
36220.0,-0.2820
36225.0,-0.0906
36230.0,0.0000
36235.0,-0.0504
36240.0,0.2719
36245.0,0.1309
36250.0,0.1410
36255.0,-0.0504
36260.0,0.0806
36265.0,0.0000
36270.0,0.0705
36275.0,0.1007
36280.0,0.0504
36285.0,0.0906
36290.0,-0.0906
36295.0,-0.2216
36300.0,0.2317
36305.0,-0.0806
36310.0,0.1511
36315.0,-0.0302
36320.0,0.0000
36325.0,-0.0504
36330.0,-0.0302
36335.0,-0.0201
36340.0,-0.1511
36345.0,-0.7252
36350.0,-0.6547
36355.0,-0.7252
36360.0,-0.5338
36365.0,-0.7655
36370.0,-0.8158
36375.0,-1.0676
36380.0,-0.5439
36385.0,-0.4432
36390.0,-0.1309
36395.0,-0.1914
36400.0,-0.1410
36405.0,0.0302
36410.0,0.0302
36415.0,0.0101
36420.0,0.1209
36425.0,-0.2115
36430.0,0.0403
36435.0,0.0101
36440.0,0.2014
36445.0,-0.1209
36450.0,-0.1108
36455.0,0.1108
36460.0,-0.1612
36465.0,0.0302
36470.0,0.1108
36475.0,-0.1410
36480.0,-0.0504
36485.0,0.0201
36490.0,0.1813
36495.0,-0.2518
36500.0,0.0101
36505.0,-0.4130
36510.0,-0.2921
36515.0,-0.2619
36520.0,-0.4029
36525.0,-0.1511
36530.0,-0.1309
36535.0,0.1712
36540.0,0.1108
36545.0,-0.1007
36550.0,0.1007
36555.0,-0.0604
36560.0,0.0000
36565.0,-0.2317
36570.0,0.0504
36575.0,0.0705
36580.0,0.1914
36585.0,0.0504
36590.0,-0.0201
36595.0,0.0403
36600.0,0.1209
36605.0,-0.1511
36610.0,0.1108
36615.0,-0.0906
36620.0,0.1108
36625.0,-0.0806
36630.0,-0.1712
36635.0,-0.3324
36640.0,-0.2115
36645.0,-0.6648
36650.0,-0.4734
36655.0,-0.4331
36660.0,-0.5942
36665.0,-0.9165
36670.0,-0.6648
36675.0,-0.8058
36680.0,-0.5439
36685.0,-0.5036
36690.0,-0.0705
36695.0,-0.2216
36700.0,-0.0906
36705.0,0.0000
36710.0,-0.0201
36715.0,0.2115
36720.0,0.0504
36725.0,0.0806
36730.0,0.0906
36735.0,0.0302
36740.0,0.1712
36745.0,0.0201
36750.0,0.1410
36755.0,-0.0705
36760.0,0.0000
36765.0,-0.0906
36770.0,0.1108
36775.0,0.1007
36780.0,0.1612
36785.0,0.0302
36790.0,0.0705
36795.0,-0.0403
36800.0,0.0302
36805.0,-0.4935
36810.0,-0.0302
36815.0,-0.2317
36820.0,-0.1511
36825.0,0.0000
36830.0,0.0504
36835.0,0.0504
36840.0,0.1309
36845.0,0.0906
36850.0,0.0604
36855.0,-0.1007
36860.0,0.0101
36865.0,-0.3928
36870.0,0.0403
36875.0,-0.0504
36880.0,-0.0201
36885.0,0.0705
36890.0,-0.0403
36895.0,0.2115
36900.0,0.0705
36905.0,0.0806
36910.0,0.0705
36915.0,-0.2820
36920.0,0.0504
36925.0,-0.2216
36930.0,0.0201
36935.0,-0.2115
36940.0,-0.2417
36945.0,-0.7856
36950.0,-0.6446
36955.0,-0.5942
36960.0,-0.4633
36965.0,-0.9770
36970.0,-0.7554
36975.0,-0.8158
36980.0,-0.3525
36985.0,-0.3626
36990.0,0.0000
36995.0,-0.1712
37000.0,0.0403
37005.0,-0.3022
37010.0,0.1209
37015.0,0.0906
37020.0,-0.0504
37025.0,0.0101
37030.0,0.1914
37035.0,0.1612
37040.0,-0.0806
37045.0,-0.0302
37050.0,0.1410
37055.0,-0.1914
37060.0,0.0302
37065.0,-0.1410
37070.0,0.0302
37075.0,0.0504
37080.0,0.0604
37085.0,0.0504
37090.0,0.0906
37095.0,-0.0906
37100.0,-0.1309
37105.0,-0.1511
37110.0,-0.0403
37115.0,-0.3324
37120.0,0.1511
37125.0,-0.0806
37130.0,0.0201
37135.0,0.0806
37140.0,0.0302
37145.0,0.0705
37150.0,0.1108
37155.0,0.1007
37160.0,0.0403
37165.0,0.0806
37170.0,0.2216
37175.0,0.0302
37180.0,0.2317
37185.0,-0.0201
37190.0,0.0201
37195.0,0.1007
37200.0,0.0906
37205.0,0.0906
37210.0,0.1410
37215.0,0.0201
37220.0,0.0403
37225.0,-0.2014
37230.0,0.1108
37235.0,-0.3324
37240.0,-0.4029
37245.0,-0.7554
37250.0,-0.5439
37255.0,-0.5439
37260.0,-0.6950
37265.0,-1.0676
37270.0,-0.8058
37275.0,-0.5741
37280.0,-0.2719
37285.0,-0.2417
37290.0,0.0302
37295.0,-0.0403
37300.0,0.2317
37305.0,0.0302
37310.0,0.1309
37315.0,-0.2115
37320.0,-0.0604
37325.0,0.1108
37330.0,0.0201
37335.0,0.1612
37340.0,0.1712
37345.0,0.1108
37350.0,0.1410
37355.0,-0.0403
37360.0,0.1914
37365.0,-0.0705
37370.0,0.1410
37375.0,0.1209
37380.0,-0.1007
37385.0,0.0201
37390.0,0.0201
37395.0,0.0302
37400.0,-0.0906
37405.0,-0.1712
37410.0,-0.3928
37415.0,-0.2417
37420.0,0.0705
37425.0,-0.2014
37430.0,0.0302
37435.0,-0.0201
37440.0,-0.0705
37445.0,-0.0101
37450.0,0.0504
37455.0,0.0604
37460.0,0.0906
37465.0,-0.1612
37470.0,-0.0604
37475.0,-0.0806
37480.0,0.1007
37485.0,-0.1511
37490.0,0.0806
37495.0,-0.1914
37500.0,0.1108
37505.0,-0.0806
37510.0,0.0403
37515.0,0.1209
37520.0,-0.0906
37525.0,-0.2317
37530.0,-0.0302
37535.0,-0.5237
37540.0,-0.4331
37545.0,-0.8259
37550.0,-0.6345
37555.0,-0.6245
37560.0,-0.7050
37565.0,-0.9669
37570.0,-0.4935
37575.0,-0.6345
37580.0,-0.2921
37585.0,-0.2518
37590.0,-0.1209
37595.0,-0.0403
37600.0,0.0000
37605.0,-0.0504
37610.0,0.0806
37615.0,-0.0101
37620.0,0.0403
37625.0,-0.0906
37630.0,0.0000
37635.0,0.0201
37640.0,0.0101
37645.0,0.0705
37650.0,-0.0806
37655.0,0.0906
37660.0,-0.0101
37665.0,-0.2921
37670.0,0.0302
37675.0,-0.3424
37680.0,0.0604
37685.0,-0.0101
37690.0,-0.0906
37695.0,-0.1712
37700.0,-0.3626
37705.0,-0.1007
37710.0,-0.2619
37715.0,-0.3525
37720.0,0.0000
37725.0,-0.1511
37730.0,0.0000
37735.0,-0.1410
37740.0,0.1612
37745.0,-0.0403
37750.0,0.0101
37755.0,-0.1007
37760.0,0.0403
37765.0,0.0302
37770.0,0.0403
37775.0,0.0504
37780.0,-0.0806
37785.0,-0.1914
37790.0,0.1007
37795.0,-0.1914
37800.0,0.1511
37805.0,-0.0604
37810.0,0.0000
37815.0,-0.0504
37820.0,-0.0101
37825.0,-0.1108
37830.0,-0.0403
37835.0,-0.6144
37840.0,-0.5842
37845.0,-0.7755
37850.0,-0.4532
37855.0,-0.8158
37860.0,-0.7856
37865.0,-1.0878
37870.0,-0.6345
37875.0,-0.5237
37880.0,-0.1914
37885.0,-0.1914
37890.0,-0.1914
37895.0,0.1309
37900.0,0.1108
37905.0,-0.0504
37910.0,0.0201
37915.0,-0.0604
37920.0,0.1511
37925.0,-0.0806
37930.0,0.0806
37935.0,-0.0906
37940.0,0.0201
37945.0,0.0302
37950.0,-0.0302
37955.0,0.0302
37960.0,-0.0906
37965.0,-0.0302
37970.0,0.0504
37975.0,0.0000
37980.0,0.1511
37985.0,-0.1914
37990.0,0.0705
37995.0,-0.1309
38000.0,-0.1712
38005.0,-0.1209
38010.0,-0.3324
38015.0,-0.1511
38020.0,0.0101
38025.0,-0.0403
38030.0,0.0101
38035.0,-0.1007
38040.0,0.0705
38045.0,-0.2317
38050.0,-0.0302
38055.0,-0.1612
38060.0,-0.1007
38065.0,-0.0403
38070.0,-0.1209
38075.0,-0.0101
38080.0,0.0604
38085.0,0.0201
38090.0,0.1108
38095.0,-0.1007
38100.0,0.0101
38105.0,-0.1612
38110.0,0.0101
38115.0,-0.2317
38120.0,-0.1108
38125.0,-0.2115
38130.0,-0.2216
38135.0,-0.8460
38140.0,-0.6245
38145.0,-0.6950
38150.0,-0.6648
38155.0,-1.0173
38160.0,-0.8763
38165.0,-1.0273
38170.0,-0.5137
38175.0,-0.4532
38180.0,-0.1007
38185.0,-0.3727
38190.0,0.0403
38195.0,-0.0705
38200.0,-0.0201
38205.0,0.2115
38210.0,0.0705
38215.0,0.0504
38220.0,0.0302
38225.0,0.1007
38230.0,0.1410
38235.0,-0.1612
38240.0,0.1007
38245.0,-0.0604
38250.0,-0.1612
38255.0,-0.0906
38260.0,-0.0403
38265.0,0.2518
38270.0,0.1007
38275.0,0.0000
38280.0,0.1209
38285.0,0.1108
38290.0,0.1511
38295.0,-0.4130
38300.0,0.0201
38305.0,-0.1612
38310.0,-0.0201
38315.0,-0.0504
38320.0,0.0705
38325.0,0.1813
38330.0,0.0705
38335.0,0.0403
38340.0,0.1209
38345.0,0.0000
38350.0,0.1007
38355.0,-0.1612
38360.0,0.2014
38365.0,0.0604
38370.0,0.1309
38375.0,0.0906
38380.0,0.1511
38385.0,0.0906
38390.0,0.0906
38395.0,0.0000
38400.0,0.1007
38405.0,0.0705
38410.0,0.0504
38415.0,-0.1712
38420.0,-0.0504
38425.0,-0.0403
38430.0,-0.3022
38435.0,-0.8058
38440.0,-0.4835
38445.0,-0.6345
38450.0,-0.6245
38455.0,-0.9065
38460.0,-0.6849
38465.0,-0.8662
38470.0,-0.3324
38475.0,-0.3626
38480.0,0.0201
38485.0,-0.2216
38490.0,0.0302
38495.0,-0.2417
38500.0,0.0906
38505.0,0.0201
38510.0,0.1511
38515.0,0.0201
38520.0,0.0705
38525.0,0.0906
38530.0,-0.0403
38535.0,-0.0201
38540.0,0.0302
38545.0,-0.3223
38550.0,0.1410
38555.0,-0.2115
38560.0,0.0604
38565.0,-0.0302
38570.0,0.0504
38575.0,0.0302
38580.0,0.0201
38585.0,-0.0101
38590.0,-0.3223
38595.0,-0.2417
38600.0,0.1712
38605.0,-0.3223
38610.0,-0.0604
38615.0,-0.1612
38620.0,0.0201
38625.0,-0.0201
38630.0,0.0201
38635.0,0.2115
38640.0,-0.1410
38645.0,-0.1813
38650.0,0.1209
38655.0,-0.0201
38660.0,0.1511
38665.0,-0.1712
38670.0,0.1813
38675.0,-0.1007
38680.0,-0.0806
38685.0,-0.0403
38690.0,0.0302
38695.0,0.1007
38700.0,0.0604
38705.0,0.0906
38710.0,0.1511
38715.0,-0.2417
38720.0,-0.0906
38725.0,-0.1914
38730.0,-0.2921
38735.0,-0.6043
38740.0,-0.4734
38745.0,-0.6245
38750.0,-0.6043
38755.0,-1.1079
38760.0,-0.6345
38765.0,-0.7453
38770.0,-0.3626
38775.0,-0.1712
38780.0,-0.0906
38785.0,-0.1712
38790.0,0.1108
38795.0,-0.0403
38800.0,0.2820
38805.0,-0.0101
38810.0,-0.0504
38815.0,-0.0906
38820.0,-0.1511
38825.0,0.1007
38830.0,0.1612
38835.0,-0.0806
38840.0,-0.0302
38845.0,-0.1209
38850.0,0.1108
38855.0,-0.1914
38860.0,0.0806
38865.0,0.0302
38870.0,0.1007
38875.0,0.2014
38880.0,-0.0101
38885.0,-0.0201
38890.0,-0.3525
38895.0,-0.2115
38900.0,-0.4130
38905.0,-0.1712
38910.0,0.1410
38915.0,-0.2216
38920.0,0.2115
38925.0,0.0504
38930.0,0.3022
38935.0,0.2317
38940.0,0.0504
38945.0,0.0302
38950.0,-0.0302
38955.0,0.1511
38960.0,0.2317
38965.0,-0.0906
38970.0,0.0302
38975.0,-0.2216
38980.0,0.0906
38985.0,-0.0705
38990.0,-0.0302
38995.0,0.0201
39000.0,0.1209
39005.0,-0.0906
39010.0,0.0806
39015.0,0.0101
39020.0,0.0000
39025.0,-0.6345
39030.0,-0.5741
39035.0,-0.9165
39040.0,-0.3928
39045.0,-0.6748
39050.0,-0.9165
39055.0,-1.1079
39060.0,-0.4835
39065.0,-0.5842
39070.0,-0.4029
39075.0,-0.0403
39080.0,-0.3223
39085.0,-0.4130
39090.0,-0.2115
39095.0,0.0201
39100.0,0.0806
39105.0,-0.1914
39110.0,0.0302
39115.0,-0.1914
39120.0,0.0201
39125.0,0.1007
39130.0,-0.0806
39135.0,-0.1209
39140.0,-0.1309
39145.0,-0.2317
39150.0,-0.0302
39155.0,0.0806
39160.0,0.0000
39165.0,-0.2417
39170.0,0.1108
39175.0,-0.1108
39180.0,-0.0806
39185.0,-0.1108
39190.0,-0.4029
39195.0,-0.2216
39200.0,-0.1410
39205.0,-0.0705
39210.0,-0.0201
39215.0,-0.0806
39220.0,0.1309
39225.0,-0.1511
39230.0,0.1309
39235.0,0.0101
39240.0,0.1511
39245.0,-0.0201
39250.0,0.1612
39255.0,0.1712
39260.0,0.1813
39265.0,0.0302
39270.0,-0.0403
39275.0,-0.1511
39280.0,0.0604
39285.0,-0.2115
39290.0,0.1612
39295.0,-0.1309
39300.0,0.0201
39305.0,0.0302
39310.0,0.0101
39315.0,-0.0604
39320.0,-0.1511
39325.0,-0.6144
39330.0,-0.5237
39335.0,-0.6144
39340.0,-0.6648
39345.0,-0.7554
39350.0,-0.9770
39355.0,-0.9871
39360.0,-0.4432
39365.0,-0.5137
39370.0,-0.1209
39375.0,-0.2820
39380.0,-0.1813
39385.0,0.1108
39390.0,0.0806
39395.0,-0.0201
39400.0,0.0201
39405.0,-0.1108
39410.0,0.0302
39415.0,-0.0906
39420.0,0.0101
39425.0,-0.1813
39430.0,0.1712
39435.0,-0.0403
39440.0,-0.1511
39445.0,-0.0302
39450.0,0.0906
39455.0,0.0101
39460.0,-0.0101
39465.0,-0.1511
39470.0,0.2317
39475.0,-0.0201
39480.0,0.1309
39485.0,-0.1007
39490.0,-0.2719
39495.0,-0.4029
39500.0,-0.0201
39505.0,0.1511
39510.0,0.1712
39515.0,0.0201
39520.0,0.0201
39525.0,0.1007
39530.0,0.2518
39535.0,-0.1914
39540.0,0.0403
39545.0,-0.2719
39550.0,0.1813
39555.0,0.0806
39560.0,0.0504
39565.0,0.1410
39570.0,-0.0302
39575.0,0.0403
39580.0,0.0906
39585.0,-0.1309
39590.0,0.1309
39595.0,-0.1209
39600.0,0.2014
39605.0,-0.1914
39610.0,-0.0705
39615.0,-0.1309
39620.0,-0.1813
39625.0,-0.8460
39630.0,-0.3626
39635.0,-0.4331
39640.0,-0.3727
39645.0,-0.7957
39650.0,-0.9971
39655.0,-1.1180
39660.0,-0.4835
39665.0,-0.3626
39670.0,-0.0302
39675.0,-0.2921
39680.0,0.0806
39685.0,0.0201
39690.0,0.2014
39695.0,0.2417
39700.0,0.2014
39705.0,0.1007
39710.0,0.0000
39715.0,-0.0101
39720.0,0.0906
39725.0,0.1309
39730.0,0.0705
39735.0,-0.1309
39740.0,-0.1108
39745.0,-0.0101
39750.0,0.0504
39755.0,0.0705
39760.0,0.0705
39765.0,0.1007
39770.0,-0.0705
39775.0,0.0504
39780.0,0.1914
39785.0,-0.2719
39790.0,-0.1209
39795.0,-0.4331
39800.0,-0.2921
39805.0,0.0000
39810.0,-0.0806
39815.0,0.1612
39820.0,0.2518
39825.0,-0.1410
39830.0,0.0906
39835.0,-0.1612
39840.0,0.0000
39845.0,-0.2921
39850.0,0.1712
39855.0,-0.1410
39860.0,-0.0201
39865.0,0.0403
39870.0,0.0705
39875.0,0.2417
39880.0,-0.0705
39885.0,0.0000
39890.0,-0.0504
39895.0,-0.2317
39900.0,0.0604
39905.0,-0.0302
39910.0,-0.0302
39915.0,-0.3324
39920.0,-0.4633
39925.0,-0.9367
39930.0,-0.6144
39935.0,-0.5137
39940.0,-0.3626
39945.0,-1.2288
39950.0,-0.6748
39955.0,-0.7353
39960.0,-0.4029
39965.0,-0.3223
39970.0,-0.1309
39975.0,-0.2820
39980.0,0.1914
39985.0,0.0101
39990.0,-0.0604
39995.0,0.0000
40000.0,-0.1209
40005.0,-0.0101
40010.0,0.0504
40015.0,0.0000
40020.0,-0.0101
40025.0,0.0101
40030.0,0.1712
40035.0,-0.0906
40040.0,0.0504
40045.0,-0.0403
40050.0,0.0000
40055.0,-0.0403
40060.0,-0.0705
40065.0,0.1612
40070.0,0.1712
40075.0,0.0604
40080.0,-0.2014
40085.0,-0.3223
40090.0,0.0604
40095.0,-0.3424
40100.0,0.0101
40105.0,-0.1309
40110.0,0.1108
40115.0,-0.1209
40120.0,-0.0101
40125.0,0.2115
40130.0,0.0806
40135.0,0.0403
40140.0,0.0504
40145.0,0.0403
40150.0,0.1813
40155.0,-0.1209
40160.0,0.1007
40165.0,0.0806
40170.0,0.0201
40175.0,0.0101
40180.0,0.2417
40185.0,0.2014
40190.0,0.2317
40195.0,-0.1108
40200.0,-0.1007
40205.0,-0.2014
40210.0,0.0705
40215.0,-0.3223
40220.0,-0.5237
40225.0,-0.7554
40230.0,-0.7050
40235.0,-0.5942
40240.0,-0.6849
40245.0,-1.1583
40250.0,-0.6748
40255.0,-0.7957
40260.0,-0.3727
40265.0,-0.2417
40270.0,-0.0201
40275.0,-0.0906
40280.0,0.1612
40285.0,-0.1914
40290.0,0.2216
40295.0,-0.0504
40300.0,0.0302
40305.0,0.0906
40310.0,0.1410
40315.0,-0.1410
40320.0,0.0000
40325.0,0.1007
40330.0,0.0806
40335.0,-0.0604
40340.0,-0.0101
40345.0,-0.2619
40350.0,0.2417
40355.0,-0.0403
40360.0,-0.0604
40365.0,0.1813
40370.0,-0.1007
40375.0,0.0000
40380.0,-0.2921
40385.0,-0.2417
40390.0,-0.1914
40395.0,-0.2820
40400.0,-0.1309
40405.0,-0.1612
40410.0,0.1309
40415.0,-0.0403
40420.0,0.0201
40425.0,0.1712
40430.0,0.0101
40435.0,0.1410
40440.0,-0.0201
40445.0,-0.0705
40450.0,0.1108
40455.0,-0.1914
40460.0,0.0101
40465.0,-0.1209
40470.0,0.1511
40475.0,0.0101
40480.0,0.0604
40485.0,-0.1007
40490.0,0.1410
40495.0,0.0604
40500.0,-0.0504
40505.0,0.0201
40510.0,-0.0806
40515.0,-0.5942
40520.0,-0.2921
40525.0,-0.7655
40530.0,-0.6446
40535.0,-0.7957
40540.0,-0.8561
40545.0,-0.8460
40550.0,-0.6748
40555.0,-0.6648
40560.0,-0.1914
40565.0,0.0302
40570.0,0.0302
40575.0,0.0000
40580.0,-0.1007
40585.0,-0.1914
40590.0,0.1914
40595.0,0.0906
40600.0,0.2417
40605.0,0.0906
40610.0,-0.0906
40615.0,0.0302
40620.0,0.1108
40625.0,0.0705
40630.0,0.0806
40635.0,-0.0302
40640.0,-0.0806
40645.0,0.1007
40650.0,0.1209
40655.0,-0.1612
40660.0,0.2014
40665.0,-0.1007
40670.0,0.1410
40675.0,-0.1511
40680.0,-0.4633
40685.0,-0.2417
40690.0,-0.4734
40695.0,-0.0906
40700.0,-0.1007
40705.0,-0.0504
40710.0,0.2820
40715.0,-0.1410
40720.0,0.0705
40725.0,-0.0504
40730.0,0.0000
40735.0,-0.1612
40740.0,-0.1007
40745.0,0.0000
40750.0,0.1007
40755.0,-0.0604
40760.0,-0.0604
40765.0,-0.0604
40770.0,-0.0101
40775.0,-0.1914
40780.0,-0.0201
40785.0,-0.1712
40790.0,0.0906
40795.0,-0.1309
40800.0,0.0302
40805.0,0.0101
40810.0,-0.1108
40815.0,-0.7252
40820.0,-0.7151
40825.0,-0.8158
40830.0,-0.5640
40835.0,-0.9065
40840.0,-0.7957
40845.0,-1.1583
40850.0,-0.7252
40855.0,-0.3928
40860.0,-0.2014
40865.0,-0.1410
40870.0,-0.0906
40875.0,-0.1511
40880.0,0.2014
40885.0,0.0906
40890.0,0.0403
40895.0,0.0504
40900.0,0.0403
40905.0,-0.1914
40910.0,0.1813
40915.0,-0.0201
40920.0,0.0906
40925.0,0.1108
40930.0,-0.1209
40935.0,-0.0403
40940.0,0.0806
40945.0,0.0705
40950.0,0.1410
40955.0,-0.0101
40960.0,0.0504
40965.0,-0.1108
40970.0,0.0504
40975.0,-0.3424
40980.0,-0.0906
40985.0,-0.0101
40990.0,-0.4130
40995.0,0.0806
41000.0,0.0403
41005.0,0.0806
41010.0,0.1309
41015.0,-0.1007
41020.0,0.0201
41025.0,-0.1511
41030.0,0.0403
41035.0,-0.2317
41040.0,-0.0302
41045.0,0.1410
41050.0,-0.0101
41055.0,0.2417
41060.0,0.0906
41065.0,0.0201
41070.0,0.0604
41075.0,0.0604
41080.0,0.0504
41085.0,-0.1410
41090.0,0.0604
41095.0,0.0000
41100.0,-0.0201
41105.0,-0.1410
41110.0,-0.2518
41115.0,-0.6849
41120.0,-0.4734
41125.0,-0.5540
41130.0,-0.4130
41135.0,-0.8158
41140.0,-0.8763
41145.0,-0.8058
41150.0,-0.3324
41155.0,-0.4432
41160.0,-0.1410
41165.0,-0.2317
41170.0,0.0806
41175.0,0.1209
41180.0,0.1612
41185.0,0.0201
41190.0,0.2820
41195.0,0.2014
41200.0,0.2820
41205.0,0.1410
41210.0,0.1108
41215.0,-0.0403
41220.0,0.1309
41225.0,-0.1712
41230.0,0.0705
41235.0,-0.0906
41240.0,0.0000
41245.0,0.1108
41250.0,0.0101
41255.0,0.0705
41260.0,-0.0101
41265.0,-0.0705
41270.0,0.0000
41275.0,-0.4029
41280.0,-0.0403
41285.0,-0.2014
41290.0,-0.0403
41295.0,-0.3022
41300.0,-0.1309
41305.0,-0.0705
41310.0,0.1007
41315.0,-0.0604
41320.0,-0.0504
41325.0,-0.2115
41330.0,0.0806
41335.0,-0.3827
41340.0,-0.0806
41345.0,-0.2115
41350.0,-0.0906
41355.0,-0.0403
41360.0,0.0705
41365.0,0.0906
41370.0,-0.0906
41375.0,-0.1007
41380.0,0.0705
41385.0,-0.2014
41390.0,0.0604
41395.0,-0.1511
41400.0,-0.0504
41405.0,-0.2014
41410.0,-0.4633
41415.0,-0.8964
41420.0,-0.6245
41425.0,-0.5842
41430.0,-0.7252
41435.0,-0.8763
41440.0,-0.6748
41445.0,-0.8863
41450.0,-0.3022
41455.0,-0.3324
41460.0,-0.0705
41465.0,-0.3122
41470.0,0.0604
41475.0,-0.0201
41480.0,0.1511
41485.0,-0.1108
41490.0,-0.0403
41495.0,0.1813
41500.0,0.1007
41505.0,0.1007
41510.0,0.1108
41515.0,0.1612
41520.0,0.0604
41525.0,-0.1108
41530.0,0.1410
41535.0,-0.1007
41540.0,-0.0302
41545.0,0.2115
41550.0,-0.1007
41555.0,0.1007
41560.0,0.0403
41565.0,-0.1209
41570.0,0.0302
41575.0,-0.2820
41580.0,0.0000
41585.0,-0.2619
41590.0,-0.0101
41595.0,-0.0705
41600.0,0.0504
41605.0,0.1511
41610.0,-0.0403
41615.0,0.1612
41620.0,0.0705
41625.0,0.0604
41630.0,-0.0101
41635.0,-0.2417
41640.0,0.1309
41645.0,-0.0806
41650.0,0.0504
41655.0,-0.0504
41660.0,0.1007
41665.0,-0.0705
41670.0,0.0403
41675.0,-0.0101
41680.0,0.1511
41685.0,0.0604
41690.0,-0.0201
41695.0,-0.2216
41700.0,0.0906
41705.0,-0.2417
41710.0,-0.4331
41715.0,-0.6245
41720.0,-0.6446
41725.0,-0.4835
41730.0,-0.6245
41735.0,-0.8863
41740.0,-0.7957
41745.0,-0.8158
41750.0,-0.1712
41755.0,-0.1410
41760.0,-0.0201
41765.0,-0.2317
41770.0,0.2518
41775.0,-0.0906
41780.0,0.1108
41785.0,0.0302
41790.0,-0.0906
41795.0,0.0906
41800.0,-0.0705
41805.0,-0.0201
41810.0,-0.0101
41815.0,0.1309
41820.0,-0.0806
41825.0,-0.1309
41830.0,0.0906
41835.0,-0.2216
41840.0,0.0604
41845.0,-0.0504
41850.0,-0.1511
41855.0,0.1108
41860.0,-0.0504
41865.0,0.0302
41870.0,-0.1209
41875.0,0.0604
41880.0,-0.4331
41885.0,-0.2518
41890.0,0.1108
41895.0,-0.0101
41900.0,0.0705
41905.0,-0.1108
41910.0,0.0101
41915.0,0.0504
41920.0,-0.0705
41925.0,-0.0302
41930.0,0.0403
41935.0,-0.1511
41940.0,0.0403
41945.0,0.0101
41950.0,0.0906
41955.0,-0.1309
41960.0,0.2115
41965.0,-0.1309
41970.0,0.0302
41975.0,0.1309
41980.0,0.0201
41985.0,0.0302
41990.0,-0.0504
41995.0,-0.2417
42000.0,0.0504
42005.0,-0.5137
42010.0,-0.5237
42015.0,-0.8460
42020.0,-0.6446
42025.0,-0.7453
42030.0,-0.6950
42035.0,-1.0273
42040.0,-0.6748
42045.0,-0.6547
42050.0,-0.1309
42055.0,-0.1309
42060.0,0.0302
42065.0,-0.2216
42070.0,-0.0403
42075.0,-0.0705
42080.0,0.0806
42085.0,-0.0906
42090.0,0.1108
42095.0,-0.1511
42100.0,0.0201
42105.0,-0.1007
42110.0,-0.0101
42115.0,0.0906
42120.0,-0.0101
42125.0,-0.1209
42130.0,-0.0504
42135.0,-0.1712
42140.0,0.0201
42145.0,-0.1712
42150.0,0.0302
42155.0,0.0403
42160.0,-0.1209
42165.0,-0.2317
42170.0,-0.4532
42175.0,-0.2921
42180.0,-0.4230
42185.0,-0.2921
42190.0,-0.2115
42195.0,-0.1712
42200.0,0.1209
42205.0,-0.1511
42210.0,0.1712
42215.0,0.1007
42220.0,0.0101
42225.0,-0.0302
42230.0,0.0705
42235.0,-0.1108
42240.0,-0.1309
42245.0,-0.0403
42250.0,0.1813
42255.0,0.0906
42260.0,0.3022
42265.0,-0.2014
42270.0,-0.0201
42275.0,-0.1209
42280.0,-0.0604
42285.0,-0.1410
42290.0,-0.0504
42295.0,-0.0806
42300.0,-0.1914
42305.0,-0.5036
42310.0,-0.5137
42315.0,-0.7554
42320.0,-0.6345
42325.0,-0.8964
42330.0,-0.9367
42335.0,-1.1180
42340.0,-0.7050
42345.0,-0.3928
42350.0,-0.3827
42355.0,-0.0906
42360.0,-0.1813
42365.0,-0.0906
42370.0,0.0302
42375.0,-0.0806
42380.0,-0.1108
42385.0,0.0201
42390.0,0.0403
42395.0,-0.1209
42400.0,0.2014
42405.0,0.1511
42410.0,0.0906
42415.0,0.1410
42420.0,-0.0201
42425.0,-0.1612
42430.0,-0.1007
42435.0,-0.0705
42440.0,0.1813
42445.0,0.1914
42450.0,0.3122
42455.0,-0.2317
42460.0,0.1309
42465.0,-0.1813
42470.0,-0.1209
42475.0,-0.1108
42480.0,-0.3827
42485.0,-0.0201
42490.0,0.0201
42495.0,0.0403
42500.0,0.1309
42505.0,-0.0906
42510.0,0.0201
42515.0,-0.1511
42520.0,-0.0705
42525.0,-0.2921
42530.0,-0.0403
42535.0,-0.0604
42540.0,0.0201
42545.0,-0.0101
42550.0,0.2216
42555.0,0.0101
42560.0,-0.0504
42565.0,0.0504
42570.0,0.0806
42575.0,-0.0906
42580.0,0.1612
42585.0,0.0403
42590.0,0.0403
42595.0,-0.0101
42600.0,-0.3424
42605.0,-0.8561
42610.0,-0.6748
42615.0,-0.6245
42620.0,-0.3727
42625.0,-0.7453
42630.0,-0.7353
42635.0,-1.0878
42640.0,-0.5036
42645.0,-0.3928
42650.0,-0.0604
42655.0,-0.3424
42660.0,0.0302
42665.0,-0.1209
42670.0,-0.1309
42675.0,0.0705
42680.0,0.0302
42685.0,-0.0705
42690.0,0.0302
42695.0,0.0806
42700.0,0.0302
42705.0,-0.0906
42710.0,0.2216
42715.0,-0.1309
42720.0,-0.0906
42725.0,-0.2115
42730.0,-0.0101
42735.0,0.1108
42740.0,0.0604
42745.0,0.0806
42750.0,-0.0705
42755.0,0.0705
42760.0,-0.0504
42765.0,-0.5237
42770.0,0.0201
42775.0,-0.4532
42780.0,-0.2317
42785.0,0.0504
42790.0,0.1209
42795.0,0.2417
42800.0,0.1007
42805.0,0.2518
42810.0,0.2518
42815.0,0.0101
42820.0,0.0302
42825.0,-0.1813
42830.0,0.0302
42835.0,-0.1209
42840.0,-0.0101
42845.0,0.0403
42850.0,-0.0101
42855.0,0.0101
42860.0,-0.0806
42865.0,-0.0906
42870.0,0.1209
42875.0,-0.2317
42880.0,0.0302
42885.0,0.0201
42890.0,-0.0201
42895.0,-0.3022
42900.0,-0.2820
42905.0,-0.7856
42910.0,-0.4331
42915.0,-0.5640
42920.0,-0.5338
42925.0,-0.8259
42930.0,-0.9266
42935.0,-0.9266
42940.0,-0.3324
42945.0,-0.3727
42950.0,0.1209
42955.0,-0.3525
42960.0,0.0705
42965.0,0.0101
42970.0,0.0302
42975.0,0.1309
42980.0,0.0000
42985.0,-0.0705
42990.0,0.0604
42995.0,-0.0806
43000.0,0.0302
43005.0,0.0604
43010.0,0.0806
43015.0,-0.3022
43020.0,0.1712
43025.0,-0.1813
43030.0,-0.0403
43035.0,0.0604
43040.0,-0.0302
43045.0,0.0403
43050.0,0.1209
43055.0,-0.0906
43060.0,-0.0705
43065.0,-0.3525
43070.0,-0.0604
43075.0,-0.4432
43080.0,0.0302
43085.0,0.0403
43090.0,-0.0403
43095.0,-0.0806
43100.0,0.0201
43105.0,0.0302
43110.0,-0.0403
43115.0,-0.0906
43120.0,-0.0604
43125.0,-0.2820
43130.0,0.1209
43135.0,-0.1914
43140.0,0.1209
43145.0,0.0906
43150.0,-0.1108
43155.0,-0.0403
43160.0,0.0201
43165.0,-0.0604
43170.0,-0.0403
43175.0,0.0201
43180.0,-0.1007
43185.0,-0.2619
43190.0,-0.1209
43195.0,-0.4130
43200.0,-0.4230
43205.0,-0.8964
43210.0,-0.6043
43215.0,-0.6043
43220.0,-0.8058
43225.0,-1.1381
43230.0,-0.7151
43235.0,-0.8561
43240.0,-0.4230
43245.0,-0.1813
43250.0,-0.2518
43255.0,-0.2417
43260.0,0.1612
43265.0,-0.0101
43270.0,0.2317
43275.0,0.0403
43280.0,0.1108
43285.0,-0.0504
43290.0,-0.1410
43295.0,0.0705
43300.0,-0.0101
43305.0,-0.0705
43310.0,0.0504
43315.0,-0.1914
43320.0,0.0201
43325.0,-0.2518
43330.0,0.1108
43335.0,0.1108
43340.0,0.0101
43345.0,-0.1108
43350.0,0.0302
43355.0,-0.0504
43360.0,-0.3727
43365.0,-0.2216
43370.0,-0.3827
43375.0,-0.5036
43380.0,-0.0201
43385.0,-0.2417
43390.0,0.0604
43395.0,0.0000
43400.0,0.0201
43405.0,-0.0604
43410.0,0.1007
43415.0,-0.0705
43420.0,-0.1410
43425.0,-0.0906
43430.0,0.0705
43435.0,-0.1612
43440.0,0.1007
43445.0,-0.1209
43450.0,0.0504
43455.0,-0.0201
43460.0,-0.0403
43465.0,-0.1007
43470.0,-0.1108
43475.0,0.1813
43480.0,-0.1209
43485.0,-0.1712
43490.0,-0.0403
43495.0,-0.4230
43500.0,-0.3727
43505.0,-0.6144
43510.0,-0.6849
43515.0,-0.8863
43520.0,-0.9165
43525.0,-0.8763
43530.0,-0.4130
43535.0,-0.6446
43540.0,-0.4331
43545.0,-0.1108
43550.0,-0.1813
43555.0,-0.2014
43560.0,-0.0403
43565.0,-0.1007
43570.0,0.0504
43575.0,-0.1914
43580.0,0.0101
43585.0,-0.1209
43590.0,0.0302
43595.0,-0.1309
43600.0,0.0604
43605.0,-0.0705
43610.0,-0.0302
43615.0,-0.1712
43620.0,-0.0705
43625.0,-0.1914
43630.0,0.0906
43635.0,-0.1712
43640.0,0.0302
43645.0,0.0000
43650.0,-0.1309
43655.0,-0.2921
43660.0,-0.2317
43665.0,-0.1007
43670.0,-0.2921
43675.0,-0.2115
43680.0,-0.0705
43685.0,-0.1209
43690.0,0.0906
43695.0,-0.0403
43700.0,0.2619
43705.0,-0.1712
43710.0,-0.0201
43715.0,-0.0101
43720.0,0.1108
43725.0,0.0101
43730.0,0.0101
43735.0,0.2014
43740.0,0.1712
43745.0,0.0101
43750.0,0.0302
43755.0,-0.1813
43760.0,0.0906
43765.0,-0.1511
43770.0,0.0101
43775.0,0.0504
43780.0,-0.0906
43785.0,-0.0705
43790.0,-0.0504
43795.0,-0.5842
43800.0,-0.5640
43805.0,-0.7755
43810.0,-0.7353
43815.0,-0.8259
43820.0,-0.9065
43825.0,-1.1784
43830.0,-0.6748
43835.0,-0.4835
43840.0,-0.3626
43845.0,-0.2216
43850.0,-0.1612
43855.0,-0.0201
43860.0,0.1007
43865.0,-0.1108
43870.0,0.0201
43875.0,-0.0604
43880.0,0.0302
43885.0,-0.1813
43890.0,0.0403
43895.0,-0.2820
43900.0,-0.1108
43905.0,0.0906
43910.0,-0.0705
43915.0,0.0806
43920.0,0.0806
43925.0,-0.0201
43930.0,0.0604
43935.0,-0.0906
43940.0,0.0302
43945.0,-0.1209
43950.0,0.1712
43955.0,-0.1914
43960.0,-0.3424
43965.0,-0.3324
43970.0,-0.1309
43975.0,0.0604
43980.0,0.0604
43985.0,-0.1914
43990.0,0.0806
43995.0,-0.1007
44000.0,0.0604
44005.0,-0.1712
44010.0,-0.0101
44015.0,-0.3022
44020.0,-0.0604
44025.0,-0.1108
44030.0,-0.0302
44035.0,0.1007
44040.0,-0.0403
44045.0,0.0504
44050.0,0.0201
44055.0,0.0705
44060.0,0.1309
44065.0,0.0302
44070.0,0.1309
44075.0,-0.0504
44080.0,-0.0403
44085.0,-0.1813
44090.0,-0.1914
44095.0,-0.5137
44100.0,-0.7151
44105.0,-0.7151
44110.0,-0.4835
44115.0,-0.8360
44120.0,-0.7050
44125.0,-1.0576
44130.0,-0.4432
44135.0,-0.2820
44140.0,0.0504
44145.0,-0.1108
44150.0,-0.0705
44155.0,-0.1108
44160.0,-0.0403
44165.0,-0.0201
44170.0,-0.0101
44175.0,0.0403
44180.0,0.1007
44185.0,-0.1309
44190.0,0.1410
44195.0,-0.1914
44200.0,0.0604
44205.0,-0.0403
44210.0,-0.1410
44215.0,-0.3122
44220.0,-0.1108
44225.0,-0.0504
44230.0,-0.0101
44235.0,0.0201
44240.0,0.0101
44245.0,-0.2317
44250.0,0.0604
44255.0,-0.5540
44260.0,-0.1309
44265.0,-0.3525
44270.0,-0.2115
44275.0,-0.2317
44280.0,-0.0705
44285.0,0.0101
44290.0,-0.0705
44295.0,-0.0201
44300.0,0.1914
44305.0,-0.2820
44310.0,0.0604
44315.0,-0.3727
44320.0,0.0101
44325.0,-0.0906
44330.0,-0.0201
44335.0,-0.1511
44340.0,0.0101
44345.0,-0.0806
44350.0,-0.0403
44355.0,0.0705
44360.0,-0.0705
44365.0,-0.2619
44370.0,0.1410
44375.0,-0.0604
44380.0,0.0201
44385.0,-0.2921
44390.0,-0.2619
44395.0,-0.8158
44400.0,-0.5338
44405.0,-0.4835
44410.0,-0.3727
44415.0,-1.2389
44420.0,-0.8360
44425.0,-0.9266
44430.0,-0.4130
44435.0,-0.5540
44440.0,-0.2216
44445.0,-0.2619
44450.0,0.2216
44455.0,0.0604
44460.0,0.2216
44465.0,0.0604
44470.0,0.1309
44475.0,0.1410
44480.0,0.1007
44485.0,0.0906
44490.0,-0.0906
44495.0,-0.1108
44500.0,0.1108
44505.0,-0.2115
44510.0,0.1209
44515.0,0.0201
44520.0,-0.0101
44525.0,0.1209
44530.0,-0.0403
44535.0,0.0302
44540.0,0.0705
44545.0,-0.0302
44550.0,-0.0604
44555.0,-0.3626
44560.0,0.0201
44565.0,-0.5237
44570.0,0.0705
44575.0,0.0806
44580.0,0.0705
44585.0,0.0806
44590.0,0.1511
44595.0,0.0504
44600.0,-0.0403
44605.0,0.0201
44610.0,0.1914
44615.0,0.0201
44620.0,0.1209
44625.0,-0.2619
44630.0,0.0906
44635.0,-0.0906
44640.0,-0.0906
44645.0,0.0504
44650.0,0.1309
44655.0,0.0705
44660.0,0.0101
44665.0,0.0101
44670.0,-0.0403
44675.0,-0.0806
44680.0,0.0302
44685.0,-0.4432
44690.0,-0.6245
44695.0,-0.8360
44700.0,-0.6849
44705.0,-0.6547
44710.0,-0.6446
44715.0,-1.0978
44720.0,-0.8158
44725.0,-0.8460
44730.0,-0.3928
44735.0,-0.3324
44740.0,-0.2820
44745.0,-0.3324
44750.0,0.0201
44755.0,-0.2417
44760.0,0.0403
44765.0,-0.1108
44770.0,-0.0101
44775.0,-0.1612
44780.0,0.0302
44785.0,0.0201
44790.0,0.0101
44795.0,0.0302
44800.0,0.0403
44805.0,-0.0201
44810.0,0.1108
44815.0,-0.1209
44820.0,-0.0101
44825.0,-0.1712
44830.0,-0.0806
44835.0,0.1612
44840.0,0.0705
44845.0,0.1712
44850.0,-0.3223
44855.0,-0.1108
44860.0,-0.3525
44865.0,-0.4532
44870.0,0.0806
44875.0,-0.2719
44880.0,0.0302
44885.0,-0.0504
44890.0,-0.0403
44895.0,0.0302
44900.0,0.0101
44905.0,-0.0403
44910.0,0.0604
44915.0,-0.0302
44920.0,0.1309
44925.0,0.0000
44930.0,0.0705
44935.0,-0.2417
44940.0,0.1209
44945.0,-0.1209
44950.0,0.0201
44955.0,0.0604
44960.0,-0.0201
44965.0,0.1309
44970.0,0.0504
44975.0,-0.1914
44980.0,0.0101
44985.0,-0.3424
44990.0,-0.5640
44995.0,-0.8158
45000.0,-0.5237
45005.0,-0.7755
45010.0,-0.9669
45015.0,-0.9871
45020.0,-0.6345
45025.0,-0.6144
45030.0,-0.3324
45035.0,-0.2518
45040.0,0.0000
45045.0,-0.1511
45050.0,0.0101
45055.0,-0.0705
45060.0,0.0302
45065.0,-0.1511
45070.0,0.1108
45075.0,-0.0604
45080.0,0.1209
45085.0,-0.0604
45090.0,-0.1209
45095.0,0.1007
45100.0,0.0000
45105.0,-0.2014
45110.0,-0.0906
45115.0,-0.0604
45120.0,-0.0101
45125.0,-0.1914
45130.0,0.0604
45135.0,-0.0806
45140.0,0.0906
45145.0,-0.2619
45150.0,-0.4935
45155.0,-0.1914
45160.0,-0.4230
45165.0,-0.2417
45170.0,-0.0906
45175.0,-0.2317
45180.0,0.0201
45185.0,0.0705
45190.0,0.1007
45195.0,-0.1612
45200.0,-0.0101
45205.0,0.0101
45210.0,0.0201
45215.0,0.0504
45220.0,0.1511
45225.0,0.0504
45230.0,0.0302
45235.0,-0.0705
45240.0,0.1612
45245.0,-0.2014
45250.0,0.0101
45255.0,-0.1007
45260.0,-0.0604
45265.0,-0.1108
45270.0,0.0201
45275.0,-0.1410
45280.0,-0.2518
45285.0,-0.6043
45290.0,-0.6144
45295.0,-0.9065
45300.0,-0.5640
45305.0,-0.8158
45310.0,-0.8763
45315.0,-1.1180
45320.0,-0.7151
45325.0,-0.5741
45330.0,-0.1914
45335.0,-0.3727
45340.0,-0.1712
45345.0,0.0101
45350.0,-0.0201
45355.0,-0.0705
45360.0,0.1712
45365.0,-0.1511
45370.0,0.0101
45375.0,-0.0705
45380.0,0.2216
45385.0,-0.0302
45390.0,0.1007
45395.0,0.1108
45400.0,-0.1309
45405.0,0.0000
45410.0,0.0705
45415.0,0.1007
45420.0,0.1410
45425.0,0.1108
45430.0,0.1309
45435.0,-0.2619
45440.0,0.0806
45445.0,-0.1410
45450.0,-0.0705
45455.0,-0.3022
45460.0,-0.1914
45465.0,0.0101
45470.0,-0.0101
45475.0,-0.0504
45480.0,-0.0806
45485.0,-0.0403
45490.0,0.0705
45495.0,-0.0906
45500.0,0.1209
45505.0,-0.2417
45510.0,-0.1612
45515.0,-0.0302
45520.0,0.0302
45525.0,0.0000
45530.0,0.0101
45535.0,-0.0504
45540.0,-0.0403
45545.0,-0.0101
45550.0,0.0705
45555.0,-0.1914
45560.0,0.1511
45565.0,-0.2216
45570.0,-0.1209
45575.0,-0.3223
45580.0,-0.3324
45585.0,-0.7353
45590.0,-0.6446
45595.0,-0.7655
45600.0,-0.6245
45605.0,-1.0072
45610.0,-0.9065
45615.0,-1.0374
45620.0,-0.5338
45625.0,-0.5942
45630.0,-0.0302
45635.0,-0.3324
45640.0,-0.1309
45645.0,0.0000
45650.0,-0.1309
45655.0,-0.0504
45660.0,0.1309
45665.0,-0.0604
45670.0,-0.0101
45675.0,-0.0403
45680.0,0.0201
45685.0,-0.0504
45690.0,0.0403
45695.0,-0.1511
45700.0,-0.0403
45705.0,-0.2216
45710.0,-0.1813
45715.0,0.0403
45720.0,-0.0101
45725.0,0.0604
45730.0,0.2115
45735.0,-0.0201
45740.0,0.0705
45745.0,-0.3324
45750.0,-0.1007
45755.0,-0.4633
45760.0,-0.2619
45765.0,-0.1007
45770.0,-0.0403
45775.0,0.0101
45780.0,0.0504
45785.0,-0.0906
45790.0,-0.0201
45795.0,-0.1511
45800.0,0.0403
45805.0,-0.2820
45810.0,0.0806
45815.0,-0.1612
45820.0,0.0906
45825.0,0.0101
45830.0,0.0101
45835.0,0.0302
45840.0,-0.0604
45845.0,-0.1712
45850.0,0.0000
45855.0,-0.1511
45860.0,0.0806
45865.0,-0.1007
45870.0,-0.1007
45875.0,-0.0906
45880.0,-0.3727
45885.0,-0.7252
45890.0,-0.4230
45895.0,-0.4532
45900.0,-0.7554
45905.0,-1.0878
45910.0,-0.7453
45915.0,-0.8460
45920.0,-0.4935
45925.0,-0.5540
45930.0,-0.0201
45935.0,-0.3022
45940.0,0.0504
45945.0,0.0101
45950.0,-0.0906
45955.0,0.0806
45960.0,-0.1007
45965.0,0.0101
45970.0,0.1209
45975.0,-0.1108
45980.0,-0.1209
45985.0,0.0504
45990.0,0.0806
45995.0,-0.1914
46000.0,0.1410
46005.0,-0.1712
46010.0,-0.1007
46015.0,0.0101
46020.0,-0.0201
46025.0,0.0000
46030.0,0.0504
46035.0,-0.2115
46040.0,-0.3223
46045.0,-0.1712
46050.0,-0.1007
46055.0,-0.3122
46060.0,-0.0403
46065.0,-0.0101
46070.0,-0.0604
46075.0,0.0101
46080.0,0.1209
46085.0,-0.0201
46090.0,-0.0806
46095.0,-0.1612
46100.0,-0.0403
46105.0,-0.1209
46110.0,0.1612
46115.0,-0.2820
46120.0,0.0705
46125.0,-0.1108
46130.0,-0.0403
46135.0,0.0806
46140.0,0.0201
46145.0,0.0604
46150.0,-0.0302
46155.0,-0.0906
46160.0,-0.0201
46165.0,-0.2417
46170.0,-0.1813
46175.0,-0.3122
46180.0,-0.4734
46185.0,-0.7050
46190.0,-0.3928
46195.0,-0.4331
46200.0,-0.5540
46205.0,-0.8763
46210.0,-0.5942
46215.0,-0.7957
46220.0,-0.3928
46225.0,-0.3324
46230.0,-0.2317
46235.0,-0.1612
46240.0,0.0806
46245.0,-0.2719
46250.0,0.1209
46255.0,-0.1410
46260.0,-0.0101
46265.0,0.0604
46270.0,-0.1108
46275.0,0.0705
46280.0,-0.0302
46285.0,-0.0906
46290.0,0.0504
46295.0,-0.1914
46300.0,-0.0302
46305.0,-0.2417
46310.0,0.0403
46315.0,0.0000
46320.0,0.0504
46325.0,-0.1108
46330.0,0.0101
46335.0,-0.0504
46340.0,-0.3223
46345.0,-0.0906
46350.0,-0.4331
46355.0,-0.4633
46360.0,0.0201
46365.0,-0.2115
46370.0,0.0806
46375.0,0.1410
46380.0,-0.0806
46385.0,-0.0201
46390.0,0.0000
46395.0,-0.0403
46400.0,-0.1511
46405.0,0.1309
46410.0,-0.0201
46415.0,-0.1612
46420.0,0.1007
46425.0,-0.2115
46430.0,0.1309
46435.0,0.0302
46440.0,-0.1007
46445.0,-0.1309
46450.0,0.0101
46455.0,-0.0101
46460.0,-0.0604
46465.0,-0.1007
46470.0,-0.2014
46475.0,-0.5137
46480.0,-0.5036
46485.0,-0.8964
46490.0,-0.6043
46495.0,-0.8360
46500.0,-0.9669
46505.0,-1.1784
46510.0,-0.6043
46515.0,-0.7252
46520.0,-0.3928
46525.0,-0.1712
46530.0,-0.2115
46535.0,-0.1511
46540.0,-0.0604
46545.0,-0.1511
46550.0,0.0705
46555.0,-0.1007
46560.0,0.1007
46565.0,0.1309
46570.0,0.0201
46575.0,0.1410
46580.0,-0.1712
46585.0,-0.0806
46590.0,0.1007
46595.0,-0.1511
46600.0,0.0000
46605.0,0.0101
46610.0,0.0000
46615.0,-0.1813
46620.0,0.0403
46625.0,-0.1511
46630.0,-0.0906
46635.0,-0.0705
46640.0,-0.5036
46645.0,-0.1612
46650.0,-0.3928
46655.0,-0.2921
46660.0,-0.1108
46665.0,-0.1209
46670.0,0.0201
46675.0,-0.1209
46680.0,0.0705
46685.0,-0.1309
46690.0,-0.0403
46695.0,-0.1612
46700.0,-0.1209
46705.0,-0.0302
46710.0,-0.1007
46715.0,-0.0705
46720.0,-0.0101
46725.0,-0.1914
46730.0,0.0705
46735.0,-0.2216
46740.0,0.0504
46745.0,-0.1309
46750.0,-0.0604
46755.0,-0.1813
46760.0,-0.0604
46765.0,-0.1712
46770.0,-0.2317
46775.0,-0.6648
46780.0,-0.6547
46785.0,-0.9266
46790.0,-0.5942
46795.0,-0.5036
46800.0,-0.6345
46805.0,-0.8763
46810.0,-0.6043
46815.0,-0.5439
46820.0,-0.2014
46825.0,-0.1511
46830.0,0.0000
46835.0,-0.1410
46840.0,-0.0101
46845.0,-0.1007
46850.0,0.0302
46855.0,0.1108
46860.0,0.1007
46865.0,-0.2417
46870.0,0.0806
46875.0,-0.2014
46880.0,-0.0604
46885.0,0.0504
46890.0,-0.1712
46895.0,-0.1410
46900.0,-0.0403
46905.0,-0.1108
46910.0,-0.0604
46915.0,-0.0906
46920.0,0.1309
46925.0,-0.2417
46930.0,0.1712
46935.0,-0.3827
46940.0,-0.2820
46945.0,-0.2719
46950.0,-0.4130
46955.0,-0.1511
46960.0,-0.1007
46965.0,-0.1511
46970.0,0.0000
46975.0,0.0101
46980.0,0.1209
46985.0,-0.0906
46990.0,0.0101
46995.0,-0.2417
47000.0,0.0201
47005.0,-0.0604
47010.0,-0.0604
47015.0,0.0000
47020.0,-0.0604
47025.0,-0.0806
47030.0,0.1511
47035.0,-0.1813
47040.0,0.1612
47045.0,-0.1410
47050.0,0.0403
47055.0,-0.1612
47060.0,-0.1511
47065.0,-0.3626
47070.0,-0.3626
47075.0,-0.7755
47080.0,-0.5942
47085.0,-0.6446
47090.0,-0.6144
47095.0,-1.0374
47100.0,-0.7957
47105.0,-0.8763
47110.0,-0.5237
47115.0,-0.2014
47120.0,-0.0604
47125.0,-0.1209
47130.0,0.0201
47135.0,-0.0201
47140.0,0.0906
47145.0,-0.0504
47150.0,-0.0705
47155.0,0.0403
47160.0,0.0101
47165.0,-0.0806
47170.0,0.1108
47175.0,-0.2115
47180.0,0.1612
47185.0,-0.1813
47190.0,-0.1511
47195.0,-0.1108
47200.0,-0.0906
47205.0,-0.0504
47210.0,-0.0403
47215.0,-0.0201
47220.0,0.0302
47225.0,-0.2417
47230.0,0.0705
47235.0,-0.4734
47240.0,-0.1108
47245.0,-0.3928
47250.0,-0.2216
47255.0,-0.2317
47260.0,-0.0101
47265.0,0.0101
47270.0,-0.0201
47275.0,0.1209
47280.0,0.0000
47285.0,-0.2518
47290.0,0.0403
47295.0,-0.4029
47300.0,0.0504
47305.0,0.0302
47310.0,-0.0806
47315.0,0.0403
47320.0,0.0101
47325.0,0.0705
47330.0,0.0403
47335.0,-0.1108
47340.0,-0.0906
47345.0,-0.1511
47350.0,0.1007
47355.0,-0.2216
47360.0,0.1108
47365.0,-0.3022
47370.0,-0.4130
47375.0,-0.8863
47380.0,-0.6345
47385.0,-0.6144
47390.0,-0.6245
47395.0,-1.1986
47400.0,-0.8763
47405.0,-0.8964
47410.0,-0.5237
47415.0,-0.5640
47420.0,-0.1612
47425.0,-0.3727
47430.0,0.0604
47435.0,-0.1108
47440.0,0.0906
47445.0,-0.0504
47450.0,-0.0504
47455.0,0.0906
47460.0,-0.0604
47465.0,-0.0906
47470.0,0.0000
47475.0,-0.1209
47480.0,0.0705
47485.0,-0.1813
47490.0,-0.0101
47495.0,-0.0806
47500.0,-0.0302
47505.0,-0.0806
47510.0,0.0604
47515.0,0.0403
47520.0,-0.0101
47525.0,-0.1612
47530.0,-0.2719
47535.0,-0.2014
47540.0,-0.1410
47545.0,-0.5540
47550.0,-0.0705
47555.0,-0.1612
47560.0,-0.0101
47565.0,0.0101
47570.0,-0.0302
47575.0,0.0906
47580.0,-0.0101
47585.0,-0.2014
47590.0,0.0403
47595.0,-0.2216
47600.0,0.0604
47605.0,-0.1712
47610.0,0.0302
47615.0,-0.0604
47620.0,-0.0604
47625.0,-0.0806
47630.0,0.0302
47635.0,-0.0201
47640.0,-0.0302
47645.0,0.0201
47650.0,-0.0604
47655.0,-0.2619
47660.0,-0.0906
47665.0,-0.4130
47670.0,-0.4935
47675.0,-0.7856
47680.0,-0.3928
47685.0,-0.5036
47690.0,-0.5439
47695.0,-1.1281
47700.0,-0.8964
47705.0,-0.6648
47710.0,-0.2921
47715.0,-0.3424
47720.0,0.0403
47725.0,-0.3022
47730.0,-0.0403
47735.0,-0.2115
47740.0,0.1007
47745.0,-0.1309
47750.0,0.0504
47755.0,0.0000
47760.0,0.0101
47765.0,0.0201
47770.0,-0.0302
47775.0,0.0000
47780.0,0.0000
47785.0,-0.2921
47790.0,0.0906
47795.0,-0.2115
47800.0,0.0302
47805.0,0.0403
47810.0,-0.0604
47815.0,-0.1007
47820.0,0.0504
47825.0,-0.0705
47830.0,-0.2921
47835.0,-0.0403
47840.0,-0.3827
47845.0,-0.4230
47850.0,0.0906
47855.0,-0.2619
47860.0,0.1108
47865.0,0.0201
47870.0,-0.0705
47875.0,0.0000
47880.0,-0.0806
47885.0,0.0101
47890.0,0.0000
47895.0,-0.1007
47900.0,-0.1209
47905.0,-0.2619
47910.0,0.0302
47915.0,-0.0806
47920.0,0.2317
47925.0,-0.2216
47930.0,-0.0806
47935.0,0.0000
47940.0,0.2216
47945.0,-0.1209
47950.0,-0.0806
47955.0,0.0604
47960.0,0.0302
47965.0,-0.4935
47970.0,-0.5237
47975.0,-0.9165
47980.0,-0.6547
47985.0,-0.8058
47990.0,-1.0173
47995.0,-1.1583
48000.0,-0.6849
48005.0,-0.8259
48010.0,-0.2921
48015.0,-0.2317
48020.0,-0.2115
48025.0,-0.0705
48030.0,-0.0906
48035.0,-0.0806
48040.0,0.0906
48045.0,-0.1712
48050.0,0.0705
48055.0,-0.2115
48060.0,-0.0906
48065.0,0.0201
48070.0,-0.0101
48075.0,0.2115
48080.0,0.0201
48085.0,-0.0705
48090.0,-0.0604
48095.0,-0.1108
48100.0,0.2115
48105.0,-0.2216
48110.0,0.0906
48115.0,-0.0604
48120.0,-0.0302
48125.0,-0.2115
48130.0,-0.3626
48135.0,-0.2820
48140.0,-0.4230
48145.0,-0.1712
48150.0,-0.1309
48155.0,-0.2014
48160.0,0.0806
48165.0,-0.2518
48170.0,0.1612
48175.0,-0.1007
48180.0,-0.1209
48185.0,-0.0504
48190.0,-0.1108
48195.0,-0.1209
48200.0,0.0705
48205.0,-0.0906
48210.0,0.0504
48215.0,-0.1511
48220.0,0.1712
48225.0,-0.2115
48230.0,0.0504
48235.0,0.0302
48240.0,-0.0906
48245.0,-0.0906
48250.0,-0.0201
48255.0,-0.1612
48260.0,-0.1511
48265.0,-0.7252
48270.0,-0.6446
48275.0,-0.6446
48280.0,-0.4230
48285.0,-0.8158
48290.0,-0.5842
48295.0,-0.7957
48300.0,-0.6547
48305.0,-0.5540
48310.0,-0.1813
48315.0,-0.1209
48320.0,-0.2115
48325.0,0.1410
48330.0,0.0504
48335.0,0.0604
48340.0,-0.0302
48345.0,-0.1309
48350.0,0.1108
48355.0,-0.2417
48360.0,0.0403
48365.0,0.0504
48370.0,-0.0705
48375.0,0.0302
48380.0,-0.1309
48385.0,-0.1108
48390.0,0.1108
48395.0,-0.0705
48400.0,0.0201
48405.0,-0.0101
48410.0,0.0000
48415.0,-0.1007
48420.0,0.0504
48425.0,-0.3223
48430.0,-0.1612
48435.0,-0.2921
48440.0,-0.2115
48445.0,-0.1612
48450.0,-0.0403
48455.0,-0.0906
48460.0,0.0705
48465.0,-0.0604
48470.0,0.0906
48475.0,-0.2820
48480.0,0.0705
48485.0,-0.1914
48490.0,-0.0604
48495.0,0.0504
48500.0,-0.0302
48505.0,0.0906
48510.0,-0.0101
48515.0,-0.0705
48520.0,0.0101
48525.0,-0.2014
48530.0,0.1309
48535.0,-0.0504
48540.0,0.0604
48545.0,-0.1813
48550.0,-0.0302
48555.0,-0.3324
48560.0,-0.3626
48565.0,-0.7252
48570.0,-0.5942
48575.0,-0.6245
48580.0,-0.6245
48585.0,-1.0273
48590.0,-0.9165
48595.0,-1.0273
48600.0,-0.5540
48605.0,-0.4331
48610.0,-0.1410
48615.0,-0.2518
48620.0,-0.0504
48625.0,-0.1209
48630.0,-0.0201
48635.0,-0.0302
48640.0,-0.1007
48645.0,-0.0604
48650.0,0.0302
48655.0,-0.1007
48660.0,0.1209
48665.0,-0.2014
48670.0,-0.0806
48675.0,-0.0302
48680.0,-0.1712
48685.0,-0.2115
48690.0,-0.0403
48695.0,0.2014
48700.0,0.2115
48705.0,0.0806
48710.0,0.2820
48715.0,-0.2317
48720.0,-0.1108
48725.0,-0.3827
48730.0,0.0000
48735.0,-0.1914
48740.0,-0.0201
48745.0,-0.1612
48750.0,0.0906
48755.0,0.0000
48760.0,-0.0604
48765.0,0.0201
48770.0,0.0403
48775.0,-0.2820
48780.0,0.1108
48785.0,-0.3324
48790.0,0.0403
48795.0,-0.0906
48800.0,-0.0302
48805.0,-0.1511
48810.0,0.0504
48815.0,-0.0201
48820.0,-0.0302
48825.0,0.0101
48830.0,-0.0302
48835.0,-0.2216
48840.0,0.0403
48845.0,-0.1914
48850.0,0.0101
48855.0,-0.2317
48860.0,-0.5036
48865.0,-0.6849
48870.0,-0.5942
48875.0,-0.6849
48880.0,-0.5540
48885.0,-1.1683
48890.0,-0.8863
48895.0,-0.9871
48900.0,-0.4935
48905.0,-0.4935
48910.0,-0.1209
48915.0,-0.4331
48920.0,0.0705
48925.0,-0.2115
48930.0,-0.0806
48935.0,-0.0302
48940.0,-0.0101
48945.0,-0.0504
48950.0,0.0000
48955.0,-0.1309
48960.0,-0.0504
48965.0,0.0101
48970.0,0.0101
48975.0,-0.2317
48980.0,0.2619
48985.0,-0.1209
48990.0,-0.0302
48995.0,0.1813
49000.0,-0.2115
49005.0,-0.0504
49010.0,0.0000
49015.0,-0.1108
49020.0,-0.3122
49025.0,-0.2820
49030.0,0.1108
49035.0,-0.1410
49040.0,-0.0906
49045.0,-0.2216
49050.0,0.1209
49055.0,0.0201
49060.0,0.0403
49065.0,0.1612
49070.0,-0.0604
49075.0,-0.1007
49080.0,-0.1007
49085.0,-0.2417
49090.0,0.1914
49095.0,-0.3022
49100.0,0.0705
49105.0,-0.0906
49110.0,-0.0403
49115.0,0.0201
49120.0,0.0302
49125.0,0.0403
49130.0,0.0504
49135.0,-0.1712
49140.0,-0.0302
49145.0,-0.1813
49150.0,-0.1309
49155.0,-0.4029
49160.0,-0.5640
49165.0,-0.8863
49170.0,-0.5942
49175.0,-0.6446
49180.0,-0.7957
49185.0,-1.0273
49190.0,-0.9065
49195.0,-0.7957
49200.0,-0.2518
49205.0,-0.3928
49210.0,-0.2014
49215.0,-0.2317
49220.0,0.0201
49225.0,-0.1007
49230.0,0.1007
49235.0,-0.1813
49240.0,-0.0604
49245.0,-0.0201
49250.0,-0.0604
49255.0,0.0604
49260.0,0.0000
49265.0,-0.1007
49270.0,-0.0403
49275.0,-0.1712
49280.0,0.0201
49285.0,-0.2317
49290.0,0.0201
49295.0,0.0403
49300.0,-0.0705
49305.0,0.1209
49310.0,-0.0906
49315.0,0.0000
49320.0,-0.3122
49325.0,-0.0705
49330.0,-0.4029
49335.0,-0.3324
49340.0,0.0504
49345.0,-0.1712
49350.0,-0.0604
49355.0,-0.1108
49360.0,-0.1209
49365.0,-0.1309
49370.0,-0.0705
49375.0,0.0806
49380.0,-0.1914
49385.0,0.0403
49390.0,0.1612
49395.0,0.0302
49400.0,0.1007
49405.0,-0.3122
49410.0,0.0906
49415.0,-0.1007
49420.0,0.0302
49425.0,0.0403
49430.0,-0.0806
49435.0,-0.0504
49440.0,0.0101
49445.0,-0.2719
49450.0,-0.1209
49455.0,-0.5942
49460.0,-0.4935
49465.0,-0.8460
49470.0,-0.7252
49475.0,-0.7755
49480.0,-1.0273
49485.0,-1.1784
49490.0,-0.6849
49495.0,-0.7856
49500.0,-0.3223
49505.0,-0.2317
49510.0,-0.1612
49515.0,-0.1914
49520.0,-0.0705
49525.0,-0.0705
49530.0,0.0504
49535.0,-0.1410
49540.0,0.0101
49545.0,-0.1007
49550.0,0.0906
49555.0,-0.1309
49560.0,-0.0302
49565.0,-0.0302
49570.0,-0.0403
49575.0,-0.0302
49580.0,-0.1410
49585.0,0.0705
49590.0,0.0101
49595.0,-0.2014
49600.0,0.0705
49605.0,-0.1511
49610.0,-0.1712
49615.0,-0.2014
49620.0,-0.4835
49625.0,-0.2014
49630.0,-0.3928
49635.0,-0.3424
49640.0,-0.0201
49645.0,-0.1914
49650.0,0.0705
49655.0,-0.1007
49660.0,-0.0504
49665.0,-0.0101
49670.0,-0.0906
49675.0,-0.1511
49680.0,-0.0403
49685.0,-0.0705
49690.0,0.0101
49695.0,-0.0906
49700.0,0.0806
49705.0,-0.2820
49710.0,-0.0504
49715.0,-0.1511
49720.0,-0.0302
49725.0,-0.2317
49730.0,-0.1007
49735.0,0.1309
49740.0,-0.0604
49745.0,0.0906
49750.0,-0.1309
49755.0,-0.8158
49760.0,-0.7151
49765.0,-0.7856
49770.0,-0.6446
49775.0,-0.7252
49780.0,-0.6849
49785.0,-1.1381
49790.0,-0.6245
49795.0,-0.6648
49800.0,-0.3727
49805.0,-0.2317
49810.0,-0.2216
49815.0,-0.1007
49820.0,0.0504
49825.0,-0.1007
49830.0,0.0000
49835.0,-0.0302
49840.0,0.0705
49845.0,0.0101
49850.0,0.0403
49855.0,-0.1410
49860.0,0.0504
49865.0,-0.0906
49870.0,-0.2014
49875.0,-0.0504
49880.0,-0.0504
49885.0,-0.0806
49890.0,0.0101
49895.0,-0.1108
49900.0,0.0906
49905.0,-0.1712
49910.0,0.0604
49915.0,-0.3626
49920.0,-0.3525
49925.0,-0.3022
49930.0,-0.3626
49935.0,-0.0604
49940.0,0.0403
49945.0,-0.1612
49950.0,-0.0604
49955.0,-0.0604
49960.0,0.0705
49965.0,-0.1007
49970.0,0.0302
49975.0,-0.2417
49980.0,0.0403
49985.0,-0.0201
49990.0,0.0504
49995.0,0.0302
50000.0,-0.1209
50005.0,-0.1209
50010.0,0.1209
50015.0,-0.1410
50020.0,0.1612
50025.0,-0.1712
50030.0,0.0906
50035.0,-0.1209
50040.0,-0.1511
50045.0,-0.2518
50050.0,-0.2518
50055.0,-0.8259
50060.0,-0.6547
50065.0,-0.5741
50070.0,-0.5942
50075.0,-0.9971
50080.0,-0.8259
50085.0,-1.0777
50090.0,-0.6043
50095.0,-0.4432
50100.0,-0.1309
50105.0,-0.3022
50110.0,-0.0906
50115.0,-0.2719
50120.0,-0.1612
50125.0,0.0906
50130.0,-0.1007
50135.0,-0.1712
50140.0,0.0201
50145.0,-0.0604
50150.0,0.1108
50155.0,-0.0201
50160.0,0.0000
50165.0,-0.2820
50170.0,-0.2216
50175.0,-0.2014
50180.0,0.0906
50185.0,0.2014
50190.0,-0.0906
50195.0,-0.1511
50200.0,0.0302
50205.0,-0.1612
50210.0,-0.0302
50215.0,-0.3827
50220.0,-0.1813
50225.0,-0.2719
50230.0,-0.2921
50235.0,-0.2014
50240.0,-0.0201
50245.0,-0.0201
50250.0,-0.1309
50255.0,-0.0201
50260.0,-0.0403
50265.0,-0.2115
50270.0,0.1007
50275.0,-0.4029
50280.0,0.0000
50285.0,-0.0604
50290.0,-0.0504
50295.0,-0.0403
50300.0,0.1612
50305.0,0.0000
50310.0,-0.1108
50315.0,-0.0604
50320.0,-0.0504
50325.0,-0.1914
50330.0,0.1309
50335.0,-0.2417
50340.0,0.1007
50345.0,-0.3626
50350.0,-0.4130
50355.0,-0.8763
50360.0,-0.6748
50365.0,-0.5942
50370.0,-0.7252
50375.0,-1.1885
50380.0,-0.8259
50385.0,-1.0374
50390.0,-0.3424
50395.0,-0.5338
50400.0,-0.0806
50405.0,-0.2719
50410.0,-0.0302
50415.0,-0.1612
50420.0,-0.2317
50425.0,0.0101
50430.0,0.1612
50435.0,0.1712
50440.0,-0.1209
50445.0,-0.1813
50450.0,-0.0906
50455.0,-0.1612
50460.0,-0.0403
50465.0,-0.2518
50470.0,0.1309
50475.0,0.0806
50480.0,-0.1410
50485.0,-0.1309
50490.0,0.0504
50495.0,-0.0201
50500.0,0.0302
50505.0,-0.0906
50510.0,-0.1914
50515.0,-0.3122
50520.0,-0.1612
50525.0,-0.5137
50530.0,-0.0806
50535.0,-0.1007
50540.0,-0.0705
50545.0,-0.0504
50550.0,0.1410
50555.0,-0.0604
50560.0,0.0705
50565.0,-0.1612
50570.0,-0.0101
50575.0,-0.0806
50580.0,0.0504
50585.0,-0.2619
50590.0,0.0504
50595.0,-0.1712
50600.0,-0.0201
50605.0,-0.0201
50610.0,0.0403
50615.0,0.0806
50620.0,-0.0604
50625.0,0.0101
50630.0,-0.0101
50635.0,-0.3525
50640.0,-0.0302
50645.0,-0.4532
50650.0,-0.5741
50655.0,-0.8058
50660.0,-0.6245
50665.0,-0.6648
50670.0,-0.6748
50675.0,-1.1482
50680.0,-0.8763
50685.0,-0.7050
50690.0,-0.4029
50695.0,-0.3727
50700.0,-0.2216
50705.0,-0.2921
50710.0,0.0302
50715.0,-0.2719
50720.0,0.0504
50725.0,-0.1209
50730.0,-0.1007
50735.0,0.0806
50740.0,-0.0806
50745.0,-0.0705
50750.0,-0.1007
50755.0,-0.1309
50760.0,-0.1209
50765.0,-0.0302
50770.0,0.2115
50775.0,-0.2619
50780.0,0.1108
50785.0,0.1209
50790.0,-0.1108
50795.0,-0.1410
50800.0,-0.0604
50805.0,0.1007
50810.0,-0.1813
50815.0,-0.1813
50820.0,-0.4130
50825.0,-0.3727
50830.0,-0.0504
50835.0,-0.3122
50840.0,0.0201
50845.0,-0.0403
50850.0,-0.1007
50855.0,-0.0403
50860.0,-0.0705
50865.0,-0.0302
50870.0,-0.0201
50875.0,-0.1410
50880.0,0.1108
50885.0,-0.1511
50890.0,0.1007
50895.0,-0.1108
50900.0,0.0705
50905.0,-0.2216
50910.0,-0.2518
50915.0,-0.1209
50920.0,-0.0403
50925.0,-0.0403
50930.0,-0.0906
50935.0,-0.1612
50940.0,-0.1914
50945.0,-0.6950
50950.0,-0.6547
50955.0,-0.8360
50960.0,-0.6446
50965.0,-0.7050
50970.0,-0.8662
50975.0,-1.2691
50980.0,-0.6547
50985.0,-0.7453
50990.0,-0.3626
50995.0,-0.1007
51000.0,-0.0705
51005.0,-0.1007
51010.0,0.0403
51015.0,-0.0604
51020.0,0.1209
51025.0,-0.0302
51030.0,0.0101
51035.0,0.0000
51040.0,-0.0906
51045.0,-0.0302
51050.0,0.0705
51055.0,-0.0403
51060.0,-0.0201
51065.0,-0.1309
51070.0,-0.1309
51075.0,-0.1309
51080.0,0.0302
51085.0,-0.2417
51090.0,0.0403
51095.0,-0.1511
51100.0,-0.0906
51105.0,-0.2115
51110.0,-0.4734
51115.0,-0.2317
51120.0,-0.3424
51125.0,-0.3424
51130.0,-0.0906
51135.0,-0.0705
51140.0,0.0504
51145.0,-0.0705
51150.0,0.1007
51155.0,-0.0302
51160.0,0.0201
51165.0,-0.1511
51170.0,-0.1108
51175.0,0.0504
51180.0,-0.0705
51185.0,0.1007
51190.0,-0.0705
51195.0,-0.2719
51200.0,0.1309
51205.0,-0.1612
51210.0,0.0604
51215.0,-0.1410
51220.0,-0.2014
51225.0,-0.1410
51230.0,-0.0201
51235.0,-0.1209
51240.0,-0.0403
51245.0,-0.7252
51250.0,-0.6648
51255.0,-0.8763
51260.0,-0.6245
51265.0,-0.8360
51270.0,-0.9065
51275.0,-0.9770
51280.0,-0.6446
51285.0,-0.5842
51290.0,-0.2216
51295.0,-0.3424
51300.0,-0.2518
51305.0,-0.0604
51310.0,-0.0806
51315.0,-0.0705
51320.0,-0.0403
51325.0,-0.1410
51330.0,0.0201
51335.0,-0.2518
51340.0,0.0604
51345.0,-0.1309
51350.0,-0.0504
51355.0,-0.0302
51360.0,-0.1511
51365.0,-0.0403
51370.0,-0.0806
51375.0,-0.1612
51380.0,0.0101
51385.0,-0.0504
51390.0,0.0504
51395.0,-0.1108
51400.0,-0.0403
51405.0,-0.2820
51410.0,-0.3022
51415.0,-0.3324
51420.0,-0.2216
51425.0,-0.1712
51430.0,-0.1712
51435.0,-0.0403
51440.0,-0.0403
51445.0,0.0403
51450.0,0.1309
51455.0,-0.0201
51460.0,-0.0302
51465.0,-0.2518
51470.0,0.1309
51475.0,-0.0705
51480.0,0.0101
51485.0,-0.0806
51490.0,-0.0403
51495.0,0.1309
51500.0,-0.0101
51505.0,-0.3122
51510.0,0.0101
51515.0,-0.1612
51520.0,-0.0302
51525.0,-0.2518
51530.0,-0.2115
51535.0,-0.3324
51540.0,-0.4230
51545.0,-0.9266
51550.0,-0.5942
51555.0,-0.4432
51560.0,-0.5036
51565.0,-0.8460
51570.0,-0.8964
51575.0,-1.0374
51580.0,-0.5137
51585.0,-0.5439
51590.0,-0.1410
51595.0,-0.2921
51600.0,-0.0604
51605.0,-0.1108
51610.0,-0.0906
51615.0,-0.0201
51620.0,0.0000
51625.0,-0.1309
51630.0,0.0101
51635.0,-0.1612
51640.0,0.1108
51645.0,-0.1209
51650.0,0.1108
51655.0,-0.1511
51660.0,-0.2014
51665.0,-0.1007
51670.0,-0.1410
51675.0,0.0705
51680.0,0.0302
51685.0,-0.0705
51690.0,0.1410
51695.0,-0.2216
51700.0,-0.0504
51705.0,-0.5640
51710.0,-0.0806
51715.0,-0.3626
51720.0,-0.2417
51725.0,0.0101
51730.0,-0.1007
51735.0,-0.0201
51740.0,0.1007
51745.0,-0.0806
51750.0,-0.0201
51755.0,-0.1813
51760.0,0.0604
51765.0,-0.1612
51770.0,-0.0302
51775.0,-0.2417
51780.0,0.1108
51785.0,-0.0604
51790.0,-0.0705
51795.0,-0.0201
51800.0,-0.1410
51805.0,-0.0101
51810.0,-0.0101
51815.0,-0.2417
51820.0,0.1410
51825.0,-0.3324
51830.0,-0.1410
51835.0,-0.2619
51840.0,-0.4835
51845.0,-0.8259
51850.0,-0.5842
51855.0,-0.6748
51860.0,-0.6547
51865.0,-1.1885
51870.0,-0.7755
51875.0,-0.9266
51880.0,-0.5036
51885.0,-0.4734
51890.0,-0.0906
51895.0,-0.3727
51900.0,0.0504
51905.0,-0.2619
51910.0,0.0201
51915.0,-0.0201
51920.0,-0.1007
51925.0,0.0403
51930.0,-0.0504
51935.0,-0.0101
51940.0,-0.0504
51945.0,-0.0403
51950.0,0.0806
51955.0,-0.3324
51960.0,-0.0101
51965.0,-0.0705
51970.0,0.0906
51975.0,0.1007
51980.0,0.0906
51985.0,0.1612
51990.0,-0.0302
51995.0,-0.1511
52000.0,-0.0403
52005.0,-0.1914
52010.0,-0.0101
52015.0,-0.3223
52020.0,0.0504
52025.0,-0.1712
52030.0,0.0000
52035.0,0.0302
52040.0,0.0604
52045.0,0.1309
52050.0,-0.1108
52055.0,-0.0302
52060.0,-0.0705
52065.0,-0.2619
52070.0,0.0504
52075.0,-0.1914
52080.0,0.0201
52085.0,-0.0906
52090.0,-0.0806
52095.0,-0.0201
52100.0,0.1511
52105.0,-0.0806
52110.0,-0.0604
52115.0,-0.0504
52120.0,-0.0604
52125.0,-0.2518
52130.0,0.0302
52135.0,-0.4130
52140.0,-0.5036
52145.0,-0.9065
52150.0,-0.5842
52155.0,-0.6849
52160.0,-0.7755
52165.0,-1.1079
52170.0,-0.7755
52175.0,-0.7252
52180.0,-0.2417
52185.0,-0.4029
52190.0,-0.1511
52195.0,-0.2518
52200.0,0.0604
52205.0,-0.2216
52210.0,0.0806
52215.0,-0.2115
52220.0,-0.0403
52225.0,0.0000
52230.0,-0.0906
52235.0,0.1813
52240.0,-0.0705
52245.0,0.0201
52250.0,0.0201
52255.0,-0.1712
52260.0,0.1007
52265.0,-0.2216
52270.0,-0.0201
52275.0,-0.0906
52280.0,-0.0906
52285.0,0.0201
52290.0,-0.1007
52295.0,-0.1108
52300.0,-0.2518
52305.0,-0.2216
52310.0,-0.4331
52315.0,-0.4130
52320.0,-0.0604
52325.0,-0.1712
52330.0,0.0201
52335.0,-0.1108
52340.0,0.1309
52345.0,-0.0604
52350.0,0.0806
52355.0,-0.0705
52360.0,-0.0504
52365.0,-0.1007
52370.0,-0.1007
52375.0,-0.1007
52380.0,0.0604
52385.0,-0.2619
52390.0,0.1007
52395.0,-0.1712
52400.0,-0.0604
52405.0,-0.0604
52410.0,0.0000
52415.0,-0.0201
52420.0,-0.0705
52425.0,-0.3122
52430.0,-0.0906
52435.0,-0.6648
52440.0,-0.5741
52445.0,-0.8460
52450.0,-0.6547
52455.0,-0.8662
52460.0,-0.7453
52465.0,-1.1784
52470.0,-0.6144
52475.0,-0.6648
52480.0,-0.4935
52485.0,-0.2417
52490.0,0.0201
52495.0,-0.3022
52500.0,-0.1410
52505.0,-0.2115
52510.0,0.0705
52515.0,-0.2719
52520.0,0.0504
52525.0,-0.0302
52530.0,-0.0504
52535.0,0.0101
52540.0,-0.1007
52545.0,-0.0201
52550.0,-0.0101
52555.0,-0.1712
52560.0,-0.0504
52565.0,0.0101
52570.0,0.1007
52575.0,-0.1209
52580.0,0.0403
52585.0,-0.0302
52590.0,-0.0806
52595.0,-0.2820
52600.0,-0.3626
52605.0,-0.2518
52610.0,-0.3827
52615.0,-0.1813
52620.0,-0.1612
52625.0,-0.0302
52630.0,0.1108
52635.0,-0.1813
52640.0,0.0604
52645.0,-0.0302
52650.0,-0.1914
52655.0,-0.0504
52660.0,0.0302
52665.0,0.0201
52670.0,0.1007
52675.0,-0.1007
52680.0,-0.0806
52685.0,-0.0604
52690.0,0.1209
52695.0,-0.1209
52700.0,0.1914
52705.0,-0.1511
52710.0,-0.0906
52715.0,-0.0806
52720.0,-0.0705
52725.0,-0.1209
52730.0,-0.1511
52735.0,-0.5842
52740.0,-0.5640
52745.0,-0.9065
52750.0,-0.7050
52755.0,-0.6748
52760.0,-0.7554
52765.0,-1.0475
52770.0,-0.6345
52775.0,-0.6245
52780.0,-0.3223
52785.0,-0.0806
52790.0,-0.1914
52795.0,-0.1813
52800.0,-0.1511
52805.0,-0.0604
52810.0,0.0806
52815.0,0.0000
52820.0,0.0604
52825.0,-0.0806
52830.0,0.0403
52835.0,-0.1612
52840.0,-0.0101
52845.0,0.1410
52850.0,-0.0806
52855.0,-0.0504
52860.0,0.0000
52865.0,-0.0403
52870.0,0.1813
52875.0,-0.1108
52880.0,0.0806
52885.0,-0.1309
52890.0,0.0604
52895.0,-0.2719
52900.0,-0.3022
52905.0,-0.1914
52910.0,-0.3525
52915.0,-0.1209
52920.0,-0.0101
52925.0,-0.1309
52930.0,0.0906
52935.0,-0.0705
52940.0,0.1209
52945.0,0.0604
52950.0,-0.0604
52955.0,-0.2014
52960.0,-0.0806
52965.0,-0.0705
52970.0,0.0705
52975.0,0.0906
52980.0,-0.1108
52985.0,-0.1309
52990.0,0.0201
52995.0,-0.0403
53000.0,0.0906
53005.0,-0.2014
53010.0,0.1309
53015.0,-0.1007
53020.0,-0.0302
53025.0,-0.2820
53030.0,-0.4230
53035.0,-0.7050
53040.0,-0.4935
53045.0,-0.5036
53050.0,-0.6446
53055.0,-0.8964
53060.0,-0.8259
53065.0,-1.0072
53070.0,-0.4935
53075.0,-0.4230
53080.0,-0.1309
53085.0,-0.0806
53090.0,0.0403
53095.0,0.0806
53100.0,-0.1108
53105.0,-0.1108
53110.0,0.0101
53115.0,-0.0101
53120.0,0.0504
53125.0,-0.0201
53130.0,0.0201
53135.0,-0.2518
53140.0,0.1309
53145.0,-0.1410
53150.0,-0.0604
53155.0,-0.2115
53160.0,0.0504
53165.0,0.0604
53170.0,-0.0101
53175.0,0.0604
53180.0,-0.0705
53185.0,-0.0705
53190.0,0.0302
53195.0,-0.4734
53200.0,0.0201
53205.0,-0.3928
53210.0,-0.1410
53215.0,-0.1410
53220.0,-0.0604
53225.0,0.1108
53230.0,0.1108
53235.0,0.0101
53240.0,-0.0302
53245.0,-0.1914
53250.0,0.0504
53255.0,-0.3122
53260.0,0.0302
53265.0,-0.0504
53270.0,0.0000
53275.0,0.1108
53280.0,0.0201
53285.0,0.1007
53290.0,0.0201
53295.0,-0.1108
53300.0,0.0101
53305.0,-0.0604
53310.0,0.0604
53315.0,-0.2417
53320.0,-0.0403
53325.0,-0.2115
53330.0,-0.3324
53335.0,-0.8158
53340.0,-0.4331
53345.0,-0.6950
53350.0,-0.6547
53355.0,-1.1281
53360.0,-0.8259
53365.0,-0.9065
53370.0,-0.4029
53375.0,-0.2417
53380.0,-0.2317
53385.0,-0.4935
53390.0,0.0201
53395.0,-0.3122
53400.0,-0.1712
53405.0,0.0302
53410.0,-0.0504
53415.0,0.0201
53420.0,0.1209
53425.0,0.0705
53430.0,-0.0806
53435.0,-0.2216
53440.0,-0.0201
53445.0,-0.2921
53450.0,0.0705
53455.0,-0.1007
53460.0,-0.0806
53465.0,-0.0705
53470.0,-0.0806
53475.0,-0.1209
53480.0,-0.2115
53485.0,-0.1511
53490.0,-0.2921
53495.0,-0.4130
53500.0,-0.1309
53505.0,-0.3626
53510.0,0.0705
53515.0,0.0504
53520.0,0.1712
53525.0,0.1813
53530.0,-0.1309
53535.0,-0.1309
53540.0,0.0806
53545.0,0.0906
53550.0,0.1612
53555.0,0.0403
53560.0,0.2518
53565.0,-0.0705
53570.0,-0.0101
53575.0,-0.1712
53580.0,0.1511
53585.0,0.0403
53590.0,0.0000
53595.0,0.0201
53600.0,0.0705
53605.0,-0.1511
53610.0,-0.0302
53615.0,-0.2619
53620.0,-0.1410
53625.0,-0.3928
53630.0,-0.4230
53635.0,-0.9568
53640.0,-0.6748
53645.0,-0.6043
53650.0,-0.7755
53655.0,-1.0072
53660.0,-0.9165
53665.0,-0.7050
53670.0,-0.2619
53675.0,-0.3424
53680.0,-0.1108
53685.0,-0.3424
53690.0,0.1108
53695.0,-0.3626
53700.0,-0.0101
53705.0,-0.1209
53710.0,-0.2014
53715.0,-0.0201
53720.0,-0.0806
53725.0,-0.0403
53730.0,0.0806
53735.0,-0.1712
53740.0,-0.1309
53745.0,-0.1712
53750.0,-0.0604
53755.0,-0.3022
53760.0,0.0201
53765.0,-0.1108
53770.0,0.0201
53775.0,-0.0705
53780.0,-0.1007
53785.0,-0.1007
53790.0,-0.4432
53795.0,-0.1309
53800.0,-0.2115
53805.0,-0.4432
53810.0,0.1007
53815.0,-0.1007
53820.0,0.0705
53825.0,-0.1612
53830.0,-0.0906
53835.0,0.0604
53840.0,-0.0302
53845.0,0.0101
53850.0,0.0403
53855.0,-0.1007
53860.0,-0.0201
53865.0,-0.1813
53870.0,0.1108
53875.0,-0.0101
53880.0,0.0906
53885.0,-0.0705
53890.0,-0.0403
53895.0,-0.1007
53900.0,0.1108
53905.0,-0.0302
53910.0,-0.0604
53915.0,-0.1914
53920.0,0.0604
53925.0,-0.6547
53930.0,-0.5439
53935.0,-0.6849
53940.0,-0.5942
53945.0,-0.6950
53950.0,-1.0273
53955.0,-1.1583
53960.0,-0.7151
53965.0,-0.8058
53970.0,-0.3626
53975.0,-0.2417
53980.0,-0.2317
53985.0,-0.1410
53990.0,-0.0201
53995.0,-0.1007
54000.0,0.1914
54005.0,-0.2820
54010.0,0.0705
54015.0,-0.1209
54020.0,-0.1309
54025.0,0.0705
54030.0,-0.1410
54035.0,-0.0101
54040.0,-0.0705
54045.0,-0.1914
54050.0,0.0302
54055.0,-0.1612
54060.0,0.0403
54065.0,-0.1612
54070.0,0.0101
54075.0,-0.0201
54080.0,-0.1511
54085.0,-0.1813
54090.0,-0.4835
54095.0,-0.2921
54100.0,-0.3827
54105.0,-0.3928
54110.0,0.0302
54115.0,-0.0705
54120.0,0.1007
54125.0,0.0302
54130.0,0.0000
54135.0,-0.1309
54140.0,-0.0504
54145.0,-0.1712
54150.0,-0.0906
54155.0,0.0000
54160.0,-0.0705
54165.0,-0.0806
54170.0,-0.0101
54175.0,-0.2014
54180.0,0.1612
54185.0,0.0101
54190.0,-0.0101
54195.0,-0.2014
54200.0,0.0201
54205.0,-0.1410
54210.0,-0.0806
54215.0,-0.1612
54220.0,-0.2719
54225.0,-0.6345
54230.0,-0.6547
54235.0,-0.9266
54240.0,-0.5338
54245.0,-0.9568
54250.0,-0.9770
54255.0,-1.1784
54260.0,-0.7252
54265.0,-0.6043
54270.0,-0.3928
54275.0,-0.3223
54280.0,-0.1209
54285.0,-0.0302
54290.0,-0.0604
54295.0,-0.0504
54300.0,-0.0201
54305.0,-0.0906
54310.0,0.1309
54315.0,-0.1309
54320.0,0.0806
54325.0,0.0504
54330.0,-0.0604
54335.0,-0.0403
54340.0,-0.0906
54345.0,-0.0705
54350.0,-0.0201
54355.0,-0.0705
54360.0,-0.1007
54365.0,0.0403
54370.0,0.0604
54375.0,-0.1914
54380.0,0.1410
54385.0,-0.4331
54390.0,-0.2115
54395.0,-0.2518
54400.0,-0.3424
54405.0,0.0000
54410.0,-0.1410
54415.0,-0.0604
54420.0,0.0504
54425.0,-0.1108
54430.0,0.2417
54435.0,-0.2216
54440.0,-0.0302
54445.0,-0.1914
54450.0,-0.1108
54455.0,-0.1209
54460.0,0.0201
54465.0,-0.0906
54470.0,-0.1007
54475.0,-0.1612
54480.0,-0.0705
54485.0,-0.1007
54490.0,0.1410
54495.0,-0.1007
54500.0,0.0000
54505.0,-0.0806
54510.0,0.0906
54515.0,-0.3928
54520.0,-0.3827
54525.0,-0.7050
54530.0,-0.3827
54535.0,-0.4432
54540.0,-0.6748
54545.0,-1.1583
54550.0,-0.8158
54555.0,-0.9266
54560.0,-0.4230
54565.0,-0.3424
54570.0,-0.1813
54575.0,-0.3827
54580.0,-0.0604
54585.0,-0.1108
54590.0,0.0705
54595.0,-0.0504
54600.0,-0.0403
54605.0,0.1007
54610.0,0.0504
54615.0,-0.0201
54620.0,0.0302
54625.0,-0.2820
54630.0,0.1914
54635.0,-0.0806
54640.0,-0.1712
54645.0,-0.0604
54650.0,-0.1309
54655.0,-0.0604
54660.0,-0.0101
54665.0,-0.0403
54670.0,0.0101
54675.0,-0.0806
54680.0,-0.0403
54685.0,-0.5942
54690.0,-0.0101
54695.0,-0.3122
54700.0,-0.1813
54705.0,0.0302
54710.0,-0.0806
54715.0,-0.0302
54720.0,0.0806
54725.0,-0.0302
54730.0,0.0604
54735.0,-0.0101
54740.0,0.0000
54745.0,-0.4331
54750.0,0.1410
54755.0,-0.0806
54760.0,-0.0302
54765.0,0.1108
54770.0,-0.0403
54775.0,-0.0906
54780.0,-0.0403
54785.0,-0.0906
54790.0,0.0201
54795.0,-0.1309
54800.0,0.0000
54805.0,-0.1612
54810.0,-0.0806
54815.0,-0.3223
54820.0,-0.3525
54825.0,-0.8460
54830.0,-0.6748
54835.0,-0.6748
54840.0,-0.5741
54845.0,-1.0173
54850.0,-0.7050
54855.0,-1.0475
54860.0,-0.5036
54865.0,-0.4633
54870.0,-0.0201
54875.0,-0.2518
54880.0,-0.0705
54885.0,-0.2216
54890.0,-0.0403
54895.0,-0.0201
54900.0,0.0302
54905.0,0.1209
54910.0,-0.0806
54915.0,-0.1209
54920.0,0.1007
54925.0,-0.0906
54930.0,0.1612
54935.0,-0.2417
54940.0,-0.0101
54945.0,-0.0806
54950.0,-0.0705
54955.0,0.0000
54960.0,0.1108
54965.0,-0.1108
54970.0,-0.0906
54975.0,0.0000
54980.0,-0.2317
54985.0,-0.1914
54990.0,-0.1914
54995.0,-0.4835
55000.0,0.1108
55005.0,-0.0604
55010.0,0.0604
55015.0,-0.0906
55020.0,-0.0302
55025.0,0.0504
55030.0,-0.0302
55035.0,-0.0806
55040.0,0.1209
55045.0,-0.3122
55050.0,0.0000
55055.0,-0.1914
55060.0,0.0403
55065.0,-0.0705
55070.0,0.0101
55075.0,-0.1007
55080.0,0.0000
55085.0,0.0403
55090.0,0.0000
55095.0,0.0705
55100.0,-0.0604
55105.0,-0.3324
55110.0,-0.0201
55115.0,-0.2820
55120.0,-0.4130
55125.0,-0.9669
55130.0,-0.6648
55135.0,-0.5640
55140.0,-0.5942
55145.0,-0.8058
55150.0,-0.9065
55155.0,-0.8158
55160.0,-0.2014
55165.0,-0.3223
55170.0,-0.1108
55175.0,-0.1612
55180.0,-0.0504
55185.0,-0.2719
55190.0,0.1209
55195.0,-0.0302
55200.0,-0.0705
55205.0,-0.1209
55210.0,-0.0403
55215.0,0.0604
55220.0,0.0403
55225.0,0.1209
55230.0,-0.1209
55235.0,-0.2115
55240.0,0.1007
55245.0,-0.1612
55250.0,0.2115
55255.0,-0.1612
55260.0,-0.1914
55265.0,0.0705
55270.0,-0.0806
55275.0,-0.0101
55280.0,-0.1007
55285.0,-0.2921
55290.0,-0.3827
55295.0,-0.3424
55300.0,0.0302
55305.0,-0.0604
55310.0,-0.0302
55315.0,-0.0604
55320.0,0.0000
55325.0,0.0504
55330.0,0.0806
55335.0,-0.0403
55340.0,-0.2216
55345.0,-0.0201
55350.0,-0.0201
55355.0,-0.1914
55360.0,0.0806
55365.0,-0.2921
55370.0,0.0705
55375.0,-0.0604
55380.0,0.0201
55385.0,0.1108
55390.0,-0.0604
55395.0,0.0403
55400.0,0.0302
55405.0,-0.1813
55410.0,0.0201
55415.0,-0.6648
55420.0,-0.5439
55425.0,-0.8259
55430.0,-0.5741
55435.0,-0.5640
55440.0,-0.9971
55445.0,-1.1986
55450.0,-0.6849
55455.0,-0.6950
55460.0,-0.3424
55465.0,-0.1612
55470.0,-0.2417
55475.0,0.0302
55480.0,0.0101
55485.0,-0.0101
55490.0,0.1712
55495.0,-0.2921
55500.0,0.0806
55505.0,-0.0504
55510.0,-0.0504
55515.0,0.1309
55520.0,-0.1309
55525.0,0.0000
55530.0,0.0101
55535.0,-0.1511
55540.0,-0.0403
55545.0,0.0604
55550.0,-0.0101
55555.0,-0.1712
55560.0,0.1309
55565.0,-0.0806
55570.0,0.0101
55575.0,-0.3223
55580.0,-0.5741
55585.0,-0.1712
55590.0,-0.4230
55595.0,-0.2317
55600.0,-0.0604
55605.0,-0.2417
55610.0,0.0906
55615.0,-0.1007
55620.0,0.1410
55625.0,-0.1209
55630.0,-0.2216
55635.0,-0.1612
55640.0,0.0000
55645.0,-0.0504
55650.0,0.0101
55655.0,-0.0906
55660.0,-0.1108
55665.0,-0.1612
55670.0,0.0906
55675.0,-0.0504
55680.0,0.2014
55685.0,-0.2115
55690.0,-0.0201
55695.0,-0.0302
55700.0,-0.0906
55705.0,-0.1108
55710.0,-0.1712
55715.0,-0.7353
55720.0,-0.5540
55725.0,-0.8259
55730.0,-0.5338
55735.0,-0.6144
55740.0,-0.9669
55745.0,-1.1583
55750.0,-0.5540
55755.0,-0.5338
55760.0,-0.1108
55765.0,-0.3626
55770.0,0.0302
55775.0,0.0101
55780.0,0.0504
55785.0,-0.1612
55790.0,0.0101
55795.0,-0.0403
55800.0,0.1108
55805.0,-0.1813
55810.0,-0.0302
55815.0,-0.1511
55820.0,0.0806
55825.0,0.0806
55830.0,-0.1813
55835.0,-0.1712
55840.0,-0.0302
55845.0,-0.0604
55850.0,-0.0403
55855.0,-0.0201
55860.0,0.0504
55865.0,-0.1712
55870.0,0.0604
55875.0,-0.2820
55880.0,-0.0705
55885.0,-0.3827
55890.0,-0.4230
55895.0,-0.0806
55900.0,0.0201
55905.0,-0.0302
55910.0,0.1209
55915.0,-0.1511
55920.0,0.0000
55925.0,-0.1007
55930.0,0.0000
55935.0,-0.1612
55940.0,0.0906
55945.0,-0.1813
55950.0,-0.0705
55955.0,0.1108
55960.0,0.0000
55965.0,0.0705
55970.0,-0.0504
55975.0,-0.2115
55980.0,0.1612
55985.0,-0.1612
55990.0,0.0906
55995.0,0.0000
56000.0,-0.1914
56005.0,-0.3223
56010.0,-0.1914
56015.0,-0.6748
56020.0,-0.4130
56025.0,-0.6950
56030.0,-0.7050
56035.0,-0.9770
56040.0,-0.7353
56045.0,-0.9568
56050.0,-0.3525
56055.0,-0.6144
56060.0,-0.0604
56065.0,-0.1813
56070.0,-0.1108
56075.0,0.0504
56080.0,-0.1813
56085.0,-0.0906
56090.0,0.1712
56095.0,-0.0302
56100.0,0.0604
56105.0,-0.1612
56110.0,-0.0201
56115.0,-0.0604
56120.0,0.1007
56125.0,-0.0101
56130.0,-0.1612
56135.0,-0.2820
56140.0,0.1712
56145.0,0.1007
56150.0,0.2014
56155.0,-0.1209
56160.0,-0.1108
56165.0,-0.1309
56170.0,0.0201
56175.0,-0.4331
56180.0,-0.0705
56185.0,-0.4935
56190.0,-0.1410
56195.0,-0.1309
56200.0,0.0101
56205.0,0.1511
56210.0,-0.1209
56215.0,-0.1108
56220.0,0.0705
56225.0,-0.0806
56230.0,0.2216
56235.0,-0.3626
56240.0,0.0604
56245.0,0.0201
56250.0,0.0201
56255.0,0.0201
56260.0,-0.1007
56265.0,-0.1007
56270.0,-0.0403
56275.0,0.0000
56280.0,0.0906
56285.0,-0.1007
56290.0,-0.0302
56295.0,-0.1712
56300.0,0.0302
56305.0,-0.2317
56310.0,-0.2820
56315.0,-0.9065
56320.0,-0.7050
56325.0,-0.6245
56330.0,-0.6043
56335.0,-1.0576
56340.0,-0.6648
56345.0,-0.9971
56350.0,-0.5237
56355.0,-0.4532
56360.0,-0.0906
56365.0,-0.2417
56370.0,-0.0403
56375.0,-0.2619
56380.0,0.0604
56385.0,0.0201
56390.0,0.0504
56395.0,0.1712
56400.0,-0.0604
56405.0,-0.1712
56410.0,0.0201
56415.0,-0.0504
56420.0,0.1108
56425.0,-0.0906
56430.0,0.0101
56435.0,-0.1813
56440.0,-0.0403
56445.0,0.0604
56450.0,0.0201
56455.0,0.0000
56460.0,-0.1007
56465.0,-0.0906
56470.0,-0.2216
56475.0,-0.2719
56480.0,-0.0101
56485.0,-0.5439
56490.0,0.0000
56495.0,-0.0403
56500.0,-0.0504
56505.0,0.0604
56510.0,-0.1108
56515.0,0.0201
56520.0,0.0201
56525.0,-0.0806
56530.0,0.0906
56535.0,-0.3022
56540.0,0.0000
56545.0,-0.2216
56550.0,0.0906
56555.0,-0.0705
56560.0,0.0201
56565.0,-0.1309
56570.0,0.1511
56575.0,0.0604
56580.0,0.0101
56585.0,0.1309
56590.0,-0.0504
56595.0,-0.3122
56600.0,0.0101
56605.0,-0.3324
56610.0,-0.4835
56615.0,-0.8662
56620.0,-0.7151
56625.0,-0.5640
56630.0,-0.6748
56635.0,-0.9971
56640.0,-0.6950
56645.0,-0.7655
56650.0,-0.4633
56655.0,-0.3626
56660.0,-0.0806
56665.0,-0.2115
56670.0,0.2216
56675.0,-0.2921
56680.0,0.0101
56685.0,0.0201
56690.0,-0.0101
56695.0,0.0906
56700.0,-0.0806
56705.0,0.0403
56710.0,0.1007
56715.0,-0.0201
56720.0,0.1612
56725.0,-0.2619
56730.0,-0.0504
56735.0,-0.0302
56740.0,0.0604
56745.0,0.1108
56750.0,-0.1007
56755.0,0.0604
56760.0,0.0000
56765.0,0.0806
56770.0,-0.2317
56775.0,-0.2820
56780.0,-0.3727
56785.0,-0.3525
56790.0,0.0504
56795.0,-0.0806
56800.0,-0.0403
56805.0,-0.1209
56810.0,0.0403
56815.0,0.0403
56820.0,0.1007
56825.0,-0.0101
56830.0,-0.1914
56835.0,0.0201
56840.0,0.0504
56845.0,0.0403
56850.0,0.0000
56855.0,-0.3022
56860.0,0.0604
56865.0,-0.1108
56870.0,0.0302
56875.0,-0.0504
56880.0,0.0504
56885.0,0.1612
56890.0,0.0302
56895.0,-0.0403
56900.0,-0.2417
56905.0,-0.5439
56910.0,-0.3525
56915.0,-0.7554
56920.0,-0.4230
56925.0,-0.8058
56930.0,-0.9770
56935.0,-1.0576
56940.0,-0.5842
56945.0,-0.6547
56950.0,-0.4029
56955.0,-0.3525
56960.0,-0.1209
56965.0,-0.1511
56970.0,-0.0403
56975.0,-0.0302
56980.0,0.0302
56985.0,-0.2921
56990.0,0.0504
56995.0,0.0101
57000.0,0.0000
57005.0,-0.0604
57010.0,-0.1511
57015.0,0.0201
57020.0,0.0000
57025.0,-0.1209
57030.0,0.1007
57035.0,-0.1007
57040.0,0.0000
57045.0,-0.0101
57050.0,0.1309
57055.0,-0.0101
57060.0,-0.1309
57065.0,-0.3727
57070.0,-0.4029
57075.0,-0.1209
57080.0,-0.3324
57085.0,-0.1007
57090.0,-0.1712
57095.0,-0.1209
57100.0,0.1309
57105.0,-0.0604
57110.0,0.1410
57115.0,-0.0604
57120.0,-0.2216
57125.0,-0.1511
57130.0,0.0604
57135.0,-0.0101
57140.0,0.0504
57145.0,-0.0302
57150.0,-0.1108
57155.0,-0.0705
57160.0,0.1007
57165.0,-0.0504
57170.0,0.1309
57175.0,-0.2619
57180.0,-0.1209
57185.0,0.0806
57190.0,0.0403
57195.0,0.0101
57200.0,-0.2518
57205.0,-0.7554
57210.0,-0.5942
57215.0,-0.7957
57220.0,-0.4432
57225.0,-0.6950
57230.0,-0.9971
57235.0,-1.1079
57240.0,-0.5640
57245.0,-0.5137
57250.0,-0.1511
57255.0,-0.2921
57260.0,-0.3022
57265.0,-0.0806
57270.0,0.0000
57275.0,-0.0403
57280.0,0.0906
57285.0,-0.1712
57290.0,0.1410
57295.0,-0.0403
57300.0,0.1309
57305.0,0.0302
57310.0,-0.0604
57315.0,0.1007
57320.0,-0.1410
57325.0,0.0201
57330.0,0.0101
57335.0,-0.1813
57340.0,-0.0101
57345.0,-0.0604
57350.0,0.0504
57355.0,0.0604
57360.0,0.0403
57365.0,-0.4331
57370.0,-0.2417
57375.0,-0.2417
57380.0,-0.2014
57385.0,-0.1209
57390.0,-0.1612
57395.0,0.0403
57400.0,0.0403
57405.0,0.0101
57410.0,0.0906
57415.0,-0.2719
57420.0,0.0403
57425.0,-0.1511
57430.0,-0.0201
57435.0,0.0403
57440.0,0.0201
57445.0,-0.0906
57450.0,0.0101
57455.0,0.0604
57460.0,0.0806
57465.0,0.0806
57470.0,0.0000
57475.0,-0.0604
57480.0,0.1209
57485.0,-0.0906
57490.0,0.0000
57495.0,-0.2014
57500.0,-0.4130
57505.0,-0.8158
57510.0,-0.4029
57515.0,-0.4432
57520.0,-0.6245
57525.0,-1.0878
57530.0,-0.7353
57535.0,-0.9468
57540.0,-0.4130
57545.0,-0.4633
57550.0,-0.2820
57555.0,-0.2317
57560.0,-0.0504
57565.0,0.0101
57570.0,0.0806
57575.0,-0.0403
57580.0,-0.1108
57585.0,0.1209
57590.0,0.0806
57595.0,0.0705
57600.0,0.0101
57605.0,-0.1410
57610.0,0.1007
57615.0,-0.0101
57620.0,-0.0302
57625.0,-0.2921
57630.0,-0.0906
57635.0,0.1511
57640.0,0.0705
57645.0,0.0906
57650.0,-0.0504
57655.0,-0.2317
57660.0,0.0403
57665.0,-0.4130
57670.0,-0.0403
57675.0,-0.3424
57680.0,-0.3424
57685.0,-0.0201
57690.0,0.0403
57695.0,0.0906
57700.0,-0.0705
57705.0,-0.1309
57710.0,0.0504
57715.0,-0.0403
57720.0,0.1209
57725.0,-0.1712
57730.0,0.1209
57735.0,-0.1511
57740.0,0.0101
57745.0,-0.0403
57750.0,0.0302
57755.0,0.1612
57760.0,-0.0705
57765.0,-0.1309
57770.0,0.1410
57775.0,-0.0403
57780.0,0.2317
57785.0,-0.3122
57790.0,0.0101
57795.0,-0.1410
57800.0,-0.3626
57805.0,-0.6446
57810.0,-0.6345
57815.0,-0.7453
57820.0,-0.6245
57825.0,-1.0173
57830.0,-0.6950
57835.0,-0.7655
57840.0,-0.4835
57845.0,-0.5842
57850.0,-0.1108
57855.0,-0.2921
57860.0,0.0806
57865.0,-0.0403
57870.0,-0.0906
57875.0,0.0101
57880.0,0.0403
57885.0,0.0604
57890.0,0.0906
57895.0,-0.0101
57900.0,-0.0705
57905.0,0.0806
57910.0,0.1209
57915.0,-0.0403
57920.0,0.0000
57925.0,-0.2115
57930.0,0.0504
57935.0,0.0403
57940.0,0.1209
57945.0,-0.0504
57950.0,-0.1007
57955.0,0.0302
57960.0,-0.1914
57965.0,-0.1511
57970.0,-0.1813
57975.0,-0.5338
57980.0,0.0705
57985.0,-0.0906
57990.0,0.0201
57995.0,-0.0302
58000.0,-0.0906
58005.0,0.0604
58010.0,0.0201
58015.0,-0.0604
58020.0,0.1511
58025.0,-0.2216
58030.0,0.0000
58035.0,-0.2014
58040.0,0.1108
58045.0,-0.0302
58050.0,-0.0403
58055.0,-0.1007
58060.0,0.0906
58065.0,0.0403
58070.0,0.0000
58075.0,-0.0302
58080.0,0.0403
58085.0,-0.3626
58090.0,-0.1007
58095.0,-0.2619
58100.0,-0.4835
58105.0,-0.6748
58110.0,-0.6648
58115.0,-0.7252
58120.0,-0.6648
58125.0,-0.9568
58130.0,-0.6245
58135.0,-0.8158
58140.0,-0.3525
58145.0,-0.2317
58150.0,-0.1309
58155.0,-0.0906
58160.0,0.0403
58165.0,-0.3424
58170.0,-0.0101
58175.0,0.0101
58180.0,-0.0403
58185.0,0.0906
58190.0,-0.1209
58195.0,-0.0705
58200.0,0.0101
58205.0,-0.0403
58210.0,0.0906
58215.0,-0.1108
58220.0,-0.0906
58225.0,-0.2417
58230.0,0.1511
58235.0,-0.0201
58240.0,0.1511
58245.0,-0.0906
58250.0,-0.1410
58255.0,0.0806
58260.0,-0.2317
58265.0,-0.0201
58270.0,-0.3525
58275.0,-0.4935
58280.0,0.0000
58285.0,-0.1108
58290.0,0.0906
58295.0,0.1712
58300.0,-0.0705
58305.0,0.1914
58310.0,0.0504
58315.0,0.1209
58320.0,-0.1209
58325.0,-0.1612
58330.0,0.0403
58335.0,-0.0806
58340.0,0.2014
58345.0,-0.1612
58350.0,0.0000
58355.0,0.1209
58360.0,0.0201
58365.0,0.1209
58370.0,0.0101
58375.0,-0.0806
58380.0,0.0604
58385.0,-0.1914
58390.0,-0.0504
58395.0,-0.2921
58400.0,-0.6245
58405.0,-0.9065
58410.0,-0.4935
58415.0,-0.6849
58420.0,-0.7252
58425.0,-1.2288
58430.0,-0.8058
58435.0,-0.7453
58440.0,-0.3022
58445.0,-0.0806
58450.0,0.0101
58455.0,-0.2317
58460.0,-0.1309
58465.0,-0.0201
58470.0,0.0906
58475.0,-0.0906
58480.0,0.0604
58485.0,-0.2216
58490.0,-0.1209
58495.0,0.1108
58500.0,0.0302
58505.0,0.1712
58510.0,-0.0504
58515.0,-0.1813
58520.0,-0.0504
58525.0,-0.0504
58530.0,0.0806
58535.0,-0.1813
58540.0,-0.0604
58545.0,-0.1511
58550.0,0.0201
58555.0,-0.1309
58560.0,-0.3827
58565.0,-0.2417
58570.0,-0.2216
58575.0,-0.1108
58580.0,0.0000
58585.0,-0.2014
58590.0,0.0101
58595.0,0.0403
58600.0,0.1007
58605.0,-0.0201
58610.0,0.0906
58615.0,-0.2317
58620.0,-0.0302
58625.0,0.1108
58630.0,0.0806
58635.0,-0.0604
58640.0,-0.1007
58645.0,-0.2014
58650.0,0.1309
58655.0,-0.1007
58660.0,0.1108
58665.0,0.0000
58670.0,-0.2115
58675.0,-0.1309
58680.0,0.0101
58685.0,-0.0101
58690.0,-0.0403
58695.0,-0.7353
58700.0,-0.6849
58705.0,-0.7554
58710.0,-0.5137
58715.0,-0.6245
58720.0,-0.8360
58725.0,-1.1683
58730.0,-0.6849
58735.0,-0.4532
58740.0,-0.1712
58745.0,-0.2619
58750.0,-0.2619
58755.0,0.0403
58760.0,0.0705
58765.0,-0.0201
58770.0,0.1007
58775.0,-0.1410
58780.0,0.0806
58785.0,-0.1309
58790.0,0.0806
58795.0,0.0201
58800.0,-0.0302
58805.0,-0.1410
58810.0,-0.2115
58815.0,0.0201
58820.0,0.0504
58825.0,-0.1612
58830.0,-0.1209
58835.0,-0.0101
58840.0,0.0604
58845.0,-0.0705
58850.0,0.1209
58855.0,-0.4432
58860.0,-0.2216
58865.0,-0.1612
58870.0,-0.2115
58875.0,0.1007
58880.0,-0.1914
58885.0,-0.2014
58890.0,0.1209
58895.0,-0.1007
58900.0,0.1410
58905.0,-0.1309
58910.0,-0.1309
58915.0,-0.2317
58920.0,0.0201
58925.0,0.0604
58930.0,0.0806
58935.0,-0.1007
58940.0,-0.0604
58945.0,0.0705
58950.0,0.0705
58955.0,0.0705
58960.0,0.0504
58965.0,0.0302
58970.0,0.0906
58975.0,-0.0403
58980.0,-0.1108
58985.0,-0.3827
58990.0,-0.2619
58995.0,-0.6849
59000.0,-0.5137
59005.0,-0.4532
59010.0,-0.6950
59015.0,-1.0475
59020.0,-0.7151
59025.0,-0.9165
59030.0,-0.3525
59035.0,-0.5540
59040.0,-0.2317
59045.0,-0.3122
59050.0,-0.0604
59055.0,0.0604
59060.0,-0.1007
59065.0,-0.1007
59070.0,0.1309
59075.0,-0.0201
59080.0,0.1007
59085.0,-0.1712
59090.0,-0.0201
59095.0,-0.1108
59100.0,0.0705
59105.0,-0.0302
59110.0,-0.2115
59115.0,-0.2216
59120.0,0.0906
59125.0,0.0806
59130.0,0.0806
59135.0,-0.1410
59140.0,-0.1209
59145.0,-0.2216
59150.0,0.0101
59155.0,-0.4130
59160.0,0.0201
59165.0,-0.4432
59170.0,-0.3022
59175.0,-0.0705
59180.0,0.0201
59185.0,0.1309
59190.0,-0.0403
59195.0,-0.1813
59200.0,-0.0504
59205.0,-0.0403
59210.0,0.0705
59215.0,-0.0806
59220.0,-0.0302
59225.0,-0.1309
59230.0,0.0705
59235.0,0.0201
59240.0,0.1209
59245.0,-0.0604
59250.0,-0.1511
59255.0,-0.1007
59260.0,0.0806
59265.0,-0.0705
59270.0,0.2518
59275.0,-0.2417
59280.0,-0.1108
59285.0,-0.1209
59290.0,-0.3324
59295.0,-0.6547
59300.0,-0.6547
59305.0,-0.6950
59310.0,-0.5036
59315.0,-1.0273
59320.0,-0.5741
59325.0,-1.0273
59330.0,-0.5338
59335.0,-0.3525
59340.0,-0.0504
59345.0,-0.1813
59350.0,0.0101
59355.0,-0.3122
59360.0,0.0705
59365.0,0.0201
59370.0,0.0101
59375.0,0.1209
59380.0,-0.0806
59385.0,-0.0504
59390.0,0.0504
59395.0,-0.0201
59400.0,0.2216
59405.0,-0.2518
59410.0,-0.0302
59415.0,-0.1209
59420.0,0.0604
59425.0,-0.0101
59430.0,0.0302
59435.0,0.0000
59440.0,0.1007
59445.0,0.0101
59450.0,-0.0604
59455.0,-0.1612
59460.0,-0.2115
59465.0,-0.4532
59470.0,0.0705
59475.0,-0.0403
59480.0,0.1007
59485.0,-0.0604
59490.0,-0.0906
59495.0,0.1007
59500.0,-0.0101
59505.0,-0.0906
59510.0,0.0604
59515.0,-0.3122
59520.0,0.1007
59525.0,-0.0201
59530.0,0.1712
59535.0,-0.1007
59540.0,-0.1813
59545.0,0.0504
59550.0,0.1007
59555.0,0.0806
59560.0,0.0504
59565.0,-0.2216
59570.0,0.0000
59575.0,-0.1813
59580.0,0.0000
59585.0,-0.1813
59590.0,-0.6748
59595.0,-0.8460
59600.0,-0.4130
59605.0,-0.5137
59610.0,-0.5137
59615.0,-1.1281
59620.0,-0.8259
59625.0,-0.6748
59630.0,-0.2921
59635.0,-0.2115
59640.0,-0.2115
59645.0,-0.3626
59650.0,-0.0201
59655.0,-0.0604
59660.0,0.1309
59665.0,0.0705
59670.0,-0.0705
59675.0,-0.0302
59680.0,0.1511
59685.0,0.0604
59690.0,0.0705
59695.0,-0.0604
59700.0,-0.1108
59705.0,-0.2014
59710.0,0.0705
59715.0,-0.1209
59720.0,0.2317
59725.0,-0.1612
59730.0,-0.1209
59735.0,0.1108
59740.0,-0.0604
59745.0,0.0705
59750.0,-0.2719
59755.0,-0.2619
59760.0,-0.2518
59765.0,-0.3022
59770.0,0.0806
59775.0,-0.1712
59780.0,-0.0504
59785.0,0.0101
59790.0,0.1209
59795.0,0.0504
59800.0,0.1410
59805.0,-0.0906
59810.0,-0.2014
59815.0,-0.0201
59820.0,0.0504
59825.0,0.0302
59830.0,0.0302
59835.0,-0.1712
59840.0,0.0201
59845.0,-0.0504
59850.0,-0.0906
59855.0,-0.1410
59860.0,0.0604
59865.0,0.0806
59870.0,-0.0302
59875.0,0.0000
59880.0,-0.1712
59885.0,-0.6446
59890.0,-0.4935
59895.0,-0.7554
59900.0,-0.5439
59905.0,-0.5540
59910.0,-1.0173
59915.0,-1.0374
59920.0,-0.5338
59925.0,-0.6648
59930.0,-0.2115
59935.0,-0.3324
59940.0,-0.1712
59945.0,-0.0604
59950.0,0.0000
59955.0,0.0806
59960.0,0.0201
59965.0,-0.2820
59970.0,0.1309
59975.0,-0.0201
59980.0,0.0806
59985.0,-0.1410
59990.0,-0.1108
59995.0,0.1511
60000.0,-0.0101
60005.0,-0.1007
60010.0,0.0000
60015.0,-0.1712
60020.0,-0.0101
60025.0,0.0201
60030.0,0.0806
60035.0,-0.0906
60040.0,0.0403
60045.0,-0.3525
60050.0,-0.4734
60055.0,-0.2719
60060.0,-0.4633
60065.0,-0.3324
60070.0,-0.0302
60075.0,-0.2317
60080.0,0.1209
60085.0,-0.0906
60090.0,0.1007
60095.0,0.0906
60100.0,-0.1410
60105.0,-0.2518
60110.0,0.0403
60115.0,0.0504
60120.0,0.0000
60125.0,0.0201
60130.0,-0.0906
60135.0,-0.0705
60140.0,0.0806
60145.0,-0.1209
60150.0,0.1511
60155.0,-0.2216
60160.0,-0.0504
60165.0,-0.0201
60170.0,0.0302
60175.0,0.0000
60180.0,-0.2518
60185.0,-0.7554
60190.0,-0.6043
60195.0,-0.7856
60200.0,-0.4935
60205.0,-0.6345
60210.0,-0.9468
60215.0,-1.0273
60220.0,-0.5741
60225.0,-0.5036
60230.0,-0.1209
60235.0,-0.3525
60240.0,-0.3022
60245.0,0.0806
60250.0,-0.0101
60255.0,0.0000
60260.0,-0.0504
60265.0,-0.2115
60270.0,-0.0201
60275.0,-0.3324
60280.0,0.0302
60285.0,-0.1612
60290.0,-0.2014
60295.0,-0.1309
60300.0,-0.1007
60305.0,0.1007
60310.0,-0.1813
60315.0,-0.2115
60320.0,0.0101
60325.0,-0.1007
60330.0,0.0705
60335.0,-0.2317
60340.0,-0.0201
60345.0,-0.1712
60350.0,-0.0302
60355.0,-0.0504
60360.0,-0.1410
60365.0,-0.1108
60370.0,0.1309
60375.0,0.1511
60380.0,0.1813
60385.0,-0.0806
60390.0,0.2317
60395.0,-0.0705
60400.0,-0.0101
60405.0,-0.0604
60410.0,-0.0504
60415.0,0.0705
60420.0,0.1209
60425.0,0.0906
60430.0,0.1209
60435.0,-0.1108
60440.0,0.0806
60445.0,-0.0604
60450.0,0.0906
60455.0,-0.0201
60460.0,0.0504
60465.0,-0.0201
60470.0,-0.1209
60475.0,-0.1914
60480.0,-0.2216
60485.0,-0.9065
60490.0,-0.7252
60495.0,-0.6950
60500.0,-0.5942
60505.0,-0.9468
60510.0,-0.7957
60515.0,-1.0878
60520.0,-0.4734
60525.0,-0.5338
60530.0,-0.1410
60535.0,-0.1511
60540.0,-0.2115
60545.0,-0.0302
60550.0,-0.0101
60555.0,0.0403
60560.0,0.1712
60565.0,-0.1309
60570.0,0.0000
60575.0,0.0705
60580.0,0.0604
60585.0,-0.1108
60590.0,0.0000
60595.0,-0.1108
60600.0,-0.2014
60605.0,-0.2518
60610.0,-0.1007
60615.0,-0.0604
60620.0,0.1410
60625.0,0.0504
60630.0,0.1108
60635.0,-0.2417
60640.0,-0.1511
60645.0,-0.4029
60650.0,-0.1309
60655.0,-0.2719
60660.0,-0.2317
60665.0,-0.2216
60670.0,0.0101
60675.0,0.0806
60680.0,0.1108
60685.0,0.1007
60690.0,-0.0906
60695.0,-0.2719
60700.0,0.1712
60705.0,-0.2417
60710.0,0.1612
60715.0,-0.1309
60720.0,-0.0604
60725.0,0.0000
60730.0,-0.0403
60735.0,0.0906
60740.0,-0.0604
60745.0,-0.1209
60750.0,0.0906
60755.0,-0.1309
60760.0,0.2518
60765.0,-0.2921
60770.0,-0.0504
60775.0,-0.2417
60780.0,-0.4130
60785.0,-0.7252
60790.0,-0.6144
60795.0,-0.7755
60800.0,-0.5842
60805.0,-1.0777
60810.0,-0.7353
60815.0,-0.7554
60820.0,-0.5640
60825.0,-0.4331
60830.0,0.0000
60835.0,-0.3324
60840.0,0.1511
60845.0,-0.2719
60850.0,0.1309
60855.0,0.1108
60860.0,0.2216
60865.0,-0.0403
60870.0,-0.0504
60875.0,0.1209
60880.0,0.0302
60885.0,0.0201
60890.0,0.0201
60895.0,-0.3022
60900.0,0.0806
60905.0,-0.2115
60910.0,-0.1108
60915.0,0.1007
60920.0,-0.1410
60925.0,0.0705
60930.0,0.0403
60935.0,-0.0201
60940.0,-0.0504
60945.0,-0.4130
60950.0,-0.1209
60955.0,-0.4230
60960.0,0.0201
60965.0,0.0000
60970.0,-0.1007
60975.0,-0.1209
60980.0,0.0000
60985.0,-0.0201
60990.0,0.0302
60995.0,-0.1914
61000.0,0.0101
61005.0,-0.1712
61010.0,0.1007
61015.0,-0.0101
61020.0,-0.0201
61025.0,-0.2518
61030.0,-0.0302
61035.0,-0.0201
61040.0,0.0403
61045.0,0.0504
61050.0,-0.0906
61055.0,-0.0705
61060.0,0.0201
61065.0,-0.2417
61070.0,0.0906
61075.0,-0.4734
61080.0,-0.6245
61085.0,-0.7453
61090.0,-0.6547
61095.0,-0.6547
61100.0,-0.7252
61105.0,-1.1784
61110.0,-0.8058
61115.0,-0.7050
61120.0,-0.2619
61125.0,-0.0806
61130.0,-0.2518
61135.0,-0.2921
61140.0,0.0906
61145.0,-0.2014
61150.0,0.1209
61155.0,-0.1813
61160.0,-0.1612
61165.0,-0.0302
61170.0,-0.0705
61175.0,0.0806
61180.0,0.0504
61185.0,-0.1712
61190.0,0.0201
61195.0,-0.1309
61200.0,0.0302
61205.0,0.0201
61210.0,0.0000
61215.0,-0.0101
61220.0,-0.0403
61225.0,-0.0302
61230.0,-0.1410
61235.0,0.0201
61240.0,-0.3022
61245.0,-0.0806
61250.0,-0.3626
61255.0,-0.5237
61260.0,0.1108
61265.0,-0.1108
61270.0,0.0906
61275.0,-0.0302
61280.0,-0.0906
61285.0,0.0000
61290.0,-0.0302
61295.0,0.0604
61300.0,-0.1813
61305.0,-0.1914
61310.0,-0.0302
61315.0,-0.2518
61320.0,0.1108
61325.0,-0.1712
61330.0,0.1511
61335.0,-0.1209
61340.0,-0.0201
61345.0,0.0000
61350.0,-0.1209
61355.0,-0.0101
61360.0,0.0403
61365.0,-0.1108
61370.0,-0.0101
61375.0,-0.6446
61380.0,-0.5640
61385.0,-0.7755
61390.0,-0.5439
61395.0,-0.6345
61400.0,-0.9669
61405.0,-1.1683
61410.0,-0.5942
61415.0,-0.7050
61420.0,-0.2518
61425.0,-0.2518
61430.0,-0.1309
61435.0,-0.1511
61440.0,-0.0403
61445.0,-0.0403
61450.0,0.1108
61455.0,-0.3022
61460.0,0.1612
61465.0,-0.1511
61470.0,-0.0403
61475.0,0.0806
61480.0,-0.1612
61485.0,-0.0101
61490.0,0.0705
61495.0,-0.0101
61500.0,-0.0906
61505.0,-0.2014
61510.0,0.0504
61515.0,-0.2014
61520.0,0.0705
61525.0,-0.0101
61530.0,-0.1511
61535.0,-0.2216
61540.0,-0.4230
61545.0,-0.1209
61550.0,-0.4230
61555.0,-0.4130
61560.0,-0.0101
61565.0,-0.1712
61570.0,0.0604
61575.0,-0.0302
61580.0,-0.0201
61585.0,-0.1108
61590.0,-0.0906
61595.0,-0.1209
61600.0,0.0705
61605.0,-0.0201
61610.0,-0.1511
61615.0,-0.0906
61620.0,0.0101
61625.0,-0.1712
61630.0,0.1511
61635.0,-0.2417
61640.0,-0.0302
61645.0,-0.1410
61650.0,-0.0101
61655.0,0.0604
61660.0,-0.1309
61665.0,-0.1511
61670.0,-0.0201
61675.0,-0.6547
61680.0,-0.6748
61685.0,-0.8863
61690.0,-0.6446
61695.0,-0.8561
61700.0,-0.8561
61705.0,-0.9669
61710.0,-0.7655
61715.0,-0.5338
61720.0,-0.2921
61725.0,-0.1511
61730.0,0.0201
61735.0,-0.1410
61740.0,-0.0101
61745.0,0.0705
61750.0,0.0604
61755.0,0.0705
61760.0,-0.0101
61765.0,-0.3022
61770.0,0.1108
61775.0,-0.1309
61780.0,-0.0302
61785.0,0.1410
61790.0,-0.2014
61795.0,-0.0705
61800.0,0.0906
61805.0,0.0000
61810.0,0.1712
61815.0,-0.1511
61820.0,0.0906
61825.0,-0.1209
61830.0,0.0604
61835.0,-0.3727
61840.0,-0.3827
61845.0,-0.3223
61850.0,-0.3424
61855.0,-0.0504
61860.0,0.1007
61865.0,-0.1914
61870.0,0.0302
61875.0,-0.0504
61880.0,0.1511
61885.0,-0.0906
61890.0,-0.1309
61895.0,-0.1813
61900.0,-0.0302
61905.0,-0.0101
61910.0,0.0806
61915.0,-0.0504
61920.0,-0.1309
61925.0,0.0302
61930.0,0.0504
61935.0,0.0000
61940.0,0.0806
61945.0,-0.2619
61950.0,0.0906
61955.0,-0.1007
61960.0,-0.0504
61965.0,-0.1209
61970.0,-0.4331
61975.0,-0.7856
61980.0,-0.5439
61985.0,-0.6648
61990.0,-0.5741
61995.0,-1.0978
62000.0,-0.9367
62005.0,-1.0878
62010.0,-0.6345
62015.0,-0.6446
62020.0,-0.2216
62025.0,-0.2619
62030.0,0.0101
62035.0,-0.0604
62040.0,0.0101
62045.0,-0.0403
62050.0,0.1209
62055.0,-0.1410
62060.0,0.0000
62065.0,-0.1209
62070.0,-0.1410
62075.0,-0.1612
62080.0,-0.0806
62085.0,-0.2719
62090.0,-0.3424
62095.0,-0.2921
62100.0,-0.1309
62105.0,0.0000
62110.0,0.0403
62115.0,0.0302
62120.0,0.0201
62125.0,-0.1007
62130.0,0.0705
62135.0,-0.3223
62140.0,0.0201
62145.0,-0.2115
62150.0,-0.3122
62155.0,-0.1209
62160.0,0.1007
62165.0,-0.1410
62170.0,-0.1712
62175.0,0.0403
62180.0,0.0504
62185.0,0.0906
62190.0,0.0906
62195.0,-0.2417
62200.0,-0.0201
62205.0,-0.1612
62210.0,-0.1108
62215.0,-0.0504
62220.0,-0.0302
62225.0,-0.1007
62230.0,-0.0604
62235.0,-0.0101
62240.0,-0.0201
62245.0,-0.1108
62250.0,0.0806
62255.0,-0.3223
62260.0,0.0705
62265.0,-0.2921
62270.0,-0.4230
62275.0,-0.6950
62280.0,-0.6748
62285.0,-0.6950
62290.0,-0.5237
62295.0,-1.0576
62300.0,-0.6648
62305.0,-0.9770
62310.0,-0.4532
62315.0,-0.3223
62320.0,-0.0302
62325.0,-0.2921
62330.0,-0.0302
62335.0,-0.2619
62340.0,-0.0201
62345.0,0.0604
62350.0,-0.0906
62355.0,0.1511
62360.0,0.0705
62365.0,0.0000
62370.0,-0.1007
62375.0,-0.2619
62380.0,0.1108
62385.0,-0.2921
62390.0,0.0906
62395.0,-0.0806
62400.0,-0.2115
62405.0,-0.0101
62410.0,-0.0403
62415.0,0.0504
62420.0,0.0000
62425.0,0.0000
62430.0,-0.2921
62435.0,-0.4130
62440.0,0.0403
62445.0,-0.3727
62450.0,0.0101
62455.0,-0.0302
62460.0,-0.0705
62465.0,0.0504
62470.0,0.0403
62475.0,0.1007
62480.0,0.0504
62485.0,-0.1209
62490.0,-0.0806
62495.0,-0.2317
62500.0,0.1108
62505.0,-0.2014
62510.0,0.1108
62515.0,-0.1007
62520.0,-0.1108
62525.0,-0.0101
62530.0,0.0504
62535.0,0.0806
62540.0,0.0604
62545.0,-0.1914
62550.0,-0.1309
62555.0,-0.2417
62560.0,0.0101
62565.0,-0.2921
62570.0,-0.5036
62575.0,-0.8158
62580.0,-0.4633
62585.0,-0.5137
62590.0,-0.5237
62595.0,-0.7957
62600.0,-0.8259
62605.0,-0.7252
62610.0,-0.2216
62615.0,-0.3223
62620.0,-0.0403
62625.0,-0.2921
62630.0,-0.0705
62635.0,-0.1914
62640.0,0.0705
62645.0,-0.1309
62650.0,0.0000
62655.0,-0.0302
62660.0,-0.1511
62665.0,0.0000
62670.0,0.0604
62675.0,-0.0504
62680.0,0.1108
62685.0,-0.2417
62690.0,-0.0403
62695.0,-0.1108
62700.0,0.0705
62705.0,0.0000
62710.0,-0.1108
62715.0,0.0504
62720.0,-0.0403
62725.0,0.0201
62730.0,-0.0705
62735.0,-0.2719
62740.0,-0.4029
62745.0,-0.3223
62750.0,0.0000
62755.0,-0.1108
62760.0,-0.0302
62765.0,-0.0806
62770.0,0.1108
62775.0,0.0101
62780.0,0.0403
62785.0,0.0101
62790.0,-0.0906
62795.0,0.0403
62800.0,0.0504
62805.0,0.0101
62810.0,0.0101
62815.0,-0.2619
62820.0,0.0806
62825.0,-0.1309
62830.0,0.0302
62835.0,0.1108
62840.0,-0.1007
62845.0,0.1410
62850.0,-0.0604
62855.0,-0.1612
62860.0,-0.0806
62865.0,-0.6043
62870.0,-0.4633
62875.0,-0.8259
62880.0,-0.6043
62885.0,-0.7453
62890.0,-0.9065
62895.0,-0.9971
62900.0,-0.5842
62905.0,-0.7050
62910.0,-0.2921
62915.0,-0.2216
62920.0,-0.1007
62925.0,-0.1410
62930.0,-0.0705
62935.0,0.0403
62940.0,-0.0101
62945.0,-0.2619
62950.0,0.1612
62955.0,-0.0705
62960.0,0.1007
62965.0,-0.0302
62970.0,-0.0806
62975.0,0.0806
62980.0,0.0000
62985.0,0.0201
62990.0,-0.0302
62995.0,-0.1712
63000.0,0.1309
63005.0,-0.1209
63010.0,0.1712
63015.0,-0.1309
63020.0,-0.2014
63025.0,-0.0101
63030.0,-0.3424
63035.0,-0.1108
63040.0,-0.3928
63045.0,-0.1410
63050.0,-0.1108
63055.0,-0.1511
63060.0,0.1007
63065.0,-0.1309
63070.0,-0.0705
63075.0,-0.1712
63080.0,0.0504
63085.0,-0.1007
63090.0,-0.0201
63095.0,0.0705
63100.0,-0.1309
63105.0,0.0906
63110.0,0.0000
63115.0,-0.1007
63120.0,0.0906
63125.0,-0.2417
63130.0,0.0705
63135.0,-0.0201
63140.0,-0.0504
63145.0,0.0504
63150.0,-0.1108
63155.0,-0.1007
63160.0,-0.1712
63165.0,-0.6547
63170.0,-0.5842
63175.0,-0.8763
63180.0,-0.5338
63185.0,-0.7957
63190.0,-0.8360
63195.0,-1.0576
63200.0,-0.7755
63205.0,-0.6446
63210.0,-0.1813
63215.0,-0.1712
63220.0,0.0504
63225.0,0.0806
63230.0,0.0101
63235.0,-0.0504
63240.0,0.1209
63245.0,-0.1410
63250.0,-0.0101
63255.0,-0.1511
63260.0,0.0504
63265.0,-0.1007
63270.0,0.0302
63275.0,-0.1007
63280.0,-0.1410
63285.0,-0.0504
63290.0,-0.0403
63295.0,-0.0604
63300.0,0.0504
63305.0,-0.1612
63310.0,0.0302
63315.0,-0.1309
63320.0,0.0806
63325.0,-0.3424
63330.0,-0.3324
63335.0,-0.2719
63340.0,-0.2820
63345.0,0.0604
63350.0,-0.1309
63355.0,-0.1209
63360.0,0.0806
63365.0,-0.1108
63370.0,0.1612
63375.0,-0.1712
63380.0,-0.0906
63385.0,-0.2216
63390.0,-0.0604
63395.0,0.0201
63400.0,0.0403
63405.0,-0.0504
63410.0,-0.0705
63415.0,0.0403
63420.0,-0.0101
63425.0,-0.1007
63430.0,0.1309
63435.0,-0.2417
63440.0,0.0906
63445.0,-0.0504
63450.0,-0.0906
63455.0,-0.1410
63460.0,-0.3525
63465.0,-0.6648
63470.0,-0.4331
63475.0,-0.5237
63480.0,-0.4029
63485.0,-0.9770
63490.0,-0.8662
63495.0,-0.8763
63500.0,-0.4633
63505.0,-0.4130
63510.0,-0.0504
63515.0,-0.3928
63520.0,-0.1410
63525.0,-0.0101
63530.0,0.0201
63535.0,0.0604
63540.0,-0.0705
63545.0,0.0806
63550.0,0.0403
63555.0,0.0000
63560.0,0.1813
63565.0,-0.2719
63570.0,0.1511
63575.0,-0.0806
63580.0,-0.1209
63585.0,0.0000
63590.0,-0.1813
63595.0,0.0201
63600.0,0.0806
63605.0,0.0101
63610.0,0.0906
63615.0,-0.1007
63620.0,-0.1309
63625.0,-0.3424
63630.0,-0.0504
63635.0,-0.2719
63640.0,-0.1410
63645.0,-0.1309
63650.0,-0.1612
63655.0,-0.0101
63660.0,0.0705
63665.0,0.0302
63670.0,0.1612
63675.0,-0.2317
63680.0,0.0201
63685.0,-0.1612
63690.0,0.0906
63695.0,0.0403
63700.0,0.0201
63705.0,-0.0906
63710.0,-0.1309
63715.0,0.0201
63720.0,0.0201
63725.0,0.0403
63730.0,-0.0906
63735.0,-0.2518
63740.0,0.1309
63745.0,-0.1813
63750.0,0.0201
63755.0,-0.2216
63760.0,-0.4532
63765.0,-0.8763
63770.0,-0.5640
63775.0,-0.6144
63780.0,-0.4835
63785.0,-1.1986
63790.0,-0.8561
63795.0,-0.8561
63800.0,-0.4230
63805.0,-0.3525
63810.0,-0.1108
63815.0,-0.4029
63820.0,0.0705
63825.0,-0.1511
63830.0,0.0101
63835.0,0.1410
63840.0,-0.1309
63845.0,0.0201
63850.0,0.0906
63855.0,-0.0403
63860.0,0.1410
63865.0,-0.1007
63870.0,0.1007
63875.0,-0.2317
63880.0,0.1309
63885.0,-0.1309
63890.0,-0.1410
63895.0,-0.0101
63900.0,-0.0403
63905.0,0.0604
63910.0,0.0000
63915.0,-0.2619
63920.0,-0.2518
63925.0,-0.1410
63930.0,-0.0101
63935.0,-0.3626
63940.0,-0.0906
63945.0,0.0201
63950.0,-0.0201
63955.0,-0.0201
63960.0,0.0806
63965.0,0.0504
63970.0,-0.1712
63975.0,-0.1410
63980.0,0.0302
63985.0,-0.1511
63990.0,0.1007
63995.0,-0.2317
64000.0,0.1511
64005.0,-0.1007
64010.0,-0.0504
64015.0,-0.0201
64020.0,-0.1007
64025.0,0.1209
64030.0,0.0101
64035.0,-0.0705
64040.0,0.0403
64045.0,-0.3424
64050.0,-0.1712
64055.0,-0.3525
64060.0,-0.4935
64065.0,-0.7856
64070.0,-0.5640
64075.0,-0.6648
64080.0,-0.5540
64085.0,-1.0374
64090.0,-0.7050
64095.0,-0.6345
64100.0,-0.3727
64105.0,-0.3727
64110.0,-0.0504
64115.0,-0.1511
64120.0,0.1813
64125.0,-0.2317
64130.0,0.0705
64135.0,-0.0906
64140.0,-0.0504
64145.0,0.0302
64150.0,0.0201
64155.0,-0.0302
64160.0,-0.0201
64165.0,-0.0705
64170.0,-0.0201
64175.0,-0.0201
64180.0,-0.0101
64185.0,-0.3223
64190.0,0.0906
64195.0,-0.0403
64200.0,-0.0504
64205.0,0.0504
64210.0,-0.0806
64215.0,0.0101
64220.0,-0.2518
64225.0,-0.1813
64230.0,-0.2719
64235.0,-0.4432
64240.0,-0.0302
64245.0,-0.0806
64250.0,0.0806
64255.0,0.0201
64260.0,-0.0504
64265.0,-0.0705
64270.0,0.1108
64275.0,0.0604
64280.0,-0.1209
64285.0,0.0604
64290.0,0.0101
64295.0,-0.2417
64300.0,0.0604
64305.0,-0.1108
64310.0,0.1209
64315.0,-0.1007
64320.0,-0.1108
64325.0,0.0604
64330.0,0.0504
64335.0,0.0604
64340.0,-0.0101
64345.0,-0.2216
64350.0,-0.2619
64355.0,-0.5237
64360.0,-0.4432
64365.0,-0.8058
64370.0,-0.5137
64375.0,-0.8058
64380.0,-0.8964
64385.0,-1.1079
64390.0,-0.6245
64395.0,-0.7151
64400.0,-0.3324
64405.0,-0.2518
64410.0,-0.0604
64415.0,-0.1511
64420.0,-0.0705
64425.0,-0.0806
64430.0,0.1108
64435.0,-0.3525
64440.0,-0.0101
64445.0,0.0302
64450.0,-0.0302
64455.0,0.0604
64460.0,-0.0201
64465.0,-0.0101
64470.0,0.0201
64475.0,-0.1108
64480.0,-0.0403
64485.0,-0.0504
64490.0,0.0000
64495.0,-0.2216
64500.0,0.1410
64505.0,-0.1007
64510.0,-0.0201
64515.0,-0.2719
64520.0,-0.5036
64525.0,-0.1007
64530.0,-0.3525
64535.0,-0.2719
64540.0,0.0604
64545.0,-0.2518
64550.0,0.0906
64555.0,-0.1612
64560.0,0.1007
64565.0,0.0604
64570.0,-0.1309
64575.0,-0.1511
64580.0,0.1108
64585.0,0.0403
64590.0,0.0705
64595.0,0.0201
64600.0,-0.0604
64605.0,-0.1712
64610.0,0.0806
64615.0,-0.0403
64620.0,0.0604
64625.0,-0.1612
64630.0,-0.0806
64635.0,-0.1309
64640.0,-0.0201
64645.0,-0.1309
64650.0,-0.2820
64655.0,-0.5237
64660.0,-0.5942
64665.0,-0.8863
64670.0,-0.5540
64675.0,-0.8360
64680.0,-0.8460
64685.0,-1.0173
64690.0,-0.6345
64695.0,-0.4935
64700.0,-0.3424
64705.0,-0.3122
64710.0,-0.1712
64715.0,-0.0504
64720.0,-0.0302
64725.0,-0.0403
64730.0,-0.0504
64735.0,-0.0101
64740.0,0.1108
64745.0,-0.1410
64750.0,0.0705
64755.0,-0.0906
64760.0,-0.1209
64765.0,-0.1108
64770.0,0.0201
64775.0,-0.0201
64780.0,0.1007
64785.0,-0.0604
64790.0,0.0504
64795.0,-0.0403
64800.0,0.0806
64805.0,-0.1007
64810.0,0.0101
64815.0,-0.3525
64820.0,-0.2417
64825.0,-0.2115
64830.0,-0.2216
64835.0,-0.0906
64840.0,-0.1007
64845.0,0.0705
64850.0,0.0403
64855.0,0.0101
64860.0,0.1007
64865.0,-0.2115
64870.0,-0.0201
64875.0,-0.2216
64880.0,-0.0504
64885.0,-0.0201
64890.0,-0.1007
64895.0,0.0604
64900.0,0.0302
64905.0,-0.0201
64910.0,0.1108
64915.0,-0.0906
64920.0,0.0302
64925.0,-0.1108
64930.0,0.0806
64935.0,-0.0705
64940.0,-0.0302
64945.0,-0.3626
64950.0,-0.3727
64955.0,-0.7252
64960.0,-0.3928
64965.0,-0.6748
64970.0,-0.6345
64975.0,-0.9367
64980.0,-0.8158
64985.0,-0.9669
64990.0,-0.4935
64995.0,-0.6043
65000.0,-0.0604
65005.0,-0.2719
65010.0,-0.1007
65015.0,-0.0302
65020.0,-0.1813
65025.0,0.0504
65030.0,0.1108
65035.0,-0.0101
65040.0,0.1914
65045.0,-0.1612
65050.0,0.1209
65055.0,-0.1410
65060.0,0.1007
65065.0,-0.0806
65070.0,-0.1309
65075.0,-0.2820
65080.0,-0.0403
65085.0,0.1108
65090.0,0.0403
65095.0,0.0705
65100.0,-0.0806
65105.0,0.0403
65110.0,0.0201
65115.0,-0.3928
65120.0,-0.1108
65125.0,-0.4130
65130.0,-0.2014
65135.0,-0.0806
65140.0,0.0302
65145.0,0.1209
65150.0,-0.1108
65155.0,-0.0906
65160.0,0.1108
65165.0,-0.2014
65170.0,0.1007
65175.0,-0.2216
65180.0,-0.0403
65185.0,0.0101
65190.0,0.0504
65195.0,0.0201
65200.0,0.0504
65205.0,-0.0806
65210.0,-0.0201
65215.0,-0.0101
65220.0,0.0403
65225.0,-0.1410
65230.0,0.0000
65235.0,-0.0705
65240.0,0.0504
65245.0,-0.2518
65250.0,-0.3022
65255.0,-0.8360
65260.0,-0.6043
65265.0,-0.6043
65270.0,-0.5842
65275.0,-1.0374
65280.0,-0.8863
65285.0,-0.9971
65290.0,-0.4734
65295.0,-0.4230
65300.0,-0.0906
65305.0,-0.2216
65310.0,-0.0403
65315.0,-0.1007
65320.0,-0.0101
65325.0,0.0201
65330.0,0.1209
65335.0,-0.0504
65340.0,-0.0201
65345.0,0.1108
65350.0,-0.0504
65355.0,0.0604
65360.0,0.0201
65365.0,-0.2518
65370.0,0.1309
65375.0,-0.1007
65380.0,-0.0201
65385.0,-0.0806
65390.0,-0.0101
65395.0,0.0705
65400.0,0.0000
65405.0,0.0201
65410.0,-0.2820
65415.0,-0.2115
65420.0,0.0302
65425.0,-0.2820
65430.0,-0.0302
65435.0,-0.2115
65440.0,0.1209
65445.0,-0.0302
65450.0,0.1108
65455.0,0.0403
65460.0,0.0000
65465.0,-0.1007
65470.0,-0.0403
65475.0,-0.1108
65480.0,0.0604
65485.0,-0.2719
65490.0,0.0604
65495.0,-0.0906
65500.0,-0.0201
65505.0,0.0302
65510.0,-0.0504
65515.0,0.0201
65520.0,0.0201
65525.0,-0.0201
65530.0,0.0201
65535.0,-0.3424
65540.0,-0.1007
65545.0,-0.3122
65550.0,-0.4633
65555.0,-0.7252
65560.0,-0.6748
65565.0,-0.5338
65570.0,-0.6547
65575.0,-1.0576
65580.0,-0.6849
65585.0,-0.7755
65590.0,-0.3525
65595.0,-0.2921
65600.0,-0.1712
65605.0,-0.1108
65610.0,-0.0201
65615.0,-0.3324
65620.0,0.0705
65625.0,-0.0705
65630.0,-0.0101
65635.0,0.0705
65640.0,-0.0504
65645.0,0.0000
65650.0,-0.0604
65655.0,-0.0806
65660.0,0.0101
65665.0,-0.2115
65670.0,-0.0705
65675.0,-0.3223
65680.0,0.1511
65685.0,-0.0705
65690.0,0.0806
65695.0,0.0201
65700.0,-0.0504
65705.0,0.0403
65710.0,-0.2820
65715.0,-0.0201
65720.0,-0.3223
65725.0,-0.4734
65730.0,-0.0101
65735.0,-0.1914
65740.0,0.1309
65745.0,-0.1007
65750.0,-0.1108
65755.0,0.0806
65760.0,-0.0101
65765.0,-0.0101
65770.0,-0.0906
65775.0,-0.1813
65780.0,0.0201
65785.0,-0.1007
65790.0,0.0806
65795.0,-0.0403
65800.0,-0.0504
65805.0,-0.1813
65810.0,0.0806
65815.0,-0.0201
65820.0,0.1511
65825.0,-0.0604
65830.0,0.0101
65835.0,-0.1511
65840.0,-0.1410
65845.0,-0.4432
65850.0,-0.5439
65855.0,-0.8259
65860.0,-0.4734
65865.0,-0.6547
65870.0,-0.6950
65875.0,-1.1784
65880.0,-0.7353
65885.0,-0.6144
65890.0,-0.3324
65895.0,-0.1209
65900.0,-0.1612
65905.0,-0.1209
65910.0,-0.0906
65915.0,-0.1612
65920.0,0.1309
65925.0,-0.2719
65930.0,-0.0201
65935.0,-0.0201
65940.0,-0.0504
65945.0,0.0806
65950.0,-0.0806
65955.0,-0.0201
65960.0,0.0705
65965.0,-0.1209
65970.0,-0.0201
65975.0,0.0201
65980.0,-0.0101
65985.0,-0.1612
65990.0,0.0604
65995.0,-0.0403
66000.0,-0.0504
66005.0,-0.3122
66010.0,-0.4029
66015.0,-0.2317
66020.0,-0.3424
66025.0,-0.3022
66030.0,-0.1712
66035.0,-0.1612
66040.0,0.0906
66045.0,0.0201
66050.0,0.0403
66055.0,-0.0906
66060.0,0.0000
66065.0,-0.1309
66070.0,0.0604
66075.0,-0.0705
66080.0,-0.1108
66085.0,0.0806
66090.0,0.0302
66095.0,-0.0906
66100.0,0.2216
66105.0,-0.2619
66110.0,0.0906
66115.0,-0.1511
66120.0,0.0101
66125.0,-0.1309
66130.0,-0.1209
66135.0,-0.1612
66140.0,-0.1410
66145.0,-0.6043
66150.0,-0.5942
66155.0,-0.7755
66160.0,-0.5741
66165.0,-0.7755
66170.0,-0.7252
66175.0,-1.1079
66180.0,-0.7353
66185.0,-0.5036
66190.0,-0.2921
66195.0,-0.1712
66200.0,-0.0302
66205.0,-0.1209
66210.0,-0.1309
66215.0,0.0000
66220.0,0.0302
66225.0,-0.1007
66230.0,0.1813
66235.0,-0.2115
66240.0,0.0403
66245.0,-0.0201
66250.0,0.0101
66255.0,0.1007
66260.0,-0.1813
66265.0,-0.1108
66270.0,-0.0403
66275.0,-0.0806
66280.0,-0.0101
66285.0,-0.0705
66290.0,0.0000
66295.0,-0.0403
66300.0,0.0806
66305.0,-0.2719
66310.0,-0.1712
66315.0,-0.3626
66320.0,-0.3324
66325.0,0.0101
66330.0,-0.0906
66335.0,0.0504
66340.0,-0.0504
66345.0,-0.2518
66350.0,0.1007
66355.0,-0.1511
66360.0,0.1108
66365.0,-0.2317
66370.0,-0.0504
66375.0,-0.0101
66380.0,0.1007
66385.0,0.0000
66390.0,-0.1712
66395.0,-0.0604
66400.0,0.0604
66405.0,-0.0806
66410.0,0.1612
66415.0,-0.1712
66420.0,-0.0201
66425.0,-0.0604
66430.0,-0.0906
66435.0,-0.2115
66440.0,-0.2417
66445.0,-0.8360
66450.0,-0.6043
66455.0,-0.5741
66460.0,-0.4935
66465.0,-1.0173
66470.0,-0.9065
66475.0,-0.9669
66480.0,-0.5036
66485.0,-0.4835
66490.0,0.0201
66495.0,-0.3525
66500.0,-0.1813
66505.0,-0.1612
66510.0,-0.0201
66515.0,0.1007
66520.0,-0.0302
66525.0,-0.1209
66530.0,0.1612
66535.0,-0.0604
66540.0,0.1410
66545.0,-0.1813
66550.0,0.0906
66555.0,-0.0504
66560.0,-0.1007
66565.0,-0.1712
66570.0,0.0302
66575.0,-0.0101
66580.0,-0.0101
66585.0,-0.0201
66590.0,0.0000
66595.0,-0.1410
66600.0,-0.1209
66605.0,-0.3424
66610.0,-0.0403
66615.0,-0.3928
66620.0,-0.1712
66625.0,-0.2317
66630.0,0.0302
66635.0,0.0604
66640.0,0.0101
66645.0,0.1511
66650.0,-0.0906
66655.0,-0.2619
66660.0,0.1309
66665.0,-0.2921
66670.0,0.1007
66675.0,-0.0504
66680.0,-0.1309
66685.0,0.0201
66690.0,-0.0302
66695.0,0.0906
66700.0,0.0504
66705.0,-0.1612
66710.0,-0.0302
66715.0,-0.0403
66720.0,0.1309
66725.0,-0.0101
66730.0,-0.1108
66735.0,-0.2417
66740.0,-0.3928
66745.0,-0.7856
66750.0,-0.5439
66755.0,-0.6547
66760.0,-0.6648
66765.0,-1.1281
66770.0,-0.7755
66775.0,-0.8763
66780.0,-0.2719
66785.0,-0.5237
66790.0,-0.1813
66795.0,-0.2216
66800.0,0.0604
66805.0,-0.0705
66810.0,-0.0101
66815.0,-0.0101
66820.0,-0.1007
66825.0,0.0302
66830.0,0.0705
66835.0,-0.0201
66840.0,-0.1612
66845.0,-0.1309
66850.0,0.1410
66855.0,-0.1511
66860.0,0.2216
66865.0,-0.1612
66870.0,-0.0201
66875.0,0.0604
66880.0,-0.0201
66885.0,0.1209
66890.0,0.0201
66895.0,-0.2417
66900.0,-0.2317
66905.0,-0.2014
66910.0,0.0101
66915.0,-0.2417
66920.0,-0.0806
66925.0,0.0000
66930.0,0.0201
66935.0,0.0101
66940.0,0.1007
66945.0,-0.0101
66950.0,-0.0705
66955.0,-0.1007
66960.0,-0.0101
66965.0,-0.1410
66970.0,0.0302
66975.0,-0.2417
66980.0,0.0806
66985.0,-0.1007
66990.0,-0.0403
66995.0,0.0806
67000.0,-0.0101
67005.0,0.0201
67010.0,0.0101
67015.0,-0.0101
67020.0,0.1007
67025.0,-0.2518
67030.0,-0.0705
67035.0,-0.3928
67040.0,-0.5338
67045.0,-0.8460
67050.0,-0.6648
67055.0,-0.5439
67060.0,-0.5842
67065.0,-0.9971
67070.0,-0.6950
67075.0,-0.7554
67080.0,-0.2719
67085.0,-0.3727
67090.0,-0.1410
67095.0,-0.3525
67100.0,-0.0201
67105.0,-0.0604
67110.0,0.0906
67115.0,-0.0705
67120.0,0.0705
67125.0,0.0604
67130.0,-0.0201
67135.0,0.0403
67140.0,0.1309
67145.0,0.0403
67150.0,0.1209
67155.0,-0.0403
67160.0,-0.0806
67165.0,-0.2820
67170.0,0.1410
67175.0,-0.0604
67180.0,0.0403
67185.0,-0.0604
67190.0,-0.0302
67195.0,-0.0101
67200.0,-0.2417
67205.0,-0.1410
67210.0,-0.4130
67215.0,-0.3525
67220.0,0.0604
67225.0,-0.1813
67230.0,0.1712
67235.0,-0.0906
67240.0,-0.1410
67245.0,0.0806
67250.0,0.0403
67255.0,0.0705
67260.0,-0.0504
67265.0,-0.1712
67270.0,0.0302
67275.0,-0.1108
67280.0,0.1813
67285.0,-0.1712
67290.0,0.0000
67295.0,-0.0201
67300.0,-0.0101
67305.0,0.0302
67310.0,0.1612
67315.0,-0.0604
67320.0,-0.1712
67325.0,-0.1511
67330.0,-0.1410
67335.0,-0.5338
67340.0,-0.3928
67345.0,-0.8662
67350.0,-0.6748
67355.0,-0.6043
67360.0,-0.7252
67365.0,-0.9871
67370.0,-0.6547
67375.0,-0.7554
67380.0,-0.2518
67385.0,-0.1511
67390.0,-0.1511
67395.0,-0.0504
67400.0,-0.1914
67405.0,-0.0906
67410.0,0.1309
67415.0,-0.1914
67420.0,0.1309
67425.0,-0.2014
67430.0,-0.1511
67435.0,0.0302
67440.0,-0.0201
67445.0,0.0705
67450.0,0.0302
67455.0,-0.2518
67460.0,0.0806
67465.0,-0.0705
67470.0,0.0806
67475.0,-0.1511
67480.0,-0.0403
67485.0,-0.1309
67490.0,0.0000
67495.0,-0.1914
67500.0,-0.3727
67505.0,-0.2719
67510.0,-0.2417
67515.0,-0.2014
67520.0,-0.0504
67525.0,-0.1309
67530.0,0.0000
67535.0,-0.0906
67540.0,0.0806
67545.0,-0.0504
67550.0,-0.0302
67555.0,-0.1007
67560.0,-0.1309
67565.0,-0.1007
67570.0,0.0000
67575.0,0.0201
67580.0,0.0201
67585.0,-0.0201
67590.0,0.1612
67595.0,-0.0504
67600.0,0.1209
67605.0,-0.0403
67610.0,0.0806
67615.0,-0.0806
67620.0,-0.0906
67625.0,-0.0806
67630.0,-0.2014
67635.0,-0.6446
67640.0,-0.5741
67645.0,-0.8763
67650.0,-0.5439
67655.0,-0.7554
67660.0,-0.8360
67665.0,-0.9568
67670.0,-0.6950
67675.0,-0.5942
67680.0,-0.2417
67685.0,-0.1410
67690.0,0.0806
67695.0,-0.1410
67700.0,-0.0101
67705.0,0.0302
67710.0,0.0101
67715.0,0.0504
67720.0,0.1108
67725.0,-0.2216
67730.0,0.0604
67735.0,-0.0906
67740.0,0.0101
67745.0,0.1007
67750.0,-0.2014
67755.0,-0.0101
67760.0,0.0201
67765.0,0.0101
67770.0,-0.1007
67775.0,-0.0906
67780.0,0.1108
67785.0,-0.1007
67790.0,0.2014
67795.0,-0.3324
67800.0,-0.1712
67805.0,-0.1511
67810.0,-0.2216
67815.0,-0.0604
67820.0,-0.1511
67825.0,-0.0504
67830.0,0.0000
67835.0,-0.0906
67840.0,0.0705
67845.0,-0.1712
67850.0,-0.0604
67855.0,-0.2317
67860.0,-0.0101
67865.0,0.0403
67870.0,0.0906
67875.0,0.0403
67880.0,0.0906
67885.0,0.0000
67890.0,0.0906
67895.0,-0.1410
67900.0,0.0101
67905.0,-0.0504
67910.0,0.0705
67915.0,-0.1511
67920.0,0.0201
67925.0,-0.3122
67930.0,-0.2820
67935.0,-0.7050
67940.0,-0.5540
67945.0,-0.4935
67950.0,-0.6345
67955.0,-0.9971
67960.0,-0.6849
67965.0,-0.9669
67970.0,-0.4835
67975.0,-0.4734
67980.0,-0.1813
67985.0,-0.1914
67990.0,-0.0806
67995.0,-0.0806
68000.0,0.0000
68005.0,-0.0201
68010.0,-0.0101
68015.0,0.0000
68020.0,0.1007
68025.0,-0.1511
68030.0,-0.0201
68035.0,-0.0403
68040.0,0.0705
68045.0,-0.1612
68050.0,-0.0302
68055.0,-0.2417
68060.0,-0.1309
68065.0,0.0705
68070.0,-0.0101
68075.0,0.1007
68080.0,-0.0302
68085.0,-0.2317
68090.0,0.1007
68095.0,-0.4432
68100.0,-0.0101
68105.0,-0.3928
68110.0,-0.2719
68115.0,-0.1309
68120.0,-0.0101
68125.0,0.1108
68130.0,-0.0201
68135.0,-0.1209
68140.0,-0.0302
68145.0,-0.1410
68150.0,0.0806
68155.0,-0.2317
68160.0,-0.0201
68165.0,0.0504
68170.0,-0.0101
68175.0,-0.0604
68180.0,0.0504
68185.0,-0.0302
68190.0,-0.0403
68195.0,-0.0101
68200.0,-0.0302
68205.0,-0.0906
68210.0,0.0101
68215.0,-0.2820
68220.0,-0.0201
68225.0,-0.2216
68230.0,-0.4230
68235.0,-0.8360
68240.0,-0.6144
68245.0,-0.5640
68250.0,-0.5842
68255.0,-1.0576
68260.0,-0.7554
68265.0,-1.0173
68270.0,-0.5036
68275.0,-0.3122
68280.0,0.0101
68285.0,-0.2317
68290.0,0.1410
68295.0,-0.2518
68300.0,0.0302
68305.0,0.0403
68310.0,0.1108
68315.0,0.0906
68320.0,-0.0504
68325.0,-0.1108
68330.0,0.0000
68335.0,-0.0101
68340.0,0.0604
68345.0,-0.2719
68350.0,0.0101
68355.0,-0.1612
68360.0,0.0403
68365.0,-0.0201
68370.0,0.0604
68375.0,0.0604
68380.0,0.0302
68385.0,0.0403
68390.0,-0.2820
68395.0,-0.3626
68400.0,-0.1914
68405.0,-0.6144
68410.0,0.0504
68415.0,-0.2216
68420.0,-0.1612
68425.0,-0.1209
68430.0,-0.0302
68435.0,-0.0302
68440.0,-0.1712
68445.0,-0.2317
68450.0,-0.1007
68455.0,-0.2820
68460.0,0.0101
68465.0,-0.3022
68470.0,-0.0403
68475.0,-0.1209
68480.0,-0.0806
68485.0,-0.0403
68490.0,0.1209
68495.0,-0.0201
68500.0,0.0101
68505.0,-0.1612
68510.0,-0.0504
68515.0,-0.1511
68520.0,-0.0604
68525.0,-0.3525
68530.0,-0.4633
68535.0,-0.7957
68540.0,-0.5439
68545.0,-0.6245
68550.0,-0.6849
68555.0,-1.0173
68560.0,-0.7957
68565.0,-0.7353
68570.0,-0.2317
68575.0,-0.4029
68580.0,-0.1309
68585.0,-0.1914
68590.0,0.0604
68595.0,0.0000
68600.0,0.0000
68605.0,-0.1511
68610.0,0.1612
68615.0,0.0302
68620.0,0.1007
68625.0,0.0906
68630.0,0.1712
68635.0,-0.0302
68640.0,0.0302
68645.0,0.0201
68650.0,0.0302
68655.0,-0.2921
68660.0,0.1410
68665.0,-0.0604
68670.0,0.0201
68675.0,-0.0504
68680.0,0.0302
68685.0,0.0403
68690.0,-0.2317
68695.0,-0.0705
68700.0,-0.3727
68705.0,-0.5237
68710.0,0.0604
68715.0,-0.1914
68720.0,0.0806
68725.0,-0.0604
68730.0,-0.1007
68735.0,0.0504
68740.0,0.0201
68745.0,0.0504
68750.0,-0.0604
68755.0,-0.1108
68760.0,-0.1007
68765.0,-0.1712
68770.0,0.1108
68775.0,-0.1511
68780.0,0.1712
68785.0,-0.2014
68790.0,-0.0806
68795.0,0.0201
68800.0,0.0000
68805.0,0.0302
68810.0,-0.1410
68815.0,-0.0806
68820.0,-0.0906
68825.0,-0.5540
68830.0,-0.3827
68835.0,-0.8662
68840.0,-0.6245
68845.0,-0.6950
68850.0,-0.8360
68855.0,-0.9770
68860.0,-0.6950
68865.0,-0.7655
68870.0,-0.3928
68875.0,-0.1712
68880.0,-0.0705
68885.0,-0.1511
68890.0,0.0604
68895.0,-0.0806
68900.0,0.1309
68905.0,0.0302
68910.0,0.0201
68915.0,-0.1309
68920.0,0.0101
68925.0,-0.0705
68930.0,0.0906
68935.0,0.0302
68940.0,0.1410
68945.0,-0.1712
68950.0,-0.0403
68955.0,-0.1712
68960.0,0.1209
68965.0,-0.1410
68970.0,0.0906
68975.0,-0.0101
68980.0,-0.1612
68985.0,-0.2921
68990.0,-0.3122
68995.0,-0.1914
69000.0,-0.2820
69005.0,-0.2921
69010.0,-0.1612
69015.0,-0.0201
69020.0,0.0806
69025.0,-0.0403
69030.0,0.0604
69035.0,-0.0403
69040.0,-0.0101
69045.0,-0.1410
69050.0,0.1309
69055.0,-0.0806
69060.0,-0.1410
69065.0,0.0302
69070.0,0.0302
69075.0,-0.0201
69080.0,0.1309
69085.0,-0.1309
69090.0,0.1108
69095.0,-0.0604
69100.0,0.0906
69105.0,-0.1309
69110.0,-0.1209
69115.0,0.0000
69120.0,-0.2014
69125.0,-0.5439
69130.0,-0.6245
69135.0,-0.9065
69140.0,-0.5741
69145.0,-0.7957
69150.0,-0.8460
69155.0,-1.0978
69160.0,-0.7353
69165.0,-0.5439
69170.0,-0.2921
69175.0,-0.1712
69180.0,-0.1712
69185.0,-0.0906
69190.0,0.0201
69195.0,-0.0705
69200.0,0.1209
69205.0,-0.1108
69210.0,0.1612
69215.0,-0.1309
69220.0,0.0604
69225.0,-0.0101
69230.0,0.0906
69235.0,-0.0604
69240.0,-0.1813
69245.0,0.0302
69250.0,0.1108
69255.0,-0.1209
69260.0,-0.0101
69265.0,0.0504
69270.0,0.0906
69275.0,-0.0403
69280.0,0.0604
69285.0,-0.2619
69290.0,-0.1108
69295.0,-0.2014
69300.0,-0.1914
69305.0,-0.1612
69310.0,-0.1410
69315.0,-0.1007
69320.0,0.0101
69325.0,-0.0504
69330.0,0.2921
69335.0,-0.1108
69340.0,-0.1209
69345.0,-0.1511
69350.0,-0.0201
69355.0,0.0000
69360.0,0.1108
69365.0,0.0201
69370.0,-0.0302
69375.0,0.0906
69380.0,0.0403
69385.0,-0.0504
69390.0,0.0504
69395.0,-0.0705
69400.0,0.1612
69405.0,-0.1410
69410.0,-0.0403
69415.0,-0.2921
69420.0,-0.3727
69425.0,-0.7151
69430.0,-0.5338
69435.0,-0.5640
69440.0,-0.6648
69445.0,-1.0072
69450.0,-0.8259
69455.0,-0.9669
69460.0,-0.4230
69465.0,-0.5942
69470.0,-0.1209
69475.0,-0.1813
69480.0,-0.0705
69485.0,-0.0504
69490.0,0.0806
69495.0,-0.0101
69500.0,-0.1007
69505.0,-0.1108
69510.0,0.0000
69515.0,-0.0705
69520.0,-0.0201
69525.0,-0.0806
69530.0,0.1410
69535.0,-0.1410
69540.0,-0.0806
69545.0,-0.2317
69550.0,-0.1209
69555.0,0.0705
69560.0,0.0201
69565.0,0.1108
69570.0,-0.1007
69575.0,-0.1309
69580.0,0.0604
69585.0,-0.4935
69590.0,0.0201
69595.0,-0.3827
69600.0,-0.1612
69605.0,-0.1007
69610.0,-0.0403
69615.0,0.1007
69620.0,-0.1108
69625.0,-0.0403
69630.0,0.0604
69635.0,-0.1914
69640.0,0.1511
69645.0,-0.4230
69650.0,-0.0504
69655.0,0.0000
69660.0,-0.0201
69665.0,-0.0604
69670.0,0.0705
69675.0,-0.0504
69680.0,-0.0403
69685.0,-0.0705
69690.0,0.0000
69695.0,-0.1511
69700.0,-0.0504
69705.0,-0.2115
69710.0,0.1108
69715.0,-0.1914
69720.0,-0.2719
69725.0,-0.8058
69730.0,-0.4633
69735.0,-0.6245
69740.0,-0.6245
69745.0,-1.0878
69750.0,-0.8158
69755.0,-0.9266
69760.0,-0.4331
69765.0,-0.4331
69770.0,-0.0604
69775.0,-0.3727
69780.0,-0.0604
69785.0,-0.0906
69790.0,-0.0504
69795.0,0.0705
69800.0,0.0705
69805.0,-0.0302
69810.0,0.0705
69815.0,-0.0201
69820.0,-0.0504
69825.0,0.0201
69830.0,-0.0302
69835.0,-0.2317
69840.0,0.1209
69845.0,-0.1209
69850.0,0.1209
69855.0,0.0201
69860.0,-0.0201
69865.0,0.0302
69870.0,0.0000
69875.0,-0.0101
69880.0,-0.1914
69885.0,-0.3727
69890.0,-0.0302
69895.0,-0.3827
69900.0,0.0000
69905.0,-0.0201
69910.0,-0.1209
69915.0,0.0504
69920.0,0.1209
69925.0,0.0302
69930.0,-0.0201
69935.0,-0.0504
69940.0,-0.1007
69945.0,-0.1511
69950.0,0.1209
69955.0,-0.0806
69960.0,0.0504
69965.0,-0.1813
69970.0,-0.0101
69975.0,0.0403
69980.0,0.0604
69985.0,0.1511
69990.0,-0.0705
69995.0,0.1309
70000.0,-0.0302
70005.0,-0.1813
70010.0,0.0403
70015.0,-0.4432
70020.0,-0.5137
70025.0,-0.7655
70030.0,-0.6043
70035.0,-0.5540
70040.0,-0.7252
70045.0,-0.9568
70050.0,-0.8058
70055.0,-0.7554
70060.0,-0.2921
70065.0,-0.4130
70070.0,-0.0504
70075.0,-0.1007
70080.0,0.0604
70085.0,-0.0604
70090.0,-0.0403
70095.0,-0.0806
70100.0,0.0705
70105.0,0.0101
70110.0,0.1309
70115.0,-0.0201
70120.0,-0.0504
70125.0,-0.0604
70130.0,-0.0101
70135.0,-0.0906
70140.0,0.0403
70145.0,-0.3324
70150.0,0.0906
70155.0,-0.0705
70160.0,-0.0302
70165.0,-0.0504
70170.0,-0.1612
70175.0,0.1309
70180.0,-0.1813
70185.0,-0.0302
70190.0,-0.3022
70195.0,-0.3122
70200.0,0.0705
70205.0,-0.1410
70210.0,0.1511
70215.0,-0.1209
70220.0,-0.1007
70225.0,0.0201
70230.0,0.0302
70235.0,0.0604
70240.0,-0.2115
70245.0,-0.0806
70250.0,-0.0101
70255.0,-0.1209
70260.0,0.0504
70265.0,-0.1309
70270.0,0.1108
70275.0,-0.1007
70280.0,0.0604
70285.0,-0.0906
70290.0,-0.1209
70295.0,0.1007
70300.0,-0.0302
70305.0,-0.1511
70310.0,-0.0806
70315.0,-0.6245
70320.0,-0.4734
70325.0,-0.8360
70330.0,-0.6245
70335.0,-0.7151
70340.0,-0.9669
70345.0,-1.1079
70350.0,-0.6043
70355.0,-0.7252
70360.0,-0.3727
70365.0,-0.1511
70370.0,-0.2417
70375.0,-0.1511
70380.0,0.0705
70385.0,-0.0906
70390.0,0.1511
70395.0,-0.1813
70400.0,-0.0101
70405.0,-0.1612
70410.0,-0.1007
70415.0,0.0000
70420.0,-0.0302
70425.0,-0.0101
70430.0,0.0302
70435.0,-0.1209
70440.0,-0.1007
70445.0,-0.0705
70450.0,-0.0201
70455.0,-0.1309
70460.0,0.1007
70465.0,-0.0705
70470.0,-0.1007
70475.0,-0.3424
70480.0,-0.4532
70485.0,-0.2115
70490.0,-0.3626
70495.0,-0.2820
70500.0,-0.1914
70505.0,-0.0604
70510.0,0.0806
70515.0,-0.1612
70520.0,0.0906
70525.0,-0.1108
70530.0,-0.0806
70535.0,-0.0705
70540.0,-0.0705
70545.0,0.1309
70550.0,-0.1209
70555.0,-0.0705
70560.0,0.0604
70565.0,-0.1209
70570.0,0.1108
70575.0,-0.1914
70580.0,0.0201
70585.0,-0.0705
70590.0,-0.0504
70595.0,-0.0201
70600.0,-0.0201
70605.0,-0.2216
70610.0,-0.2216
70615.0,-0.6245
70620.0,-0.6345
70625.0,-0.7655
70630.0,-0.6144
70635.0,-0.7957
70640.0,-0.6446
70645.0,-0.9468
70650.0,-0.5237
70655.0,-0.4734
70660.0,-0.3525
70665.0,-0.1914
70670.0,-0.1309
70675.0,0.0504
70680.0,-0.0604
70685.0,-0.2014
70690.0,0.0000
70695.0,-0.0504
70700.0,0.0806
70705.0,-0.1007
70710.0,0.0302
70715.0,-0.0403
70720.0,0.0705
70725.0,0.0201
70730.0,-0.1612
70735.0,-0.1410
70740.0,-0.1612
70745.0,-0.1309
70750.0,0.0604
70755.0,-0.0302
70760.0,0.1209
70765.0,-0.2317
70770.0,-0.0705
70775.0,-0.2619
70780.0,-0.2619
70785.0,-0.2317
70790.0,-0.2417
70795.0,0.0101
70800.0,0.0403
70805.0,-0.0604
70810.0,-0.0302
70815.0,-0.1914
70820.0,0.0906
70825.0,-0.1914
70830.0,-0.0705
70835.0,-0.2216
70840.0,-0.0906
70845.0,0.0000
70850.0,0.0403
70855.0,0.0000
70860.0,0.0705
70865.0,-0.0806
70870.0,-0.0201
70875.0,-0.0906
70880.0,0.1007
70885.0,0.0000
70890.0,0.0604
70895.0,-0.0504
70900.0,-0.0604
70905.0,-0.1511
70910.0,-0.1108
70915.0,-0.7957
70920.0,-0.6245
70925.0,-0.6950
70930.0,-0.6345
70935.0,-1.0273
70940.0,-0.8460
70945.0,-1.0475
70950.0,-0.4935
70955.0,-0.5036
70960.0,-0.1108
70965.0,-0.2820
70970.0,-0.2014
70975.0,-0.0906
70980.0,0.0101
70985.0,0.1209
70990.0,0.0504
70995.0,-0.1813
71000.0,-0.0504
71005.0,0.0705
71010.0,0.0806
71015.0,-0.1007
71020.0,0.0906
71025.0,-0.1914
71030.0,-0.1007
71035.0,-0.2216
71040.0,-0.0201
71045.0,-0.0101
71050.0,0.0101
71055.0,0.0201
71060.0,0.0000
71065.0,0.0504
71070.0,-0.1007
71075.0,-0.5338
71080.0,-0.0403
71085.0,-0.3928
71090.0,-0.1612
71095.0,-0.2216
71100.0,-0.1309
71105.0,0.0101
71110.0,-0.0302
71115.0,-0.0302
71120.0,0.1108
71125.0,-0.2518
71130.0,0.1108
71135.0,-0.1914
71140.0,0.1209
71145.0,0.0906
71150.0,-0.1309
71155.0,-0.1410
71160.0,0.0000
71165.0,-0.0403
71170.0,-0.0302
71175.0,-0.0101
71180.0,-0.0906
71185.0,-0.1612
71190.0,0.1007
71195.0,-0.1914
71200.0,0.0201
71205.0,-0.3424
71210.0,-0.3928
71215.0,-0.7353
71220.0,-0.5540
71225.0,-0.5741
71230.0,-0.6446
71235.0,-1.0878
71240.0,-0.7755
71245.0,-0.9065
71250.0,-0.4230
71255.0,-0.5137
71260.0,-0.1712
71265.0,-0.3223
71270.0,0.0302
71275.0,-0.1309
71280.0,-0.0201
71285.0,-0.0604
71290.0,0.0906
71295.0,0.0201
71300.0,-0.0101
71305.0,-0.0403
71310.0,-0.0504
71315.0,-0.2619
71320.0,0.0201
71325.0,-0.2115
71330.0,0.0806
71335.0,-0.0201
71340.0,-0.1309
71345.0,0.0806
71350.0,-0.0201
71355.0,0.0000
71360.0,-0.0101
71365.0,-0.1712
71370.0,-0.2921
71375.0,-0.2216
71380.0,0.0000
71385.0,-0.3223
71390.0,-0.0403
71395.0,-0.1511
71400.0,-0.0705
71405.0,0.0806
71410.0,0.1612
71415.0,0.2417
71420.0,0.0201
71425.0,-0.1511
71430.0,0.0201
71435.0,-0.2820
71440.0,0.1007
71445.0,-0.0906
71450.0,0.0806
71455.0,-0.1209
71460.0,-0.0604
71465.0,0.0705
71470.0,0.0302
71475.0,-0.0101
71480.0,0.0302
71485.0,-0.0806
71490.0,-0.0201
71495.0,-0.1209
71500.0,0.0101
71505.0,-0.2921
71510.0,-0.4130
71515.0,-0.8662
71520.0,-0.6648
71525.0,-0.5640
71530.0,-0.6748
71535.0,-1.0576
71540.0,-0.7655
71545.0,-0.7353
71550.0,-0.4432
71555.0,-0.2317
71560.0,-0.1612
71565.0,-0.2014
71570.0,0.1007
71575.0,-0.2115
71580.0,-0.0604
71585.0,-0.2014
71590.0,0.1007
71595.0,0.0000
71600.0,0.0806
71605.0,-0.0504
71610.0,-0.0906
71615.0,0.0604
71620.0,-0.0201
71625.0,-0.1007
71630.0,0.0705
71635.0,-0.2115
71640.0,0.1410
71645.0,0.0101
71650.0,0.0403
71655.0,-0.1914
71660.0,-0.1309
71665.0,0.0705
71670.0,-0.1209
71675.0,-0.0201
71680.0,-0.2317
71685.0,-0.2921
71690.0,-0.1007
71695.0,-0.2518
71700.0,0.0806
71705.0,-0.0504
71710.0,-0.2820
71715.0,-0.2719
71720.0,-0.2820
71725.0,-0.0705
71730.0,0.0302
71735.0,-0.1612
71740.0,-0.2115
71745.0,-0.3525
71750.0,-0.0403
71755.0,-0.3022
71760.0,0.0504
71765.0,0.0806
71770.0,0.2115
71775.0,0.1108
71780.0,0.1209
71785.0,0.1007
71790.0,0.0201
71795.0,-0.0101
71800.0,-0.1914
71805.0,-0.6446
71810.0,-0.5942
71815.0,-0.8662
71820.0,-0.4432
71825.0,-0.7353
71830.0,-0.8158
71835.0,-1.0173
71840.0,-0.6144
71845.0,-0.6748
71850.0,-0.3424
71855.0,-0.1612
71860.0,-0.2115
71865.0,0.0504
71870.0,-0.0201
71875.0,-0.0705
71880.0,0.2014
71885.0,-0.0705
71890.0,0.1108
71895.0,0.0000
71900.0,0.0806
71905.0,-0.0403
71910.0,0.0806
71915.0,0.1007
71920.0,-0.0101
71925.0,-0.1813
71930.0,-0.0101
71935.0,-0.0201
71940.0,0.0906
71945.0,-0.1007
71950.0,0.0504
71955.0,-0.1108
71960.0,0.0403
71965.0,-0.1209
71970.0,-0.2417
71975.0,-0.2417
71980.0,-0.3424
71985.0,-0.1108
71990.0,-0.0302
71995.0,0.0000
72000.0,0.1108
72005.0,-0.1309
72010.0,0.0705
72015.0,-0.0806
72020.0,-0.0101
72025.0,-0.0504
72030.0,-0.1410
72035.0,-0.0302
72040.0,0.0604
72045.0,0.0000
72050.0,0.1108
72055.0,-0.2216
72060.0,0.1108
72065.0,0.0201
72070.0,0.0806
72075.0,-0.0604
72080.0,-0.0201
72085.0,-0.1410
72090.0,-0.0906
72095.0,-0.0604
72100.0,-0.1511
72105.0,-0.6648
72110.0,-0.6547
72115.0,-0.8763
72120.0,-0.4734
72125.0,-0.7453
72130.0,-0.7554
72135.0,-0.9770
72140.0,-0.6648
72145.0,-0.4935
72150.0,-0.1612
72155.0,-0.1410
72160.0,-0.2014
72165.0,-0.1309
72170.0,-0.0302
72175.0,0.0504
72180.0,0.0403
72185.0,0.1309
72190.0,0.0705
72195.0,-0.0604
72200.0,0.1309
72205.0,-0.0705
72210.0,0.0604
72215.0,0.1108
72220.0,-0.2317
72225.0,0.0101
72230.0,0.0806
72235.0,-0.0302
72240.0,0.1209
72245.0,-0.0806
72250.0,0.0201
72255.0,-0.0504
72260.0,0.0504
72265.0,-0.3324
72270.0,-0.1209
72275.0,-0.3022
72280.0,-0.2115
72285.0,-0.0101
72290.0,-0.0201
72295.0,0.0101
72300.0,-0.0504
72305.0,-0.0705
72310.0,0.1712
72315.0,-0.0403
72320.0,0.1612
72325.0,-0.2014
72330.0,0.0504
72335.0,0.0201
72340.0,0.0806
72345.0,0.1007
72350.0,0.0806
72355.0,-0.1108
72360.0,0.0604
72365.0,-0.0302
72370.0,0.1914
72375.0,-0.1309
72380.0,0.0101
72385.0,-0.0101
72390.0,-0.0806
72395.0,-0.1914
72400.0,-0.2619
72405.0,-0.7856
72410.0,-0.5640
72415.0,-0.5540
72420.0,-0.5137
72425.0,-0.8662
72430.0,-0.8863
72435.0,-0.9971
72440.0,-0.3525
72445.0,-0.4230
72450.0,-0.0403
72455.0,-0.2820
72460.0,-0.2417
72465.0,0.0101
72470.0,-0.0201
72475.0,0.0705
72480.0,0.0705
72485.0,-0.1108
72490.0,0.0302
72495.0,0.0604
72500.0,0.1309
72505.0,0.0302
72510.0,0.0604
72515.0,0.0101
72520.0,-0.0504
72525.0,-0.1612
72530.0,0.1007
72535.0,0.1209
72540.0,-0.0403
72545.0,0.0302
72550.0,0.0806
72555.0,-0.2216
72560.0,0.0101
72565.0,-0.3928
72570.0,-0.0302
72575.0,-0.2417
72580.0,-0.2719
72585.0,-0.0101
72590.0,0.0806
72595.0,0.0906
72600.0,0.1209
72605.0,-0.0604
72610.0,0.0604
72615.0,-0.0302
72620.0,0.1209
72625.0,-0.1309
72630.0,0.0000
72635.0,-0.1712
72640.0,0.1309
72645.0,0.0000
72650.0,0.0705
72655.0,0.0705
72660.0,-0.0403
72665.0,-0.1007
72670.0,0.0403
72675.0,-0.1108
72680.0,0.1612
72685.0,-0.2317
72690.0,0.0000
72695.0,-0.1108
72700.0,-0.3122
72705.0,-0.6245
72710.0,-0.6043
72715.0,-0.5338
72720.0,-0.5640
72725.0,-1.0475
72730.0,-0.7554
72735.0,-0.9266
72740.0,-0.5237
72745.0,-0.4331
72750.0,-0.0403
72755.0,-0.2014
72760.0,-0.0201
72765.0,-0.2619
72770.0,-0.0101
72775.0,0.0806
72780.0,0.0201
72785.0,0.0906
72790.0,0.1309
72795.0,-0.1511
72800.0,-0.0101
72805.0,0.0000
72810.0,0.1007
72815.0,-0.1309
72820.0,0.0302
72825.0,-0.1309
72830.0,0.0806
72835.0,0.1209
72840.0,0.0201
72845.0,0.0403
72850.0,0.1410
72855.0,-0.0201
72860.0,-0.0403
72865.0,-0.2417
72870.0,0.0302
72875.0,-0.2719
72880.0,0.0504
72885.0,0.0504
72890.0,-0.0504
72895.0,0.0604
72900.0,0.1410
72905.0,0.1914
72910.0,0.0906
72915.0,-0.1914
72920.0,0.1612
72925.0,-0.1007
72930.0,0.1007
72935.0,-0.0806
72940.0,0.1309
72945.0,-0.1612
72950.0,-0.0302
72955.0,0.0201
72960.0,0.0806
72965.0,0.0806
72970.0,-0.0504
72975.0,0.0705
72980.0,0.0604
72985.0,-0.1511
72990.0,0.1209
72995.0,-0.3827
73000.0,-0.5640
73005.0,-0.6950
73010.0,-0.5137
73015.0,-0.5842
73020.0,-0.6648
73025.0,-1.0475
73030.0,-0.7353
73035.0,-0.7050
73040.0,-0.2216
73045.0,-0.3022
73050.0,-0.2216
73055.0,-0.2115
73060.0,0.1007
73065.0,-0.0403
73070.0,0.1007
73075.0,-0.0504
73080.0,0.1309
73085.0,0.0806
73090.0,0.1511
73095.0,0.0504
73100.0,-0.1007
73105.0,0.0504
73110.0,0.0504
73115.0,-0.1511
73120.0,0.1712
73125.0,-0.1813
73130.0,0.0705
73135.0,0.0201
73140.0,0.0201
73145.0,0.0604
73150.0,-0.1108
73155.0,-0.0604
73160.0,-0.0403
73165.0,-0.1007
73170.0,-0.2014
73175.0,-0.3928
73180.0,-0.0201
73185.0,-0.2518
73190.0,0.0906
73195.0,0.0302
73200.0,0.0604
73205.0,-0.1007
73210.0,-0.0806
73215.0,0.0302
73220.0,-0.0302
73225.0,0.0504
73230.0,0.0101
73235.0,-0.1309
73240.0,0.1511
73245.0,-0.1612
73250.0,0.1209
73255.0,0.0101
73260.0,-0.1007
73265.0,-0.0403
73270.0,0.0504
73275.0,0.0604
73280.0,0.1410
73285.0,-0.2619
73290.0,-0.2317
73295.0,-0.4432
73300.0,-0.4532
73305.0,-0.7655
73310.0,-0.4734
73315.0,-0.6144
73320.0,-0.7655
73325.0,-1.0173
73330.0,-0.4532
73335.0,-0.8259
73340.0,-0.4130
73345.0,-0.1309
73350.0,-0.1813
73355.0,-0.0806
73360.0,-0.0101
73365.0,-0.1410
73370.0,0.1612
73375.0,-0.1410
73380.0,0.1410
73385.0,-0.0101
73390.0,-0.1209
73395.0,-0.0806
73400.0,0.0604
73405.0,0.1309
73410.0,-0.0302
73415.0,-0.2115
73420.0,-0.0806
73425.0,0.0000
73430.0,0.1108
73435.0,-0.1712
73440.0,0.1612
73445.0,-0.1108
73450.0,-0.0302
73455.0,-0.2216
73460.0,-0.3727
73465.0,-0.2317
73470.0,-0.4633
73475.0,-0.2216
73480.0,-0.0302
73485.0,-0.0403
73490.0,0.1007
73495.0,-0.2216
73500.0,0.1712
73505.0,-0.0906
73510.0,-0.0906
73515.0,-0.0705
73520.0,-0.1209
73525.0,0.0101
73530.0,0.1309
73535.0,0.0504
73540.0,0.1712
73545.0,-0.2216
73550.0,0.0906
73555.0,-0.1612
73560.0,0.1108
73565.0,-0.0101
73570.0,-0.0403
73575.0,-0.0101
73580.0,-0.0806
73585.0,-0.0906
73590.0,-0.0504
73595.0,-0.7050
73600.0,-0.5842
73605.0,-0.7856
73610.0,-0.5137
73615.0,-0.8662
73620.0,-0.8763
73625.0,-1.0273
73630.0,-0.5741
73635.0,-0.4935
73640.0,-0.1813
73645.0,-0.2216
73650.0,-0.2317
73655.0,-0.0906
73660.0,-0.0101
73665.0,0.0101
73670.0,-0.0302
73675.0,-0.1511
73680.0,0.0604
73685.0,-0.1108
73690.0,0.0604
73695.0,-0.0403
73700.0,-0.0403
73705.0,-0.0403
73710.0,-0.1914
73715.0,0.0000
73720.0,0.0000
73725.0,0.0201
73730.0,-0.0906
73735.0,-0.1813
73740.0,0.0403
73745.0,-0.1612
73750.0,0.0806
73755.0,-0.2619
73760.0,-0.2619
73765.0,-0.2820
73770.0,-0.2317
73775.0,-0.0705
73780.0,-0.0604
73785.0,0.0302
73790.0,-0.0806
73795.0,-0.1511
73800.0,0.1813
73805.0,-0.0504
73810.0,0.1007
73815.0,-0.3122
73820.0,-0.0201
73825.0,0.0101
73830.0,0.0504
73835.0,0.1309
73840.0,-0.0302
73845.0,0.0000
73850.0,0.0806
73855.0,-0.0705
73860.0,0.1813
73865.0,-0.2317
73870.0,-0.0101
73875.0,-0.0101
73880.0,-0.1209
73885.0,-0.2719
73890.0,-0.2417
73895.0,-0.8158
73900.0,-0.5237
73905.0,-0.5842
73910.0,-0.5640
73915.0,-0.9367
73920.0,-0.8662
73925.0,-1.0576
73930.0,-0.5237
73935.0,-0.4230
73940.0,-0.0806
73945.0,-0.1410
73950.0,-0.1209
73955.0,0.0101
73960.0,0.0504
73965.0,0.0504
73970.0,0.1712
73975.0,-0.0705
73980.0,-0.0906
73985.0,-0.1511
73990.0,0.1209
73995.0,-0.1007
74000.0,0.0806
74005.0,-0.1914
74010.0,-0.0201
74015.0,-0.0504
74020.0,-0.0201
74025.0,0.1309
74030.0,0.0403
74035.0,0.0302
74040.0,0.1309
74045.0,-0.0604
74050.0,0.0705
74055.0,-0.5338
74060.0,-0.1108
74065.0,-0.2518
74070.0,-0.1410
74075.0,0.0201
74080.0,-0.0403
74085.0,0.1007
74090.0,0.0504
74095.0,-0.0201
74100.0,0.0705
74105.0,-0.1007
74110.0,-0.0201
74115.0,-0.3324
74120.0,0.1410
74125.0,-0.0201
74130.0,0.1914
74135.0,-0.0906
74140.0,0.0000
74145.0,0.1813
74150.0,0.0403
74155.0,0.0806
74160.0,-0.0201
74165.0,-0.1108
74170.0,0.1309
74175.0,-0.1108
74180.0,0.0705
74185.0,-0.3626
74190.0,-0.3928
74195.0,-0.7151
74200.0,-0.5237
74205.0,-0.5942
74210.0,-0.6043
74215.0,-0.9669
74220.0,-0.6648
74225.0,-0.8460
74230.0,-0.2820
74235.0,-0.4633
74240.0,-0.1209
74245.0,-0.2719
74250.0,0.0806
74255.0,-0.0906
74260.0,0.0101
74265.0,-0.0302
74270.0,0.0403
74275.0,0.1612
74280.0,0.0201
74285.0,-0.0504
74290.0,0.0705
74295.0,-0.2014
74300.0,0.0906
74305.0,-0.1612
74310.0,0.0705
74315.0,-0.0705
74320.0,-0.0302
74325.0,-0.0906
74330.0,-0.0806
74335.0,0.1108
74340.0,-0.0101
74345.0,-0.1309
74350.0,-0.1309
74355.0,-0.3626
74360.0,0.0403
74365.0,-0.3928
74370.0,0.0504
74375.0,0.0403
74380.0,-0.0806
74385.0,-0.0403
74390.0,0.2317
74395.0,0.1309
74400.0,0.0403
74405.0,-0.1209
74410.0,-0.0403
74415.0,-0.0806
74420.0,0.0906
74425.0,-0.1712
74430.0,0.1612
74435.0,-0.0302
74440.0,-0.0705
74445.0,0.0101
74450.0,0.1108
74455.0,0.0201
74460.0,-0.0201
74465.0,-0.0504
74470.0,0.0101
74475.0,-0.2216
74480.0,0.1007
74485.0,-0.4029
74490.0,-0.4835
74495.0,-0.6849
74500.0,-0.4532
74505.0,-0.3928
74510.0,-0.6849
74515.0,-1.0072
74520.0,-0.7252
74525.0,-0.7554
74530.0,-0.4734
74535.0,-0.4029
74540.0,-0.2317
74545.0,-0.3928
74550.0,-0.0504
74555.0,-0.4331
74560.0,0.0000
74565.0,-0.1108
74570.0,-0.0504
74575.0,-0.0403
74580.0,-0.0906
74585.0,-0.2014
74590.0,-0.1309
74595.0,-0.0302
74600.0,0.0000
74605.0,-0.0806
74610.0,0.1209
74615.0,-0.3022
74620.0,-0.1108
74625.0,-0.0806
74630.0,-0.2317
74635.0,-0.1309
74640.0,-0.2518
74645.0,-0.0906
74650.0,-0.1914
74655.0,-0.0604
74660.0,-0.2820
74665.0,-0.3022
74670.0,0.1309
74675.0,-0.0705
74680.0,0.2115
74685.0,-0.0201
74690.0,0.1511
74695.0,0.0705
74700.0,-0.0806
74705.0,-0.0101
74710.0,-0.0705
74715.0,-0.0705
74720.0,0.1309
74725.0,-0.2014
74730.0,0.1612
74735.0,-0.1813
74740.0,0.0906
74745.0,-0.0604
74750.0,-0.1712
74755.0,-0.0201
74760.0,0.0604
74765.0,0.0604
74770.0,-0.1209
74775.0,-0.3324
74780.0,-0.3324
74785.0,-0.3525
74790.0,-0.3928
74795.0,-0.7050
74800.0,-0.5237
74805.0,-0.6446
74810.0,-0.6345
74815.0,-0.8259
74820.0,-0.5237
74825.0,-0.7856
74830.0,-0.4633
74835.0,-0.2115
74840.0,-0.1511
74845.0,-0.1209
74850.0,0.0504
74855.0,-0.1813
74860.0,0.1108
74865.0,-0.0504
74870.0,0.0302
74875.0,0.0000
74880.0,0.0302
74885.0,0.0101
74890.0,0.0906
74895.0,0.0806
74900.0,0.1612
74905.0,-0.0705
74910.0,0.0302
74915.0,-0.1309
74920.0,0.1410
74925.0,0.0201
74930.0,0.1309
74935.0,0.0302
74940.0,-0.0705
74945.0,-0.1511
74950.0,-0.4633
74955.0,-0.2719
74960.0,-0.3827
74965.0,-0.3122
74970.0,-0.0403
74975.0,-0.0906
74980.0,0.1612
74985.0,-0.1007
74990.0,0.1108
74995.0,0.1007
75000.0,0.0101
75005.0,0.0806
75010.0,0.0101
75015.0,-0.0302
75020.0,-0.0504
75025.0,0.0302
75030.0,-0.0302
75035.0,-0.0604
75040.0,0.1007
75045.0,-0.2317
75050.0,0.1309
75055.0,0.0101
75060.0,0.0000
75065.0,0.0403
75070.0,0.0000
75075.0,-0.0604
75080.0,-0.0705
75085.0,-0.5842
75090.0,-0.5942
75095.0,-0.8763
75100.0,-0.5137
75105.0,-0.6345
75110.0,-0.7453
75115.0,-0.9568
75120.0,-0.6245
75125.0,-0.6648
75130.0,-0.2317
75135.0,-0.2216
75140.0,-0.1209
75145.0,0.0101
75150.0,-0.0705
75155.0,-0.0705
75160.0,0.1007
75165.0,0.0302
75170.0,0.2417
75175.0,-0.1914
75180.0,-0.0403
75185.0,0.0000
75190.0,0.0201
75195.0,0.0000
75200.0,-0.0604
75205.0,-0.0302
75210.0,-0.1511
75215.0,-0.1410
75220.0,-0.0403
75225.0,-0.0302
75230.0,0.1511
75235.0,-0.2417
75240.0,0.0604
75245.0,-0.1914
75250.0,-0.1511
75255.0,-0.1309
75260.0,-0.2417
75265.0,-0.1410
75270.0,0.0000
75275.0,-0.0504
75280.0,0.0403
75285.0,-0.0705
75290.0,0.0504
75295.0,-0.0806
75300.0,0.0302
75305.0,-0.0806
75310.0,-0.0604
75315.0,-0.1309
75320.0,0.1108
75325.0,0.0906
75330.0,0.0604
75335.0,0.0806
75340.0,-0.0403
75345.0,-0.0906
75350.0,0.1309
75355.0,-0.0705
75360.0,0.0705
75365.0,-0.1914
75370.0,-0.1410
75375.0,-0.1712
75380.0,-0.2619
75385.0,-0.6748
75390.0,-0.5540
75395.0,-0.6547
75400.0,-0.5842
75405.0,-0.8561
75410.0,-0.7453
75415.0,-0.9871
75420.0,-0.5942
75425.0,-0.4734
75430.0,0.0101
75435.0,-0.1914
75440.0,0.1410
75445.0,-0.1007
75450.0,-0.0101
75455.0,0.1309
75460.0,0.0403
75465.0,0.0705
75470.0,0.0906
75475.0,-0.2014
75480.0,0.1007
75485.0,-0.0504
75490.0,0.1007
75495.0,0.0000
75500.0,-0.1813
75505.0,-0.2820
75510.0,0.0101
75515.0,0.0504
75520.0,0.0000
75525.0,0.0504
75530.0,0.0806
75535.0,-0.2115
75540.0,-0.0101
75545.0,-0.4029
75550.0,-0.0604
75555.0,-0.1511
75560.0,-0.2115
75565.0,-0.1108
75570.0,0.1309
75575.0,0.1309
75580.0,0.1410
75585.0,0.0000
75590.0,0.1007
75595.0,-0.0806
75600.0,0.0806
75605.0,-0.2619
75610.0,0.0302
75615.0,-0.1712
75620.0,-0.0101
75625.0,-0.0101
75630.0,-0.0201
75635.0,0.1108
75640.0,-0.0504
75645.0,-0.0101
75650.0,0.0906
75655.0,-0.1410
75660.0,0.0806
75665.0,-0.0705
75670.0,-0.0705
75675.0,-0.3525
75680.0,-0.4230
75685.0,-0.7755
75690.0,-0.5439
75695.0,-0.5942
75700.0,-0.6849
75705.0,-1.0374
75710.0,-0.7353
75715.0,-0.8863
75720.0,-0.3727
75725.0,-0.4734
75730.0,-0.1712
75735.0,-0.3827
75740.0,0.0302
75745.0,-0.0806
75750.0,0.0504
75755.0,-0.0705
75760.0,-0.0806
75765.0,0.1410
75770.0,0.0806
75775.0,0.0000
75780.0,0.0806
75785.0,-0.1914
75790.0,0.1612
75795.0,-0.1813
75800.0,0.0806
75805.0,-0.0302
75810.0,0.0201
75815.0,-0.1108
75820.0,-0.1410
75825.0,0.0302
75830.0,0.0302
75835.0,-0.0806
75840.0,-0.1712
75845.0,-0.2820
75850.0,-0.1511
75855.0,-0.4029
75860.0,0.0101
75865.0,-0.0504
75870.0,0.1108
75875.0,-0.1007
75880.0,-0.0705
75885.0,0.1612
75890.0,-0.0201
75895.0,-0.0604
75900.0,0.1612
75905.0,-0.0906
75910.0,0.2216
75915.0,0.0302
75920.0,0.1410
75925.0,-0.1914
75930.0,-0.0201
75935.0,0.0906
75940.0,0.0806
75945.0,0.1108
75950.0,0.0101
75955.0,-0.1612
75960.0,-0.0504
75965.0,-0.0403
75970.0,-0.0302
75975.0,-0.2820
75980.0,-0.4532
75985.0,-0.8259
75990.0,-0.6648
75995.0,-0.6043
76000.0,-0.5439
76005.0,-0.9770
76010.0,-0.6648
76015.0,-0.7353
76020.0,-0.3727
76025.0,-0.2216
76030.0,-0.0806
76035.0,-0.1914
76040.0,0.1108
76045.0,-0.2417
76050.0,0.0906
76055.0,0.0000
76060.0,0.0201
76065.0,0.1108
76070.0,0.1712
76075.0,0.1511
76080.0,0.1007
76085.0,-0.0201
76090.0,-0.1209
76095.0,-0.0302
76100.0,0.1007
76105.0,-0.0302
76110.0,0.2619
76115.0,0.0906
76120.0,0.0504
76125.0,0.1914
76130.0,-0.0906
76135.0,0.0604
76140.0,-0.1108
76145.0,-0.1007
76150.0,-0.1813
76155.0,-0.3626
76160.0,0.0101
76165.0,-0.0403
76170.0,0.1007
76175.0,0.0604
76180.0,0.1209
76185.0,0.0604
76190.0,-0.0806
76195.0,0.0302
76200.0,-0.0201
76205.0,0.0101
76210.0,0.1612
76215.0,-0.1612
76220.0,0.0201
76225.0,-0.0504
76230.0,0.0806
76235.0,-0.0705
76240.0,0.0705
76245.0,0.0302
76250.0,-0.0604
76255.0,0.0101
76260.0,0.0705
76265.0,-0.1511
76270.0,-0.0302
76275.0,-0.5640
76280.0,-0.5439
76285.0,-0.7151
76290.0,-0.5439
76295.0,-0.6950
76300.0,-0.7755
76305.0,-1.1281
76310.0,-0.7050
76315.0,-0.7050
76320.0,-0.2820
76325.0,-0.1209
76330.0,0.0000
76335.0,-0.2518
76340.0,-0.1914
76345.0,-0.1712
76350.0,0.1209
76355.0,-0.1309
76360.0,0.1511
76365.0,-0.0705
76370.0,-0.0201
76375.0,-0.0403
76380.0,-0.0101
76385.0,0.0705
76390.0,-0.0504
76395.0,-0.2317
76400.0,-0.0201
76405.0,-0.0101
76410.0,0.1209
76415.0,-0.0201
76420.0,0.1309
76425.0,-0.0101
76430.0,0.0906
76435.0,-0.0201
76440.0,-0.1914
76445.0,-0.0806
76450.0,-0.2820
76455.0,-0.2417
76460.0,-0.0906
76465.0,-0.0101
76470.0,0.1813
76475.0,-0.0201
76480.0,0.1410
76485.0,-0.1108
76490.0,0.0101
76495.0,-0.0403
76500.0,-0.0302
76505.0,0.0906
76510.0,0.1410
76515.0,-0.1410
76520.0,0.0201
76525.0,-0.0101
76530.0,0.1712
76535.0,0.0906
76540.0,0.0302
76545.0,-0.2619
76550.0,0.0101
76555.0,-0.0504
76560.0,0.0101
76565.0,0.0000
76570.0,-0.1410
76575.0,-0.6849
76580.0,-0.6547
76585.0,-0.7655
76590.0,-0.5237
76595.0,-0.6748
76600.0,-0.8763
76605.0,-1.1381
76610.0,-0.7655
76615.0,-0.5036
76620.0,-0.2719
76625.0,-0.2317
76630.0,0.0201
76635.0,-0.0302
76640.0,0.0403
76645.0,0.0806
76650.0,0.0705
76655.0,0.0705
76660.0,0.0806
76665.0,-0.2619
76670.0,-0.0705
76675.0,-0.0504
76680.0,0.0201
76685.0,0.0101
76690.0,-0.0504
76695.0,-0.0906
76700.0,0.0806
76705.0,0.0101
76710.0,0.0302
76715.0,0.1007
76720.0,-0.0101
76725.0,-0.2417
76730.0,0.0604
76735.0,-0.2719
76740.0,-0.2014
76745.0,-0.1813
76750.0,-0.2921
76755.0,-0.1309
76760.0,-0.0604
76765.0,0.0101
76770.0,0.0906
76775.0,0.0403
76780.0,0.0806
76785.0,-0.1410
76790.0,0.1209
76795.0,-0.0806
76800.0,0.0906
76805.0,0.0101
76810.0,0.1612
76815.0,0.1511
76820.0,0.0604
76825.0,0.0604
76830.0,0.1007
76835.0,0.0806
76840.0,0.2014
76845.0,0.0604
76850.0,0.1209
76855.0,0.0705
76860.0,-0.0806
76865.0,-0.2216
76870.0,-0.1209
76875.0,-0.6648
76880.0,-0.5036
76885.0,-0.5137
76890.0,-0.5842
76895.0,-0.8360
76900.0,-0.6950
76905.0,-0.8763
76910.0,-0.3424
76915.0,-0.5540
76920.0,-0.1410
76925.0,-0.1108
76930.0,-0.0504
76935.0,-0.0806
76940.0,-0.0806
76945.0,-0.0806
76950.0,-0.0101
76955.0,0.0000
76960.0,0.0504
76965.0,-0.0101
76970.0,0.1914
76975.0,-0.2518
76980.0,0.0302
76985.0,0.0604
76990.0,-0.1108
76995.0,-0.0403
77000.0,0.0504
77005.0,0.1007
77010.0,0.2115
77015.0,0.1612
77020.0,0.0000
77025.0,-0.0504
77030.0,0.0705
77035.0,-0.2921
77040.0,-0.0604
77045.0,-0.3626
77050.0,-0.0504
77055.0,-0.0201
77060.0,0.0806
77065.0,0.1007
77070.0,0.0302
77075.0,0.1309
77080.0,0.1108
77085.0,-0.0806
77090.0,0.1309
77095.0,-0.2014
77100.0,-0.0201
77105.0,-0.1007
77110.0,0.1410
77115.0,0.0604
77120.0,0.1612
77125.0,0.0604
77130.0,0.0302
77135.0,0.1914
77140.0,0.1007
77145.0,0.0201
77150.0,0.1209
77155.0,-0.1914
77160.0,-0.0101
77165.0,-0.1108
77170.0,-0.2317
77175.0,-0.7655
77180.0,-0.3827
77185.0,-0.5237
77190.0,-0.4532
77195.0,-1.0374
77200.0,-0.7957
77205.0,-0.8058
77210.0,-0.3223
77215.0,-0.2417
77220.0,0.0000
77225.0,-0.1612
77230.0,0.1007
77235.0,0.0705
77240.0,-0.0604
77245.0,0.0302
77250.0,0.0906
77255.0,0.1309
77260.0,0.0806
77265.0,-0.0604
77270.0,-0.0201
77275.0,-0.1914
77280.0,0.0705
77285.0,-0.1108
77290.0,0.1209
77295.0,0.0201
77300.0,-0.0906
77305.0,-0.0504
77310.0,0.1410
77315.0,0.1007
77320.0,0.0403
77325.0,0.0504
77330.0,-0.2518
77335.0,-0.3525
77340.0,0.0302
77345.0,-0.3525
77350.0,0.0101
77355.0,0.0302
77360.0,-0.0403
77365.0,-0.1209
77370.0,-0.0201
77375.0,0.0806
77380.0,-0.0201
77385.0,0.0000
77390.0,-0.1007
77395.0,-0.2417
77400.0,0.1712
77405.0,-0.1813
77410.0,0.1007
77415.0,-0.0101
77420.0,-0.1007
77425.0,-0.0806
77430.0,0.1511
77435.0,0.0806
77440.0,0.0403
77445.0,0.1511
77450.0,-0.0806
77455.0,-0.2518
77460.0,0.1007
77465.0,-0.3122
77470.0,-0.5036
77475.0,-0.7755
77480.0,-0.6345
77485.0,-0.5741
77490.0,-0.5137
77495.0,-0.9568
77500.0,-0.6748
77505.0,-0.6950
77510.0,-0.3626
77515.0,-0.2518
77520.0,0.0000
77525.0,-0.0201
77530.0,0.2115
77535.0,0.0403
77540.0,0.1511
77545.0,0.2014
77550.0,0.2115
77555.0,0.1309
77560.0,0.0504
77565.0,0.0504
77570.0,0.0906
77575.0,0.0705
77580.0,0.0906
77585.0,-0.0201
77590.0,0.0906
77595.0,-0.0604
77600.0,0.1410
77605.0,-0.0302
77610.0,0.0806
77615.0,0.1209
77620.0,-0.0302
77625.0,0.1612
77630.0,-0.1511
77635.0,0.0504
77640.0,-0.3122
77645.0,-0.3424
77650.0,0.0906
77655.0,-0.0604
77660.0,0.1612
77665.0,0.1309
77670.0,0.0705
77675.0,0.1007
77680.0,0.1309
77685.0,0.0201
77690.0,-0.1007
77695.0,0.1712
77700.0,0.0806
77705.0,0.0302
77710.0,0.1309
77715.0,-0.2115
77720.0,0.2619
77725.0,-0.0302
77730.0,0.0000
77735.0,0.1511
77740.0,-0.0806
77745.0,0.0504
77750.0,0.0403
77755.0,0.0101
77760.0,-0.1410
77765.0,-0.4935
77770.0,-0.2518
77775.0,-0.6950
77780.0,-0.4734
77785.0,-0.6950
77790.0,-0.7151
77795.0,-0.9568
77800.0,-0.4532
77805.0,-0.6446
77810.0,-0.4331
77815.0,-0.1813
77820.0,-0.0504
77825.0,-0.1108
77830.0,0.1309
77835.0,-0.1813
77840.0,0.0101
77845.0,-0.0504
77850.0,0.1209
77855.0,-0.0906
77860.0,0.0201
77865.0,-0.1108
77870.0,-0.0302
77875.0,0.0906
77880.0,0.0705
77885.0,-0.2014
77890.0,-0.0906
77895.0,0.0101
77900.0,0.1410
77905.0,-0.0302
77910.0,0.0806
77915.0,-0.0604
77920.0,0.1813
77925.0,-0.0101
77930.0,-0.4935
77935.0,-0.1914
77940.0,-0.2921
77945.0,-0.1209
77950.0,0.0000
77955.0,-0.1712
77960.0,0.1712
77965.0,0.0201
77970.0,0.1612
77975.0,0.0705
77980.0,-0.0604
77985.0,0.0302
77990.0,0.1007
77995.0,0.1511
78000.0,0.0705
78005.0,0.0000
78010.0,0.0906
78015.0,-0.0604
78020.0,0.1612
78025.0,-0.0705
78030.0,0.0302
78035.0,-0.1511
78040.0,0.1309
78045.0,0.0000
78050.0,0.0504
78055.0,0.0403
78060.0,-0.2417
78065.0,-0.6043
78070.0,-0.4935
78075.0,-0.7453
78080.0,-0.4734
78085.0,-0.8158
78090.0,-0.8058
78095.0,-1.0173
78100.0,-0.5439
78105.0,-0.4432
78110.0,-0.2014
78115.0,-0.2921
78120.0,0.0000
78125.0,0.0101
78130.0,0.0504
78135.0,0.0403
78140.0,0.0000
78145.0,-0.0806
78150.0,0.2719
78155.0,0.0504
78160.0,0.0906
78165.0,-0.0101
78170.0,0.1309
78175.0,0.1309
78180.0,0.0806
78185.0,-0.0101
78190.0,0.1511
78195.0,0.0604
78200.0,0.0504
78205.0,0.1007
78210.0,0.0302
78215.0,-0.2115
78220.0,0.1914
78225.0,-0.2417
78230.0,-0.0906
78235.0,-0.1511
78240.0,-0.2820
78245.0,0.0302
78250.0,0.0201
78255.0,0.0604
78260.0,0.1712
78265.0,-0.1612
78270.0,0.0906
78275.0,0.0000
78280.0,0.0302
78285.0,-0.0403
78290.0,0.0201
78295.0,-0.0504
78300.0,0.2317
78305.0,0.1612
78310.0,0.0604
78315.0,0.2115
78320.0,0.1108
78325.0,0.0806
78330.0,0.1712
78335.0,-0.1813
78340.0,0.2014
78345.0,0.0000
78350.0,0.0806
78355.0,-0.2417
78360.0,-0.3022
78365.0,-0.5741
78370.0,-0.4835
78375.0,-0.5540
78380.0,-0.5237
78385.0,-0.9065
78390.0,-0.8561
78395.0,-0.9165
78400.0,-0.3928
78405.0,-0.5036
78410.0,-0.2115
78415.0,-0.2921
78420.0,-0.0101
78425.0,0.0101
78430.0,0.1007
78435.0,0.0302
78440.0,0.0403
78445.0,0.0806
78450.0,0.0403
78455.0,0.0705
78460.0,0.1914
78465.0,-0.1209
78470.0,0.2820
78475.0,0.0101
78480.0,-0.0806
78485.0,-0.2014
78490.0,-0.0302
78495.0,0.1309
78500.0,0.1007
78505.0,0.1309
78510.0,0.1511
78515.0,0.0000
78520.0,0.0806
78525.0,-0.3223
78530.0,0.1007
78535.0,-0.2317
78540.0,0.0705
78545.0,0.0906
78550.0,0.0302
78555.0,0.1007
78560.0,0.1813
78565.0,0.0705
78570.0,0.1007
78575.0,0.0906
78580.0,0.2115
78585.0,-0.1410
78590.0,0.2115
78595.0,0.0806
78600.0,0.0403
78605.0,0.1612
78610.0,0.1209
78615.0,0.0806
78620.0,0.0201
78625.0,0.1309
78630.0,0.1309
78635.0,0.1612
78640.0,0.2014
78645.0,-0.0705
78650.0,0.0806
78655.0,-0.1410
78660.0,-0.2619
78665.0,-0.6345
78670.0,-0.5741
78675.0,-0.6446
78680.0,-0.5942
78685.0,-0.9266
78690.0,-0.6950
78695.0,-0.8259
78700.0,-0.4230
78705.0,-0.4633
78710.0,-0.0302
78715.0,-0.2216
78720.0,0.1410
78725.0,-0.0806
78730.0,-0.0604
78735.0,0.1309
78740.0,0.0705
78745.0,0.2619
78750.0,0.0906
78755.0,0.0604
78760.0,0.0504
78765.0,0.0201
78770.0,0.2619
78775.0,-0.1813
78780.0,0.1612
78785.0,0.0705
78790.0,0.0705
78795.0,0.2518
78800.0,0.1007
78805.0,0.0302
78810.0,-0.0302
78815.0,0.1209
78820.0,-0.1209
78825.0,-0.2014
78830.0,-0.0504
78835.0,-0.3022
78840.0,0.0504
78845.0,0.0403
78850.0,0.1309
78855.0,-0.0604
78860.0,0.0604
78865.0,0.1813
78870.0,0.0906
78875.0,-0.1309
78880.0,-0.0604
78885.0,0.0000
78890.0,0.1410
78895.0,-0.0302
78900.0,0.2115
78905.0,-0.0403
78910.0,0.0906
78915.0,0.0705
78920.0,0.1108
78925.0,-0.0201
78930.0,-0.1209
78935.0,-0.0806
78940.0,0.1209
78945.0,-0.1410
78950.0,0.0302
78955.0,-0.2417
78960.0,-0.5842
78965.0,-0.6849
78970.0,-0.4532
78975.0,-0.4432
78980.0,-0.5842
78985.0,-1.0676
78990.0,-0.7755
78995.0,-0.6144
79000.0,-0.1209
79005.0,-0.3122
79010.0,-0.1813
79015.0,-0.0403
79020.0,0.1007
79025.0,-0.1309
79030.0,0.2417
79035.0,-0.1108
79040.0,0.0201
79045.0,0.0906
79050.0,0.0604
79055.0,0.1108
79060.0,0.1108
79065.0,-0.0906
79070.0,-0.0201
79075.0,0.0302
79080.0,0.1007
79085.0,-0.1007
79090.0,0.1612
79095.0,-0.1410
79100.0,0.0403
79105.0,0.0504
79110.0,-0.0504
79115.0,0.0604
79120.0,-0.2417
79125.0,-0.2619
79130.0,-0.3022
79135.0,-0.1813
79140.0,0.0806
79145.0,-0.0403
79150.0,0.1108
79155.0,-0.1511
79160.0,0.1007
79165.0,0.0201
79170.0,0.0504
79175.0,0.1209
79180.0,-0.1309
79185.0,-0.1813
79190.0,0.0806
79195.0,-0.0705
79200.0,0.1410
79205.0,0.0201
79210.0,0.0000
79215.0,-0.2115
79220.0,0.0604
79225.0,0.0403
79230.0,0.0504
79235.0,0.1209
79240.0,-0.0705
79245.0,-0.1813
79250.0,0.0604
79255.0,-0.4230
79260.0,-0.2921
79265.0,-0.8259
79270.0,-0.5741
79275.0,-0.5842
79280.0,-0.7151
79285.0,-1.0173
79290.0,-0.6446
79295.0,-0.6547
79300.0,-0.2518
79305.0,-0.0201
79310.0,-0.0403
79315.0,-0.1914
79320.0,0.1007
79325.0,-0.0101
79330.0,0.2921
79335.0,-0.1108
79340.0,0.0302
79345.0,0.1511
79350.0,0.0504
79355.0,0.0906
79360.0,0.1007
79365.0,0.1410
79370.0,0.1410
79375.0,0.0101
79380.0,0.0302
79385.0,-0.1410
79390.0,0.1209
79395.0,0.0101
79400.0,0.1511
79405.0,0.0403
79410.0,-0.0504
79415.0,-0.0504
79420.0,-0.2619
79425.0,-0.0302
79430.0,-0.3626
79435.0,-0.1813
79440.0,0.0504
79445.0,0.0201
79450.0,0.1007
79455.0,-0.0504
79460.0,0.2417
79465.0,0.0504
79470.0,0.0201
79475.0,-0.0504
79480.0,0.1209
79485.0,0.1007
79490.0,0.0806
79495.0,0.1410
79500.0,-0.0604
79505.0,-0.1410
79510.0,0.2417
79515.0,-0.0504
79520.0,0.2619
79525.0,-0.1410
79530.0,-0.1309
79535.0,0.0201
79540.0,0.0906
79545.0,-0.0403
79550.0,-0.0806
79555.0,-0.6245
79560.0,-0.6245
79565.0,-0.8662
79570.0,-0.4633
79575.0,-0.6748
79580.0,-0.7755
79585.0,-1.0978
79590.0,-0.7151
79595.0,-0.3727
79600.0,-0.2518
79605.0,-0.1108
79610.0,-0.0705
79615.0,-0.0906
79620.0,0.0705
79625.0,0.0504
79630.0,0.1309
79635.0,0.0504
79640.0,0.1108
79645.0,0.0806
79650.0,0.1309
79655.0,0.1209
79660.0,0.0101
79665.0,0.0201
79670.0,0.0806
79675.0,0.0504
79680.0,0.0806
79685.0,-0.1007
79690.0,-0.0101
79695.0,0.1007
79700.0,0.1612
79705.0,-0.1813
79710.0,0.0705
79715.0,-0.1007
79720.0,-0.1511
79725.0,-0.1007
79730.0,-0.2518
79735.0,0.0302
79740.0,0.0403
79745.0,0.0504
79750.0,0.1108
79755.0,-0.0604
79760.0,0.1410
79765.0,0.0302
79770.0,0.0604
79775.0,-0.0705
79780.0,-0.0403
79785.0,-0.1007
79790.0,0.0504
79795.0,0.1309
79800.0,0.0101
79805.0,0.0705
79810.0,0.1209
79815.0,-0.0403
79820.0,0.1410
79825.0,-0.0806
79830.0,0.1309
79835.0,-0.1612
79840.0,-0.2417
79845.0,-0.2719
79850.0,-0.1309
79855.0,-0.6547
79860.0,-0.4734
79865.0,-0.6144
79870.0,-0.6446
79875.0,-0.8058
79880.0,-0.6950
79885.0,-0.8863
79890.0,-0.3525
79895.0,-0.4835
79900.0,-0.1712
79905.0,-0.3022
79910.0,-0.0101
79915.0,0.0806
79920.0,0.0604
79925.0,0.0705
79930.0,0.2216
79935.0,0.1511
79940.0,0.1712
79945.0,0.1209
79950.0,0.1511
79955.0,0.0302
79960.0,0.0906
79965.0,-0.0302
79970.0,0.0101
79975.0,-0.1108
79980.0,-0.0302
79985.0,0.2115
79990.0,0.0504
79995.0,0.0906
80000.0,0.1209
80005.0,-0.0403
80010.0,0.0403
80015.0,-0.3827
80020.0,0.0604
80025.0,-0.3223
80030.0,-0.2014
80035.0,0.0906
80040.0,0.0504
80045.0,0.1511
80050.0,0.1007
80055.0,-0.0302
80060.0,0.1410
80065.0,-0.0504
80070.0,0.1209
80075.0,-0.3223
80080.0,0.1813
80085.0,0.0201
80090.0,0.0302
80095.0,0.0705
80100.0,-0.0101
80105.0,0.1511
80110.0,0.0604
80115.0,0.1007
80120.0,0.0504
80125.0,-0.1007
80130.0,0.1712
80135.0,-0.0504
80140.0,0.0101
80145.0,-0.0604
80150.0,-0.3928
80155.0,-0.8058
80160.0,-0.4432
80165.0,-0.5237
80170.0,-0.4432
80175.0,-1.0777
80180.0,-0.8058
80185.0,-0.7655
80190.0,-0.3424
80195.0,-0.3827
80200.0,-0.0101
80205.0,-0.3525
80210.0,0.0705
80215.0,-0.0403
80220.0,0.0302
80225.0,0.0806
80230.0,0.0101
80235.0,0.1007
80240.0,0.0906
80245.0,0.1712
80250.0,0.0906
80255.0,0.1712
80260.0,0.2417
80265.0,-0.1712
80270.0,0.1813
80275.0,0.0000
80280.0,0.0604
80285.0,0.1209
80290.0,0.0201
80295.0,0.1612
80300.0,0.0806
80305.0,0.1007
80310.0,-0.1410
80315.0,-0.1209
80320.0,0.0604
80325.0,-0.2619
80330.0,0.1712
80335.0,-0.0705
80340.0,-0.0101
80345.0,0.1209
80350.0,0.1511
80355.0,0.0504
80360.0,0.0302
80365.0,0.0201
80370.0,0.0403
80375.0,0.0302
80380.0,0.1410
80385.0,-0.0101
80390.0,0.1914
80395.0,0.0101
80400.0,0.2014
80405.0,0.0504
80410.0,0.0101
80415.0,0.1309
80420.0,0.1712
80425.0,-0.0604
80430.0,0.0302
80435.0,0.0302
80440.0,0.0302
80445.0,-0.1612
80450.0,-0.4532
80455.0,-0.7050
80460.0,-0.4532
80465.0,-0.4935
80470.0,-0.5137
80475.0,-0.9871
80480.0,-0.7957
80485.0,-0.5439
80490.0,-0.1914
80495.0,-0.1410
80500.0,-0.1511
80505.0,-0.2719
80510.0,0.2115
80515.0,-0.1209
80520.0,0.1612
80525.0,-0.0201
80530.0,-0.1108
80535.0,0.0403
80540.0,0.0302
80545.0,0.1007
80550.0,-0.0302
80555.0,-0.1813
80560.0,-0.0302
80565.0,-0.1209
80570.0,0.0604
80575.0,-0.2216
80580.0,0.0000
80585.0,-0.0504
80590.0,0.0604
80595.0,-0.0101
80600.0,0.0000
80605.0,0.0000
80610.0,-0.4029
80615.0,-0.1209
80620.0,-0.1813
80625.0,-0.3223
80630.0,0.2115
80635.0,-0.3827
80640.0,0.2014
80645.0,0.0604
80650.0,0.0604
80655.0,0.1309
80660.0,-0.0806
80665.0,0.0604
80670.0,-0.1813
80675.0,-0.0806
80680.0,0.1007
80685.0,-0.1410
80690.0,0.2719
80695.0,-0.0705
80700.0,0.2216
80705.0,0.0101
80710.0,0.1309
80715.0,0.0906
80720.0,0.0000
80725.0,0.1410
80730.0,0.0000
80735.0,-0.1309
80740.0,0.0000
80745.0,-0.5137
80750.0,-0.3928
80755.0,-0.6849
80760.0,-0.4633
80765.0,-0.5439
80770.0,-0.8964
80775.0,-1.1381
80780.0,-0.5036
80785.0,-0.7252
80790.0,-0.3324
80795.0,-0.0201
80800.0,-0.1813
80805.0,-0.2115
80810.0,-0.0101
80815.0,-0.0302
80820.0,0.1511
80825.0,0.1007
80830.0,0.0504
80835.0,0.0201
80840.0,0.1007
80845.0,-0.0101
80850.0,0.0403
80855.0,0.1511
80860.0,-0.0806
80865.0,-0.1007
80870.0,0.0403
80875.0,0.0201
80880.0,0.2014
80885.0,-0.2115
80890.0,0.0604
80895.0,0.0101
80900.0,-0.0403
80905.0,-0.1108
80910.0,-0.4331
80915.0,-0.1410
80920.0,-0.2921
80925.0,-0.1914
80930.0,-0.0101
80935.0,0.0000
80940.0,0.1108
80945.0,-0.0906
80950.0,0.1309
80955.0,0.1612
80960.0,-0.0604
80965.0,-0.0705
80970.0,0.1511
80975.0,0.0806
80980.0,0.0403
80985.0,0.1209
80990.0,-0.0302
80995.0,-0.1108
81000.0,0.1612
81005.0,-0.0403
81010.0,0.1108
81015.0,0.1309
81020.0,0.0302
81025.0,0.0403
81030.0,-0.0504
81035.0,0.0403
81040.0,-0.0806
81045.0,-0.5137
81050.0,-0.5540
81055.0,-0.7252
81060.0,-0.4532
81065.0,-0.6648
81070.0,-0.6950
81075.0,-1.0978
81080.0,-0.5942
81085.0,-0.3928
81090.0,-0.2014
81095.0,-0.0504
81100.0,-0.0806
81105.0,-0.0504
81110.0,0.1612
81115.0,-0.0403
81120.0,0.0705
81125.0,0.1309
81130.0,0.1209
81135.0,-0.0403
81140.0,0.1813
81145.0,0.1612
81150.0,-0.0302
81155.0,-0.1712
81160.0,-0.1410
81165.0,0.0906
81170.0,0.0504
81175.0,0.0906
81180.0,0.1108
81185.0,-0.1410
81190.0,0.0403
81195.0,-0.2317
81200.0,-0.0302
81205.0,-0.4029
81210.0,-0.2317
81215.0,-0.2921
81220.0,-0.3928
81225.0,0.1108
81230.0,0.0604
81235.0,0.1108
81240.0,0.1309
81245.0,-0.2216
81250.0,-0.1007
81255.0,-0.0705
81260.0,0.1309
81265.0,-0.1410
81270.0,0.0302
81275.0,-0.1209
81280.0,-0.0403
81285.0,-0.0705
81290.0,-0.0504
81295.0,0.0201
81300.0,-0.1309
81305.0,-0.3424
81310.0,-0.0403
81315.0,-0.2014
81320.0,0.1612
81325.0,0.0302
81330.0,0.0705
81335.0,-0.1108
81340.0,-0.2518
81345.0,-0.6849
81350.0,-0.7151
81355.0,-0.7957
81360.0,-0.7252
81365.0,-1.0374
81370.0,-0.8058
81375.0,-0.9367
81380.0,-0.5338
81385.0,-0.4432
81390.0,-0.1914
81395.0,-0.4532
81400.0,-0.1813
81405.0,-0.1612
81410.0,-0.0806
81415.0,0.1209
81420.0,-0.0806
81425.0,-0.1712
81430.0,0.1209
81435.0,-0.1410
81440.0,0.0403
81445.0,-0.1511
81450.0,0.0705
81455.0,-0.2317
81460.0,-0.1309
81465.0,-0.2115
81470.0,-0.0604
81475.0,0.0806
81480.0,-0.1007
81485.0,-0.1612
81490.0,0.0604
81495.0,-0.1914
81500.0,-0.1108
81505.0,-0.4935
81510.0,-0.1813
81515.0,-0.3827
81520.0,-0.1813
81525.0,-0.1612
81530.0,-0.0201
81535.0,0.1007
81540.0,-0.1309
81545.0,0.0000
81550.0,0.0000
81555.0,-0.2216
81560.0,0.1007
81565.0,-0.4633
81570.0,0.0302
81575.0,-0.1309
81580.0,-0.0604
81585.0,-0.0806
81590.0,-0.0906
81595.0,-0.0906
81600.0,-0.0705
81605.0,-0.1209
81610.0,-0.0403
81615.0,-0.2317
81620.0,-0.0504
81625.0,-0.1108
81630.0,-0.0906
81635.0,-0.3424
81640.0,-0.4331
81645.0,-0.8763
81650.0,-0.6547
81655.0,-0.6648
81660.0,-0.6547
81665.0,-1.1281
81670.0,-0.8863
81675.0,-1.0475
81680.0,-0.3928
81685.0,-0.5036
81690.0,-0.1209
81695.0,-0.3324
81700.0,0.0201
81705.0,-0.3122
81710.0,-0.0201
81715.0,0.0201
81720.0,-0.0403
81725.0,0.0604
81730.0,0.0201
81735.0,-0.2014
81740.0,-0.0504
81745.0,-0.1108
81750.0,0.0906
81755.0,-0.1813
81760.0,0.0101
81765.0,-0.2317
81770.0,-0.0302
81775.0,-0.0806
81780.0,-0.0302
81785.0,0.1309
81790.0,-0.0201
81795.0,-0.2115
81800.0,-0.1511
81805.0,-0.3424
81810.0,-0.1410
81815.0,-0.4331
81820.0,-0.1007
81825.0,-0.2014
81830.0,-0.0604
81835.0,0.0302
81840.0,0.0403
81845.0,0.1410
81850.0,-0.1108
81855.0,-0.2719
81860.0,0.0101
81865.0,-0.1813
81870.0,0.1108
81875.0,-0.0806
81880.0,-0.0201
81885.0,-0.0101
81890.0,-0.0302
81895.0,-0.0101
81900.0,0.1511
81905.0,-0.0101
81910.0,-0.1612
81915.0,-0.1007
81920.0,-0.0604
81925.0,-0.2317
81930.0,0.0403
81935.0,-0.4331
81940.0,-0.5540
81945.0,-0.8259
81950.0,-0.6245
81955.0,-0.6245
81960.0,-0.7957
81965.0,-1.1482
81970.0,-0.8360
81975.0,-0.7755
81980.0,-0.2921
81985.0,-0.1712
81990.0,-0.2719
81995.0,-0.3827
82000.0,0.0906
82005.0,-0.2820
82010.0,0.0403
82015.0,0.0201
82020.0,-0.0302
82025.0,-0.0806
82030.0,-0.1309
82035.0,0.0504
82040.0,0.1511
82045.0,-0.1309
82050.0,-0.1712
82055.0,-0.2619
82060.0,-0.0302
82065.0,-0.2921
82070.0,0.0705
82075.0,0.1410
82080.0,0.0705
82085.0,0.1612
82090.0,-0.1712
82095.0,-0.0705
82100.0,-0.2115
82105.0,-0.1511
82110.0,-0.4835
82115.0,-0.4734
82120.0,0.1108
82125.0,-0.1813
82130.0,0.1108
82135.0,0.1108
82140.0,-0.1309
82145.0,0.0403
82150.0,-0.0101
82155.0,0.0201
82160.0,-0.0906
82165.0,-0.0201
82170.0,-0.0906
82175.0,-0.2216
82180.0,0.0604
82185.0,-0.2417
82190.0,0.0604
82195.0,0.0906
82200.0,-0.1007
82205.0,-0.0302
82210.0,0.0000
82215.0,-0.0504
82220.0,-0.0302
82225.0,-0.2518
82230.0,-0.2719
82235.0,-0.5640
82240.0,-0.4331
82245.0,-0.7755
82250.0,-0.5237
82255.0,-0.8662
82260.0,-0.9871
82265.0,-1.0273
82270.0,-0.6345
82275.0,-0.7655
82280.0,-0.3022
82285.0,-0.2719
82290.0,-0.2417
82295.0,-0.2417
82300.0,-0.1108
82305.0,-0.1612
82310.0,0.2216
82315.0,-0.2719
82320.0,-0.0201
82325.0,-0.1410
82330.0,-0.0906
82335.0,-0.0504
82340.0,-0.0604
82345.0,-0.1007
82350.0,0.0504
82355.0,-0.2014
82360.0,-0.1209
82365.0,-0.0302
82370.0,0.0201
82375.0,-0.1914
82380.0,0.0604
82385.0,-0.1108
82390.0,-0.0604
82395.0,-0.1914
82400.0,-0.5439
82405.0,-0.2619
82410.0,-0.4230
82415.0,-0.3324
82420.0,-0.1209
82425.0,-0.1309
82430.0,-0.0201
82435.0,-0.2719
82440.0,0.1309
82445.0,-0.1007
82450.0,-0.0604
82455.0,0.0302
82460.0,-0.1410
82465.0,0.0604
82470.0,-0.0705
82475.0,-0.0101
82480.0,0.0906
82485.0,-0.2317
82490.0,-0.0201
82495.0,-0.2014
82500.0,0.0201
82505.0,-0.1612
82510.0,0.1612
82515.0,-0.2115
82520.0,-0.0302
82525.0,-0.2216
82530.0,-0.2014
82535.0,-0.6345
82540.0,-0.6748
82545.0,-0.9669
82550.0,-0.5640
82555.0,-0.8863
82560.0,-0.9065
82565.0,-1.0978
82570.0,-0.7453
82575.0,-0.6748
82580.0,-0.3424
82585.0,-0.3022
82590.0,-0.1511
82595.0,-0.0906
82600.0,-0.1108
82605.0,-0.0403
82610.0,-0.0705
82615.0,-0.1712
82620.0,0.0504
82625.0,-0.0806
82630.0,-0.0201
82635.0,-0.2115
82640.0,-0.1108
82645.0,-0.0705
82650.0,-0.1511
82655.0,-0.1309
82660.0,-0.0705
82665.0,-0.0201
82670.0,-0.0302
82675.0,0.0000
82680.0,0.0201
82685.0,-0.2619
82690.0,-0.0504
82695.0,-0.4532
82700.0,-0.3424
82705.0,-0.3626
82710.0,-0.2115
82715.0,-0.1712
82720.0,-0.1813
82725.0,-0.0604
82730.0,-0.0604
82735.0,-0.0604
82740.0,0.0302
82745.0,-0.3022
82750.0,-0.0403
82755.0,-0.3122
82760.0,-0.1007
82765.0,0.0806
82770.0,-0.0403
82775.0,-0.0604
82780.0,-0.0604
82785.0,-0.1410
82790.0,-0.0101
82795.0,-0.0705
82800.0,0.0806
82805.0,-0.2619
82810.0,0.1209
82815.0,-0.2115
82820.0,-0.1914
82825.0,-0.1309
82830.0,-0.4331
82835.0,-0.8360
82840.0,-0.6245
82845.0,-0.7554
82850.0,-0.6446
82855.0,-1.1583
82860.0,-0.9568
82865.0,-0.9468
82870.0,-0.6144
82875.0,-0.5741
82880.0,0.0201
82885.0,-0.3928
82890.0,-0.1108
82895.0,-0.1209
82900.0,-0.1410
82905.0,0.0403
82910.0,-0.0101
82915.0,-0.1914
82920.0,0.0000
82925.0,-0.1612
82930.0,0.0101
82935.0,-0.2014
82940.0,0.0403
82945.0,-0.2216
82950.0,-0.2216
82955.0,-0.3022
82960.0,-0.1511
82965.0,-0.0101
82970.0,0.0000
82975.0,-0.1712
82980.0,0.0403
82985.0,-0.0504
82990.0,-0.0705
82995.0,-0.3928
83000.0,-0.2115
83005.0,-0.4029
83010.0,-0.2921
83015.0,-0.1612
83020.0,0.0705
83025.0,-0.1309
83030.0,-0.1108
83035.0,0.0806
83040.0,0.0101
83045.0,-0.0403
83050.0,-0.0302
83055.0,-0.3022
83060.0,0.0101
83065.0,-0.1712
83070.0,0.0201
83075.0,-0.0806
83080.0,-0.0504
83085.0,-0.0906
83090.0,-0.0504
83095.0,-0.0504
83100.0,-0.0705
83105.0,-0.2820
83110.0,0.1309
83115.0,-0.2518
83120.0,-0.0302
83125.0,-0.1108
83130.0,-0.4532
83135.0,-0.7554
83140.0,-0.6144
83145.0,-0.7050
83150.0,-0.7050
83155.0,-1.1583
83160.0,-0.7957
83165.0,-0.9871
83170.0,-0.5942
83175.0,-0.6043
83180.0,-0.1712
83185.0,-0.4532
83190.0,-0.0806
83195.0,-0.2921
83200.0,-0.1209
83205.0,0.0504
83210.0,-0.1108
83215.0,-0.0604
83220.0,-0.0101
83225.0,0.0504
83230.0,0.0604
83235.0,-0.1813
83240.0,-0.0101
83245.0,-0.2216
83250.0,0.0604
83255.0,-0.3022
83260.0,0.0101
83265.0,-0.0403
83270.0,-0.0504
83275.0,0.0504
83280.0,-0.1209
83285.0,-0.2115
83290.0,-0.2216
83295.0,-0.3324
83300.0,-0.0806
83305.0,-0.3928
83310.0,-0.1410
83315.0,-0.2014
83320.0,-0.0302
83325.0,-0.0604
83330.0,-0.0604
83335.0,-0.0403
83340.0,-0.0201
83345.0,-0.2014
83350.0,-0.0504
83355.0,-0.2417
83360.0,0.0201
83365.0,-0.1108
83370.0,0.0403
83375.0,-0.2719
83380.0,-0.1209
83385.0,-0.0302
83390.0,-0.0604
83395.0,-0.0604
83400.0,-0.1007
83405.0,-0.2115
83410.0,-0.0101
83415.0,-0.3223
83420.0,-0.1813
83425.0,-0.3324
83430.0,-0.6547
83435.0,-0.8964
83440.0,-0.6446
83445.0,-0.7353
83450.0,-0.7856
83455.0,-1.1986
83460.0,-0.9165
83465.0,-0.6849
83470.0,-0.3727
83475.0,-0.4432
83480.0,-0.0906
83485.0,-0.2921
83490.0,-0.0201
83495.0,-0.2518
83500.0,-0.0201
83505.0,-0.1813
83510.0,0.0403
83515.0,-0.1108
83520.0,-0.0906
83525.0,0.0604
83530.0,-0.1108
83535.0,-0.2518
83540.0,-0.1209
83545.0,-0.3525
83550.0,-0.1007
83555.0,-0.2619
83560.0,0.1108
83565.0,-0.0906
83570.0,-0.0403
83575.0,-0.1108
83580.0,-0.1612
83585.0,0.0302
83590.0,-0.3424
83595.0,-0.2417
83600.0,-0.3223
83605.0,-0.5640
83610.0,-0.0604
83615.0,-0.3324
83620.0,-0.0403
83625.0,-0.1108
83630.0,-0.0806
83635.0,-0.1209
83640.0,0.0000
83645.0,-0.0604
83650.0,-0.2014
83655.0,-0.0705
83660.0,-0.0101
83665.0,-0.2820
83670.0,0.1410
83675.0,-0.2014
83680.0,0.0403
83685.0,-0.0504
83690.0,-0.0101
83695.0,-0.1309
83700.0,0.0101
83705.0,-0.0201
83710.0,-0.1007
83715.0,-0.2417
83720.0,-0.1712
83725.0,-0.6950
83730.0,-0.6446
83735.0,-0.7151
83740.0,-0.6345
83745.0,-0.6648
83750.0,-1.0173
83755.0,-1.1683
83760.0,-0.7353
83765.0,-0.8360
83770.0,-0.4432
83775.0,-0.2216
83780.0,-0.2719
83785.0,-0.1712
83790.0,-0.1511
83795.0,-0.2317
83800.0,0.0705
83805.0,-0.2014
83810.0,-0.0403
83815.0,-0.1108
83820.0,-0.0101
83825.0,-0.0806
83830.0,-0.0201
83835.0,0.0906
83840.0,-0.0604
83845.0,-0.1914
83850.0,-0.0504
83855.0,-0.1712
83860.0,0.0302
83865.0,-0.1612
83870.0,-0.0403
83875.0,-0.1410
83880.0,-0.0604
83885.0,-0.3122
83890.0,-0.5036
83895.0,-0.2518
83900.0,-0.4633
83905.0,-0.3727
83910.0,-0.1209
83915.0,-0.1410
83920.0,0.0201
83925.0,-0.1612
83930.0,0.0705
83935.0,-0.2115
83940.0,-0.1309
83945.0,-0.2115
83950.0,-0.1209
83955.0,-0.0201
83960.0,-0.0906
83965.0,-0.0705
83970.0,0.0705
83975.0,-0.1914
83980.0,0.1108
83985.0,-0.2417
83990.0,-0.0403
83995.0,-0.0906
84000.0,-0.0705
84005.0,-0.1712
84010.0,0.0504
84015.0,-0.2417
84020.0,-0.2518
84025.0,-0.6849
84030.0,-0.7050
84035.0,-0.8158
84040.0,-0.7353
84045.0,-0.8561
84050.0,-0.9468
84055.0,-1.1986
84060.0,-0.7151
84065.0,-0.6849
84070.0,-0.4633
84075.0,-0.2518
84080.0,-0.2115
84085.0,-0.1410
84090.0,0.0403
84095.0,-0.1309
84100.0,-0.1007
84105.0,-0.0201
84110.0,0.0101
84115.0,-0.2115
84120.0,0.0302
84125.0,-0.2115
84130.0,-0.0201
84135.0,-0.0403
84140.0,-0.2014
84145.0,-0.1007
84150.0,-0.0504
84155.0,-0.2417
84160.0,0.0101
84165.0,-0.0504
84170.0,0.0000
84175.0,-0.2014
84180.0,-0.0101
84185.0,-0.4532
84190.0,-0.2820
84195.0,-0.3827
84200.0,-0.4230
84205.0,-0.0302
84210.0,-0.2216
84215.0,-0.1410
84220.0,0.0000
84225.0,-0.2014
84230.0,0.0705
84235.0,-0.1914
84240.0,-0.1712
84245.0,-0.2216
84250.0,-0.0403
84255.0,-0.0906
84260.0,0.1813
84265.0,-0.0906
84270.0,-0.1007
84275.0,-0.1007
84280.0,-0.0806
84285.0,-0.1108
84290.0,0.0604
84295.0,-0.2820
84300.0,0.0302
84305.0,-0.2216
84310.0,-0.2115
84315.0,-0.2417
84320.0,-0.4532
84325.0,-0.8360
84330.0,-0.6446
84335.0,-0.7353
84340.0,-0.6245
84345.0,-1.1482
84350.0,-0.9770
84355.0,-0.9770
84360.0,-0.5842
84365.0,-0.5942
84370.0,0.0403
84375.0,-0.3525
84380.0,-0.0806
84385.0,-0.1410
84390.0,-0.0906
84395.0,0.0302
84400.0,-0.0403
84405.0,-0.1612
84410.0,0.0806
84415.0,-0.1209
84420.0,0.0201
84425.0,-0.0906
84430.0,0.0000
84435.0,-0.1813
84440.0,-0.1914
84445.0,-0.2619
84450.0,-0.0906
84455.0,0.1209
84460.0,-0.0906
84465.0,-0.0201
84470.0,-0.0403
84475.0,-0.1612
84480.0,0.0302
84485.0,-0.5942
84490.0,-0.2216
84495.0,-0.3727
84500.0,-0.2921
84505.0,-0.2216
84510.0,-0.0403
84515.0,-0.1108
84520.0,-0.0403
84525.0,-0.0906
84530.0,-0.0806
84535.0,-0.2115
84540.0,0.0403
84545.0,-0.4432
84550.0,-0.0201
84555.0,-0.0806
84560.0,-0.1309
84565.0,-0.1007
84570.0,-0.0705
84575.0,-0.0201
84580.0,-0.1209
84585.0,-0.0906
84590.0,0.1007
84595.0,-0.2014
84600.0,0.1511
84605.0,-0.2820
84610.0,-0.0906
84615.0,-0.2619
84620.0,-0.5237
84625.0,-0.9165
84630.0,-0.5540
84635.0,-0.7453
84640.0,-0.7151
84645.0,-1.2791
84650.0,-0.8964
84655.0,-0.9871
84660.0,-0.4734
84665.0,-0.5842
84670.0,-0.1108
84675.0,-0.3424
84680.0,-0.0504
84685.0,-0.2619
84690.0,0.0000
84695.0,-0.0504
84700.0,-0.0201
84705.0,0.0302
84710.0,-0.0604
84715.0,-0.0906
84720.0,-0.1108
84725.0,-0.2216
84730.0,0.0806
84735.0,-0.2719
84740.0,0.0201
84745.0,-0.0705
84750.0,-0.1209
84755.0,0.0403
84760.0,-0.0806
84765.0,-0.0504
84770.0,-0.0806
84775.0,-0.2518
84780.0,-0.3022
84785.0,-0.2619
84790.0,-0.1511
84795.0,-0.4432
84800.0,-0.1209
84805.0,-0.2115
84810.0,0.0302
84815.0,-0.0604
84820.0,-0.0604
84825.0,0.0101
84830.0,-0.0806
84835.0,-0.2719
84840.0,0.0201
84845.0,-0.2619
84850.0,0.0201
84855.0,-0.1712
84860.0,-0.0101
84865.0,-0.2216
84870.0,-0.0302
84875.0,0.0000
84880.0,-0.0302
84885.0,0.0504
84890.0,-0.0705
84895.0,-0.1813
84900.0,-0.0403
84905.0,-0.3324
84910.0,-0.1209
84915.0,-0.4029
84920.0,-0.6446
84925.0,-0.8561
84930.0,-0.6648
84935.0,-0.7252
84940.0,-0.7957
84945.0,-1.1281
84950.0,-0.8460
84955.0,-0.7856
84960.0,-0.2619
84965.0,-0.2619
84970.0,-0.0604
84975.0,-0.3223
84980.0,-0.0604
84985.0,-0.2317
84990.0,-0.0101
84995.0,-0.1410
85000.0,0.1007
85005.0,-0.1108
85010.0,-0.1511
85015.0,-0.0101
85020.0,-0.0403
85025.0,-0.1309
85030.0,0.0403
85035.0,-0.2619
85040.0,-0.0403
85045.0,-0.1410
85050.0,0.0000
85055.0,-0.1007
85060.0,0.0101
85065.0,-0.0906
85070.0,-0.1410
85075.0,0.0000
85080.0,-0.3827
85085.0,-0.2317
85090.0,-0.3727
85095.0,-0.4633
85100.0,-0.1309
85105.0,-0.1712
85110.0,-0.0201
85115.0,-0.1007
85120.0,0.0302
85125.0,-0.0302
85130.0,-0.0906
85135.0,0.0604
85140.0,-0.1712
85145.0,-0.1511
85150.0,-0.0101
85155.0,-0.2115
85160.0,-0.0302
85165.0,-0.2820
85170.0,0.0604
85175.0,-0.2417
85180.0,-0.1410
85185.0,-0.0504
85190.0,-0.0604
85195.0,-0.1108
85200.0,0.0201
85205.0,-0.2014
85210.0,-0.1914
85215.0,-0.6144
85220.0,-0.6144
85225.0,-0.8662
85230.0,-0.7050
85235.0,-0.8259
85240.0,-0.8662
85245.0,-1.2590
85250.0,-0.6950
85255.0,-0.7554
85260.0,-0.4230
85265.0,-0.2216
85270.0,-0.2014
85275.0,-0.2619
85280.0,-0.0302
85285.0,-0.1712
85290.0,0.0101
85295.0,-0.2619
85300.0,0.0806
85305.0,-0.1914
85310.0,0.0201
85315.0,-0.0604
85320.0,0.0403
85325.0,-0.0604
85330.0,0.0201
85335.0,-0.1309
85340.0,-0.1612
85345.0,-0.0101
85350.0,0.0000
85355.0,-0.2115
85360.0,0.0604
85365.0,-0.1410
85370.0,-0.1612
85375.0,-0.1108
85380.0,-0.5540
85385.0,-0.3223
85390.0,-0.4130
85395.0,-0.3626
85400.0,-0.1410
85405.0,-0.0906
85410.0,0.0101
85415.0,-0.1612
85420.0,0.1209
85425.0,-0.1612
85430.0,-0.0906
85435.0,-0.1712
85440.0,-0.1511
85445.0,0.0504
85450.0,-0.0403
85455.0,-0.0806
85460.0,0.0705
85465.0,-0.2518
85470.0,0.0806
85475.0,-0.2115
85480.0,0.0101
85485.0,-0.0806
85490.0,-0.1612
85495.0,-0.1209
85500.0,-0.0806
85505.0,-0.2115
85510.0,-0.1813
85515.0,-0.7554
85520.0,-0.7453
85525.0,-0.8360
85530.0,-0.6748
85535.0,-0.8863
85540.0,-0.8561
85545.0,-1.2288
85550.0,-0.7856
85555.0,-0.5036
85560.0,-0.3626
85565.0,-0.3223
85570.0,-0.0403
85575.0,-0.1410
85580.0,-0.0705
85585.0,0.0000
85590.0,-0.0705
85595.0,-0.0705
85600.0,0.0806
85605.0,-0.2417
85610.0,0.0705
85615.0,-0.1712
85620.0,-0.0906
85625.0,-0.0403
85630.0,-0.2115
85635.0,-0.2115
85640.0,-0.0101
85645.0,-0.1712
85650.0,-0.0806
85655.0,-0.0302
85660.0,0.0000
85665.0,-0.2719
85670.0,0.0504
85675.0,-0.4633
85680.0,-0.2921
85685.0,-0.3022
85690.0,-0.4432
85695.0,-0.1612
85700.0,0.0000
85705.0,-0.1410
85710.0,-0.0604
85715.0,0.0403
85720.0,0.0000
85725.0,-0.2518
85730.0,-0.0101
85735.0,-0.2921
85740.0,-0.1410
85745.0,-0.0604
85750.0,-0.0604
85755.0,-0.0302
85760.0,-0.0906
85765.0,-0.1309
85770.0,-0.0504
85775.0,0.0000
85780.0,0.0201
85785.0,-0.2417
85790.0,0.0906
85795.0,-0.2619
85800.0,-0.1309
85805.0,-0.3022
85810.0,-0.4432
85815.0,-0.7957
85820.0,-0.6648
85825.0,-0.7252
85830.0,-0.7050
85835.0,-1.1482
85840.0,-0.8863
85845.0,-1.0576
85850.0,-0.6043
85855.0,-0.4331
85860.0,-0.1813
85865.0,-0.2719
85870.0,-0.1108
85875.0,-0.1612
85880.0,-0.0504
85885.0,-0.0403
85890.0,-0.0906
85895.0,0.0705
85900.0,-0.0504
85905.0,-0.1309
85910.0,0.1410
85915.0,-0.2518
85920.0,-0.0302
85925.0,-0.1007
85930.0,-0.2115
85935.0,-0.2820
85940.0,-0.0806
85945.0,-0.0302
85950.0,-0.0604
85955.0,0.0101
85960.0,-0.0201
85965.0,-0.1712
85970.0,-0.0101
85975.0,-0.6245
85980.0,-0.0302
85985.0,-0.4432
85990.0,-0.2921
85995.0,-0.0806
86000.0,-0.1108
86005.0,-0.0604
86010.0,0.1108
86015.0,-0.0403
86020.0,-0.0302
86025.0,-0.1108
86030.0,-0.0504
86035.0,-0.4331
86040.0,0.0101
86045.0,-0.1813
86050.0,-0.0705
86055.0,-0.1007
86060.0,-0.1108
86065.0,0.0806
86070.0,-0.0705
86075.0,-0.1712
86080.0,-0.0302
86085.0,-0.2518
86090.0,0.1410
86095.0,-0.2115
86100.0,-0.0705
86105.0,-0.1612
86110.0,-0.5036
86115.0,-0.9468
86120.0,-0.5942
86125.0,-0.7554
86130.0,-0.7453
86135.0,-1.1885
86140.0,-0.9065
86145.0,-1.0475
86150.0,-0.4935
86155.0,-0.5540
86160.0,-0.1007
86165.0,-0.2518
86170.0,-0.0705
86175.0,-0.2317
86180.0,0.0201
86185.0,-0.0705
86190.0,-0.0906
86195.0,0.0504
86200.0,-0.0403
86205.0,-0.1410
86210.0,0.0302
86215.0,-0.1612
86220.0,0.0101
86225.0,-0.1410
86230.0,-0.0302
86235.0,-0.2518
86240.0,0.0504
86245.0,-0.0504
86250.0,-0.1209
86255.0,0.0906
86260.0,-0.0906
86265.0,-0.1309
86270.0,-0.2921
86275.0,-0.3525
86280.0,-0.0302
86285.0,-0.5741
86290.0,-0.0504
86295.0,-0.1209
86300.0,-0.0604
86305.0,-0.0806
86310.0,-0.0806
86315.0,0.1410
86320.0,-0.0806
86325.0,-0.1511
86330.0,0.0000
86335.0,-0.3022
86340.0,0.0201
86345.0,-0.2719
86350.0,-0.0201
86355.0,-0.1712
86360.0,-0.0906
86365.0,-0.1108
86370.0,0.0705
86375.0,-0.0504
86380.0,-0.0604
86385.0,-0.0705
86390.0,-0.0806
86395.0,-0.3424
86400.0,-0.0403
86405.0,-0.4130
86410.0,-0.6547
86415.0,-0.8863
86420.0,-0.6849
86425.0,-0.7453
86430.0,-0.7554
86435.0,-0.9971
86440.0,-0.8561
86445.0,-0.7856
86450.0,-0.4029
86455.0,-0.4935
86460.0,-0.1511
86465.0,-0.2719
86470.0,-0.0101
86475.0,-0.1914
86480.0,-0.0101
86485.0,0.0201
86490.0,-0.0705
86495.0,0.0201
86500.0,-0.0604
86505.0,-0.0806
86510.0,0.0302
86515.0,-0.1309
86520.0,-0.1007
86525.0,-0.1914
86530.0,-0.0705
86535.0,-0.2417
86540.0,0.0806
86545.0,-0.1209
86550.0,0.0403
86555.0,-0.0201
86560.0,-0.1612
86565.0,0.0504
86570.0,-0.2518
86575.0,-0.2619
86580.0,-0.3626
86585.0,-0.4734
86590.0,-0.1209
86595.0,-0.0806
86600.0,0.0000
86605.0,-0.1410
86610.0,0.1209
86615.0,-0.1209
86620.0,-0.0201
86625.0,-0.0201
86630.0,-0.2317
86635.0,-0.0806
86640.0,-0.0201
86645.0,-0.3122
86650.0,0.1511
86655.0,-0.2417
86660.0,0.0000
86665.0,0.0504
86670.0,-0.1410
86675.0,-0.0604
86680.0,-0.0403
86685.0,-0.0806
86690.0,-0.0705
86695.0,-0.2619
86700.0,-0.2518
86705.0,-0.5137
86710.0,-0.6043
86715.0,-0.9468
86720.0,-0.7151
86725.0,-0.8460
86730.0,-1.0576
86735.0,-1.1583
86740.0,-0.6849
86745.0,-0.8058
86750.0,-0.2115
86755.0,-0.2820
86760.0,-0.0806
86765.0,-0.1007
86770.0,-0.1410
86775.0,-0.0806
86780.0,0.0302
86785.0,-0.2820
86790.0,0.1309
86795.0,-0.1108
86800.0,-0.1410
86805.0,-0.0101
86810.0,-0.0302
86815.0,-0.0806
86820.0,-0.0403
86825.0,-0.1309
86830.0,-0.1612
86835.0,-0.1914
86840.0,0.0504
86845.0,-0.2014
86850.0,-0.0302
86855.0,-0.0201
86860.0,-0.0906
86865.0,-0.2417
86870.0,-0.4331
86875.0,-0.2619
86880.0,-0.5338
86885.0,-0.1914
86890.0,-0.1209
86895.0,-0.2014
86900.0,0.1209
86905.0,-0.2115
86910.0,-0.0302
86915.0,-0.0604
86920.0,-0.1209
86925.0,-0.2317
86930.0,0.0302
86935.0,-0.1309
86940.0,0.0101
86945.0,-0.0806
86950.0,-0.0504
86955.0,-0.0604
86960.0,0.0201
86965.0,-0.1813
86970.0,0.1108
86975.0,-0.2216
86980.0,-0.0705
86985.0,-0.1209
86990.0,-0.0806
86995.0,-0.1410
87000.0,-0.2719
87005.0,-0.6547
87010.0,-0.7050
87015.0,-0.9669
87020.0,-0.5741
87025.0,-0.8964
87030.0,-0.9770
87035.0,-1.1281
87040.0,-0.7353
87045.0,-0.7353
87050.0,-0.3223
87055.0,-0.3223
87060.0,-0.2518
87065.0,0.0000
87070.0,-0.1007
87075.0,-0.1612
87080.0,-0.0101
87085.0,-0.1309
87090.0,0.1007
87095.0,-0.2518
87100.0,-0.0504
87105.0,-0.1007
87110.0,-0.0101
87115.0,-0.1108
87120.0,-0.1813
87125.0,-0.1309
87130.0,-0.1108
87135.0,0.0403
87140.0,-0.0504
87145.0,-0.0705
87150.0,0.0906
87155.0,-0.2518
87160.0,0.0604
87165.0,-0.4331
87170.0,-0.3424
87175.0,-0.3324
87180.0,-0.3727
87185.0,-0.1612
87190.0,-0.0906
87195.0,-0.1309
87200.0,-0.0201
87205.0,-0.0201
87210.0,0.0101
87215.0,-0.0906
87220.0,0.0403
87225.0,-0.3525
87230.0,-0.0806
87235.0,-0.0806
87240.0,-0.0705
87245.0,0.0000
87250.0,-0.0806
87255.0,-0.1410
87260.0,-0.0302
87265.0,-0.0906
87270.0,0.0302
87275.0,-0.1108
87280.0,0.0604
87285.0,-0.1309
87290.0,-0.1209
87295.0,-0.3223
87300.0,-0.3022
87305.0,-0.8360
87310.0,-0.6345
87315.0,-0.7353
87320.0,-0.7353
87325.0,-1.0072
87330.0,-0.9468
87335.0,-1.0576
87340.0,-0.4532
87345.0,-0.5540
87350.0,-0.2216
87355.0,-0.2820
87360.0,-0.1612
87365.0,-0.1612
87370.0,-0.0806
87375.0,0.0000
87380.0,-0.0806
87385.0,0.0101
87390.0,-0.0201
87395.0,-0.1410
87400.0,0.0504
87405.0,-0.2317
87410.0,-0.0101
87415.0,-0.0101
87420.0,-0.2216
87425.0,-0.2921
87430.0,-0.0906
87435.0,-0.0302
87440.0,-0.1007
87445.0,-0.0403
87450.0,-0.0806
87455.0,-0.2014
87460.0,-0.0201
87465.0,-0.5942
87470.0,-0.1813
87475.0,-0.3324
87480.0,-0.2921
87485.0,-0.2014
87490.0,-0.0705
87495.0,-0.0604
87500.0,-0.0201
87505.0,-0.1209
87510.0,-0.0504
87515.0,-0.1209
87520.0,-0.0302
87525.0,-0.4130
87530.0,0.1007
87535.0,-0.1511
87540.0,-0.0302
87545.0,0.0101
87550.0,-0.0906
87555.0,-0.0504
87560.0,-0.0302
87565.0,-0.1612
87570.0,-0.0604
87575.0,-0.1612
87580.0,0.0000
87585.0,-0.3122
87590.0,-0.0201
87595.0,-0.3223
87600.0,-0.4633
87605.0,-0.8561
87610.0,-0.4935
87615.0,-0.7856
87620.0,-0.7554
87625.0,-1.1079
87630.0,-0.9065
87635.0,-1.0374
87640.0,-0.4734
87645.0,-0.5237
87650.0,-0.1712
87655.0,-0.3525
87660.0,-0.0604
87665.0,-0.1612
87670.0,-0.1007
87675.0,-0.0705
87680.0,-0.0201
87685.0,0.0101
87690.0,-0.0906
87695.0,-0.1209
87700.0,-0.0906
87705.0,-0.2014
87710.0,0.0201
87715.0,-0.2216
87720.0,0.0000
87725.0,-0.0302
87730.0,-0.1511
87735.0,0.0604
87740.0,0.0302
87745.0,-0.0403
87750.0,0.0504
87755.0,-0.1914
87760.0,-0.3525
87765.0,-0.2317
87770.0,-0.1612
87775.0,-0.5439
87780.0,-0.0302
87785.0,-0.0302
87790.0,-0.1209
87795.0,-0.0302
87800.0,0.0403
87805.0,-0.0403
87810.0,-0.1108
87815.0,-0.0806
87820.0,-0.0806
87825.0,-0.3626
87830.0,0.1007
87835.0,-0.2317
87840.0,0.0403
87845.0,-0.0302
87850.0,-0.1410
87855.0,-0.0806
87860.0,-0.0201
87865.0,-0.0705
87870.0,0.0000
87875.0,-0.1410
87880.0,-0.0302
87885.0,-0.1914
87890.0,-0.1108
87895.0,-0.3324
87900.0,-0.6446
87905.0,-0.8662
87910.0,-0.6345
87915.0,-0.6849
87920.0,-0.6648
87925.0,-1.2086
87930.0,-0.7856
87935.0,-0.7856
87940.0,-0.4331
87945.0,-0.3324
87950.0,-0.2417
87955.0,-0.2719
87960.0,-0.0201
87965.0,-0.3022
87970.0,0.0000
87975.0,0.0101
87980.0,-0.0806
87985.0,-0.1209
87990.0,0.0000
87995.0,-0.0403
88000.0,-0.0705
88005.0,-0.1007
88010.0,-0.0705
88015.0,-0.2719
88020.0,-0.0201
88025.0,-0.3022
88030.0,0.0504
88035.0,0.0604
88040.0,-0.1007
88045.0,-0.0906
88050.0,-0.0604
88055.0,-0.0604
88060.0,-0.3022
88065.0,-0.0604
88070.0,-0.4935
88075.0,-0.4734
88080.0,-0.0403
88085.0,-0.3122
88090.0,-0.0403
88095.0,0.0504
88100.0,-0.0906
88105.0,-0.0302
88110.0,0.0604
88115.0,-0.0806
88120.0,-0.1410
88125.0,0.0403
88130.0,-0.0705
88135.0,-0.2014
88140.0,0.1007
88145.0,-0.2820
88150.0,0.0000
88155.0,-0.0604
88160.0,-0.0806
88165.0,-0.1511
88170.0,0.0906
88175.0,-0.1007
88180.0,-0.1209
88185.0,-0.1712
88190.0,-0.2417
88195.0,-0.6345
88200.0,-0.5237
88205.0,-0.9367
88210.0,-0.6950
88215.0,-0.7655
88220.0,-1.0273
88225.0,-1.2288
88230.0,-0.7453
88235.0,-0.8058
88240.0,-0.4230
88245.0,-0.0906
88250.0,-0.2317
88255.0,-0.2417
88260.0,-0.0302
88265.0,-0.1712
88270.0,0.0201
88275.0,-0.1209
88280.0,-0.0101
88285.0,-0.1612
88290.0,0.0000
88295.0,-0.0806
88300.0,-0.1007
88305.0,0.1309
88310.0,-0.0906
88315.0,-0.2317
88320.0,-0.0504
88325.0,-0.1612
88330.0,-0.0101
88335.0,-0.1007
88340.0,0.0000
88345.0,-0.1309
88350.0,-0.1007
88355.0,-0.3122
88360.0,-0.5036
88365.0,-0.1108
88370.0,-0.5137
88375.0,-0.4029
88380.0,0.0000
88385.0,-0.2115
88390.0,0.0403
88395.0,-0.0806
88400.0,-0.0403
88405.0,-0.0806
88410.0,-0.1007
88415.0,-0.2317
88420.0,0.1007
88425.0,-0.1007
88430.0,-0.0504
88435.0,-0.1007
88440.0,-0.0806
88445.0,-0.1511
88450.0,0.0504
88455.0,-0.2417
88460.0,0.0705
88465.0,-0.1511
88470.0,-0.1209
88475.0,-0.0906
88480.0,-0.1209
88485.0,-0.1209
88490.0,-0.2216
88495.0,-0.7453
88500.0,-0.5842
88505.0,-0.9367
88510.0,-0.7252
88515.0,-0.8763
88520.0,-0.9165
88525.0,-1.1683
88530.0,-0.6345
88535.0,-0.6648
88540.0,-0.4331
88545.0,-0.1511
88550.0,-0.2216
88555.0,-0.1309
88560.0,0.0705
88565.0,-0.1712
88570.0,-0.1108
88575.0,-0.1007
88580.0,0.0403
88585.0,-0.1914
88590.0,0.0806
88595.0,-0.1612
88600.0,-0.0705
88605.0,-0.0201
88610.0,-0.1813
88615.0,-0.0705
88620.0,-0.0302
88625.0,-0.1712
88630.0,0.0302
88635.0,-0.0504
88640.0,0.0604
88645.0,-0.1108
88650.0,-0.0101
88655.0,-0.4432
88660.0,-0.2115
88665.0,-0.3727
88670.0,-0.3827
88675.0,-0.0201
88680.0,-0.1712
88685.0,-0.0906
88690.0,-0.0201
88695.0,-0.2216
88700.0,0.1007
88705.0,-0.2014
88710.0,-0.1209
88715.0,-0.1813
88720.0,-0.1309
88725.0,-0.0504
88730.0,0.0101
88735.0,-0.0201
88740.0,-0.0403
88745.0,-0.1007
88750.0,0.0201
88755.0,-0.1209
88760.0,0.0201
88765.0,-0.1108
88770.0,0.0000
88775.0,-0.1712
88780.0,0.0201
88785.0,-0.3122
88790.0,-0.4532
88795.0,-0.6950
88800.0,-0.6345
88805.0,-0.7453
88810.0,-0.6345
88815.0,-1.0273
88820.0,-0.9568
88825.0,-0.7957
88830.0,-0.4230
88835.0,-0.3525
88840.0,-0.2216
88845.0,-0.3928
88850.0,-0.0504
88855.0,-0.1813
88860.0,-0.1209
88865.0,-0.0705
88870.0,-0.1007
88875.0,-0.0906
88880.0,-0.0201
88885.0,-0.1712
88890.0,0.0806
88895.0,-0.1914
88900.0,-0.0101
88905.0,-0.2216
88910.0,-0.0504
88915.0,-0.3122
88920.0,-0.1410
88925.0,0.0806
88930.0,-0.1007
88935.0,-0.0101
88940.0,-0.0201
88945.0,-0.2317
88950.0,0.0302
88955.0,-0.5842
88960.0,-0.2216
88965.0,-0.3122
88970.0,-0.2820
88975.0,-0.1813
88980.0,0.0101
88985.0,-0.0504
88990.0,0.0302
88995.0,-0.0302
89000.0,-0.0806
89005.0,-0.1914
89010.0,0.0302
89015.0,-0.4432
89020.0,0.0403
89025.0,-0.0705
89030.0,-0.0806
89035.0,-0.1108
89040.0,0.0302
89045.0,-0.0906
89050.0,-0.0101
89055.0,-0.0906
89060.0,-0.0705
89065.0,-0.2115
89070.0,0.0101
89075.0,-0.3525
89080.0,-0.0302
89085.0,-0.2619
89090.0,-0.4432
89095.0,-0.7957
89100.0,-0.7050
89105.0,-0.6245
89110.0,-0.6950
89115.0,-1.2086
89120.0,-0.8561
89125.0,-1.0072
89130.0,-0.5741
89135.0,-0.4532
89140.0,-0.1108
89145.0,-0.4029
89150.0,0.0806
89155.0,-0.2317
89160.0,-0.0906
89165.0,0.0906
89170.0,-0.0504
89175.0,-0.0403
89180.0,0.0302
89185.0,-0.1511
89190.0,-0.0302
89195.0,-0.1511
89200.0,-0.0101
89205.0,-0.2619
89210.0,0.0302
89215.0,-0.2518
89220.0,-0.0806
89225.0,0.0000
89230.0,-0.1209
89235.0,0.1007
89240.0,-0.0705
89245.0,-0.0806
89250.0,-0.2820
89255.0,-0.3223
89260.0,-0.0806
89265.0,-0.5439
89270.0,-0.1511
89275.0,-0.0504
89280.0,-0.0906
89285.0,-0.0705
89290.0,0.1209
89295.0,-0.0705
89300.0,-0.0504
89305.0,-0.2014
89310.0,-0.0806
89315.0,-0.2115
89320.0,0.0604
89325.0,-0.2820
89330.0,0.0604
89335.0,-0.1914
89340.0,-0.0906
89345.0,0.0504
89350.0,-0.0504
89355.0,-0.0705
89360.0,0.0000
89365.0,-0.1511
89370.0,-0.1007
89375.0,-0.1511
89380.0,-0.1410
89385.0,-0.4029
89390.0,-0.6245
89395.0,-0.9165
89400.0,-0.6245
89405.0,-0.7453
89410.0,-0.8460
89415.0,-1.0978
89420.0,-0.8561
89425.0,-0.7453
89430.0,-0.4130
89435.0,-0.4734
89440.0,-0.0906
89445.0,-0.2820
89450.0,-0.0201
89455.0,-0.2115
89460.0,-0.0604
89465.0,-0.0806
89470.0,-0.0504
89475.0,-0.0906
89480.0,0.0201
89485.0,-0.0504
89490.0,-0.1108
89495.0,0.0000
89500.0,-0.0906
89505.0,-0.2216
89510.0,0.0302
89515.0,-0.2921
89520.0,-0.0403
89525.0,-0.0504
89530.0,-0.1007
89535.0,-0.0906
89540.0,-0.0604
89545.0,-0.0705
89550.0,-0.3827
89555.0,-0.0302
89560.0,-0.3626
89565.0,-0.3122
89570.0,-0.0806
89575.0,-0.1914
89580.0,0.0906
89585.0,-0.0504
89590.0,-0.0302
89595.0,-0.0302
89600.0,-0.1209
89605.0,0.0302
89610.0,-0.2014
89615.0,-0.1007
89620.0,0.1108
89625.0,-0.2518
89630.0,0.0201
89635.0,-0.2115
89640.0,0.0101
89645.0,-0.1813
89650.0,0.0604
89655.0,-0.1410
89660.0,0.0403
89665.0,-0.0201
89670.0,-0.0705
89675.0,-0.0302
89680.0,-0.2417
89685.0,-0.6547
89690.0,-0.5338
89695.0,-0.9468
89700.0,-0.7151
89705.0,-0.7655
89710.0,-1.0273
89715.0,-1.1583
89720.0,-0.7151
89725.0,-0.8259
89730.0,-0.3324
89735.0,-0.2719
89740.0,-0.2518
89745.0,-0.1209
89750.0,-0.0604
89755.0,-0.1813
89760.0,0.0806
89765.0,-0.2115
89770.0,0.0201
89775.0,-0.0806
89780.0,-0.1309
89785.0,-0.0403
89790.0,0.0604
89795.0,-0.0806
89800.0,-0.1309
89805.0,-0.3022
89810.0,-0.2014
89815.0,-0.2014
89820.0,-0.0806
89825.0,-0.3424
89830.0,0.0604
89835.0,-0.0705
89840.0,-0.0604
89845.0,-0.1712
89850.0,-0.2820
89855.0,-0.3122
89860.0,-0.4835
89865.0,-0.4331
89870.0,-0.3324
89875.0,-0.2719
89880.0,0.2417
89885.0,-0.1612
89890.0,-0.0201
89895.0,-0.0604
89900.0,0.0604
89905.0,-0.1712
89910.0,0.0000
89915.0,0.0302
89920.0,0.0705
89925.0,0.1410
89930.0,-0.0403
89935.0,-0.2417
89940.0,0.0201
89945.0,-0.1108
89950.0,0.1410
89955.0,-0.0806
89960.0,-0.0906
89965.0,-0.2115
89970.0,0.1007
89975.0,0.0201
89980.0,-0.0604
89985.0,-0.4935
89990.0,-0.6748
89995.0,-0.9266
90000.0,-0.6345
90005.0,-0.9065
90010.0,-0.8662
90015.0,-1.0173
90020.0,-0.5842
90025.0,-0.6144
90030.0,-0.2719
90035.0,-0.1209
90040.0,-0.0705
90045.0,-0.2014
90050.0,-0.0604
90055.0,-0.0906
90060.0,-0.0403
90065.0,-0.0302
90070.0,0.1612
90075.0,-0.2518
90080.0,0.1108
90085.0,-0.1108
90090.0,0.1007
90095.0,-0.0504
90100.0,-0.2317
90105.0,0.0705
90110.0,-0.0403
90115.0,-0.0302
90120.0,0.0906
90125.0,-0.1712
90130.0,0.0101
90135.0,-0.1410
90140.0,0.0504
90145.0,-0.3223
90150.0,-0.2619
90155.0,-0.4029
90160.0,-0.2921
90165.0,0.0101
90170.0,-0.0906
90175.0,-0.1914
90180.0,-0.1007
90185.0,-0.2216
90190.0,0.1511
90195.0,-0.1309
90200.0,-0.0504
90205.0,-0.1511
90210.0,-0.1309
90215.0,-0.0504
90220.0,-0.0504
90225.0,0.0403
90230.0,-0.1108
90235.0,-0.1108
90240.0,0.0806
90245.0,-0.0504
90250.0,0.1209
90255.0,-0.2014
90260.0,0.0000
90265.0,-0.0302
90270.0,-0.1410
90275.0,-0.1410
90280.0,-0.3525
90285.0,-0.7353
90290.0,-0.5540
90295.0,-0.5439
90300.0,-0.7453
90305.0,-1.1281
90310.0,-0.9165
90315.0,-1.0576
90320.0,-0.5137
90325.0,-0.3525
90330.0,-0.1914
90335.0,-0.2820
90340.0,-0.0604
90345.0,-0.1309
90350.0,-0.0201
90355.0,-0.0302
90360.0,-0.0302
90365.0,0.0504
90370.0,0.0101
90375.0,-0.1914
90380.0,0.2014
90385.0,-0.2518
90390.0,0.0201
90395.0,-0.0906
90400.0,-0.1712
90405.0,-0.2317
90410.0,-0.1108
90415.0,-0.0806
90420.0,0.1007
90425.0,-0.0201
90430.0,-0.0806
90435.0,-0.0906
90440.0,-0.1209
90445.0,-0.6144
90450.0,-0.0705
90455.0,-0.4633
90460.0,-0.2518
90465.0,-0.1007
90470.0,-0.1108
90475.0,-0.0403
90480.0,0.0101
90485.0,-0.1209
90490.0,-0.0806
90495.0,-0.1410
90500.0,-0.0504
90505.0,-0.4029
90510.0,0.0000
90515.0,-0.1410
90520.0,-0.0403
90525.0,-0.1209
90530.0,-0.0403
90535.0,0.0906
90540.0,0.0201
90545.0,-0.0906
90550.0,-0.1007
90555.0,-0.0705
90560.0,0.0403
90565.0,-0.2216
90570.0,0.0705
90575.0,-0.3626
90580.0,-0.5137
90585.0,-0.7655
90590.0,-0.6245
90595.0,-0.6446
90600.0,-0.7453
90605.0,-1.2691
90610.0,-0.8158
90615.0,-1.0072
90620.0,-0.5036
90625.0,-0.5237
90630.0,-0.1511
90635.0,-0.2820
90640.0,-0.0302
90645.0,-0.0906
90650.0,-0.1007
90655.0,-0.0705
90660.0,0.0201
90665.0,-0.0806
90670.0,-0.0504
90675.0,-0.2014
90680.0,-0.1813
90685.0,-0.1209
90690.0,0.1511
90695.0,-0.0906
90700.0,0.0403
90705.0,-0.1712
90710.0,0.0403
90715.0,0.0101
90720.0,0.0906
90725.0,-0.0101
90730.0,0.0504
90735.0,-0.1813
90740.0,-0.3022
90745.0,-0.2619
90750.0,-0.1209
90755.0,-0.5338
90760.0,-0.0705
90765.0,-0.2921
90770.0,-0.2820
90775.0,-0.1612
90780.0,-0.1007
90785.0,0.1410
90790.0,0.0806
90795.0,0.0806
90800.0,-0.0504
90805.0,-0.3223
90810.0,0.0906
90815.0,-0.1108
90820.0,0.1712
90825.0,-0.0403
90830.0,0.1410
90835.0,0.1712
90840.0,0.0201
90845.0,-0.0504
90850.0,-0.1712
90855.0,-0.1309
90860.0,0.1914
90865.0,-0.0604
90870.0,0.1209
90875.0,-0.2820
90880.0,-0.6748
90885.0,-0.8259
90890.0,-0.6144
90895.0,-0.6043
90900.0,-0.5640
90905.0,-1.1784
90910.0,-0.8964
90915.0,-0.7453
90920.0,-0.3122
90925.0,-0.3525
90930.0,-0.0806
90935.0,-0.3525
90940.0,0.0101
90945.0,-0.3223
90950.0,-0.0101
90955.0,-0.1108
90960.0,-0.1712
90965.0,-0.0201
90970.0,0.0806
90975.0,0.0000
90980.0,0.0806
90985.0,-0.1209
90990.0,0.0906
90995.0,-0.1914
91000.0,-0.0201
91005.0,-0.0806
91010.0,-0.0201
91015.0,0.0906
91020.0,-0.0604
91025.0,-0.0302
91030.0,0.1309
91035.0,-0.1209
91040.0,-0.2921
91045.0,-0.0201
91050.0,-0.3928
91055.0,-0.1712
91060.0,-0.0705
91065.0,-0.2820
91070.0,0.0806
91075.0,-0.0705
91080.0,-0.0806
91085.0,0.1108
91090.0,-0.0806
91095.0,-0.0705
91100.0,-0.1511
91105.0,-0.1007
91110.0,0.0504
91115.0,-0.2115
91120.0,0.1007
91125.0,-0.2216
91130.0,0.0403
91135.0,-0.0101
91140.0,-0.0504
91145.0,-0.0705
91150.0,0.0000
91155.0,-0.0403
91160.0,-0.0403
91165.0,-0.2820
91170.0,-0.2216
91175.0,-0.5338
91180.0,-0.4835
91185.0,-0.7554
91190.0,-0.6748
91195.0,-0.8158
91200.0,-1.0072
91205.0,-1.2489
91210.0,-0.6446
91215.0,-0.8662
91220.0,-0.4935
91225.0,-0.0101
91230.0,-0.1007
91235.0,-0.2115
91240.0,-0.1914
91245.0,-0.1813
91250.0,-0.1007
91255.0,-0.3827
91260.0,-0.0806
91265.0,-0.2719
91270.0,-0.1813
91275.0,-0.0806
91280.0,-0.2719
91285.0,-0.1914
91290.0,-0.1410
91295.0,-0.2115
91300.0,0.0504
91305.0,-0.0302
91310.0,0.0302
91315.0,-0.0302
91320.0,0.0504
91325.0,-0.2115
91330.0,-0.1309
91335.0,-0.1914
91340.0,-0.4230
91345.0,-0.0302
91350.0,-0.4029
91355.0,-0.3324
91360.0,0.0000
91365.0,-0.2216
91370.0,0.0403
91375.0,-0.0101
91380.0,0.0000
91385.0,-0.1309
91390.0,0.0000
91395.0,-0.2014
91400.0,-0.1410
91405.0,0.0906
91410.0,0.0403
91415.0,-0.0201
91420.0,0.1007
91425.0,-0.2619
91430.0,0.0101
91435.0,-0.1712
91440.0,-0.0101
91445.0,-0.0906
91450.0,0.0302
91455.0,-0.1813
91460.0,-0.0806
91465.0,-0.1007
91470.0,-0.2619
91475.0,-0.6648
91480.0,-0.6345
91485.0,-0.9669
91490.0,-0.7252
91495.0,-0.8863
91500.0,-0.8763
91505.0,-1.0878
91510.0,-0.5237
91515.0,-0.6748
91520.0,-0.3525
91525.0,-0.4331
91530.0,-0.2921
91535.0,0.0201
91540.0,-0.1813
91545.0,-0.2417
91550.0,-0.0705
91555.0,-0.1410
91560.0,0.0302
91565.0,-0.1209
91570.0,-0.0504
91575.0,-0.0504
91580.0,-0.1007
91585.0,-0.0604
91590.0,-0.1209
91595.0,-0.1511
91600.0,-0.1712
91605.0,-0.1511
91610.0,0.0403
91615.0,-0.0101
91620.0,0.1511
91625.0,-0.1712
91630.0,0.0806
91635.0,-0.1007
91640.0,-0.1007
91645.0,-0.2417
91650.0,-0.1813
91655.0,-0.1511
91660.0,-0.0906
91665.0,-0.0705
91670.0,-0.1007
91675.0,-0.2820
91680.0,0.0604
91685.0,-0.1309
91690.0,0.0302
91695.0,-0.1309
91700.0,-0.2317
91705.0,-0.0806
91710.0,-0.0403
91715.0,-0.0302
91720.0,-0.0201
91725.0,-0.1612
91730.0,-0.2317
91735.0,-0.4432
91740.0,-0.0906
91745.0,-0.2417
91750.0,0.1309
91755.0,-0.0504
91760.0,-0.3424
91765.0,-0.4130
91770.0,-0.3626
91775.0,-0.5942
91780.0,-0.4532
91785.0,-0.4432
91790.0,-0.6950
91795.0,-0.9266
91800.0,-0.8460
91805.0,-1.0072
91810.0,-0.4532
91815.0,-0.5338
91820.0,-0.0705
91825.0,-0.2719
91830.0,-0.1309
91835.0,-0.0705
91840.0,-0.1309
91845.0,-0.0705
91850.0,-0.0705
91855.0,-0.0201
91860.0,0.0302
91865.0,-0.2417
91870.0,-0.0201
91875.0,-0.2216
91880.0,0.1108
91885.0,-0.1007
91890.0,-0.2014
91895.0,-0.3324
91900.0,0.0000
91905.0,0.0504
91910.0,0.0403
91915.0,0.0604
91920.0,-0.1007
91925.0,-0.1712
91930.0,0.0906
91935.0,-0.4230
91940.0,0.0403
91945.0,-0.3928
91950.0,-0.1410
91955.0,0.0201
91960.0,0.0000
91965.0,0.0806
91970.0,-0.0302
91975.0,-0.0705
91980.0,-0.0604
91985.0,-0.1108
91990.0,0.1108
91995.0,-0.3827
92000.0,-0.0201
92005.0,-0.0806
92010.0,0.0705
92015.0,0.0000
92020.0,0.0806
92025.0,-0.0705
92030.0,-0.1410
92035.0,-0.1108
92040.0,0.0403
92045.0,-0.1108
92050.0,0.2115
92055.0,-0.2719
92060.0,0.0101
92065.0,-0.1712
92070.0,-0.3424
92075.0,-0.7050
92080.0,-0.6043
92085.0,-0.6547
92090.0,-0.5640
92095.0,-1.0374
92100.0,-0.6345
92105.0,-0.9468
92110.0,-0.4432
92115.0,-0.4029
92120.0,-0.0504
92125.0,-0.2417
92130.0,-0.0201
92135.0,-0.2820
92140.0,-0.0504
92145.0,0.0504
92150.0,0.0000
92155.0,0.1309
92160.0,-0.0302
92165.0,0.0101
92170.0,0.0403
92175.0,-0.0504
92180.0,0.1410
92185.0,-0.2115
92190.0,-0.0201
92195.0,-0.1511
92200.0,0.0604
92205.0,0.0504
92210.0,0.0201
92215.0,-0.0403
92220.0,0.0906
92225.0,-0.1209
92230.0,-0.1914
92235.0,-0.1410
92240.0,-0.0403
92245.0,-0.4935
92250.0,0.0101
92255.0,-0.0504
92260.0,0.1108
92265.0,-0.1309
92270.0,-0.1007
92275.0,0.1209
92280.0,-0.0201
92285.0,-0.0504
92290.0,0.0403
92295.0,-0.0201
92300.0,0.1410
92305.0,-0.0906
92310.0,0.1914
92315.0,-0.1914
92320.0,-0.1511
92325.0,0.1007
92330.0,0.0806
92335.0,0.1511
92340.0,0.0302
92345.0,-0.0906
92350.0,-0.0504
92355.0,-0.1511
92360.0,-0.0302
92365.0,-0.2518
92370.0,-0.3626
92375.0,-0.8460
92380.0,-0.6245
92385.0,-0.5237
92390.0,-0.6043
92395.0,-0.8964
92400.0,-0.8058
92405.0,-0.6345
92410.0,-0.2216
92415.0,-0.2921
92420.0,-0.0806
92425.0,-0.3223
92430.0,0.1410
92435.0,-0.1712
92440.0,0.1712
92445.0,-0.1309
92450.0,-0.0906
92455.0,0.1007
92460.0,0.0101
92465.0,0.1209
92470.0,-0.0504
92475.0,-0.1813
92480.0,0.0705
92485.0,-0.1612
92490.0,0.0403
92495.0,-0.0504
92500.0,0.0906
92505.0,-0.1612
92510.0,-0.0604
92515.0,0.0806
92520.0,0.0705
92525.0,-0.0705
92530.0,-0.3727
92535.0,-0.0906
92540.0,-0.2921
92545.0,-0.3626
92550.0,0.0705
92555.0,-0.3022
92560.0,0.0806
92565.0,0.0000
92570.0,0.0403
92575.0,0.1007
92580.0,-0.0705
92585.0,-0.0604
92590.0,-0.0806
92595.0,0.0000
92600.0,0.0604
92605.0,0.0101
92610.0,0.0604
92615.0,-0.0705
92620.0,0.1007
92625.0,0.0000
92630.0,0.0806
92635.0,0.0302
92640.0,-0.1309
92645.0,-0.0604
92650.0,0.0806
92655.0,-0.1309
92660.0,0.0504
92665.0,-0.5640
92670.0,-0.4633
92675.0,-0.7957
92680.0,-0.5842
92685.0,-0.7655
92690.0,-0.8863
92695.0,-1.0374
92700.0,-0.5540
92705.0,-0.6446
92710.0,-0.1914
92715.0,-0.2719
92720.0,-0.1410
92725.0,-0.1511
92730.0,-0.0604
92735.0,-0.0403
92740.0,0.1410
92745.0,-0.2417
92750.0,0.1309
92755.0,-0.0906
92760.0,-0.0403
92765.0,0.0302
92770.0,-0.0302
92775.0,-0.1007
92780.0,-0.0403
92785.0,0.0504
92790.0,-0.0302
92795.0,-0.0201
92800.0,0.0302
92805.0,-0.2619
92810.0,0.1309
92815.0,-0.0403
92820.0,-0.0201
92825.0,-0.0705
92830.0,-0.4130
92835.0,-0.2820
92840.0,-0.4230
92845.0,-0.1209
92850.0,-0.0403
92855.0,0.0101
92860.0,0.0403
92865.0,-0.1612
92870.0,0.1209
92875.0,-0.0504
92880.0,0.0604
92885.0,-0.1209
92890.0,-0.1007
92895.0,-0.0705
92900.0,0.0000
92905.0,0.0101
92910.0,-0.0705
92915.0,-0.2518
92920.0,0.2115
92925.0,-0.0906
92930.0,0.1914
92935.0,-0.1410
92940.0,-0.0604
92945.0,-0.0806
92950.0,0.0504
92955.0,0.0000
92960.0,-0.1612
92965.0,-0.7554
92970.0,-0.6547
92975.0,-0.7453
92980.0,-0.5237
92985.0,-0.6043
92990.0,-0.8763
92995.0,-1.0878
93000.0,-0.5338
93005.0,-0.5137
93010.0,-0.2216
93015.0,-0.0906
93020.0,-0.2619
93025.0,-0.0302
93030.0,0.0705
93035.0,-0.0302
93040.0,0.1007
93045.0,-0.1309
93050.0,0.0201
93055.0,-0.0201
93060.0,0.1108
93065.0,-0.1108
93070.0,0.0705
93075.0,-0.0101
93080.0,-0.2518
93085.0,0.0302
93090.0,0.0604
93095.0,-0.0504
93100.0,0.0806
93105.0,-0.1309
93110.0,-0.0201
93115.0,-0.1309
93120.0,0.0806
93125.0,-0.2619
93130.0,-0.1309
93135.0,-0.2820
93140.0,-0.1914
93145.0,-0.1007
93150.0,-0.0705
93155.0,0.0101
93160.0,-0.0705
93165.0,-0.1914
93170.0,0.1007
93175.0,-0.0906
93180.0,0.0302
93185.0,-0.0201
93190.0,-0.0504
93195.0,0.0302
93200.0,0.0806
93205.0,0.0504
93210.0,0.0705
93215.0,-0.0101
93220.0,-0.0201
93225.0,-0.0906
93230.0,0.1108
93235.0,0.0101
93240.0,0.0000
93245.0,-0.2216
93250.0,-0.0806
93255.0,-0.2014
93260.0,-0.2619
93265.0,-0.6950
93270.0,-0.6345
93275.0,-0.5942
93280.0,-0.5237
93285.0,-0.8561
93290.0,-0.6547
93295.0,-1.0978
93300.0,-0.5741
93305.0,-0.4130
93310.0,-0.0906
93315.0,-0.1712
93320.0,-0.0302
93325.0,-0.1813
93330.0,0.0806
93335.0,0.0403
93340.0,0.0302
93345.0,0.1309
93350.0,-0.0201
93355.0,-0.1309
93360.0,0.0806
93365.0,-0.1612
93370.0,0.1108
93375.0,-0.1612
93380.0,-0.2518
93385.0,-0.0906
93390.0,-0.0504
93395.0,0.0705
93400.0,0.0000
93405.0,-0.1309
93410.0,0.0906
93415.0,-0.0201
93420.0,0.0201
93425.0,-0.4331
93430.0,-0.2014
93435.0,-0.3525
93440.0,-0.1007
93445.0,-0.0906
93450.0,0.0000
93455.0,0.0302
93460.0,-0.1108
93465.0,0.1309
93470.0,0.0705
93475.0,-0.0806
93480.0,0.1309
93485.0,-0.3928
93490.0,0.0000
93495.0,-0.0302
93500.0,0.0201
93505.0,0.0403
93510.0,0.1209
93515.0,-0.0201
93520.0,-0.1511
93525.0,0.0604
93530.0,0.0101
93535.0,-0.1108
93540.0,0.2014
93545.0,-0.2115
93550.0,-0.1209
93555.0,-0.3122
93560.0,-0.3727
93565.0,-0.7554
93570.0,-0.4230
93575.0,-0.7252
93580.0,-0.6043
93585.0,-1.0173
93590.0,-0.7453
93595.0,-0.7252
93600.0,-0.4331
93605.0,-0.4432
93610.0,0.0201
93615.0,-0.2820
93620.0,0.1612
93625.0,-0.2317
93630.0,-0.1410
93635.0,0.1914
93640.0,0.0201
93645.0,0.1108
93650.0,0.0604
93655.0,-0.1108
93660.0,0.0302
93665.0,-0.1108
93670.0,0.1108
93675.0,-0.1108
93680.0,0.0604
93685.0,-0.2820
93690.0,-0.0302
93695.0,0.1007
93700.0,0.0302
93705.0,0.2115
93710.0,-0.0403
93715.0,-0.0403
93720.0,-0.1511
93725.0,-0.2518
93730.0,0.0504
93735.0,-0.4432
93740.0,-0.1209
93745.0,-0.1007
93750.0,0.0705
93755.0,0.0504
93760.0,0.1914
93765.0,-0.0101
93770.0,-0.0302
93775.0,-0.0101
93780.0,-0.0403
93785.0,-0.1813
93790.0,0.1309
93795.0,-0.2317
93800.0,0.0906
93805.0,-0.0201
93810.0,0.0000
93815.0,0.0101
93820.0,0.1309
93825.0,-0.0906
93830.0,-0.0101
93835.0,-0.0101
93840.0,0.0101
93845.0,-0.1511
93850.0,-0.0101
93855.0,-0.3727
93860.0,-0.5842
93865.0,-0.7655
93870.0,-0.5439
93875.0,-0.4633
93880.0,-0.7655
93885.0,-1.0777
93890.0,-0.6245
93895.0,-0.6849
93900.0,-0.2619
93905.0,-0.3626
93910.0,-0.2820
93915.0,-0.0101
93920.0,0.0806
93925.0,-0.1612
93930.0,0.1209
93935.0,-0.1914
93940.0,-0.0201
93945.0,0.0403
93950.0,0.0302
93955.0,0.1007
93960.0,-0.0705
93965.0,-0.1209
93970.0,0.1108
93975.0,-0.1209
93980.0,0.0302
93985.0,-0.1511
93990.0,0.1209
93995.0,-0.1813
94000.0,-0.0403
94005.0,0.0504
94010.0,-0.0302
94015.0,0.1410
94020.0,-0.3122
94025.0,-0.2317
94030.0,-0.2518
94035.0,-0.3525
94040.0,0.0101
94045.0,-0.1511
94050.0,0.0806
94055.0,-0.1108
94060.0,-0.0101
94065.0,0.0604
94070.0,0.0604
94075.0,0.1511
94080.0,-0.1813
94085.0,-0.1612
94090.0,0.1511
94095.0,-0.1410
94100.0,0.1309
94105.0,-0.2014
94110.0,0.1209
94115.0,-0.0705
94120.0,-0.0101
94125.0,0.0806
94130.0,0.0403
94135.0,-0.1108
94140.0,-0.1712
94145.0,-0.1813
94150.0,-0.0806
94155.0,-0.4835
94160.0,-0.4734
94165.0,-0.8763
94170.0,-0.4734
94175.0,-0.7151
94180.0,-0.7856
94185.0,-0.9971
94190.0,-0.6446
94195.0,-0.8360
94200.0,-0.3928
94205.0,-0.1007
94210.0,-0.0705
94215.0,-0.1108
94220.0,-0.1209
94225.0,-0.0101
94230.0,0.0806
94235.0,-0.1511
94240.0,0.1309
94245.0,-0.2417
94250.0,0.0201
94255.0,0.0302
94260.0,0.0302
94265.0,0.1511
94270.0,-0.0604
94275.0,-0.2518
94280.0,0.0201
94285.0,-0.0906
94290.0,0.0806
94295.0,-0.1209
94300.0,0.0403
94305.0,-0.2014
94310.0,-0.0201
94315.0,-0.1914
94320.0,-0.4130
94325.0,-0.1309
94330.0,-0.4532
94335.0,-0.3727
94340.0,-0.0201
94345.0,-0.1108
94350.0,0.1309
94355.0,-0.0302
94360.0,0.0201
94365.0,0.0201
94370.0,0.0201
94375.0,-0.1108
94380.0,0.0302
94385.0,0.0906
94390.0,-0.1309
94395.0,-0.0403
94400.0,0.0705
94405.0,-0.1712
94410.0,0.1511
94415.0,-0.2216
94420.0,-0.0201
94425.0,-0.0403
94430.0,0.0000
94435.0,-0.0504
94440.0,0.1410
94445.0,-0.1712
94450.0,-0.1511
94455.0,-0.6446
94460.0,-0.6245
94465.0,-0.7353
94470.0,-0.6648
94475.0,-0.8460
94480.0,-0.7151
94485.0,-1.0777
94490.0,-0.6144
94495.0,-0.5741
94500.0,-0.3827
94505.0,-0.2518
94510.0,-0.1209
94515.0,0.0604
94520.0,-0.0504
94525.0,-0.2216
94530.0,0.0101
94535.0,0.0302
94540.0,0.1309
94545.0,-0.0504
94550.0,0.0201
94555.0,-0.1914
94560.0,0.1209
94565.0,-0.0302
94570.0,-0.1712
94575.0,0.1007
94580.0,-0.0302
94585.0,-0.0504
94590.0,0.0705
94595.0,-0.0101
94600.0,0.1209
94605.0,-0.2216
94610.0,-0.0201
94615.0,-0.1914
94620.0,-0.1813
94625.0,-0.2115
94630.0,-0.1612
94635.0,-0.1511
94640.0,-0.0101
94645.0,-0.0201
94650.0,0.0201
94655.0,0.0101
94660.0,-0.0201
94665.0,-0.2216
94670.0,0.1007
94675.0,-0.1813
94680.0,-0.0101
94685.0,-0.0705
94690.0,-0.0604
94695.0,0.1712
94700.0,-0.0101
94705.0,0.0000
94710.0,0.1511
94715.0,-0.1612
94720.0,0.1108
94725.0,-0.1108
94730.0,0.0604
94735.0,-0.0101
94740.0,-0.2014
94745.0,-0.2820
94750.0,-0.2317
94755.0,-0.7655
94760.0,-0.5540
94765.0,-0.6748
94770.0,-0.5842
94775.0,-0.9367
94780.0,-0.7554
94785.0,-0.8259
94790.0,-0.6345
94795.0,-0.5741
94800.0,0.0101
94805.0,-0.2921
94810.0,0.0504
94815.0,-0.1309
94820.0,-0.0101
94825.0,0.0403
94830.0,0.0201
94835.0,0.0705
94840.0,0.0504
94845.0,-0.1309
94850.0,0.1007
94855.0,-0.1410
94860.0,0.1209
94865.0,-0.1612
94870.0,-0.2518
94875.0,-0.0604
94880.0,-0.0604
94885.0,0.0504
94890.0,0.0403
94895.0,-0.0403
94900.0,-0.0504
94905.0,-0.1410
94910.0,0.0604
94915.0,-0.4633
94920.0,0.0000
94925.0,-0.4029
94930.0,-0.2921
94935.0,-0.1007
94940.0,-0.0403
94945.0,0.0705
94950.0,0.0705
94955.0,-0.0101
94960.0,-0.0201
94965.0,-0.1813
94970.0,0.1007
94975.0,-0.2518
94980.0,0.0906
94985.0,-0.1813
94990.0,-0.0504
94995.0,0.0504
95000.0,0.0302
95005.0,0.0101
95010.0,-0.0705
95015.0,0.0806
95020.0,0.0101
95025.0,-0.1108
95030.0,0.1612
95035.0,-0.2417
95040.0,-0.0906
95045.0,-0.3022
95050.0,-0.3424
95055.0,-0.7453
95060.0,-0.4432
95065.0,-0.6648
95070.0,-0.6849
95075.0,-1.0173
95080.0,-0.6950
95085.0,-0.8360
95090.0,-0.3424
95095.0,-0.2820
95100.0,-0.1309
95105.0,-0.4230
95110.0,0.0504
95115.0,-0.1108
95120.0,0.0604
95125.0,0.1813
95130.0,-0.0806
95135.0,-0.0604
95140.0,0.0604
95145.0,0.0000
95150.0,-0.0302
95155.0,-0.0403
95160.0,0.1309
95165.0,-0.3122
95170.0,0.0705
95175.0,-0.1108
95180.0,-0.0403
95185.0,0.2014
95190.0,-0.1209
95195.0,-0.0302
95200.0,0.1309
95205.0,-0.0201
95210.0,-0.1914
95215.0,-0.2317
95220.0,-0.0302
95225.0,-0.3727
95230.0,0.0201
95235.0,-0.1813
95240.0,-0.1108
95245.0,0.0604
95250.0,0.1007
95255.0,0.2317
95260.0,-0.1511
95265.0,-0.1209
95270.0,0.0806
95275.0,-0.1914
95280.0,0.0906
95285.0,-0.1813
95290.0,0.0403
95295.0,-0.1511
95300.0,-0.0101
95305.0,0.0705
95310.0,-0.0705
95315.0,-0.0302
95320.0,0.0101
95325.0,-0.0705
95330.0,0.0101
95335.0,-0.2417
95340.0,-0.1309
95345.0,-0.2014
95350.0,-0.5137
95355.0,-0.7755
95360.0,-0.4532
95365.0,-0.6648
95370.0,-0.6849
95375.0,-0.9367
95380.0,-0.7554
95385.0,-0.6043
95390.0,-0.3727
95395.0,-0.4432
95400.0,-0.0906
95405.0,-0.2115
95410.0,0.0705
95415.0,-0.2115
95420.0,-0.0201
95425.0,-0.0806
95430.0,0.0000
95435.0,0.0504
95440.0,0.1309
95445.0,-0.0604
95450.0,-0.0906
95455.0,0.1007
95460.0,0.0000
95465.0,-0.0604
95470.0,-0.0302
95475.0,-0.0504
95480.0,0.0604
95485.0,-0.0403
95490.0,0.0806
95495.0,-0.0705
95500.0,-0.1612
95505.0,0.0101
95510.0,-0.2216
95515.0,-0.0906
95520.0,-0.2115
95525.0,-0.4835
95530.0,-0.0906
95535.0,-0.0604
95540.0,0.0504
95545.0,-0.0403
95550.0,0.1612
95555.0,0.0000
95560.0,-0.0504
95565.0,0.0806
95570.0,-0.0604
95575.0,0.0101
95580.0,0.0806
95585.0,-0.2115
95590.0,0.1612
95595.0,-0.1209
95600.0,0.1007
95605.0,-0.0705
95610.0,-0.0201
95615.0,-0.1108
95620.0,0.0604
95625.0,0.0403
95630.0,-0.0201
95635.0,0.0000
95640.0,-0.2216
95645.0,-0.5741
95650.0,-0.4029
95655.0,-0.8662
95660.0,-0.6043
95665.0,-0.7755
95670.0,-0.8863
95675.0,-1.0072
95680.0,-0.5842
95685.0,-0.6849
95690.0,-0.2417
95695.0,-0.2921
95700.0,-0.2317
95705.0,-0.0705
95710.0,-0.0403
95715.0,-0.0101
95720.0,0.0504
95725.0,-0.2317
95730.0,0.0504
95735.0,-0.1007
95740.0,-0.0403
95745.0,0.1007
95750.0,-0.1209
95755.0,0.0403
95760.0,0.1007
95765.0,-0.0504
95770.0,0.1209
95775.0,-0.1612
95780.0,0.1007
95785.0,-0.1511
95790.0,0.0705
95795.0,-0.0403
95800.0,-0.0705
95805.0,-0.2619
95810.0,-0.5036
95815.0,-0.2518
95820.0,-0.3324
95825.0,-0.2619
95830.0,-0.1712
95835.0,-0.1712
95840.0,0.0906
95845.0,-0.0705
95850.0,0.1309
95855.0,-0.0504
95860.0,-0.1813
95865.0,0.0302
95870.0,-0.0201
95875.0,0.0504
95880.0,0.1309
95885.0,-0.1209
95890.0,-0.0705
95895.0,-0.0403
95900.0,0.1007
95905.0,-0.0604
95910.0,0.0000
95915.0,-0.1813
95920.0,0.0906
95925.0,-0.0403
95930.0,-0.0101
95935.0,-0.1410
95940.0,-0.2820
95945.0,-0.6245
95950.0,-0.5942
95955.0,-0.8158
95960.0,-0.5439
95965.0,-0.8662
95970.0,-0.9367
95975.0,-1.1281
95980.0,-0.5540
95985.0,-0.5640
95990.0,-0.3223
95995.0,-0.1410
96000.0,-0.2317
96005.0,-0.0201
96010.0,0.0504
96015.0,0.0000
96020.0,0.0705
96025.0,-0.1309
96030.0,0.0201
96035.0,-0.1712
96040.0,0.0504
96045.0,-0.0906
96050.0,0.0000
96055.0,-0.0705
96060.0,-0.0604
96065.0,-0.0504
96070.0,-0.0302
96075.0,0.0403
96080.0,-0.0604
96085.0,-0.1108
96090.0,0.1813
96095.0,-0.1209
96100.0,0.1108
96105.0,-0.4029
96110.0,-0.3424
96115.0,-0.1209
96120.0,-0.3122
96125.0,-0.0906
96130.0,-0.0302
96135.0,-0.1309
96140.0,-0.0302
96145.0,0.0000
96150.0,0.1108
96155.0,-0.1108
96160.0,-0.0403
96165.0,-0.3223
96170.0,-0.0302
96175.0,-0.0201
96180.0,0.0201
96185.0,0.1007
96190.0,-0.1007
96195.0,0.0302
96200.0,0.0604
96205.0,-0.0504
96210.0,0.1209
96215.0,-0.2719
96220.0,0.0604
96225.0,-0.0403
96230.0,-0.1309
96235.0,-0.1813
96240.0,-0.3424
96245.0,-0.8058
96250.0,-0.4734
96255.0,-0.6345
96260.0,-0.6144
96265.0,-0.9669
96270.0,-0.8561
96275.0,-1.0978
96280.0,-0.6144
96285.0,-0.3626
96290.0,-0.1209
96295.0,-0.2014
96300.0,-0.1813
96305.0,-0.1712
96310.0,-0.0201
96315.0,0.0101
96320.0,0.0604
96325.0,-0.0604
96330.0,-0.0101
96335.0,-0.0806
96340.0,0.0806
96345.0,-0.1209
96350.0,0.0201
96355.0,-0.2115
96360.0,-0.1612
96365.0,-0.1511
96370.0,-0.0604
96375.0,0.0101
96380.0,-0.0504
96385.0,0.0000
96390.0,0.0604
96395.0,-0.0504
96400.0,-0.1309
96405.0,-0.5237
96410.0,-0.0101
96415.0,-0.2719
96420.0,-0.0705
96425.0,-0.1511
96430.0,-0.1007
96435.0,0.1309
96440.0,0.0000
96445.0,-0.0705
96450.0,0.0806
96455.0,-0.2518
96460.0,0.1108
96465.0,-0.3022
96470.0,0.0705
96475.0,0.0201
96480.0,-0.0906
96485.0,-0.1410
96490.0,0.0101
96495.0,0.0201
96500.0,0.0201
96505.0,0.0000
96510.0,-0.0604
96515.0,-0.1209
96520.0,0.1108
96525.0,-0.1209
96530.0,0.0201
96535.0,-0.2619
96540.0,-0.4935
96545.0,-0.8360
96550.0,-0.5540
96555.0,-0.6043
96560.0,-0.5036
96565.0,-1.1784
96570.0,-0.8763
96575.0,-0.8158
96580.0,-0.4432
96585.0,-0.4633
96590.0,0.0504
96595.0,-0.3525
96600.0,-0.0201
96605.0,-0.0201
96610.0,-0.0201
96615.0,0.0806
96620.0,-0.0604
96625.0,-0.0705
96630.0,0.1007
96635.0,0.0101
96640.0,-0.0101
96645.0,0.0000
96650.0,0.0000
96655.0,-0.1108
96660.0,0.0906
96665.0,-0.1309
96670.0,-0.0201
96675.0,-0.1209
96680.0,-0.0906
96685.0,0.0906
96690.0,0.0000
96695.0,0.0201
96700.0,-0.2719
96705.0,-0.1914
96710.0,-0.0201
96715.0,-0.4130
96720.0,0.1007
96725.0,-0.1410
96730.0,-0.0906
96735.0,0.1007
96740.0,0.0806
96745.0,0.1209
96750.0,0.1410
96755.0,-0.1712
96760.0,-0.1209
96765.0,-0.0806
96770.0,0.1007
96775.0,-0.1813
96780.0,0.1914
96785.0,-0.0906
96790.0,-0.0403
96795.0,0.0806
96800.0,0.0705
96805.0,0.1007
96810.0,-0.0403
96815.0,-0.1612
96820.0,-0.0403
96825.0,-0.1410
96830.0,-0.0403
96835.0,-0.2921
96840.0,-0.5137
96845.0,-0.8763
96850.0,-0.5842
96855.0,-0.5842
96860.0,-0.6043
96865.0,-1.0576
96870.0,-0.8964
96875.0,-0.7353
96880.0,-0.2317
96885.0,-0.2820
96890.0,-0.0403
96895.0,-0.3022
96900.0,0.1612
96905.0,-0.2619
96910.0,0.0906
96915.0,0.0302
96920.0,-0.0906
96925.0,-0.0504
96930.0,0.0604
96935.0,0.0705
96940.0,0.1108
96945.0,-0.1309
96950.0,-0.0906
96955.0,-0.0403
96960.0,0.0504
96965.0,-0.2216
96970.0,0.1309
96975.0,-0.1309
96980.0,-0.0806
96985.0,0.0604
96990.0,-0.0302
96995.0,0.0403
97000.0,-0.3122
97005.0,-0.2719
97010.0,-0.3827
97015.0,-0.3122
97020.0,0.0302
97025.0,-0.1914
97030.0,0.0705
97035.0,-0.1108
97040.0,-0.0504
97045.0,-0.0101
97050.0,-0.0302
97055.0,0.0403
97060.0,0.0504
97065.0,-0.1813
97070.0,-0.1309
97075.0,-0.1209
97080.0,0.1410
97085.0,-0.1209
97090.0,0.1612
97095.0,-0.0504
97100.0,-0.0806
97105.0,0.0604
97110.0,0.0504
97115.0,0.0906
97120.0,0.0806
97125.0,-0.2820
97130.0,-0.1712
97135.0,-0.5439
97140.0,-0.5036
97145.0,-0.8460
97150.0,-0.6849
97155.0,-0.6547
97160.0,-0.8561
97165.0,-1.1180
97170.0,-0.5338
97175.0,-0.7554
97180.0,-0.3827
97185.0,-0.1410
97190.0,-0.1511
97195.0,-0.1108
97200.0,0.0000
97205.0,-0.1914
97210.0,0.0705
97215.0,-0.1108
97220.0,0.1007
97225.0,-0.0504
97230.0,-0.0705
97235.0,0.0504
97240.0,0.0101
97245.0,0.0906
97250.0,0.1108
97255.0,-0.1914
97260.0,-0.1712
97265.0,-0.1410
97270.0,0.0806
97275.0,-0.0403
97280.0,0.0604
97285.0,-0.0302
97290.0,0.0000
97295.0,-0.2216
97300.0,-0.3022
97305.0,-0.2216
97310.0,-0.4835
97315.0,-0.3122
97320.0,-0.1007
97325.0,-0.1108
97330.0,0.2115
97335.0,-0.1813
97340.0,-0.0101
97345.0,-0.0403
97350.0,-0.0806
97355.0,-0.1309
97360.0,0.0302
97365.0,-0.0705
97370.0,0.0403
97375.0,0.0201
97380.0,0.0101
97385.0,-0.0403
97390.0,0.0403
97395.0,-0.2115
97400.0,0.0906
97405.0,-0.0604
97410.0,0.0201
97415.0,-0.1410
97420.0,0.0806
97425.0,-0.0201
97430.0,-0.0403
97435.0,-0.6144
97440.0,-0.5741
97445.0,-0.7655
97450.0,-0.5640
97455.0,-0.6849
97460.0,-0.8662
97465.0,-1.1180
97470.0,-0.6849
97475.0,-0.5640
97480.0,-0.3324
97485.0,-0.2014
97490.0,-0.1712
97495.0,0.0403
97500.0,0.0201
97505.0,-0.0705
97510.0,0.0504
97515.0,-0.0403
97520.0,-0.0302
97525.0,-0.1914
97530.0,0.1511
97535.0,-0.0504
97540.0,0.0906
97545.0,0.0000
97550.0,-0.2115
97555.0,-0.0504
97560.0,-0.0101
97565.0,-0.0604
97570.0,0.0705
97575.0,-0.0705
97580.0,-0.0302
97585.0,-0.2417
97590.0,0.1813
97595.0,-0.3122
97600.0,-0.1511
97605.0,-0.2014
97610.0,-0.3727
97615.0,-0.0101
97620.0,-0.0604
97625.0,-0.1108
97630.0,0.0403
97635.0,0.0201
97640.0,0.0403
97645.0,-0.2719
97650.0,0.0302
97655.0,0.0201
97660.0,0.1813
97665.0,0.1007
97670.0,0.0604
97675.0,-0.0906
97680.0,-0.1209
97685.0,-0.0101
97690.0,-0.0604
97695.0,0.0403
97700.0,0.2115
97705.0,0.0604
97710.0,0.0604
97715.0,-0.2619
97720.0,-0.2317
97725.0,-0.1007
97730.0,-0.2820
97735.0,-0.7050
97740.0,-0.5942
97745.0,-0.7252
97750.0,-0.5137
97755.0,-0.9871
97760.0,-0.8058
97765.0,-0.9266
97770.0,-0.4734
97775.0,-0.5842
97780.0,-0.1511
97785.0,-0.2820
97790.0,-0.0906
97795.0,0.0000
97800.0,-0.0504
97805.0,-0.0604
97810.0,-0.0906
97815.0,-0.2014
97820.0,0.0101
97825.0,-0.1309
97830.0,0.1007
97835.0,-0.1612
97840.0,0.1712
97845.0,-0.2317
97850.0,-0.2921
97855.0,-0.3424
97860.0,-0.1309
97865.0,0.1712
97870.0,0.2216
97875.0,-0.0302
97880.0,-0.0403
97885.0,0.0302
97890.0,-0.0101
97895.0,-0.4432
97900.0,-0.0101
97905.0,-0.3827
97910.0,-0.2719
97915.0,0.0000
97920.0,0.0302
97925.0,0.1108
97930.0,0.1209
97935.0,-0.0302
97940.0,0.0906
97945.0,-0.1209
97950.0,0.0806
97955.0,-0.2619
97960.0,0.0906
97965.0,-0.0705
97970.0,0.0604
97975.0,0.0101
97980.0,0.0504
97985.0,0.0906
97990.0,-0.1007
97995.0,-0.0705
98000.0,0.1108
98005.0,-0.1410
98010.0,0.0906
98015.0,-0.2317
98020.0,-0.1309
98025.0,-0.3122
98030.0,-0.3727
98035.0,-0.6849
98040.0,-0.6446
98045.0,-0.6849
98050.0,-0.5640
98055.0,-1.0173
98060.0,-0.7353
98065.0,-0.7755
98070.0,-0.5036
98075.0,-0.4130
98080.0,-0.1410
98085.0,-0.2921
98090.0,0.1712
98095.0,-0.2417
98100.0,-0.1007
98105.0,0.0806
98110.0,-0.0101
98115.0,0.1007
98120.0,0.1813
98125.0,-0.1612
98130.0,-0.0504
98135.0,-0.0101
98140.0,0.0806
98145.0,-0.0705
98150.0,0.0604
98155.0,-0.1410
98160.0,0.0504
98165.0,0.0604
98170.0,0.1309
98175.0,-0.0906
98180.0,-0.0806
98185.0,-0.0604
98190.0,-0.2115
98195.0,-0.1914
98200.0,-0.1108
98205.0,-0.4935
98210.0,-0.0705
98215.0,-0.0906
98220.0,0.0101
98225.0,-0.0201
98230.0,-0.0906
98235.0,0.0201
98240.0,0.0000
98245.0,-0.1309
98250.0,0.0806
98255.0,-0.2417
98260.0,-0.0101
98265.0,-0.1712
98270.0,0.0604
98275.0,-0.1108
98280.0,0.0604
98285.0,-0.0906
98290.0,0.0403
98295.0,0.0201
98300.0,0.0000
98305.0,-0.0101
98310.0,-0.0705
98315.0,-0.3022
98320.0,0.0604
98325.0,-0.3022
98330.0,-0.5137
98335.0,-0.7554
98340.0,-0.6446
98345.0,-0.6043
98350.0,-0.6043
98355.0,-0.9669
98360.0,-0.6345
98365.0,-0.8360
98370.0,-0.3324
98375.0,-0.2115
98380.0,-0.0806
98385.0,-0.0101
98390.0,0.0504
98395.0,-0.1007
98400.0,0.0806
98405.0,-0.0806
98410.0,0.1209
98415.0,-0.0906
98420.0,-0.0302
98425.0,0.0906
98430.0,0.0201
98435.0,0.1410
98440.0,-0.0705
98445.0,-0.2518
98450.0,0.1007
98455.0,-0.2014
98460.0,0.0806
98465.0,-0.0101
98470.0,-0.1410
98475.0,0.0906
98480.0,-0.0403
98485.0,0.0201
98490.0,-0.1209
98495.0,-0.2820
98500.0,-0.3928
98505.0,-0.2619
98510.0,0.0403
98515.0,-0.1612
98520.0,0.1007
98525.0,-0.1309
98530.0,0.1209
98535.0,0.0403
98540.0,0.0504
98545.0,0.1209
98550.0,-0.1410
98555.0,-0.1309
98560.0,0.0101
98565.0,-0.0906
98570.0,0.1309
98575.0,-0.2216
98580.0,0.0201
98585.0,0.0403
98590.0,0.0101
98595.0,0.0101
98600.0,0.0201
98605.0,-0.0504
98610.0,-0.0604
98615.0,-0.1511
98620.0,-0.1209
98625.0,-0.4331
98630.0,-0.5640
98635.0,-0.9065
98640.0,-0.6648
98645.0,-0.7755
98650.0,-0.8158
98655.0,-1.1683
98660.0,-0.7252
98665.0,-0.6345
98670.0,-0.3324
98675.0,-0.1612
98680.0,-0.0403
98685.0,-0.2820
98690.0,-0.1309
98695.0,-0.0705
98700.0,0.0906
98705.0,-0.0504
98710.0,0.0000
98715.0,-0.2115
98720.0,0.0000
98725.0,-0.0201
98730.0,-0.0504
98735.0,0.1209
98740.0,-0.0302
98745.0,-0.2216
98750.0,-0.1309
98755.0,0.0101
98760.0,0.1813
98765.0,-0.2417
98770.0,0.0201
98775.0,0.0101
98780.0,-0.0302
98785.0,-0.1209
98790.0,-0.4230
98795.0,-0.1712
98800.0,-0.4130
98805.0,-0.2518
98810.0,-0.0101
98815.0,-0.2014
98820.0,0.0302
98825.0,0.0201
98830.0,0.0806
98835.0,0.0201
98840.0,-0.1209
98845.0,-0.2216
98850.0,0.0705
98855.0,-0.0302
98860.0,0.0201
98865.0,0.0806
98870.0,-0.0101
98875.0,-0.2820
98880.0,0.0504
98885.0,-0.1108
98890.0,0.1209
98895.0,0.0302
98900.0,-0.0906
98905.0,-0.1914
98910.0,0.0504
98915.0,-0.1108
98920.0,-0.1511
98925.0,-0.4734
98930.0,-0.6446
98935.0,-0.8460
98940.0,-0.5439
98945.0,-0.7655
98950.0,-0.7151
98955.0,-1.1079
98960.0,-0.7453
98965.0,-0.4432
98970.0,-0.2719
98975.0,-0.1612
98980.0,-0.1914
98985.0,-0.1511
98990.0,0.0504
98995.0,-0.0302
99000.0,0.0101
99005.0,0.0604
99010.0,0.0504
99015.0,-0.2518
99020.0,0.0403
99025.0,-0.0604
99030.0,0.0806
99035.0,0.0101
99040.0,-0.2417
99045.0,0.0806
99050.0,0.0101
99055.0,-0.0403
99060.0,0.0906
99065.0,-0.1209
99070.0,0.0806
99075.0,0.0000
99080.0,0.1007
99085.0,-0.1108
99090.0,-0.3223
99095.0,-0.2317
99100.0,-0.2619
99105.0,0.0000
99110.0,0.0101
99115.0,-0.0604
99120.0,0.0101
99125.0,-0.2014
99130.0,0.1209
99135.0,-0.1108
99140.0,-0.0403
99145.0,-0.3424
99150.0,-0.0705
99155.0,0.0604
99160.0,0.1108
99165.0,0.1813
99170.0,-0.0504
99175.0,-0.1511
99180.0,0.1209
99185.0,-0.0906
99190.0,0.0906
99195.0,0.0000
99200.0,0.0705
99205.0,-0.2719
99210.0,-0.2014
99215.0,-0.2619
99220.0,-0.2719
99225.0,-0.6547
99230.0,-0.6547
99235.0,-0.7252
99240.0,-0.4734
99245.0,-0.9367
99250.0,-0.8460
99255.0,-0.9468
99260.0,-0.5942
99265.0,-0.5137
99270.0,-0.0403
99275.0,-0.2619
99280.0,0.0806
99285.0,-0.2014
99290.0,-0.0705
99295.0,0.0403
99300.0,0.0302
99305.0,-0.0201
99310.0,0.0604
99315.0,-0.2115
99320.0,0.1511
99325.0,-0.1410
99330.0,0.0906
99335.0,-0.0201
99340.0,-0.2317
99345.0,-0.2820
99350.0,-0.1612
99355.0,0.1108
99360.0,0.0101
99365.0,0.0201
99370.0,-0.0302
99375.0,-0.2216
99380.0,0.0403
99385.0,-0.4835
99390.0,-0.1108
99395.0,-0.2317
99400.0,-0.2216
99405.0,-0.2317
99410.0,0.0000
99415.0,0.0806
99420.0,0.0201
99425.0,0.0101
99430.0,-0.0906
99435.0,0.0000
99440.0,0.0604
99445.0,-0.2820
99450.0,0.1813
99455.0,-0.1612
99460.0,-0.0403
99465.0,0.0201
99470.0,0.0101
99475.0,0.0906
99480.0,-0.0403
99485.0,-0.1712
99490.0,0.1007
99495.0,-0.0705
99500.0,0.0906
99505.0,-0.1108
99510.0,0.0403
99515.0,-0.3626
99520.0,-0.3827
99525.0,-0.7252
99530.0,-0.5338
99535.0,-0.4835
99540.0,-0.6950
99545.0,-1.1079
99550.0,-0.7655
99555.0,-0.9065
99560.0,-0.3827
99565.0,-0.4935
99570.0,-0.1309
99575.0,-0.3727
99580.0,0.0504
99585.0,-0.1007
99590.0,-0.0604
99595.0,-0.1108
99600.0,-0.0806
99605.0,0.0806
99610.0,0.0302
99615.0,0.0101
99620.0,-0.0403
99625.0,-0.1712
99630.0,0.1108
99635.0,-0.1511
99640.0,0.0806
99645.0,-0.0403
99650.0,-0.0101
99655.0,-0.0705
99660.0,-0.0906
99665.0,0.0806
99670.0,0.1914
99675.0,-0.1712
99680.0,-0.2014
99685.0,-0.3022
99690.0,-0.0806
99695.0,-0.4432
99700.0,-0.0604
99705.0,0.0000
99710.0,-0.0101
99715.0,-0.0201
99720.0,0.0705
99725.0,0.0806
99730.0,-0.1108
99735.0,-0.0906
99740.0,0.0201
99745.0,-0.1410
99750.0,0.1511
99755.0,-0.1712
99760.0,-0.0403
99765.0,0.0302
99770.0,0.0000
99775.0,0.0403
99780.0,0.1914
99785.0,-0.0604
99790.0,-0.0705
99795.0,0.0101
99800.0,0.0201
99805.0,-0.0705
99810.0,-0.1007
99815.0,-0.4130
99820.0,-0.5036
99825.0,-0.7856
99830.0,-0.5942
99835.0,-0.6245
99840.0,-0.7050
99845.0,-1.0072
99850.0,-0.7353
99855.0,-0.7050
99860.0,-0.2115
99865.0,-0.4029
99870.0,-0.3022
99875.0,-0.0604
99880.0,0.0806
99885.0,-0.1108
99890.0,0.0705
99895.0,-0.2115
99900.0,0.0302
99905.0,0.0101
99910.0,0.0403
99915.0,0.0705
99920.0,-0.1108
99925.0,-0.1410
99930.0,0.0504
99935.0,-0.1410
99940.0,0.1309
99945.0,-0.2820
99950.0,-0.0403
99955.0,-0.0604
99960.0,-0.0201
99965.0,0.0604
99970.0,-0.0504
99975.0,-0.1309
99980.0,-0.2719
99985.0,-0.1209
99990.0,-0.3122
99995.0,-0.1612
100000.0,-0.0806
100005.0,-0.3223
100010.0,0.1108
100015.0,-0.0302
100020.0,0.0000
100025.0,0.0201
100030.0,-0.1007
100035.0,0.0403
100040.0,-0.0504
100045.0,-0.0604
100050.0,0.1007
100055.0,-0.2518
100060.0,0.0302
100065.0,-0.0302
100070.0,0.0806
100075.0,-0.0705
100080.0,-0.0101
100085.0,-0.1410
100090.0,0.0504
100095.0,0.0302
100100.0,-0.0504
100105.0,-0.0504
100110.0,-0.1612
100115.0,-0.5741
100120.0,-0.5237
100125.0,-0.8360
100130.0,-0.5842
100135.0,-0.6849
100140.0,-0.9165
100145.0,-1.1180
100150.0,-0.5640
100155.0,-0.7252
100160.0,-0.3324
100165.0,-0.1511
100170.0,-0.2417
100175.0,-0.1712
100180.0,0.0403
100185.0,-0.0906
100190.0,0.1813
100195.0,-0.2518
100200.0,-0.0504
100205.0,0.0604
100210.0,0.0201
100215.0,0.0705
100220.0,0.0302
100225.0,-0.0705
100230.0,0.1108
100235.0,-0.0906
100240.0,-0.0201
100245.0,-0.0906
100250.0,-0.0101
100255.0,-0.1914
100260.0,0.0906
100265.0,-0.0201
100270.0,0.0806
100275.0,-0.2719
100280.0,-0.5439
100285.0,-0.1209
100290.0,-0.3626
100295.0,-0.2115
100300.0,-0.0302
100305.0,-0.2417
100310.0,0.0906
100315.0,-0.0705
100320.0,0.1108
100325.0,0.0705
100330.0,-0.1410
100335.0,-0.2115
100340.0,0.0906
100345.0,0.0101
100350.0,0.0201
100355.0,0.0000
100360.0,-0.1209
100365.0,-0.1410
100370.0,0.1007
100375.0,-0.1209
100380.0,0.0504
100385.0,-0.2014
100390.0,-0.0906
100395.0,-0.0705
100400.0,-0.0201
100405.0,-0.0806
100410.0,-0.2619
100415.0,-0.5741
100420.0,-0.5741
100425.0,-0.7957
100430.0,-0.5439
100435.0,-0.8460
100440.0,-0.9266
100445.0,-1.1482
100450.0,-0.5540
100455.0,-0.5540
100460.0,-0.2619
100465.0,-0.2115
100470.0,-0.2417
100475.0,0.0806
100480.0,0.0201
100485.0,-0.0302
100490.0,0.1410
100495.0,-0.1410
100500.0,0.1007
100505.0,-0.1108
100510.0,0.0806
100515.0,0.0201
100520.0,-0.0201
100525.0,-0.1108
100530.0,-0.1007
100535.0,0.0906
100540.0,0.0201
100545.0,0.0201
100550.0,0.0000
100555.0,-0.1410
100560.0,0.0403
100565.0,-0.1511
100570.0,0.1209
100575.0,-0.4432
100580.0,-0.3022
100585.0,-0.0705
100590.0,-0.2317
100595.0,0.1108
100600.0,-0.1410
100605.0,0.0000
100610.0,0.0604
100615.0,-0.1209
100620.0,0.1209
100625.0,-0.1007
100630.0,-0.1712
100635.0,-0.2317
100640.0,0.0504
100645.0,0.0101
100650.0,0.2014
100655.0,-0.0403
100660.0,-0.0906
100665.0,0.1108
100670.0,0.0403
100675.0,-0.0705
100680.0,0.0906
100685.0,-0.2317
100690.0,0.0705
100695.0,-0.0403
100700.0,-0.1209
100705.0,-0.1914
100710.0,-0.2921
100715.0,-0.8460
100720.0,-0.5741
100725.0,-0.6245
100730.0,-0.5540
100735.0,-0.9871
100740.0,-0.8964
100745.0,-0.9770
100750.0,-0.4633
100755.0,-0.4633
100760.0,-0.1511
100765.0,-0.4029
100770.0,-0.1209
100775.0,-0.0201
100780.0,-0.0302
100785.0,0.1209
100790.0,-0.0705
100795.0,0.0302
100800.0,0.0302
100805.0,-0.0906
100810.0,0.1914
100815.0,-0.1914
100820.0,0.0302
100825.0,-0.0604
100830.0,-0.1511
100835.0,-0.1712
100840.0,-0.0403
100845.0,-0.0705
100850.0,-0.0101
100855.0,0.0403
100860.0,0.0504
100865.0,0.0504
100870.0,-0.0705
100875.0,-0.4029
100880.0,-0.0403
100885.0,-0.3122
100890.0,-0.1007
100895.0,-0.1511
100900.0,-0.1108
100905.0,0.1209
100910.0,0.0000
100915.0,0.1108
100920.0,-0.0403
100925.0,-0.2417
100930.0,0.1007
100935.0,-0.3223
100940.0,0.1309
100945.0,-0.0302
100950.0,-0.1309
100955.0,-0.0906
100960.0,-0.0101
100965.0,0.0806
100970.0,-0.0705
100975.0,-0.1612
100980.0,0.1007
100985.0,-0.1108
100990.0,0.0906
100995.0,-0.1813
101000.0,-0.1410
101005.0,-0.1612
101010.0,-0.3928
101015.0,-0.7755
101020.0,-0.4935
101025.0,-0.6950
101030.0,-0.7453
101035.0,-1.1281
101040.0,-0.6446
101045.0,-0.9165
101050.0,-0.4029
101055.0,-0.4734
101060.0,-0.1410
101065.0,-0.2518
101070.0,0.0604
101075.0,-0.1007
101080.0,0.0504
101085.0,-0.1108
101090.0,-0.0604
101095.0,0.1108
101100.0,0.0604
101105.0,0.0201
101110.0,-0.1007
101115.0,-0.2115
101120.0,0.0705
101125.0,-0.1309
101130.0,0.0806
101135.0,-0.0302
101140.0,-0.0101
101145.0,-0.0906
101150.0,-0.1209
101155.0,0.0101
101160.0,0.0101
101165.0,0.0201
101170.0,-0.3223
101175.0,-0.2719
101180.0,0.0000
101185.0,-0.4029
101190.0,0.0201
101195.0,-0.1410
101200.0,0.0604
101205.0,0.0000
101210.0,0.0302
101215.0,0.0705
101220.0,-0.0604
101225.0,-0.2518
101230.0,0.0000
101235.0,-0.1209
101240.0,0.1612
101245.0,-0.1410
101250.0,0.0302
101255.0,-0.0403
101260.0,-0.0101
101265.0,0.0101
101270.0,0.1007
101275.0,0.0201
101280.0,-0.0806
101285.0,-0.0604
101290.0,0.0403
101295.0,-0.1209
101300.0,-0.0705
101305.0,-0.4230
101310.0,-0.3928
101315.0,-0.7755
101320.0,-0.5842
101325.0,-0.5439
101330.0,-0.7554
101335.0,-1.1281
101340.0,-0.7856
101345.0,-0.6950
101350.0,-0.3223
101355.0,-0.1612
101360.0,-0.2619
101365.0,-0.3525
101370.0,0.0906
101375.0,-0.2014
101380.0,0.1007
101385.0,0.0101
101390.0,-0.0705
101395.0,-0.0705
101400.0,-0.1108
101405.0,0.0504
101410.0,0.0201
101415.0,0.1007
101420.0,-0.1209
101425.0,-0.2719
101430.0,0.0302
101435.0,-0.2014
101440.0,0.0806
101445.0,-0.0504
101450.0,-0.1007
101455.0,0.0705
101460.0,-0.0403
101465.0,0.0302
101470.0,-0.1914
101475.0,-0.1813
101480.0,-0.4532
101485.0,-0.4633
101490.0,0.0906
101495.0,-0.1813
101500.0,0.1712
101505.0,-0.1007
101510.0,-0.1511
101515.0,0.1209
101520.0,0.0101
101525.0,0.0906
101530.0,-0.0806
101535.0,-0.1309
101540.0,0.0604
101545.0,-0.1007
101550.0,0.1612
101555.0,-0.2216
101560.0,0.0101
101565.0,0.0201
101570.0,0.0000
101575.0,0.0604
101580.0,-0.0302
101585.0,0.0302
101590.0,-0.0604
101595.0,-0.1612
101600.0,-0.0806
101605.0,-0.5439
101610.0,-0.5842
101615.0,-0.8561
101620.0,-0.5338
101625.0,-0.7151
101630.0,-0.7554
101635.0,-1.1683
101640.0,-0.6849
101645.0,-0.6345
101650.0,-0.3324
101655.0,-0.0705
101660.0,-0.1309
101665.0,-0.2820
101670.0,-0.0504
101675.0,-0.0705
101680.0,0.1108
101685.0,-0.2317
101690.0,0.0000
101695.0,-0.0604
101700.0,0.0302
101705.0,0.0604
101710.0,-0.0604
101715.0,-0.0705
101720.0,0.0201
101725.0,-0.1511
101730.0,-0.0504
101735.0,-0.0906
101740.0,-0.0403
101745.0,-0.1914
101750.0,0.0906
101755.0,-0.1007
101760.0,0.0201
101765.0,-0.3122
101770.0,-0.4935
101775.0,-0.1410
101780.0,-0.3928
101785.0,-0.2317
101790.0,-0.1108
101795.0,-0.2417
101800.0,0.1309
101805.0,-0.1511
101810.0,0.1007
101815.0,0.0403
101820.0,-0.1209
101825.0,-0.2417
101830.0,0.0604
101835.0,0.0302
101840.0,-0.0302
101845.0,-0.0302
101850.0,0.0604
101855.0,-0.2014
101860.0,0.0403
101865.0,-0.1511
101870.0,0.1410
101875.0,-0.1007
101880.0,-0.1612
101885.0,-0.1511
101890.0,0.1108
101895.0,-0.1007
101900.0,-0.1209
101905.0,-0.6950
101910.0,-0.7050
101915.0,-0.8058
101920.0,-0.5439
101925.0,-0.7655
101930.0,-0.8561
101935.0,-1.1583
101940.0,-0.7050
101945.0,-0.5137
101950.0,-0.2921
101955.0,-0.0806
101960.0,-0.2115
101965.0,-0.1410
101970.0,0.0604
101975.0,-0.0604
101980.0,0.0403
101985.0,0.1007
101990.0,0.0705
101995.0,-0.2719
102000.0,0.0705
102005.0,-0.0201
102010.0,-0.0101
102015.0,0.1007
102020.0,-0.2317
102025.0,-0.1108
102030.0,0.1108
102035.0,-0.0705
102040.0,0.0504
102045.0,0.0906
102050.0,0.0302
102055.0,-0.1511
102060.0,0.0906
102065.0,-0.3324
102070.0,-0.0806
102075.0,-0.3525
102080.0,-0.3928
102085.0,-0.0101
102090.0,-0.0705
102095.0,-0.0101
102100.0,0.0101
102105.0,-0.1914
102110.0,0.1410
102115.0,-0.1511
102120.0,0.0302
102125.0,-0.0604
102130.0,-0.1612
102135.0,-0.1007
102140.0,0.1209
102145.0,0.0705
102150.0,0.1410
102155.0,-0.1007
102160.0,0.0705
102165.0,-0.0806
102170.0,0.0906
102175.0,-0.0101
102180.0,0.0806
102185.0,-0.2115
102190.0,-0.2115
102195.0,-0.2518
102200.0,-0.1813
102205.0,-0.8460
102210.0,-0.6043
102215.0,-0.6245
102220.0,-0.5842
102225.0,-1.0072
102230.0,-0.8964
102235.0,-0.9770
102240.0,-0.5137
102245.0,-0.4432
102250.0,-0.0201
102255.0,-0.3424
102260.0,-0.2115
102265.0,-0.1007
102270.0,-0.0604
102275.0,0.0705
102280.0,-0.0302
102285.0,-0.1511
102290.0,0.1108
102295.0,-0.0705
102300.0,0.0403
102305.0,-0.0906
102310.0,0.0201
102315.0,-0.0806
102320.0,-0.0806
102325.0,-0.1612
102330.0,0.1007
102335.0,-0.0906
102340.0,-0.0906
102345.0,0.0504
102350.0,0.0101
102355.0,-0.1410
102360.0,0.0403
102365.0,-0.5540
102370.0,-0.1914
102375.0,-0.3424
102380.0,-0.2115
102385.0,-0.1108
102390.0,0.1108
102395.0,-0.0906
102400.0,-0.0705
102405.0,0.1108
102410.0,0.0604
102415.0,0.0000
102420.0,0.0302
102425.0,-0.3727
102430.0,0.1108
102435.0,-0.0604
102440.0,0.0302
102445.0,0.0000
102450.0,-0.1309
102455.0,0.0000
102460.0,0.0403
102465.0,-0.0403
102470.0,0.0705
102475.0,-0.2216
102480.0,-0.0101
102485.0,-0.0403
102490.0,0.0101
102495.0,-0.2417
102500.0,-0.3424
102505.0,-0.9065
102510.0,-0.5842
102515.0,-0.6245
102520.0,-0.5942
102525.0,-0.9971
102530.0,-0.8763
102535.0,-1.0273
102540.0,-0.4432
102545.0,-0.4331
102550.0,-0.0504
102555.0,-0.3424
102560.0,-0.1007
102565.0,-0.0705
102570.0,0.0000
102575.0,0.0604
102580.0,0.0806
102585.0,-0.0201
102590.0,-0.1511
102595.0,-0.1108
102600.0,0.0302
102605.0,-0.0604
102610.0,0.1209
102615.0,-0.2820
102620.0,-0.0604
102625.0,-0.0302
102630.0,-0.0201
102635.0,0.0302
102640.0,0.1209
102645.0,-0.0705
102650.0,-0.1007
102655.0,-0.0201
102660.0,-0.2115
102665.0,-0.2216
102670.0,-0.1309
102675.0,-0.5540
102680.0,0.0201
102685.0,-0.0806
102690.0,-0.0705
102695.0,0.1007
102700.0,-0.0504
102705.0,0.0504
102710.0,0.0201
102715.0,-0.1209
102720.0,0.0201
102725.0,-0.1410
102730.0,0.0101
102735.0,-0.2719
102740.0,0.1209
102745.0,-0.1309
102750.0,-0.0403
102755.0,0.0201
102760.0,-0.0604
102765.0,0.0604
102770.0,0.0403
102775.0,-0.0201
102780.0,0.0906
102785.0,-0.2820
102790.0,-0.1309
102795.0,-0.2619
102800.0,-0.4835
102805.0,-0.7050
102810.0,-0.6144
102815.0,-0.6648
102820.0,-0.6446
102825.0,-1.0273
102830.0,-0.6950
102835.0,-0.7353
102840.0,-0.3928
102845.0,-0.3223
102850.0,-0.1511
102855.0,-0.1007
102860.0,0.0101
102865.0,-0.3122
102870.0,0.1410
102875.0,-0.1007
102880.0,-0.0302
102885.0,0.0806
102890.0,-0.1209
102895.0,0.0403
102900.0,0.0604
102905.0,-0.0604
102910.0,0.0705
102915.0,-0.2921
102920.0,-0.0705
102925.0,-0.0806
102930.0,0.0906
102935.0,0.0101
102940.0,0.0101
102945.0,-0.0705
102950.0,0.0504
102955.0,0.0000
102960.0,-0.2014
102965.0,-0.0101
102970.0,-0.4633
102975.0,-0.4532
102980.0,0.1007
102985.0,-0.2014
102990.0,0.1612
102995.0,-0.1007
103000.0,-0.1612
103005.0,0.0403
103010.0,-0.0101
103015.0,0.0302
103020.0,-0.0403
103025.0,-0.1309
103030.0,-0.0101
103035.0,-0.0906
103040.0,0.1108
103045.0,-0.1007
103050.0,0.1007
103055.0,-0.2216
103060.0,-0.1209
103065.0,0.0201
103070.0,-0.0201
103075.0,0.1108
103080.0,-0.0705
103085.0,-0.1108
103090.0,-0.1209
103095.0,-0.5137
103100.0,-0.4935
103105.0,-0.9367
103110.0,-0.6547
103115.0,-0.7050
103120.0,-0.8259
103125.0,-1.0475
103130.0,-0.7151
103135.0,-0.8360
103140.0,-0.4029
103145.0,-0.2014
103150.0,-0.1712
103155.0,0.0000
103160.0,-0.1511
103165.0,-0.1914
103170.0,0.1309
103175.0,-0.1410
103180.0,0.1309
103185.0,-0.1209
103190.0,-0.1712
103195.0,0.1007
103200.0,-0.0302
103205.0,0.0604
103210.0,0.1007
103215.0,-0.2417
103220.0,0.0201
103225.0,-0.0806
103230.0,0.0906
103235.0,-0.1612
103240.0,-0.0201
103245.0,-0.0806
103250.0,0.0201
103255.0,-0.1007
103260.0,-0.4432
103265.0,-0.3223
103270.0,-0.3223
103275.0,-0.2619
103280.0,-0.0201
103285.0,-0.1309
103290.0,0.0101
103295.0,-0.1309
103300.0,0.0906
103305.0,-0.0604
103310.0,0.0403
103315.0,-0.1914
103320.0,-0.1410
103325.0,0.0806
103330.0,-0.0504
103335.0,-0.0806
103340.0,0.0101
103345.0,-0.2719
103350.0,0.1511
103355.0,-0.1914
103360.0,0.0806
103365.0,0.0101
103370.0,-0.1410
103375.0,-0.1712
103380.0,-0.0403
103385.0,-0.1108
103390.0,-0.1813
103395.0,-0.6547
103400.0,-0.6043
103405.0,-0.9266
103410.0,-0.5137
103415.0,-0.7655
103420.0,-0.8158
103425.0,-0.9871
103430.0,-0.7755
103435.0,-0.6547
103440.0,-0.2719
103445.0,-0.2216
103450.0,-0.0906
103455.0,-0.1108
103460.0,-0.1410
103465.0,-0.1007
103470.0,0.0302
103475.0,0.0504
103480.0,0.0604
103485.0,-0.2417
103490.0,0.0504
103495.0,-0.0906
103500.0,0.0302
103505.0,-0.0403
103510.0,-0.2619
103515.0,-0.0403
103520.0,0.0201
103525.0,-0.0906
103530.0,0.0906
103535.0,-0.0705
103540.0,0.0604
103545.0,-0.2115
103550.0,0.0705
103555.0,-0.2619
103560.0,-0.1410
103565.0,-0.3827
103570.0,-0.4230
103575.0,-0.1209
103580.0,-0.0906
103585.0,-0.0403
103590.0,0.0302
103595.0,-0.1813
103600.0,0.1309
103605.0,-0.1813
103610.0,0.0101
103615.0,-0.0906
103620.0,-0.1410
103625.0,-0.1007
103630.0,-0.0806
103635.0,0.0302
103640.0,0.0201
103645.0,-0.0504
103650.0,-0.1108
103655.0,0.0000
103660.0,0.0806
103665.0,-0.1007
103670.0,0.1007
103675.0,-0.2619
103680.0,-0.0806
103685.0,-0.2518
103690.0,-0.2820
103695.0,-0.6748
103700.0,-0.6648
103705.0,-0.6547
103710.0,-0.5137
103715.0,-0.9367
103720.0,-0.7957
103725.0,-1.0475
103730.0,-0.5640
103735.0,-0.4835
103740.0,-0.0705
103745.0,-0.2216
103750.0,-0.1108
103755.0,-0.2014
103760.0,-0.1209
103765.0,0.0403
103770.0,0.0403
103775.0,-0.0604
103780.0,-0.0806
103785.0,0.0000
103790.0,0.0906
103795.0,-0.1209
103800.0,0.1813
103805.0,-0.1813
103810.0,-0.1712
103815.0,-0.1813
103820.0,-0.0604
103825.0,0.1612
103830.0,-0.0806
103835.0,-0.1108
103840.0,0.1511
103845.0,-0.0906
103850.0,-0.0201
103855.0,-0.5237
103860.0,-0.2014
103865.0,-0.2518
103870.0,-0.1410
103875.0,-0.1108
103880.0,0.0504
103885.0,-0.0302
103890.0,-0.0806
103895.0,0.0604
103900.0,0.0302
103905.0,-0.1007
103910.0,0.1309
103915.0,-0.4029
103920.0,0.0705
103925.0,-0.0201
103930.0,-0.0201
103935.0,0.0504
103940.0,-0.0101
103945.0,-0.0604
103950.0,0.0101
103955.0,-0.0403
103960.0,0.0806
103965.0,-0.0403
103970.0,-0.0201
103975.0,-0.0604
103980.0,-0.0201
103985.0,-0.2921
103990.0,-0.3727
103995.0,-0.8360
104000.0,-0.6547
104005.0,-0.7151
104010.0,-0.6043
104015.0,-1.0676
104020.0,-0.6748
104025.0,-0.9971
104030.0,-0.5439
104035.0,-0.4633
104040.0,-0.0504
104045.0,-0.2820
104050.0,0.0906
104055.0,-0.1712
104060.0,-0.0705
104065.0,0.0403
104070.0,0.0302
104075.0,0.0806
104080.0,0.0201
104085.0,-0.1914
104090.0,-0.0403
104095.0,-0.0201
104100.0,0.1007
104105.0,-0.0806
104110.0,0.0604
104115.0,-0.2619
104120.0,0.0504
104125.0,0.0000
104130.0,-0.0201
104135.0,0.1612
104140.0,0.0000
104145.0,-0.2317
104150.0,-0.2417
104155.0,-0.2317
104160.0,-0.0101
104165.0,-0.2820
104170.0,-0.1108
104175.0,-0.1914
104180.0,0.0504
104185.0,0.0000
104190.0,0.0604
104195.0,0.1209
104200.0,-0.0302
104205.0,-0.2719
104210.0,-0.0302
104215.0,-0.1209
104220.0,0.1108
104225.0,-0.0101
104230.0,-0.0201
104235.0,-0.1309
104240.0,0.0504
104245.0,-0.0403
104250.0,0.0302
104255.0,-0.0101
104260.0,-0.1309
104265.0,-0.1410
104270.0,-0.0403
104275.0,-0.2417
104280.0,0.0403
104285.0,-0.4029
104290.0,-0.6345
104295.0,-0.8360
104300.0,-0.4734
104305.0,-0.5540
104310.0,-0.5439
104315.0,-1.1079
104320.0,-0.7453
104325.0,-0.7050
104330.0,-0.3324
104335.0,-0.2417
104340.0,-0.2820
104345.0,-0.2820
104350.0,0.1410
104355.0,-0.1914
104360.0,0.1309
104365.0,-0.1309
104370.0,-0.1410
104375.0,0.0806
104380.0,-0.0201
104385.0,0.0604
104390.0,0.0806
104395.0,-0.0604
104400.0,-0.1511
104405.0,-0.2417
104410.0,0.0604
104415.0,-0.1712
104420.0,0.2417
104425.0,-0.1410
104430.0,-0.1209
104435.0,0.1007
104440.0,-0.0604
104445.0,-0.0201
104450.0,-0.2518
104455.0,-0.2820
104460.0,-0.3626
104465.0,-0.3626
104470.0,0.0302
104475.0,-0.1511
104480.0,0.0403
104485.0,-0.1612
104490.0,-0.0403
104495.0,0.0504
104500.0,0.0000
104505.0,0.0705
104510.0,-0.0806
104515.0,-0.2014
104520.0,0.0906
104525.0,-0.0906
104530.0,0.0906
104535.0,0.0101
104540.0,-0.0302
104545.0,-0.1914
104550.0,0.0302
104555.0,-0.0201
104560.0,0.1712
104565.0,-0.0403
104570.0,-0.0806
104575.0,-0.1108
104580.0,-0.0604
104585.0,-0.4230
104590.0,-0.4532
104595.0,-0.9568
104600.0,-0.6144
104605.0,-0.7252
104610.0,-0.8561
104615.0,-1.0273
104620.0,-0.6648
104625.0,-0.8058
104630.0,-0.3022
104635.0,-0.1813
104640.0,-0.1410
104645.0,-0.0201
104650.0,-0.0906
104655.0,-0.1511
104660.0,0.1108
104665.0,-0.1612
104670.0,0.1410
104675.0,-0.1712
104680.0,-0.1511
104685.0,-0.0101
104690.0,-0.0302
104695.0,0.0101
104700.0,0.0806
104705.0,-0.1813
104710.0,0.0101
104715.0,-0.0906
104720.0,0.1209
104725.0,-0.0403
104730.0,-0.0403
104735.0,-0.2014
104740.0,0.0806
104745.0,-0.1813
104750.0,-0.3324
104755.0,-0.2619
104760.0,-0.4532
104765.0,-0.1914
104770.0,-0.1007
104775.0,-0.1108
104780.0,0.0806
104785.0,-0.2518
104790.0,0.0302
104795.0,-0.1007
104800.0,-0.0906
104805.0,-0.1511
104810.0,-0.1410
104815.0,-0.0806
104820.0,0.0705
104825.0,-0.0302
104830.0,-0.0302
104835.0,-0.1813
104840.0,0.0403
104845.0,0.0101
104850.0,0.1410
104855.0,-0.1612
104860.0,0.0403
104865.0,-0.1410
104870.0,-0.0604
104875.0,0.0403
104880.0,-0.1108
104885.0,-0.4935
104890.0,-0.6345
104895.0,-0.9065
104900.0,-0.5237
104905.0,-0.6849
104910.0,-0.6950
104915.0,-0.9770
104920.0,-0.6547
104925.0,-0.4734
104930.0,-0.2820
104935.0,-0.1914
104940.0,-0.2820
104945.0,0.0000
104950.0,0.0201
104955.0,-0.2115
104960.0,-0.1007
104965.0,-0.2317
104970.0,0.1309
104975.0,-0.3626
104980.0,-0.1511
104985.0,-0.3525
104990.0,-0.2317
104995.0,-0.1007
105000.0,-0.3727
105005.0,-0.2921
105010.0,-0.2719
105015.0,-0.1813
105020.0,-0.1309
105025.0,-0.2619
105030.0,0.0101
105035.0,-0.2115
105040.0,-0.0705
105045.0,-0.4633
105050.0,-0.3827
105055.0,-0.4029
105060.0,-0.4029
105065.0,0.0806
105070.0,-0.0302
105075.0,0.0101
105080.0,0.0806
105085.0,-0.0906
105090.0,0.0302
105095.0,0.0000
105100.0,-0.0101
105105.0,-0.1813
105110.0,-0.0403
105115.0,0.0403
105120.0,-0.1309
105125.0,-0.0302
105130.0,0.0705
105135.0,-0.0302
105140.0,0.1209
105145.0,-0.2014
105150.0,0.0000
105155.0,-0.3022
105160.0,0.0000
105165.0,-0.0604
105170.0,-0.0504
105175.0,-0.3324
105180.0,-0.4029
105185.0,-0.7856
105190.0,-0.5640
105195.0,-0.7151
105200.0,-0.7252
105205.0,-0.9266
105210.0,-0.6849
105215.0,-0.9971
105220.0,-0.6245
105225.0,-0.6144
105230.0,-0.1007
105235.0,-0.3727
105240.0,-0.2115
105245.0,-0.0201
105250.0,0.0403
105255.0,-0.1007
105260.0,-0.0806
105265.0,0.1108
105270.0,0.0504
105275.0,-0.0504
105280.0,0.1108
105285.0,-0.0705
105290.0,0.0906
105295.0,-0.2115
105300.0,-0.1511
105305.0,-0.1914
105310.0,-0.1007
105315.0,0.1108
105320.0,-0.0604
105325.0,-0.0906
105330.0,0.1410
105335.0,-0.0504
105340.0,0.0000
105345.0,-0.3626
105350.0,-0.1612
105355.0,-0.4130
105360.0,-0.1914
105365.0,-0.0604
105370.0,0.0201
105375.0,0.1612
105380.0,-0.1309
105385.0,-0.0906
105390.0,0.0201
105395.0,-0.1914
105400.0,0.1712
105405.0,-0.3122
105410.0,-0.0201
105415.0,-0.1007
105420.0,0.0705
105425.0,-0.0604
105430.0,0.0101
105435.0,0.0806
105440.0,-0.1209
105445.0,-0.1108
105450.0,0.0806
105455.0,-0.1813
105460.0,0.1511
105465.0,-0.1612
105470.0,-0.1108
105475.0,-0.2014
105480.0,-0.2921
105485.0,-0.7353
105490.0,-0.4532
105495.0,-0.6446
105500.0,-0.5842
105505.0,-0.9770
105510.0,-0.7353
105515.0,-0.8058
105520.0,-0.4935
105525.0,-0.5540
105530.0,-0.1410
105535.0,-0.3122
105540.0,-0.0201
105545.0,-0.1410
105550.0,-0.1209
105555.0,0.0604
105560.0,-0.0504
105565.0,0.0302
105570.0,0.0403
105575.0,-0.0806
105580.0,-0.1914
105585.0,-0.1712
105590.0,0.1309
105595.0,-0.2014
105600.0,0.1209
105605.0,-0.1612
105610.0,-0.1209
105615.0,0.0806
105620.0,-0.0302
105625.0,0.0705
105630.0,0.0906
105635.0,-0.2216
105640.0,-0.2317
105645.0,-0.1712
105650.0,0.0201
105655.0,-0.2619
105660.0,-0.1007
105665.0,0.0000
105670.0,0.0504
105675.0,0.0000
105680.0,0.0806
105685.0,0.1914
105690.0,-0.0906
105695.0,-0.2417
105700.0,0.0201
105705.0,-0.1712
105710.0,0.1007
105715.0,-0.1007
105720.0,0.0201
105725.0,-0.2317
105730.0,0.0906
105735.0,-0.0302
105740.0,0.0302
105745.0,0.1309
105750.0,-0.0201
105755.0,-0.1108
105760.0,-0.0302
105765.0,-0.2317
105770.0,0.0101
105775.0,-0.4331
105780.0,-0.5942
105785.0,-0.8863
105790.0,-0.5942
105795.0,-0.5842
105800.0,-0.6950
105805.0,-1.1079
105810.0,-0.7353
105815.0,-0.6748
105820.0,-0.2317
105825.0,-0.2014
105830.0,-0.2921
105835.0,-0.3022
105840.0,0.1108
105845.0,-0.2216
105850.0,0.0705
105855.0,-0.0403
105860.0,-0.1813
105865.0,0.0302
105870.0,-0.0302
105875.0,0.0000
105880.0,0.0201
105885.0,0.0201
105890.0,-0.0906
105895.0,-0.2014
105900.0,0.1209
105905.0,-0.2216
105910.0,0.0906
105915.0,-0.0504
105920.0,-0.1511
105925.0,-0.0403
105930.0,0.0705
105935.0,-0.0302
105940.0,-0.2619
105945.0,-0.1309
105950.0,-0.3827
105955.0,-0.3727
105960.0,-0.0101
105965.0,-0.2921
105970.0,0.0604
105975.0,-0.1309
105980.0,-0.1309
105985.0,0.1712
105990.0,0.0504
105995.0,0.0806
106000.0,-0.1108
106005.0,-0.1813
106010.0,0.0604
106015.0,-0.1410
106020.0,0.0906
106025.0,-0.1612
106030.0,0.0101
106035.0,-0.1410
106040.0,0.0906
106045.0,0.0201
106050.0,0.0906
106055.0,-0.0101
106060.0,-0.1612
106065.0,-0.0906
106070.0,-0.1108
106075.0,-0.5842
106080.0,-0.4935
106085.0,-0.8360
106090.0,-0.7252
106095.0,-0.7856
106100.0,-0.8460
106105.0,-1.1079
106110.0,-0.6345
106115.0,-0.8058
106120.0,-0.4633
106125.0,-0.1108
106130.0,-0.1511
106135.0,-0.2216
106140.0,-0.0201
106145.0,-0.1511
106150.0,0.0201
106155.0,-0.1612
106160.0,0.1007
106165.0,-0.0604
106170.0,-0.0201
106175.0,-0.0906
106180.0,0.1813
106185.0,0.0806
106190.0,0.0806
106195.0,-0.1712
106200.0,-0.1511
106205.0,-0.0201
106210.0,0.1007
106215.0,-0.1309
106220.0,0.1209
106225.0,-0.1612
106230.0,-0.0806
106235.0,-0.1511
106240.0,-0.3827
106245.0,-0.0806
106250.0,-0.4029
106255.0,-0.3525
106260.0,-0.0604
106265.0,-0.1309
106270.0,0.0604
106275.0,-0.1209
106280.0,0.1209
106285.0,-0.1309
106290.0,-0.1209
106295.0,-0.0201
106300.0,-0.0201
106305.0,0.0806
106310.0,-0.0201
106315.0,-0.1309
106320.0,0.0403
106325.0,-0.0302
106330.0,0.0906
106335.0,-0.1511
106340.0,0.1612
106345.0,-0.1813
106350.0,-0.0705
106355.0,0.0302
106360.0,0.0101
106365.0,-0.0201
106370.0,-0.2417
106375.0,-0.6547
106380.0,-0.5338
106385.0,-0.8460
106390.0,-0.6345
106395.0,-0.7856
106400.0,-0.9165
106405.0,-1.1281
106410.0,-0.6144
106415.0,-0.5842
106420.0,-0.3223
106425.0,-0.2216
106430.0,-0.2317
106435.0,-0.1007
106440.0,0.1209
106445.0,-0.0101
106450.0,0.1410
106455.0,-0.0705
106460.0,0.2115
106465.0,-0.1309
106470.0,0.0604
106475.0,-0.0604
106480.0,-0.0504
106485.0,-0.0806
106490.0,-0.0806
106495.0,-0.0504
106500.0,0.0101
106505.0,0.0806
106510.0,-0.1007
106515.0,-0.2216
106520.0,0.0806
106525.0,-0.2417
106530.0,0.0201
106535.0,-0.3223
106540.0,-0.2417
106545.0,-0.3626
106550.0,-0.3424
106555.0,0.0000
106560.0,-0.0201
106565.0,0.0806
106570.0,-0.0403
106575.0,-0.2216
106580.0,0.2518
106585.0,-0.0806
106590.0,0.0000
106595.0,-0.1309
106600.0,-0.1108
106605.0,0.0101
106610.0,0.0101
106615.0,0.0504
106620.0,0.0403
106625.0,-0.0705
106630.0,-0.0806
106635.0,-0.2216
106640.0,0.1612
106645.0,-0.1612
106650.0,0.0604
106655.0,-0.1309
106660.0,-0.1410
106665.0,-0.3827
106670.0,-0.2719
106675.0,-0.7453
106680.0,-0.5842
106685.0,-0.4935
106690.0,-0.6950
106695.0,-1.0173
106700.0,-0.7453
106705.0,-0.9971
106710.0,-0.5237
106715.0,-0.3626
106720.0,-0.1007
106725.0,-0.4029
106730.0,-0.1108
106735.0,-0.0201
106740.0,0.0000
106745.0,0.1108
106750.0,-0.0201
106755.0,-0.1108
106760.0,0.0000
106765.0,-0.0604
106770.0,0.0906
106775.0,-0.0906
106780.0,0.0201
106785.0,-0.2216
106790.0,-0.1914
106795.0,-0.1712
106800.0,-0.0806
106805.0,0.1209
106810.0,-0.1108
106815.0,-0.0906
106820.0,0.1410
106825.0,-0.1309
106830.0,0.0101
106835.0,-0.4230
106840.0,-0.1813
106845.0,-0.3928
106850.0,-0.1209
106855.0,-0.1612
106860.0,-0.0101
106865.0,0.0705
106870.0,-0.0604
106875.0,-0.1007
106880.0,0.0806
106885.0,-0.1712
106890.0,0.0604
106895.0,-0.1813
106900.0,0.0000
106905.0,-0.1007
106910.0,0.0806
106915.0,-0.0604
106920.0,-0.0302
106925.0,0.0806
106930.0,-0.0705
106935.0,-0.1813
106940.0,-0.0302
106945.0,-0.1209
106950.0,0.1007
106955.0,-0.0806
106960.0,-0.1108
106965.0,-0.3525
106970.0,-0.3424
106975.0,-0.8158
106980.0,-0.6144
106985.0,-0.6446
106990.0,-0.6950
106995.0,-1.1885
107000.0,-0.8460
107005.0,-0.8763
107010.0,-0.4835
107015.0,-0.4432
107020.0,-0.0906
107025.0,-0.4532
107030.0,0.1007
107035.0,-0.1914
107040.0,-0.0906
107045.0,0.0806
107050.0,-0.0201
107055.0,-0.0302
107060.0,0.0403
107065.0,-0.0604
107070.0,-0.0201
107075.0,0.1712
107080.0,0.0101
107085.0,-0.3324
107090.0,0.0201
107095.0,-0.1612
107100.0,-0.0906
107105.0,0.0906
107110.0,-0.0705
107115.0,-0.0504
107120.0,-0.0201
107125.0,-0.1612
107130.0,-0.2719
107135.0,-0.1410
107140.0,-0.1914
107145.0,-0.5237
107150.0,-0.0101
107155.0,-0.0705
107160.0,0.0504
107165.0,0.0604
107170.0,-0.0504
107175.0,0.1410
107180.0,0.0201
107185.0,-0.0705
107190.0,0.0806
107195.0,-0.2317
107200.0,0.0504
107205.0,-0.1712
107210.0,0.0806
107215.0,-0.0806
107220.0,0.0403
107225.0,-0.0705
107230.0,-0.0806
107235.0,0.0906
107240.0,-0.0101
107245.0,-0.1309
107250.0,0.0604
107255.0,-0.2317
107260.0,-0.1410
107265.0,-0.4532
107270.0,-0.4734
107275.0,-0.7655
107280.0,-0.4532
107285.0,-0.6849
107290.0,-0.7353
107295.0,-1.0576
107300.0,-0.8158
107305.0,-0.7755
107310.0,-0.3022
107315.0,-0.4532
107320.0,-0.2921
107325.0,-0.3022
107330.0,0.1007
107335.0,-0.1612
107340.0,0.1612
107345.0,-0.1108
107350.0,-0.1209
107355.0,-0.0906
107360.0,0.1209
107365.0,0.0302
107370.0,0.0201
107375.0,0.0302
107380.0,-0.0806
107385.0,-0.1108
107390.0,0.0806
107395.0,-0.1914
107400.0,0.2619
107405.0,-0.1309
107410.0,-0.1612
107415.0,0.1209
107420.0,-0.0302
107425.0,-0.0101
107430.0,-0.2317
107435.0,-0.2518
107440.0,-0.4532
107445.0,-0.4029
107450.0,0.0000
107455.0,-0.2417
107460.0,0.1511
107465.0,-0.0906
107470.0,-0.1813
107475.0,-0.0705
107480.0,0.0201
107485.0,-0.0101
107490.0,-0.1007
107495.0,-0.1007
107500.0,0.0000
107505.0,-0.1108
107510.0,0.1007
107515.0,-0.1914
107520.0,0.1007
107525.0,-0.2518
107530.0,-0.1712
107535.0,0.1007
107540.0,0.0604
107545.0,0.1712
107550.0,-0.1309
107555.0,-0.1209
107560.0,-0.0604
107565.0,-0.4633
107570.0,-0.4331
107575.0,-0.8662
107580.0,-0.7252
107585.0,-0.7655
107590.0,-0.9266
107595.0,-1.0777
107600.0,-0.6446
107605.0,-0.8158
107610.0,-0.2921
107615.0,-0.2115
107620.0,-0.1108
107625.0,-0.2115
107630.0,-0.1511
107635.0,-0.0906
107640.0,0.1007
107645.0,-0.0906
107650.0,0.0504
107655.0,-0.1914
107660.0,-0.0504
107665.0,0.0000
107670.0,-0.0705
107675.0,0.0101
107680.0,0.0101
107685.0,-0.2619
107690.0,-0.0201
107695.0,-0.0604
107700.0,0.0604
107705.0,-0.1410
107710.0,0.1108
107715.0,-0.2216
107720.0,-0.0806
107725.0,-0.2216
107730.0,-0.4532
107735.0,-0.1511
107740.0,-0.4532
107745.0,-0.3827
107750.0,-0.0403
107755.0,-0.0906
107760.0,0.0906
107765.0,-0.1410
107770.0,0.0705
107775.0,-0.1712
107780.0,-0.0504
107785.0,-0.1209
107790.0,-0.0201
107795.0,0.0604
107800.0,-0.0302
107805.0,-0.1712
107810.0,0.0403
107815.0,-0.1108
107820.0,0.0604
107825.0,-0.1511
107830.0,0.1007
107835.0,-0.1813
107840.0,-0.0906
107845.0,-0.1108
107850.0,0.0101
107855.0,0.0201
107860.0,-0.2518
107865.0,-0.7050
107870.0,-0.6345
107875.0,-0.8360
107880.0,-0.5842
107885.0,-0.7353
107890.0,-0.8964
107895.0,-1.0273
107900.0,-0.6648
107905.0,-0.6144
107910.0,-0.3022
107915.0,-0.2518
107920.0,-0.3122
107925.0,-0.1309
107930.0,0.0806
107935.0,-0.0403
107940.0,0.0806
107945.0,-0.0302
107950.0,0.0201
107955.0,0.0403
107960.0,0.0705
107965.0,-0.0302
107970.0,0.1007
107975.0,-0.0705
107980.0,-0.2115
107985.0,-0.0705
107990.0,0.0000
107995.0,-0.1712
108000.0,-0.0906
108005.0,0.0705
108010.0,0.0806
108015.0,-0.1914
108020.0,0.0806
108025.0,-0.3928
108030.0,-0.3223
108035.0,-0.2719
108040.0,-0.3324
108045.0,-0.0906
108050.0,0.0806
108055.0,-0.1712
108060.0,-0.0705
108065.0,0.0101
108070.0,0.0604
108075.0,-0.1410
108080.0,0.0403
108085.0,-0.3223
108090.0,-0.0403
108095.0,0.0201
108100.0,0.0806
108105.0,0.0504
108110.0,0.1108
108115.0,-0.1712
108120.0,-0.1007
108125.0,0.0504
108130.0,0.1108
108135.0,-0.1108
108140.0,0.0604
108145.0,-0.2417
108150.0,-0.1007
108155.0,-0.3022
108160.0,-0.3223
108165.0,-0.6950
108170.0,-0.6245
108175.0,-0.7050
108180.0,-0.4935
108185.0,-0.9770
108190.0,-0.8863
108195.0,-0.9669
108200.0,-0.5942
108205.0,-0.4935
108210.0,0.0201
108215.0,-0.2619
108220.0,-0.0504
108225.0,0.0504
108230.0,-0.0705
108235.0,-0.0403
108240.0,0.0101
108245.0,-0.0101
108250.0,0.0604
108255.0,0.0906
108260.0,0.0302
108265.0,-0.0604
108270.0,0.1007
108275.0,-0.1511
108280.0,-0.0906
108285.0,-0.2115
108290.0,-0.2014
108295.0,0.0504
108300.0,0.0403
108305.0,-0.0403
108310.0,0.1410
108315.0,-0.1410
108320.0,-0.1410
108325.0,-0.5036
108330.0,-0.0101
108335.0,-0.3324
108340.0,-0.2216
108345.0,-0.0806
108350.0,-0.1309
108355.0,0.1007
108360.0,0.0101
108365.0,-0.0403
108370.0,0.0302
108375.0,-0.2619
108380.0,0.0604
108385.0,-0.3626
108390.0,0.0806
108395.0,0.0302
108400.0,-0.0403
108405.0,-0.1712
108410.0,0.1108
108415.0,-0.0101
108420.0,-0.0302
108425.0,-0.1712
108430.0,-0.0705
108435.0,-0.3022
108440.0,0.0403
108445.0,-0.0705
108450.0,0.0101
108455.0,-0.1007
108460.0,-0.4633
108465.0,-0.7755
108470.0,-0.6547
108475.0,-0.6748
108480.0,-0.6547
108485.0,-1.1986
108490.0,-0.8158
108495.0,-0.9266
108500.0,-0.4935
108505.0,-0.4230
108510.0,-0.1209
108515.0,-0.4432
108520.0,0.0403
108525.0,-0.1410
108530.0,-0.0504
108535.0,0.0201
108540.0,0.0000
108545.0,-0.0705
108550.0,0.0806
108555.0,-0.0504
108560.0,-0.0906
108565.0,-0.0302
108570.0,0.0403
108575.0,-0.3122
108580.0,0.0504
108585.0,-0.1108
108590.0,-0.0705
108595.0,0.0705
108600.0,-0.0604
108605.0,-0.0806
108610.0,0.0604
108615.0,-0.1209
108620.0,-0.2417
108625.0,-0.2417
108630.0,-0.1309
108635.0,-0.5439
108640.0,-0.0302
108645.0,-0.0101
108650.0,-0.0201
108655.0,0.1007
108660.0,-0.0201
108665.0,0.0504
108670.0,0.0403
108675.0,-0.1108
108680.0,0.0403
108685.0,-0.1712
108690.0,0.0302
108695.0,-0.2216
108700.0,0.0906
108705.0,-0.0906
108710.0,-0.0806
108715.0,-0.0806
108720.0,0.1511
108725.0,0.0403
108730.0,-0.0302
108735.0,-0.0604
108740.0,0.0302
108745.0,-0.2719
108750.0,-0.1712
108755.0,-0.3324
108760.0,-0.4835
108765.0,-0.7453
108770.0,-0.5338
108775.0,-0.6950
108780.0,-0.7252
108785.0,-1.0173
108790.0,-0.7755
108795.0,-0.7353
108800.0,-0.3525
108805.0,-0.4432
108810.0,-0.1410
108815.0,-0.1813
108820.0,0.0504
108825.0,-0.1209
108830.0,0.0101
108835.0,-0.1612
108840.0,-0.0403
108845.0,0.0302
108850.0,-0.0302
108855.0,0.0403
108860.0,-0.0906
108865.0,0.0504
108870.0,0.0302
108875.0,-0.1612
108880.0,0.0806
108885.0,-0.2317
108890.0,-0.0504
108895.0,-0.1309
108900.0,0.0705
108905.0,-0.0101
108910.0,-0.0201
108915.0,-0.0101
108920.0,-0.3424
108925.0,-0.1612
108930.0,-0.3525
108935.0,-0.4130
108940.0,0.0705
108945.0,-0.2115
108950.0,-0.0403
108955.0,-0.0201
108960.0,0.0403
108965.0,0.0201
108970.0,0.1612
108975.0,-0.0705
108980.0,-0.0604
108985.0,0.0604
108990.0,-0.0101
108995.0,-0.1209
109000.0,0.0806
109005.0,-0.3022
109010.0,0.0705
109015.0,-0.0403
109020.0,-0.0201
109025.0,0.0705
109030.0,0.0201
109035.0,-0.0705
109040.0,-0.1209
109045.0,-0.0806
109050.0,-0.1209
109055.0,-0.5237
109060.0,-0.5237
109065.0,-0.9367
109070.0,-0.6043
109075.0,-0.7151
109080.0,-0.8460
109085.0,-1.0475
109090.0,-0.7353
109095.0,-0.8058
109100.0,-0.3626
109105.0,-0.1914
109110.0,-0.1410
109115.0,-0.0806
109120.0,-0.0806
109125.0,-0.1410
109130.0,0.1108
109135.0,-0.1914
109140.0,0.1309
109145.0,-0.1108
109150.0,-0.1410
109155.0,-0.0302
109160.0,-0.0403
109165.0,0.0604
109170.0,0.1108
109175.0,-0.1712
109180.0,-0.0906
109185.0,0.0302
109190.0,0.0806
109195.0,-0.1914
109200.0,0.1410
109205.0,-0.1914
109210.0,-0.1108
109215.0,-0.1612
109220.0,-0.3727
109225.0,-0.0201
109230.0,-0.4734
109235.0,-0.3324
109240.0,0.0201
109245.0,-0.1309
109250.0,0.1108
109255.0,-0.1108
109260.0,0.0101
109265.0,-0.0302
109270.0,0.0000
109275.0,-0.1612
109280.0,0.0705
109285.0,-0.1209
109290.0,-0.1108
109295.0,0.0806
109300.0,0.0000
109305.0,-0.0705
109310.0,0.1007
109315.0,-0.2518
109320.0,0.1309
109325.0,-0.1410
109330.0,-0.0302
109335.0,0.0604
109340.0,-0.0504
109345.0,-0.2014
109350.0,-0.1914
109355.0,-0.6446
109360.0,-0.6144
109365.0,-0.7353
109370.0,-0.6748
109375.0,-0.8561
109380.0,-0.7957
109385.0,-1.0978
109390.0,-0.6547
109395.0,-0.5237
109400.0,-0.4029
109405.0,-0.2115
109410.0,-0.1410
109415.0,0.0000
109420.0,0.2014
109425.0,-0.1511
109430.0,-0.1108
109435.0,0.0302
109440.0,0.1007
109445.0,-0.1511
109450.0,0.0806
109455.0,-0.1410
109460.0,0.0000
109465.0,0.0504
109470.0,-0.1511
109475.0,0.0201
109480.0,-0.0705
109485.0,-0.1712
109490.0,-0.0101
109495.0,-0.0201
109500.0,0.0705
109505.0,-0.1309
109510.0,0.0504
109515.0,-0.4432
109520.0,-0.1511
109525.0,-0.2417
109530.0,-0.3424
109535.0,-0.0302
109540.0,-0.1309
109545.0,-0.1209
109550.0,0.1209
109555.0,-0.0806
109560.0,0.1511
109565.0,-0.1914
109570.0,-0.1309
109575.0,-0.0806
109580.0,-0.0101
109585.0,-0.0403
109590.0,0.1511
109595.0,0.0302
109600.0,-0.1309
109605.0,-0.0906
109610.0,0.0504
109615.0,-0.0201
109620.0,0.1007
109625.0,-0.2518
109630.0,0.1612
109635.0,-0.1007
109640.0,-0.1007
109645.0,-0.1612
109650.0,-0.3324
109655.0,-0.6345
109660.0,-0.3626
109665.0,-0.6245
109670.0,-0.6849
109675.0,-0.9266
109680.0,-0.9367
109685.0,-1.0475
109690.0,-0.5640
109695.0,-0.4532
109700.0,-0.1813
109705.0,-0.2014
109710.0,0.0403
109715.0,0.0101
109720.0,0.0000
109725.0,-0.1108
109730.0,-0.0201
109735.0,0.1209
109740.0,0.1108
109745.0,0.1712
109750.0,0.0906
109755.0,-0.1712
109760.0,0.1309
109765.0,-0.0403
109770.0,-0.1410
109775.0,-0.2417
109780.0,0.0201
109785.0,0.0504
109790.0,-0.0403
109795.0,0.0201
109800.0,0.0806
109805.0,0.0403
109810.0,-0.0604
109815.0,-0.2317
109820.0,-0.0504
109825.0,-0.1712
109830.0,-0.2115
109835.0,-0.1309
109840.0,0.0504
109845.0,0.0705
109850.0,0.0000
109855.0,0.0101
109860.0,-0.0705
109865.0,-0.2518
109870.0,0.1309
109875.0,-0.3324
109880.0,0.1007
109885.0,-0.0806
109890.0,-0.1108
109895.0,0.0101
109900.0,0.0504
109905.0,0.0504
109910.0,0.1007
109915.0,-0.1108
109920.0,-0.0403
109925.0,-0.0504
109930.0,0.1108
109935.0,-0.1007
109940.0,-0.0906
109945.0,-0.3626
109950.0,-0.4130
109955.0,-0.7655
109960.0,-0.6043
109965.0,-0.6345
109970.0,-0.6446
109975.0,-1.0576
109980.0,-0.7856
109985.0,-0.9468
109990.0,-0.4331
109995.0,-0.5137
110000.0,-0.2014
110005.0,-0.3827
110010.0,0.1007
110015.0,-0.1410
110020.0,0.1007
110025.0,-0.0604
110030.0,0.0806
110035.0,0.0705
110040.0,0.0302
110045.0,0.0906
110050.0,-0.1007
110055.0,-0.2014
110060.0,0.0101
110065.0,-0.1914
110070.0,0.0705
110075.0,-0.0302
110080.0,-0.1007
110085.0,-0.0906
110090.0,0.0403
110095.0,0.0302
110100.0,-0.0604
110105.0,-0.1309
110110.0,-0.1813
110115.0,-0.3626
110120.0,-0.1712
110125.0,-0.4432
110130.0,0.0302
110135.0,-0.0403
110140.0,0.0604
110145.0,-0.0302
110150.0,-0.0504
110155.0,0.0201
110160.0,0.0705
110165.0,-0.1309
110170.0,-0.0101
110175.0,-0.1309
110180.0,0.0302
110185.0,-0.1309
110190.0,0.0806
110195.0,-0.0906
110200.0,0.0201
110205.0,-0.0705
110210.0,-0.0705
110215.0,-0.0101
110220.0,0.1007
110225.0,-0.0906
110230.0,-0.0302
110235.0,-0.1511
110240.0,-0.1007
110245.0,-0.3122
110250.0,-0.5237
110255.0,-0.8360
110260.0,-0.5338
110265.0,-0.6547
110270.0,-0.7353
110275.0,-1.0475
110280.0,-0.7755
110285.0,-0.7353
110290.0,-0.3324
110295.0,-0.3525
110300.0,-0.2619
110305.0,-0.2014
110310.0,0.1108
110315.0,-0.1813
110320.0,0.1511
110325.0,-0.1209
110330.0,-0.1209
110335.0,0.1209
110340.0,0.0101
110345.0,0.1108
110350.0,-0.0403
110355.0,-0.1712
110360.0,0.0806
110365.0,-0.1712
110370.0,0.0302
110375.0,-0.1410
110380.0,0.0604
110385.0,-0.0403
110390.0,0.0504
110395.0,0.0806
110400.0,0.0302
110405.0,-0.0906
110410.0,-0.1309
110415.0,-0.0906
110420.0,-0.2921
110425.0,-0.2317
110430.0,0.0101
110435.0,-0.2921
110440.0,0.0806
110445.0,0.0101
110450.0,0.1813
110455.0,-0.1914
110460.0,-0.1108
110465.0,-0.1108
110470.0,-0.1209
110475.0,-0.1309
110480.0,-0.0302
110485.0,0.0201
110490.0,0.0906
110495.0,-0.1108
110500.0,0.1511
110505.0,0.0302
110510.0,-0.1813
110515.0,-0.1612
110520.0,-0.0201
110525.0,0.1209
110530.0,0.1511
110535.0,-0.2719
110540.0,-0.1914
110545.0,-0.4935
110550.0,-0.3022
110555.0,-0.7151
110560.0,-0.4432
110565.0,-0.5540
110570.0,-0.7856
110575.0,-1.0777
110580.0,-0.6849
110585.0,-0.7252
110590.0,-0.3827
110595.0,-0.0806
110600.0,0.0000
110605.0,-0.1612
110610.0,-0.1309
110615.0,-0.1108
110620.0,0.1108
110625.0,-0.2014
110630.0,0.0705
110635.0,0.0000
110640.0,-0.0101
110645.0,-0.1511
110650.0,-0.0604
110655.0,0.0705
110660.0,0.0201
110665.0,0.0403
110670.0,-0.1209
110675.0,-0.2115
110680.0,-0.1108
110685.0,-0.2719
110690.0,0.0101
110695.0,-0.1612
110700.0,-0.1712
110705.0,-0.1813
110710.0,-0.2417
110715.0,-0.3324
110720.0,-0.5036
110725.0,-0.3424
110730.0,-0.2216
110735.0,-0.2417
110740.0,0.0000
110745.0,-0.0806
110750.0,0.1410
110755.0,-0.0403
110760.0,0.0101
110765.0,-0.1209
110770.0,-0.0403
110775.0,0.0403
110780.0,0.0201
110785.0,0.2115
110790.0,-0.0806
110795.0,-0.2719
110800.0,0.2115
110805.0,-0.0504
110810.0,0.1914
110815.0,-0.2216
110820.0,-0.0302
110825.0,-0.1511
110830.0,-0.0504
110835.0,0.0000
110840.0,-0.1209
110845.0,-0.7353
110850.0,-0.6245
110855.0,-0.8460
110860.0,-0.5036
110865.0,-0.7252
110870.0,-0.6345
110875.0,-0.8964
110880.0,-0.5640
110885.0,-0.4633
110890.0,-0.2417
110895.0,-0.3525
110900.0,-0.0201
110905.0,0.0806
110910.0,0.1007
110915.0,0.0806
110920.0,-0.2216
110925.0,-0.3122
110930.0,0.0201
110935.0,-0.0101
110940.0,0.2216
110945.0,-0.2014
110950.0,-0.1209
110955.0,0.0403
110960.0,-0.0906
110965.0,0.0403
110970.0,0.0101
110975.0,-0.2014
110980.0,-0.0101
110985.0,0.0604
110990.0,0.1209
110995.0,-0.1209
111000.0,-0.0604
111005.0,-0.2417
111010.0,-0.3122
111015.0,-0.2317
111020.0,-0.2921
111025.0,-0.1914
111030.0,-0.1209
111035.0,-0.1309
111040.0,-0.0101
111045.0,-0.0101
111050.0,0.0302
111055.0,-0.3223
111060.0,0.0504
111065.0,-0.2317
111070.0,-0.0504
111075.0,0.0504
111080.0,0.1007
111085.0,0.0906
111090.0,0.0201
111095.0,0.0604
111100.0,0.0403
111105.0,-0.1007
111110.0,0.1007
111115.0,-0.1612
111120.0,0.1511
111125.0,-0.1712
111130.0,0.0302
111135.0,-0.3324
111140.0,-0.3424
111145.0,-0.7554
111150.0,-0.6245
111155.0,-0.6849
111160.0,-0.6547
111165.0,-1.0576
111170.0,-0.8763
111175.0,-1.0173
111180.0,-0.5942
111185.0,-0.4734
111190.0,-0.0705
111195.0,-0.1914
111200.0,-0.1209
111205.0,0.0504
111210.0,0.0101
111215.0,0.1007
111220.0,0.2115
111225.0,0.1410
111230.0,0.0806
111235.0,0.0705
111240.0,0.1511
111245.0,-0.2014
111250.0,-0.0201
111255.0,0.0705
111260.0,-0.1511
111265.0,-0.1712
111270.0,0.1007
111275.0,0.0000
111280.0,0.0806
111285.0,0.0403
111290.0,0.0504
111295.0,0.0705
111300.0,-0.0806
111305.0,-0.5640
111310.0,-0.0906
111315.0,-0.3626
111320.0,-0.1612
111325.0,-0.1309
111330.0,-0.1007
111335.0,0.0705
111340.0,0.0302
111345.0,0.0000
111350.0,0.0906
111355.0,-0.1914
111360.0,-0.0403
111365.0,-0.3223
111370.0,0.1007
111375.0,-0.0302
111380.0,0.1309
111385.0,-0.1209
111390.0,0.0201
111395.0,0.0201
111400.0,-0.0201
111405.0,0.0201
111410.0,-0.0101
111415.0,-0.2216
111420.0,0.0705
111425.0,-0.2216
111430.0,0.1612
111435.0,-0.3525
111440.0,-0.4734
111445.0,-0.8158
111450.0,-0.5842
111455.0,-0.6446
111460.0,-0.6245
111465.0,-1.1986
111470.0,-0.7554
111475.0,-0.9266
111480.0,-0.3928
111485.0,-0.4331
111490.0,-0.1209
111495.0,-0.2619
111500.0,0.0604
111505.0,-0.2014
111510.0,0.0806
111515.0,-0.0705
111520.0,0.2115
111525.0,0.1007
111530.0,0.0604
111535.0,0.0604
111540.0,-0.0906
111545.0,-0.0604
111550.0,0.1108
111555.0,-0.2417
111560.0,0.0705
111565.0,-0.2014
111570.0,0.0201
111575.0,0.0504
111580.0,0.0302
111585.0,0.1410
111590.0,-0.0201
111595.0,-0.0906
111600.0,-0.1511
111605.0,-0.1914
111610.0,-0.0302
111615.0,-0.4432
111620.0,-0.1410
111625.0,-0.1410
111630.0,0.0302
111635.0,0.0000
111640.0,0.1410
111645.0,-0.0201
111650.0,-0.0201
111655.0,-0.0906
111660.0,-0.0101
111665.0,-0.1309
111670.0,0.1410
111675.0,-0.2518
111680.0,0.1108
111685.0,-0.1007
111690.0,-0.0101
111695.0,0.1007
111700.0,0.0504
111705.0,-0.0604
111710.0,0.1108
111715.0,-0.0302
111720.0,0.0000
111725.0,-0.1209
111730.0,-0.0705
111735.0,-0.3525
111740.0,-0.5640
111745.0,-0.8058
111750.0,-0.5842
111755.0,-0.4734
111760.0,-0.7554
111765.0,-1.1381
111770.0,-0.7957
111775.0,-0.7453
111780.0,-0.3626
111785.0,-0.2820
111790.0,-0.2518
111795.0,-0.1813
111800.0,0.0101
111805.0,-0.2417
111810.0,0.0906
111815.0,-0.0604
111820.0,-0.1309
111825.0,-0.0101
111830.0,0.0201
111835.0,0.0705
111840.0,0.0604
111845.0,-0.1712
111850.0,0.1007
111855.0,-0.1511
111860.0,0.0201
111865.0,-0.0504
111870.0,0.0504
111875.0,-0.1511
111880.0,-0.0906
111885.0,0.0604
111890.0,0.0000
111895.0,0.1511
111900.0,-0.2216
111905.0,-0.1309
111910.0,-0.0806
111915.0,-0.2619
111920.0,0.1209
111925.0,-0.0906
111930.0,-0.0504
111935.0,0.0705
111940.0,0.0504
111945.0,0.1410
111950.0,-0.0101
111955.0,-0.0504
111960.0,-0.0101
111965.0,-0.1108
111970.0,0.1108
111975.0,-0.0806
111980.0,0.0604
111985.0,-0.1309
111990.0,0.0302
111995.0,-0.0604
112000.0,0.0604
112005.0,-0.1108
112010.0,-0.0504
112015.0,0.0705
112020.0,-0.0302
112025.0,-0.1410
112030.0,0.0806
112035.0,-0.6547
112040.0,-0.6043
112045.0,-0.7655
112050.0,-0.6849
112055.0,-0.7856
112060.0,-0.9568
112065.0,-1.1381
112070.0,-0.7856
112075.0,-0.7453
112080.0,-0.3424
112085.0,-0.1813
112090.0,-0.0906
112095.0,-0.1511
112100.0,-0.1209
112105.0,0.0302
112110.0,0.0604
112115.0,-0.2014
112120.0,0.1712
112125.0,-0.1209
112130.0,-0.1108
112135.0,-0.1007
112140.0,-0.0504
112145.0,0.0906
112150.0,-0.0302
112155.0,-0.2719
112160.0,-0.0906
112165.0,-0.1309
112170.0,0.0504
112175.0,-0.1309
112180.0,0.0906
112185.0,-0.1712
112190.0,0.0000
112195.0,-0.2719
112200.0,-0.4633
112205.0,-0.0806
112210.0,-0.5338
112215.0,-0.3626
112220.0,-0.0201
112225.0,-0.1712
112230.0,0.1007
112235.0,-0.0806
112240.0,0.0201
112245.0,-0.1612
112250.0,0.0101
112255.0,-0.1309
112260.0,-0.0604
112265.0,0.0604
112270.0,-0.0101
112275.0,-0.0705
112280.0,0.0101
112285.0,-0.1712
112290.0,0.1712
112295.0,-0.2518
112300.0,-0.0403
112305.0,-0.0906
112310.0,-0.0604
112315.0,-0.0705
112320.0,-0.0604
112325.0,-0.1813
112330.0,-0.1712
112335.0,-0.7050
112340.0,-0.6144
112345.0,-0.7554
112350.0,-0.7252
112355.0,-0.8662
112360.0,-0.8964
112365.0,-1.0978
112370.0,-0.6547
112375.0,-0.5540
112380.0,-0.2518
112385.0,-0.2014
112390.0,-0.1309
112395.0,0.0101
112400.0,-0.0806
112405.0,-0.1410
112410.0,-0.0201
112415.0,-0.0806
112420.0,0.1108
112425.0,-0.1914
112430.0,-0.0403
112435.0,0.0302
112440.0,-0.0101
112445.0,-0.0504
112450.0,-0.0806
112455.0,-0.0806
112460.0,-0.0806
112465.0,-0.0806
112470.0,-0.0302
112475.0,-0.0504
112480.0,0.1712
112485.0,-0.2518
112490.0,0.1309
112495.0,-0.3525
112500.0,-0.2719
112505.0,-0.2719
112510.0,-0.3223
112515.0,-0.1007
112520.0,-0.1410
112525.0,-0.0705
112530.0,0.0403
112535.0,0.0705
112540.0,0.0604
112545.0,-0.2719
112550.0,-0.0302
112555.0,-0.1914
112560.0,-0.0705
112565.0,0.0604
112570.0,0.0604
112575.0,-0.0101
112580.0,-0.0403
112585.0,-0.0705
112590.0,0.0403
112595.0,0.0504
112600.0,-0.0101
112605.0,-0.2014
112610.0,0.1309
112615.0,-0.1410
112620.0,0.0302
112625.0,-0.3022
112630.0,-0.3022
112635.0,-0.7856
112640.0,-0.6043
112645.0,-0.5842
112650.0,-0.6345
112655.0,-1.0173
112660.0,-0.9065
112665.0,-0.9770
112670.0,-0.4532
112675.0,-0.5842
112680.0,-0.1712
112685.0,-0.2921
112690.0,-0.1108
112695.0,-0.0504
112700.0,0.0101
112705.0,-0.0604
112710.0,0.1108
112715.0,-0.0504
112720.0,0.0504
112725.0,0.1612
112730.0,-0.0302
112735.0,-0.2719
112740.0,0.1007
112745.0,-0.1410
112750.0,-0.1007
112755.0,-0.1007
112760.0,-0.1309
112765.0,0.1309
112770.0,0.0101
112775.0,-0.0101
112780.0,0.0403
112785.0,-0.1914
112790.0,-0.0302
112795.0,-0.3424
112800.0,-0.0504
112805.0,-0.2115
112810.0,-0.2216
112815.0,-0.1914
112820.0,0.1007
112825.0,0.0201
112830.0,0.0000
112835.0,-0.0403
112840.0,-0.0403
112845.0,-0.0806
112850.0,0.0705
112855.0,-0.3022
112860.0,0.0604
112865.0,-0.0101
112870.0,0.0906
112875.0,0.0101
112880.0,0.1511
112885.0,-0.0201
112890.0,0.0806
112895.0,-0.0604
112900.0,-0.0201
112905.0,-0.0705
112910.0,0.1108
112915.0,-0.2417
112920.0,0.0403
112925.0,-0.2115
112930.0,-0.3827
112935.0,-0.6849
112940.0,-0.6446
112945.0,-0.7252
112950.0,-0.6849
112955.0,-1.1784
112960.0,-0.8763
112965.0,-0.9065
112970.0,-0.5540
112975.0,-0.5137
112980.0,-0.1007
112985.0,-0.3525
112990.0,0.0705
112995.0,-0.1209
113000.0,-0.1410
113005.0,0.0000
113010.0,0.0504
113015.0,0.0000
113020.0,0.0604
113025.0,-0.0604
113030.0,-0.1813
113035.0,0.0201
113040.0,0.0806
113045.0,-0.1712
113050.0,0.1712
113055.0,-0.1712
113060.0,-0.0403
113065.0,0.0000
113070.0,-0.0302
113075.0,-0.0302
113080.0,-0.1108
113085.0,-0.1108
113090.0,-0.2014
113095.0,-0.2719
113100.0,0.0302
113105.0,-0.4835
113110.0,-0.0101
113115.0,-0.1309
113120.0,0.0806
113125.0,0.0705
113130.0,-0.0403
113135.0,0.0302
113140.0,-0.0201
113145.0,-0.1511
113150.0,0.0504
113155.0,-0.1612
113160.0,0.1108
113165.0,-0.2317
113170.0,0.0705
113175.0,-0.1511
113180.0,0.1108
113185.0,-0.1108
113190.0,-0.0705
113195.0,0.0906
113200.0,0.0101
113205.0,-0.0201
113210.0,0.0101
113215.0,-0.2719
113220.0,0.0906
113225.0,-0.4230
113230.0,-0.5741
113235.0,-0.8360
113240.0,-0.6748
113245.0,-0.7050
113250.0,-0.7151
113255.0,-1.1281
113260.0,-0.8158
113265.0,-0.7453
113270.0,-0.3324
113275.0,-0.4432
113280.0,-0.0201
113285.0,-0.2518
113290.0,0.0403
113295.0,-0.0302
113300.0,0.0504
113305.0,-0.0403
113310.0,0.0000
113315.0,0.0705
113320.0,0.0504
113325.0,-0.0906
113330.0,-0.0806
113335.0,0.0403
113340.0,-0.0201
113345.0,-0.1712
113350.0,0.0504
113355.0,-0.3122
113360.0,0.1007
113365.0,-0.0504
113370.0,-0.0302
113375.0,0.0906
113380.0,-0.1410
113385.0,-0.1007
113390.0,-0.2518
113395.0,-0.2518
113400.0,-0.3827
113405.0,-0.4331
113410.0,-0.0504
113415.0,-0.1108
113420.0,0.0201
113425.0,-0.0403
113430.0,0.0806
113435.0,0.0000
113440.0,-0.0906
113445.0,0.0403
113450.0,-0.0806
113455.0,-0.0906
113460.0,0.1007
113465.0,-0.1813
113470.0,0.0302
113475.0,-0.0403
113480.0,0.1007
113485.0,-0.1209
113490.0,0.1511
113495.0,-0.0403
113500.0,-0.0403
113505.0,-0.0806
113510.0,-0.0504
113515.0,-0.2014
113520.0,-0.0101
113525.0,-0.6345
113530.0,-0.4935
113535.0,-0.8158
113540.0,-0.6547
113545.0,-0.7453
113550.0,-0.9871
113555.0,-1.1583
113560.0,-0.7453
113565.0,-0.8058
113570.0,-0.3626
113575.0,-0.2317
113580.0,-0.2014
113585.0,-0.1108
113590.0,-0.0806
113595.0,-0.0806
113600.0,0.1612
113605.0,-0.1511
113610.0,-0.0201
113615.0,0.0604
113620.0,-0.0403
113625.0,0.0000
113630.0,0.1612
113635.0,0.0000
113640.0,0.0906
113645.0,-0.1309
113650.0,0.0201
113655.0,-0.0302
113660.0,-0.0302
113665.0,-0.1813
113670.0,0.0705
113675.0,-0.0806
113680.0,0.0101
113685.0,-0.2115
113690.0,-0.5036
113695.0,-0.2719
113700.0,-0.4029
113705.0,-0.1309
113710.0,-0.1309
113715.0,-0.1914
113720.0,0.0504
113725.0,-0.1813
113730.0,0.1007
113735.0,-0.0302
113740.0,-0.1813
113745.0,-0.0101
113750.0,-0.1007
113755.0,0.0000
113760.0,0.0201
113765.0,-0.1410
113770.0,-0.0101
113775.0,-0.1712
113780.0,0.1007
113785.0,-0.0504
113790.0,0.0705
113795.0,-0.2014
113800.0,-0.0101
113805.0,-0.0906
113810.0,-0.0403
113815.0,0.0101
113820.0,-0.2216
113825.0,-0.6547
113830.0,-0.6345
113835.0,-0.8158
113840.0,-0.5237
113845.0,-0.8460
113850.0,-0.9065
113855.0,-1.0978
113860.0,-0.7252
113865.0,-0.5640
113870.0,-0.2719
113875.0,-0.2619
113880.0,-0.1612
113885.0,-0.0201
113890.0,0.0604
113895.0,0.0000
113900.0,0.2216
113905.0,-0.1511
113910.0,0.0705
113915.0,-0.1108
113920.0,0.0504
113925.0,-0.0504
113930.0,0.0201
113935.0,-0.0906
113940.0,-0.0302
113945.0,-0.1209
113950.0,-0.0504
113955.0,-0.0504
113960.0,-0.0705
113965.0,-0.0604
113970.0,0.1108
113975.0,-0.0806
113980.0,0.1007
113985.0,-0.3928
113990.0,-0.2619
113995.0,-0.3324
114000.0,-0.2921
114005.0,-0.0806
114010.0,-0.1612
114015.0,0.0101
114020.0,0.0302
114025.0,-0.0302
114030.0,0.1209
114035.0,-0.2719
114040.0,-0.0101
114045.0,-0.2719
114050.0,-0.0403
114055.0,0.1209
114060.0,0.0000
114065.0,0.1209
114070.0,0.0101
114075.0,-0.0101
114080.0,0.1410
114085.0,-0.1007
114090.0,0.0302
114095.0,-0.2216
114100.0,0.1108
114105.0,-0.0101
114110.0,-0.1309
114115.0,-0.1914
114120.0,-0.2921
114125.0,-0.7856
114130.0,-0.6043
114135.0,-0.6950
114140.0,-0.7151
114145.0,-0.9568
114150.0,-0.9065
114155.0,-0.9971
114160.0,-0.4532
114165.0,-0.5640
114170.0,-0.0806
114175.0,-0.3122
114180.0,-0.0403
114185.0,-0.0101
114190.0,-0.0504
114195.0,0.0201
114200.0,0.0101
114205.0,-0.0504
114210.0,0.0604
114215.0,-0.1511
114220.0,-0.0101
114225.0,-0.2014
114230.0,0.1108
114235.0,-0.1410
114240.0,0.0000
114245.0,-0.2719
114250.0,-0.1410
114255.0,-0.0302
114260.0,-0.0403
114265.0,-0.0806
114270.0,0.0806
114275.0,-0.1813
114280.0,-0.1108
114285.0,-0.4835
114290.0,-0.1309
114295.0,-0.3424
114300.0,-0.0201
114305.0,-0.2216
114310.0,-0.0906
114315.0,0.0403
114320.0,-0.0101
114325.0,-0.0403
114330.0,0.0101
114335.0,-0.2820
114340.0,0.1007
114345.0,-0.2719
114350.0,0.1108
114355.0,0.1007
114360.0,-0.0504
114365.0,-0.1209
114370.0,0.0101
114375.0,0.0000
114380.0,0.0101
114385.0,-0.0705
114390.0,-0.0604
114395.0,-0.0101
114400.0,0.0504
114405.0,-0.2115
114410.0,0.0604
114415.0,-0.3022
114420.0,-0.5036
114425.0,-0.8662
114430.0,-0.5942
114435.0,-0.6245
114440.0,-0.6849
114445.0,-1.1986
114450.0,-0.8058
114455.0,-1.0173
114460.0,-0.3827
114465.0,-0.4935
114470.0,-0.0705
114475.0,-0.3626
114480.0,0.0504
114485.0,-0.1108
114490.0,0.0604
114495.0,-0.0806
114500.0,-0.0101
114505.0,0.0604
114510.0,0.0302
114515.0,0.0201
114520.0,0.0705
114525.0,-0.1410
114530.0,0.1309
114535.0,-0.2317
114540.0,0.0705
114545.0,0.0302
114550.0,-0.1108
114555.0,-0.0504
114560.0,0.0604
114565.0,0.0504
114570.0,0.0705
114575.0,-0.1209
114580.0,-0.2820
114585.0,-0.2417
114590.0,-0.0906
114595.0,-0.4432
114600.0,0.0504
114605.0,-0.0604
114610.0,-0.1410
114615.0,0.0302
114620.0,0.1309
114625.0,0.0806
114630.0,0.1813
114635.0,-0.1712
114640.0,0.0101
114645.0,-0.1108
114650.0,0.1007
114655.0,-0.1309
114660.0,0.1108
114665.0,-0.2014
114670.0,-0.0504
114675.0,-0.0101
114680.0,0.1309
114685.0,0.0201
114690.0,-0.0806
114695.0,-0.0504
114700.0,0.0403
114705.0,-0.2014
114710.0,0.0504
114715.0,-0.3424
114720.0,-0.5439
114725.0,-0.8662
114730.0,-0.6547
114735.0,-0.5942
114740.0,-0.7957
114745.0,-1.1482
114750.0,-0.8561
114755.0,-0.7755
114760.0,-0.2014
114765.0,-0.3626
114770.0,-0.2619
114775.0,-0.0604
114780.0,0.1007
114785.0,-0.1209
114790.0,0.2417
114795.0,-0.1410
114800.0,-0.0302
114805.0,0.0201
114810.0,0.0504
114815.0,0.1511
114820.0,-0.0302
114825.0,-0.1309
114830.0,0.1209
114835.0,-0.1410
114840.0,-0.0101
114845.0,-0.1914
114850.0,0.0906
114855.0,-0.1410
114860.0,0.0101
114865.0,0.0201
114870.0,-0.0201
114875.0,0.1410
114880.0,-0.3223
114885.0,-0.2518
114890.0,-0.3626
114895.0,-0.4331
114900.0,0.0201
114905.0,-0.1410
114910.0,0.0403
114915.0,0.1612
114920.0,-0.0302
114925.0,0.0806
114930.0,-0.0101
114935.0,-0.0302
114940.0,-0.1309
114945.0,-0.0504
114950.0,0.0403
114955.0,-0.0504
114960.0,0.1209
114965.0,-0.2317
114970.0,0.2115
114975.0,-0.0906
114980.0,-0.0504
114985.0,0.0906
114990.0,0.0101
114995.0,-0.0101
115000.0,-0.1209
115005.0,-0.2115
115010.0,-0.0504
115015.0,-0.4331
115020.0,-0.5640
115025.0,-0.9165
115030.0,-0.5741
115035.0,-0.7655
115040.0,-0.8763
115045.0,-0.9770
115050.0,-0.6748
115055.0,-0.7554
115060.0,-0.4029
115065.0,-0.2216
115070.0,-0.0101
115075.0,-0.1914
115080.0,-0.1511
115085.0,-0.1108
115090.0,0.1007
115095.0,-0.1410
115100.0,0.0806
115105.0,-0.1007
115110.0,-0.1007
115115.0,-0.0806
115120.0,-0.1612
115125.0,0.0201
115130.0,0.0403
115135.0,-0.1007
115140.0,-0.1209
115145.0,-0.0201
115150.0,0.1007
115155.0,-0.1209
115160.0,0.0806
115165.0,-0.1612
115170.0,-0.0604
115175.0,-0.2719
115180.0,-0.4935
115185.0,-0.1511
115190.0,-0.4230
115195.0,-0.3424
115200.0,-0.1309
115205.0,-0.1712
115210.0,0.1511
115215.0,-0.0806
115220.0,0.0101
115225.0,-0.0302
115230.0,-0.0906
115235.0,-0.0705
115240.0,-0.0604
115245.0,-0.0101
115250.0,-0.0504
115255.0,-0.0504
115260.0,0.0906
115265.0,-0.1813
115270.0,0.1309
115275.0,-0.1612
115280.0,0.1108
115285.0,-0.1108
115290.0,-0.1309
115295.0,0.0604
115300.0,-0.0302
115305.0,-0.0806
115310.0,-0.1108
115315.0,-0.6950
115320.0,-0.6345
115325.0,-0.8460
115330.0,-0.5540
115335.0,-0.6950
115340.0,-0.9065
115345.0,-1.1079
115350.0,-0.6245
115355.0,-0.5842
115360.0,-0.2921
115365.0,-0.1813
115370.0,-0.1914
115375.0,-0.0604
115380.0,-0.0504
115385.0,-0.0403
115390.0,0.0604
115395.0,0.1914
115400.0,0.0403
115405.0,-0.2115
115410.0,0.1511
115415.0,-0.0806
115420.0,0.0705
115425.0,0.0000
115430.0,-0.2115
115435.0,0.0705
115440.0,0.0201
115445.0,0.0101
115450.0,0.1007
115455.0,-0.0604
115460.0,0.0705
115465.0,-0.1309
115470.0,0.1813
115475.0,-0.4029
115480.0,-0.2216
115485.0,-0.1612
115490.0,-0.2820
115495.0,-0.0201
115500.0,0.0504
115505.0,-0.0604
115510.0,0.0302
115515.0,0.0000
115520.0,0.1511
115525.0,-0.0705
115530.0,0.2115
115535.0,-0.2719
115540.0,-0.1108
115545.0,-0.0302
115550.0,0.1007
115555.0,0.2014
115560.0,0.2014
115565.0,0.0906
115570.0,0.1914
115575.0,-0.1108
115580.0,0.1309
115585.0,-0.0705
115590.0,0.1309
115595.0,-0.1007
115600.0,-0.1410
115605.0,-0.1209
115610.0,-0.2216
115615.0,-0.6446
115620.0,-0.5338
115625.0,-0.7050
115630.0,-0.5439
115635.0,-0.9568
115640.0,-0.7856
115645.0,-0.9971
115650.0,-0.5942
115655.0,-0.5338
115660.0,0.0101
115665.0,-0.2518
115670.0,0.0000
115675.0,-0.0504
115680.0,-0.0302
115685.0,0.0806
115690.0,0.1007
115695.0,0.0302
115700.0,0.0906
115705.0,-0.0604
115710.0,0.0101
115715.0,-0.1813
115720.0,0.1209
115725.0,-0.0403
115730.0,-0.0201
115735.0,-0.2719
115740.0,0.0403
115745.0,0.0504
115750.0,0.0806
115755.0,0.1007
115760.0,0.0906
115765.0,-0.1007
115770.0,0.0000
115775.0,-0.4331
115780.0,-0.1612
115785.0,-0.3223
115790.0,-0.1511
115795.0,-0.0403
115800.0,0.1007
115805.0,0.0201
115810.0,0.0705
115815.0,0.0906
115820.0,0.0604
115825.0,0.0101
115830.0,0.1309
115835.0,-0.3324
115840.0,0.0705
115845.0,0.0000
115850.0,0.0806
115855.0,0.0201
115860.0,-0.0604
115865.0,0.1209
115870.0,0.0504
115875.0,0.0705
115880.0,0.1511
115885.0,0.0000
115890.0,0.1108
115895.0,-0.1108
115900.0,0.1209
115905.0,-0.2719
115910.0,-0.4432
115915.0,-0.7353
115920.0,-0.5540
115925.0,-0.6245
115930.0,-0.6245
115935.0,-1.1583
115940.0,-0.8360
115945.0,-0.8662
115950.0,-0.4230
115955.0,-0.4331
115960.0,0.0705
115965.0,-0.3424
115970.0,-0.0201
115975.0,-0.1813
115980.0,0.0705
115985.0,0.1410
115990.0,0.0504
115995.0,0.0403
116000.0,0.1612
116005.0,0.0302
116010.0,0.0101
116015.0,0.0705
116020.0,0.0302
116025.0,-0.0906
116030.0,0.1108
116035.0,-0.1007
116040.0,0.0906
116045.0,-0.0302
116050.0,-0.1209
116055.0,0.0101
116060.0,0.0906
116065.0,-0.1309
116070.0,-0.1612
116075.0,-0.2820
116080.0,-0.1108
116085.0,-0.3424
116090.0,0.0403
116095.0,-0.0201
116100.0,0.1410
116105.0,-0.0504
116110.0,-0.0302
116115.0,0.1813
116120.0,0.0101
116125.0,-0.0302
116130.0,0.2014
116135.0,-0.2216
116140.0,0.1511
116145.0,-0.1511
116150.0,0.1007
116155.0,0.0302
116160.0,0.0000
116165.0,-0.0201
116170.0,0.0302
116175.0,0.0403
116180.0,0.0604
116185.0,-0.1309
116190.0,-0.0302
116195.0,-0.1712
116200.0,-0.0201
116205.0,-0.2417
116210.0,-0.5237
116215.0,-0.7755
116220.0,-0.6345
116225.0,-0.6144
116230.0,-0.6345
116235.0,-1.1079
116240.0,-0.8763
116245.0,-0.7453
116250.0,-0.2216
116255.0,-0.3022
116260.0,-0.1007
116265.0,-0.2216
116270.0,-0.0403
116275.0,-0.0504
116280.0,0.0806
116285.0,-0.0604
116290.0,0.1410
116295.0,-0.0101
116300.0,-0.0604
116305.0,0.1309
116310.0,0.1309
116315.0,0.0201
116320.0,0.1209
116325.0,-0.2115
116330.0,-0.0504
116335.0,-0.0906
116340.0,0.1007
116345.0,0.0705
116350.0,0.0806
116355.0,0.0302
116360.0,-0.0302
116365.0,0.0403
116370.0,-0.1712
116375.0,-0.0604
116380.0,-0.4029
116385.0,-0.3022
116390.0,0.1209
116395.0,-0.1712
116400.0,0.1914
116405.0,0.0806
116410.0,0.1309
116415.0,-0.0201
116420.0,0.0000
116425.0,0.0504
116430.0,0.0504
116435.0,-0.1612
116440.0,-0.0504
116445.0,-0.0403
116450.0,0.1813
116455.0,-0.0705
116460.0,-0.1410
116465.0,0.0604
116470.0,0.0504
116475.0,0.0504
116480.0,0.0906
116485.0,0.1712
116490.0,-0.0705
116495.0,0.0504
116500.0,0.0403
116505.0,-0.2921
116510.0,-0.3827
116515.0,-0.9770
116520.0,-0.7252
116525.0,-0.6345
116530.0,-0.7252
116535.0,-1.0978
116540.0,-0.3928
116545.0,-0.7151
116550.0,-0.3525
116555.0,-0.1511
116560.0,-0.1712
116565.0,-0.1410
116570.0,0.0201
116575.0,-0.1209
116580.0,0.0101
116585.0,-0.0504
116590.0,0.1309
116595.0,-0.0806
116600.0,0.0504
116605.0,-0.0302
116610.0,0.1007
116615.0,0.1007
116620.0,0.0504
116625.0,0.0302
116630.0,-0.1108
116635.0,-0.1914
116640.0,0.1007
116645.0,-0.0504
116650.0,0.1108
116655.0,0.0101
116660.0,-0.0403
116665.0,-0.0705
116670.0,-0.3324
116675.0,-0.0705
116680.0,-0.2417
116685.0,-0.2216
116690.0,-0.1712
116695.0,-0.1712
116700.0,0.1410
116705.0,0.0000
116710.0,0.0806
116715.0,-0.1612
116720.0,0.0504
116725.0,-0.0604
116730.0,0.0101
116735.0,0.1612
116740.0,-0.0504
116745.0,-0.1007
116750.0,0.0504
116755.0,-0.1309
116760.0,0.1309
116765.0,-0.1007
116770.0,0.0101
116775.0,-0.1410
116780.0,0.1209
116785.0,0.0504
116790.0,0.1309
116795.0,-0.0302
116800.0,-0.1612
116805.0,-0.6547
116810.0,-0.5540
116815.0,-0.7050
116820.0,-0.5942
116825.0,-0.7252
116830.0,-0.7252
116835.0,-0.9367
116840.0,-0.6043
116845.0,-0.5741
116850.0,-0.1209
116855.0,-0.1410
116860.0,-0.1209
116865.0,0.1511
116870.0,0.0000
116875.0,-0.0302
116880.0,0.0806
116885.0,0.0101
116890.0,0.1612
116895.0,-0.0604
116900.0,0.0906
116905.0,0.0101
116910.0,0.1108
116915.0,0.1410
116920.0,0.0302
116925.0,-0.0302
116930.0,0.1108
116935.0,0.0504
116940.0,0.0705
116945.0,0.0705
116950.0,0.1108
116955.0,-0.2317
116960.0,0.0705
116965.0,-0.1410
116970.0,-0.1309
116975.0,-0.1511
116980.0,-0.1914
116985.0,-0.1007
116990.0,-0.1410
116995.0,-0.1007
117000.0,0.0504
117005.0,-0.0403
117010.0,0.2115
117015.0,-0.1712
117020.0,0.0403
117025.0,-0.0806
117030.0,0.0302
117035.0,-0.0101
117040.0,0.2014
117045.0,0.1108
117050.0,0.1007
117055.0,0.0302
117060.0,0.1612
117065.0,0.0302
117070.0,0.1813
117075.0,0.0101
117080.0,0.1309
117085.0,-0.0504
117090.0,-0.0201
117095.0,-0.0906
117100.0,-0.2719
117105.0,-0.7655
117110.0,-0.5036
117115.0,-0.5338
117120.0,-0.4532
117125.0,-0.8662
117130.0,-0.8561
117135.0,-0.9568
117140.0,-0.3928
117145.0,-0.4029
117150.0,0.0101
117155.0,-0.2719
117160.0,-0.1712
117165.0,-0.0302
117170.0,0.0906
117175.0,0.1007
117180.0,0.1209
117185.0,0.1410
117190.0,-0.0806
117195.0,0.0302
117200.0,0.1309
117205.0,-0.0906
117210.0,0.1813
117215.0,-0.2518
117220.0,-0.2719
117225.0,-0.1108
117230.0,0.0101
117235.0,0.1108
117240.0,0.1209
117245.0,-0.0302
117250.0,-0.0604
117255.0,-0.0504
117260.0,0.0302
117265.0,-0.4532
117270.0,-0.0101
117275.0,-0.2820
117280.0,-0.2820
117285.0,-0.2417
117290.0,-0.1511
117295.0,0.1511
117300.0,0.0302
117305.0,0.0201
117310.0,0.1309
117315.0,-0.1108
117320.0,0.1309
117325.0,-0.2619
117330.0,0.1309
117335.0,0.0302
117340.0,-0.0302
117345.0,-0.1410
117350.0,-0.0201
117355.0,0.1309
117360.0,0.0403
117365.0,0.0504
117370.0,0.1007
117375.0,-0.1712
117380.0,0.0201
117385.0,-0.1813
117390.0,0.0201
117395.0,-0.1511
117400.0,-0.3525
117405.0,-0.7856
117410.0,-0.4331
117415.0,-0.5741
117420.0,-0.5640
117425.0,-1.1079
117430.0,-0.8360
117435.0,-0.9568
117440.0,-0.4130
117445.0,-0.4230
117450.0,-0.0504
117455.0,-0.1813
117460.0,0.0403
117465.0,-0.2619
117470.0,-0.0201
117475.0,0.1007
117480.0,0.0604
117485.0,0.2518
117490.0,0.0101
117495.0,0.0101
117500.0,0.1209
117505.0,-0.0101
117510.0,0.0806
117515.0,-0.0806
117520.0,0.0604
117525.0,-0.1511
117530.0,0.0403
117535.0,0.0504
117540.0,0.0101
117545.0,0.2317
117550.0,-0.0201
117555.0,-0.1410
117560.0,-0.0101
117565.0,-0.1712
117570.0,0.0101
117575.0,-0.4331
117580.0,0.1108
117585.0,0.0101
117590.0,0.0403
117595.0,0.1007
117600.0,0.0201
117605.0,-0.0201
117610.0,0.0201
117615.0,0.0201
117620.0,0.0403
117625.0,0.0302
117630.0,0.1309
117635.0,-0.2619
117640.0,0.1813
117645.0,-0.0705
117650.0,0.0302
117655.0,0.1511
117660.0,0.0000
117665.0,-0.0504
117670.0,-0.0504
117675.0,0.0000
117680.0,0.0302
117685.0,-0.0101
117690.0,-0.1007
117695.0,-0.3424
117700.0,-0.3626
117705.0,-0.6144
117710.0,-0.5237
117715.0,-0.6043
117720.0,-0.5942
117725.0,-0.9266
117730.0,-0.6547
117735.0,-0.7453
117740.0,-0.3525
117745.0,-0.3827
117750.0,0.0000
117755.0,-0.1007
117760.0,0.1712
117765.0,-0.2115
117770.0,0.1813
117775.0,0.0101
117780.0,0.1209
117785.0,0.1309
117790.0,-0.1007
117795.0,0.0604
117800.0,0.1209
117805.0,0.0201
117810.0,0.1914
117815.0,-0.1813
117820.0,0.0201
117825.0,-0.0201
117830.0,0.1007
117835.0,0.0000
117840.0,0.0806
117845.0,0.0101
117850.0,-0.0604
117855.0,0.0806
117860.0,-0.2115
117865.0,-0.0201
117870.0,-0.3626
117875.0,-0.4633
117880.0,0.0403
117885.0,-0.1612
117890.0,0.1007
117895.0,0.0806
117900.0,0.0101
117905.0,0.1410
117910.0,0.0906
117915.0,0.1309
117920.0,0.0000
117925.0,-0.1410
117930.0,0.0403
117935.0,-0.0403
117940.0,0.1914
117945.0,-0.1612
117950.0,0.0403
117955.0,0.0403
117960.0,0.0403
117965.0,0.0604
117970.0,0.1309
117975.0,0.0000
117980.0,0.0000
117985.0,-0.1007
117990.0,-0.0705
117995.0,-0.3928
118000.0,-0.4331
118005.0,-0.8259
118010.0,-0.4532
118015.0,-0.5540
118020.0,-0.8763
118025.0,-0.9871
118030.0,-0.5842
118035.0,-0.5137
118040.0,-0.3223
118045.0,-0.1108
118050.0,-0.0504
118055.0,-0.0101
118060.0,-0.0504
118065.0,-0.1007
118070.0,0.2115
118075.0,-0.0806
118080.0,0.2619
118085.0,-0.0403
118090.0,0.1511
118095.0,0.0201
118100.0,0.0302
118105.0,0.2014
118110.0,0.0000
118115.0,-0.0806
118120.0,0.0604
118125.0,0.0806
118130.0,0.0604
118135.0,-0.1108
118140.0,0.2115
118145.0,-0.0101
118150.0,0.0504
118155.0,-0.1309
118160.0,-0.4230
118165.0,-0.0604
118170.0,-0.2417
118175.0,-0.1712
118180.0,0.0000
118185.0,-0.1309
118190.0,0.0302
118195.0,-0.1712
118200.0,0.1209
118205.0,0.0101
118210.0,0.1007
118215.0,-0.1511
118220.0,-0.1511
118225.0,0.0806
118230.0,-0.0101
118235.0,0.0101
118240.0,0.0906
118245.0,-0.2921
118250.0,0.1007
118255.0,0.0000
118260.0,0.1410
118265.0,0.0705
118270.0,-0.1108
118275.0,-0.1712
118280.0,0.0705
118285.0,-0.0806
118290.0,-0.1612
118295.0,-0.5036
118300.0,-0.5540
118305.0,-0.8360
118310.0,-0.5640
118315.0,-0.7151
118320.0,-0.6950
118325.0,-1.1180
118330.0,-0.7151
118335.0,-0.4633
118340.0,-0.1712
118345.0,-0.0906
118350.0,-0.1108
118355.0,0.0403
118360.0,0.1209
118365.0,0.0705
118370.0,0.1410
118375.0,0.1612
118380.0,0.1813
118385.0,-0.0504
118390.0,0.1712
118395.0,-0.0705
118400.0,-0.0302
118405.0,0.1612
118410.0,-0.0403
118415.0,0.0504
118420.0,0.0403
118425.0,-0.0604
118430.0,0.0504
118435.0,0.0806
118440.0,0.1612
118445.0,-0.1309
118450.0,0.0705
118455.0,-0.2317
118460.0,-0.1007
118465.0,-0.0906
118470.0,-0.3122
118475.0,-0.1209
118480.0,0.0705
118485.0,0.0302
118490.0,0.0504
118495.0,0.1108
118500.0,0.1511
118505.0,-0.0604
118510.0,0.1108
118515.0,0.0000
118520.0,-0.0302
118525.0,-0.1108
118530.0,0.1813
118535.0,0.1108
118540.0,0.0705
118545.0,0.0302
118550.0,0.1209
118555.0,0.1612
118560.0,0.1309
118565.0,-0.1309
118570.0,0.1612
118575.0,-0.0201
118580.0,0.0604
118585.0,-0.2115
118590.0,-0.3223
118595.0,-0.6950
118600.0,-0.4734
118605.0,-0.5741
118610.0,-0.5640
118615.0,-0.9065
118620.0,-0.7252
118625.0,-0.8662
118630.0,-0.4532
118635.0,-0.3223
118640.0,-0.1209
118645.0,-0.4130
118650.0,-0.1108
118655.0,0.0101
118660.0,-0.0101
118665.0,0.1007
118670.0,0.0705
118675.0,-0.1410
118680.0,0.1007
118685.0,-0.0604
118690.0,0.1007
118695.0,-0.0201
118700.0,0.0302
118705.0,-0.2014
118710.0,0.0504
118715.0,-0.1511
118720.0,0.0201
118725.0,-0.0504
118730.0,-0.1309
118735.0,0.0806
118740.0,0.0504
118745.0,-0.1309
118750.0,0.0403
118755.0,-0.5439
118760.0,-0.0806
118765.0,-0.2820
118770.0,-0.1813
118775.0,-0.0201
118780.0,-0.0302
118785.0,0.0403
118790.0,0.1309
118795.0,0.0403
118800.0,0.1108
118805.0,-0.0101
118810.0,0.1612
118815.0,-0.1209
118820.0,0.1511
118825.0,0.1712
118830.0,0.0705
118835.0,0.1309
118840.0,0.1309
118845.0,0.2115
118850.0,0.1108
118855.0,0.1410
118860.0,0.0504
118865.0,0.0101
118870.0,0.1007
118875.0,-0.0806
118880.0,0.1813
118885.0,-0.1511
118890.0,-0.4331
118895.0,-0.7957
118900.0,-0.4734
118905.0,-0.5137
118910.0,-0.6144
118915.0,-1.0576
118920.0,-0.7151
118925.0,-0.8259
118930.0,-0.3324
118935.0,-0.2216
118940.0,0.0604
118945.0,-0.1410
118950.0,0.1813
118955.0,-0.0101
118960.0,0.1209
118965.0,-0.0101
118970.0,-0.0101
118975.0,0.2317
118980.0,0.0806
118985.0,0.0806
118990.0,0.0000
118995.0,-0.1813
119000.0,0.1914
119005.0,-0.1309
119010.0,0.1007
119015.0,-0.1813
119020.0,-0.0806
119025.0,-0.0806
119030.0,-0.0201
119035.0,0.1209
119040.0,0.0101
119045.0,-0.2014
119050.0,-0.1813
119055.0,-0.1813
119060.0,0.0604
119065.0,-0.4432
119070.0,-0.0806
119075.0,-0.0906
119080.0,0.0504
119085.0,0.1007
119090.0,0.1914
119095.0,0.1209
119100.0,0.2014
119105.0,0.1108
119110.0,0.2216
119115.0,-0.1813
119120.0,0.1914
119125.0,0.1108
119130.0,0.2719
119135.0,0.0201
119140.0,-0.0101
119145.0,0.1007
119150.0,0.1914
119155.0,0.1209
119160.0,0.1511
119165.0,0.0705
119170.0,0.2014
119175.0,-0.0906
119180.0,0.0201
119185.0,-0.3022
119190.0,-0.4734
119195.0,-0.7856
119200.0,-0.6245
119205.0,-0.5942
119210.0,-0.5338
119215.0,-0.8863
119220.0,-0.7050
119225.0,-0.6849
119230.0,-0.1712
119235.0,-0.2820
119240.0,-0.1108
119245.0,-0.0101
119250.0,0.1511
119255.0,-0.0302
119260.0,0.1410
119265.0,0.0101
119270.0,0.1511
119275.0,0.1309
119280.0,0.1612
119285.0,0.1007
119290.0,0.0906
119295.0,0.1209
119300.0,0.0604
119305.0,0.0000
119310.0,0.0504
119315.0,-0.1007
119320.0,0.2518
119325.0,0.0705
119330.0,0.1209
119335.0,-0.0403
119340.0,-0.1007
119345.0,0.0705
119350.0,-0.2014
119355.0,-0.1511
119360.0,-0.4532
119365.0,-0.4532
119370.0,0.1309
119375.0,-0.1511
119380.0,0.2216
119385.0,-0.0403
119390.0,-0.0705
119395.0,0.1007
119400.0,0.0403
119405.0,0.0604
119410.0,0.0101
119415.0,-0.1914
119420.0,-0.0806
119425.0,-0.1813
119430.0,0.1309
119435.0,-0.0504
119440.0,-0.0201
119445.0,-0.2317
119450.0,0.0403
119455.0,0.0201
119460.0,0.0403
119465.0,0.1712
119470.0,-0.0604
119475.0,-0.2719
119480.0,-0.1309
119485.0,-0.4935
119490.0,-0.4532
119495.0,-0.6849
119500.0,-0.6950
119505.0,-0.7655
119510.0,-0.8460
119515.0,-1.1180
119520.0,-0.6446
119525.0,-0.7453
119530.0,-0.4734
119535.0,-0.1410
119540.0,-0.1108
119545.0,-0.1209
119550.0,0.0604
119555.0,-0.2317
119560.0,0.0201
119565.0,-0.0504
119570.0,0.0806
119575.0,0.0101
119580.0,-0.0201
119585.0,-0.1410
119590.0,0.0806
119595.0,0.0806
119600.0,0.0604
119605.0,0.0604
119610.0,-0.1108
119615.0,-0.1108
119620.0,0.1511
119625.0,-0.1209
119630.0,0.1612
119635.0,-0.0504
119640.0,-0.1511
119645.0,-0.2216
119650.0,-0.2417
119655.0,-0.0906
119660.0,-0.2619
119665.0,-0.0201
119670.0,-0.0806
119675.0,-0.1712
119680.0,0.1612
119685.0,-0.0101
119690.0,0.2317
119695.0,0.0403
119700.0,-0.0906
119705.0,0.0302
119710.0,0.1108
119715.0,0.1712
119720.0,-0.0101
119725.0,0.0504
119730.0,0.0806
119735.0,0.0201
119740.0,0.2115
119745.0,-0.1108
119750.0,0.2115
119755.0,0.0101
119760.0,0.2317
119765.0,-0.0806
119770.0,0.1007
119775.0,0.0302
119780.0,-0.1108
119785.0,-0.5439
119790.0,-0.5741
119795.0,-0.8259
119800.0,-0.5842
119805.0,-0.8058
119810.0,-0.7151
119815.0,-0.9165
119820.0,-0.6446
119825.0,-0.5640
119830.0,-0.2719
119835.0,-0.1209
119840.0,-0.0302
119845.0,0.0705
119850.0,-0.0302
119855.0,0.0604
119860.0,0.0705
119865.0,0.1108
119870.0,0.2115
119875.0,-0.1914
119880.0,0.1108
119885.0,0.0201
119890.0,0.1209
119895.0,0.0906
119900.0,-0.0403
119905.0,0.0403
119910.0,0.1108
119915.0,-0.0806
119920.0,0.0604
119925.0,-0.0806
119930.0,0.1612
119935.0,-0.0201
119940.0,0.1712
119945.0,-0.2518
119950.0,-0.1410
119955.0,-0.2518
119960.0,-0.3022
119965.0,0.1309
119970.0,-0.0201
119975.0,0.0504
119980.0,0.1712
119985.0,-0.1813
119990.0,0.1511
119995.0,-0.1108
120000.0,0.0504
120005.0,-0.0705
120010.0,0.0504
120015.0,0.0604
120020.0,0.0504
120025.0,0.1007
120030.0,0.0504
120035.0,-0.0302
120040.0,0.1007
120045.0,0.0101
120050.0,0.1209
120055.0,-0.0302
120060.0,0.1914
120065.0,-0.1712
120070.0,-0.2115
120075.0,-0.2317
120080.0,-0.2216
120085.0,-0.6547
120090.0,-0.4029
120095.0,-0.6950
120100.0,-0.5540
120105.0,-0.8259
120110.0,-0.7655
120115.0,-0.8460
120120.0,-0.4532
120125.0,-0.5439
120130.0,-0.0906
120135.0,-0.1813
120140.0,-0.0101
120145.0,0.1108
120150.0,-0.0504
120155.0,0.1209
120160.0,0.1007
120165.0,0.1410
120170.0,0.0806
120175.0,-0.0101
120180.0,0.1108
120185.0,-0.0302
120190.0,0.2014
120195.0,-0.0201
120200.0,-0.2417
120205.0,-0.1712
120210.0,0.0201
120215.0,0.2417
120220.0,0.0101
120225.0,-0.0504
120230.0,0.2317
120235.0,0.0101
120240.0,0.0806
120245.0,-0.4734
120250.0,-0.0302
120255.0,-0.2317
120260.0,-0.1914
120265.0,-0.0806
120270.0,0.1108
120275.0,0.1712
120280.0,0.0705
120285.0,0.1209
120290.0,0.1612
120295.0,0.0101
120300.0,0.1712
120305.0,-0.1712
120310.0,0.2317
120315.0,0.0403
120320.0,0.1309
120325.0,0.0806
120330.0,0.0705
120335.0,0.0302
120340.0,0.0806
120345.0,0.0403
120350.0,0.1108
120355.0,-0.0504
120360.0,0.1108
120365.0,-0.0906
120370.0,0.0604
120375.0,-0.1914
120380.0,-0.3827
120385.0,-0.7453
120390.0,-0.4734
120395.0,-0.4432
120400.0,-0.6446
120405.0,-1.0374
120410.0,-0.6446
120415.0,-0.7252
120420.0,-0.3122
120425.0,-0.2820
120430.0,0.0504
120435.0,-0.1007
120440.0,0.0302
120445.0,-0.0604
120450.0,0.0906
120455.0,0.0906
120460.0,0.0604
120465.0,0.0906
120470.0,0.1914
120475.0,0.1813
120480.0,0.0403
120485.0,-0.0906
120490.0,0.1813
120495.0,-0.0705
120500.0,0.0906
120505.0,0.1209
120510.0,0.0000
120515.0,0.1209
120520.0,0.1007
120525.0,0.1914
120530.0,-0.0604
120535.0,-0.1813
120540.0,-0.1612
120545.0,-0.1712
120550.0,0.0101
120555.0,-0.4130
120560.0,0.0201
120565.0,0.0302
120570.0,0.0302
120575.0,0.0906
120580.0,0.1511
120585.0,0.1410
120590.0,-0.1007
120595.0,-0.0705
120600.0,0.1007
120605.0,0.0302
120610.0,0.1410
120615.0,-0.1813
120620.0,0.2417
120625.0,-0.0201
120630.0,0.0604
120635.0,0.1209
120640.0,0.1007
120645.0,0.1309
120650.0,0.1309
120655.0,0.0504
120660.0,0.0705
120665.0,-0.0403
120670.0,0.0302
120675.0,-0.3223
120680.0,-0.5439
120685.0,-0.6950
120690.0,-0.4835
120695.0,-0.4432
120700.0,-0.6446
120705.0,-0.8763
120710.0,-0.7453
120715.0,-0.7453
120720.0,-0.1914
120725.0,-0.2921
120730.0,0.0101
120735.0,0.1108
120740.0,0.1813
120745.0,-0.1410
120750.0,0.1612
120755.0,0.1209
120760.0,0.1007
120765.0,0.1914
120770.0,0.0604
120775.0,0.1309
120780.0,0.1612
120785.0,-0.0906
120790.0,0.0201
120795.0,-0.0504
120800.0,0.0906
120805.0,-0.0403
120810.0,0.0906
120815.0,-0.1108
120820.0,0.0806
120825.0,0.0906
120830.0,0.0101
120835.0,0.1108
120840.0,-0.2014
120845.0,-0.1108
120850.0,-0.3324
120855.0,-0.2014
120860.0,0.0604
120865.0,-0.2518
120870.0,0.0000
120875.0,0.0705
120880.0,0.0705
120885.0,0.1309
120890.0,0.1209
120895.0,0.0705
120900.0,0.0806
120905.0,0.0000
120910.0,0.1209
120915.0,0.0705
120920.0,0.1309
120925.0,-0.1309
120930.0,0.1410
120935.0,0.0504
120940.0,0.1007
120945.0,0.1108
120950.0,-0.0101
120955.0,0.0604
120960.0,0.0000
120965.0,-0.1007
120970.0,0.0000
120975.0,-0.4835
120980.0,-0.5036
120985.0,-0.8561
120990.0,-0.3727
120995.0,-0.5540
121000.0,-0.4935
121005.0,-1.0576
121010.0,-0.6748
121015.0,-0.5640
121020.0,-0.2619
121025.0,-0.0906
121030.0,-0.3424
121035.0,-0.2518
121040.0,-0.0604
121045.0,-0.0302
121050.0,0.0302
121055.0,-0.2115
121060.0,0.0302
121065.0,-0.2518
121070.0,-0.0906
121075.0,0.0604
121080.0,-0.0302
121085.0,0.0604
121090.0,-0.0906
121095.0,0.0101
121100.0,0.0504
121105.0,0.0101
121110.0,0.1612
121115.0,0.0403
121120.0,-0.0906
121125.0,-0.2820
121130.0,-0.2417
121135.0,-0.0403
121140.0,-0.4230
121145.0,-0.0201
121150.0,-0.3827
121155.0,-0.3122
121160.0,0.0101
121165.0,-0.2820
121170.0,0.1813
121175.0,-0.3827
121180.0,-0.0403
121185.0,-0.1108
121190.0,-0.1410
121195.0,-0.0604
121200.0,-0.0403
121205.0,0.1108
121210.0,0.0806
121215.0,0.0101
121220.0,0.1007
121225.0,-0.3324
121230.0,0.1309
121235.0,-0.0504
121240.0,0.1410
121245.0,-0.2115
121250.0,-0.2014
121255.0,-0.1612
121260.0,-0.0906
121265.0,-0.1108
121270.0,-0.2317
121275.0,-0.7554
121280.0,-0.5842
121285.0,-0.8863
121290.0,-0.6043
121295.0,-0.7453
121300.0,-0.9568
121305.0,-1.1180
121310.0,-0.7655
121315.0,-0.6345
121320.0,-0.3022
121325.0,-0.3525
121330.0,-0.1209
121335.0,-0.1108
121340.0,-0.0504
121345.0,0.0403
121350.0,-0.1007
121355.0,-0.1410
121360.0,0.0403
121365.0,-0.2317
121370.0,0.0504
121375.0,-0.1108
121380.0,-0.1108
121385.0,0.0000
121390.0,-0.1914
121395.0,-0.1108
121400.0,0.0000
121405.0,-0.1712
121410.0,-0.1007
121415.0,-0.0201
121420.0,0.0201
121425.0,-0.2317
121430.0,0.1007
121435.0,-0.4734
121440.0,-0.3022
121445.0,-0.3324
121450.0,-0.4029
121455.0,-0.1007
121460.0,0.0101
121465.0,-0.1712
121470.0,0.0302
121475.0,-0.1209
121480.0,0.0302
121485.0,-0.1511
121490.0,-0.0705
121495.0,-0.3424
121500.0,-0.0504
121505.0,-0.1108
121510.0,-0.0101
121515.0,0.1410
121520.0,-0.1612
121525.0,-0.0403
121530.0,-0.0302
121535.0,-0.1309
121540.0,0.1209
121545.0,-0.1712
121550.0,-0.0302
121555.0,-0.1108
121560.0,-0.2115
121565.0,-0.3223
121570.0,-0.3827
121575.0,-0.9065
121580.0,-0.5842
121585.0,-0.7252
121590.0,-0.6446
121595.0,-1.0777
121600.0,-0.9971
121605.0,-0.9669
121610.0,-0.6043
121615.0,-0.5338
121620.0,-0.0906
121625.0,-0.4432
121630.0,-0.1511
121635.0,-0.1209
121640.0,-0.1007
121645.0,0.0201
121650.0,0.0000
121655.0,-0.1712
121660.0,0.0000
121665.0,-0.1209
121670.0,0.0302
121675.0,-0.2216
121680.0,0.0201
121685.0,-0.2014
121690.0,-0.1712
121695.0,-0.2518
121700.0,-0.1007
121705.0,0.0705
121710.0,-0.0302
121715.0,-0.1410
121720.0,-0.0504
121725.0,-0.2014
121730.0,-0.1209
121735.0,-0.5640
121740.0,-0.1612
121745.0,-0.4432
121750.0,-0.2820
121755.0,-0.1410
121760.0,-0.0806
121765.0,0.0302
121770.0,-0.0604
121775.0,-0.1612
121780.0,0.0302
121785.0,-0.2820
121790.0,-0.0101
121795.0,-0.3525
121800.0,0.1108
121805.0,-0.2014
121810.0,-0.1511
121815.0,0.0000
121820.0,-0.0201
121825.0,0.0101
121830.0,0.0806
121835.0,-0.1914
121840.0,-0.0101
121845.0,-0.2216
121850.0,0.0201
121855.0,-0.1108
121860.0,-0.1612
121865.0,-0.2518
121870.0,-0.4734
121875.0,-0.9065
121880.0,-0.6446
121885.0,-0.7252
121890.0,-0.7554
121895.0,-1.1482
121900.0,-0.8561
121905.0,-0.9770
121910.0,-0.3525
121915.0,-0.5640
121920.0,-0.2014
121925.0,-0.3827
121930.0,-0.0302
121935.0,-0.2317
121940.0,0.0403
121945.0,-0.0302
121950.0,-0.1309
121955.0,-0.0705
121960.0,-0.0504
121965.0,-0.0906
121970.0,0.0604
121975.0,-0.1511
121980.0,-0.0403
121985.0,-0.1612
121990.0,-0.0101
121995.0,-0.1712
122000.0,-0.0302
122005.0,-0.0302
122010.0,-0.1309
122015.0,0.0101
122020.0,-0.0705
122025.0,-0.2115
122030.0,-0.2115
122035.0,-0.3727
122040.0,-0.1813
122045.0,-0.4835
122050.0,-0.1007
122055.0,-0.1007
122060.0,-0.0302
122065.0,-0.1813
122070.0,0.0302
122075.0,-0.0705
122080.0,-0.0705
122085.0,-0.1108
122090.0,-0.1209
122095.0,-0.3324
122100.0,0.0906
122105.0,-0.2518
122110.0,0.0403
122115.0,-0.0604
122120.0,-0.1712
122125.0,-0.1309
122130.0,-0.0101
122135.0,-0.0403
122140.0,-0.0806
122145.0,-0.1108
122150.0,-0.0806
122155.0,-0.3928
122160.0,-0.0604
122165.0,-0.4130
122170.0,-0.6144
122175.0,-0.8561
122180.0,-0.7050
122185.0,-0.7151
122190.0,-0.6547
122195.0,-1.1784
122200.0,-0.8561
122205.0,-0.7453
122210.0,-0.4331
122215.0,-0.4230
122220.0,-0.1813
122225.0,-0.2115
122230.0,0.2216
122235.0,-0.3525
122240.0,0.0504
122245.0,-0.1309
122250.0,-0.0201
122255.0,-0.0504
122260.0,-0.1612
122265.0,0.0705
122270.0,-0.0705
122275.0,-0.1007
122280.0,-0.1209
122285.0,-0.1612
122290.0,-0.0201
122295.0,-0.2820
122300.0,0.1612
122305.0,-0.1007
122310.0,-0.1813
122315.0,0.0504
122320.0,-0.0806
122325.0,-0.0806
122330.0,-0.2921
122335.0,-0.2619
122340.0,-0.4432
122345.0,-0.4734
122350.0,-0.0504
122355.0,-0.2317
122360.0,-0.0101
122365.0,-0.1914
122370.0,-0.1108
122375.0,-0.0504
122380.0,-0.0504
122385.0,-0.0604
122390.0,-0.0806
122395.0,-0.1007
122400.0,-0.1108
122405.0,-0.1612
122410.0,0.0504
122415.0,-0.2518
122420.0,0.1209
122425.0,-0.1612
122430.0,-0.1410
122435.0,0.0101
122440.0,-0.0604
122445.0,-0.0403
122450.0,0.0906
122455.0,-0.2820
122460.0,-0.1511
122465.0,-0.6446
122470.0,-0.5237
122475.0,-0.9266
122480.0,-0.7655
122485.0,-0.7655
122490.0,-0.9971
122495.0,-1.1784
122500.0,-0.6345
122505.0,-0.7554
122510.0,-0.4734
122515.0,-0.1914
122520.0,-0.1712
122525.0,-0.2115
122530.0,-0.0705
122535.0,-0.1511
122540.0,-0.0302
122545.0,-0.2115
122550.0,0.0302
122555.0,-0.0906
122560.0,-0.0201
122565.0,-0.1007
122570.0,-0.1410
122575.0,0.0201
122580.0,-0.0604
122585.0,-0.0806
122590.0,-0.0201
122595.0,-0.1511
122600.0,0.0403
122605.0,-0.1914
122610.0,-0.0504
122615.0,-0.1309
122620.0,-0.0604
122625.0,-0.2921
122630.0,-0.3727
122635.0,-0.3324
122640.0,-0.5237
122645.0,-0.2719
122650.0,-0.1813
122655.0,-0.1813
122660.0,0.1007
122665.0,-0.2216
122670.0,-0.1007
122675.0,-0.1309
122680.0,-0.1511
122685.0,-0.2014
122690.0,0.0604
122695.0,-0.0705
122700.0,-0.2014
122705.0,-0.0101
122710.0,-0.1007
122715.0,-0.2820
122720.0,0.1612
122725.0,-0.2518
122730.0,0.0403
122735.0,-0.2115
122740.0,-0.1108
122745.0,-0.1209
122750.0,-0.0201
122755.0,-0.2619
122760.0,-0.1914
122765.0,-0.7151
122770.0,-0.6648
122775.0,-0.7957
122780.0,-0.7353
122785.0,-0.9266
122790.0,-0.9266
122795.0,-1.1281
122800.0,-0.7655
122805.0,-0.5842
122810.0,-0.3928
122815.0,-0.3424
122820.0,-0.1712
122825.0,-0.1007
122830.0,0.0302
122835.0,-0.1007
122840.0,-0.1108
122845.0,-0.0504
122850.0,0.0403
122855.0,-0.2518
122860.0,0.0302
122865.0,-0.0403
122870.0,-0.0806
122875.0,-0.0806
122880.0,-0.1309
122885.0,-0.0906
122890.0,-0.0201
122895.0,-0.1511
122900.0,-0.1007
122905.0,-0.0201
122910.0,0.0302
122915.0,-0.2518
122920.0,0.1108
122925.0,-0.3324
122930.0,-0.3424
122935.0,-0.2820
122940.0,-0.3827
122945.0,-0.0604
122950.0,-0.0705
122955.0,-0.2014
122960.0,-0.0705
122965.0,-0.1309
122970.0,0.0201
122975.0,-0.2216
122980.0,-0.0504
122985.0,-0.3324
122990.0,-0.0806
122995.0,-0.0806
123000.0,0.0403
123005.0,-0.0201
123010.0,-0.0806
123015.0,0.0403
123020.0,0.0101
123025.0,-0.0201
123030.0,0.2216
123035.0,-0.0604
123040.0,0.0201
123045.0,-0.2317
123050.0,-0.0906
123055.0,-0.3525
123060.0,-0.2921
123065.0,-0.7453
123070.0,-0.6748
123075.0,-0.6950
123080.0,-0.6245
123085.0,-1.0072
123090.0,-0.8763
123095.0,-1.0374
123100.0,-0.4633
123105.0,-0.5137
123110.0,-0.0201
123115.0,-0.3223
123120.0,-0.1813
123125.0,-0.0705
123130.0,-0.0604
123135.0,0.1007
123140.0,0.0705
123145.0,-0.1813
123150.0,-0.0806
123155.0,-0.0504
123160.0,0.0403
123165.0,-0.1511
123170.0,-0.0302
123175.0,-0.1410
123180.0,-0.2115
123185.0,-0.2518
123190.0,0.0000
123195.0,-0.1511
123200.0,-0.0604
123205.0,-0.0403
123210.0,-0.0201
123215.0,-0.0504
123220.0,-0.1511
123225.0,-0.4935
123230.0,-0.1209
123235.0,-0.4633
123240.0,-0.2619
123245.0,-0.2518
123250.0,-0.1712
123255.0,-0.0302
123260.0,-0.0403
123265.0,-0.0906
123270.0,0.0000
123275.0,-0.2518
123280.0,-0.0705
123285.0,-0.2921
123290.0,-0.0101
123295.0,-0.1511
123300.0,-0.0101
123305.0,-0.1309
123310.0,-0.1511
123315.0,0.0000
123320.0,-0.1108
123325.0,-0.0403
123330.0,-0.0604
123335.0,-0.2820
123340.0,0.0504
123345.0,-0.2719
123350.0,-0.0806
123355.0,-0.3122
123360.0,-0.4532
123365.0,-0.9266
123370.0,-0.6648
123375.0,-0.7655
123380.0,-0.5942
123385.0,-1.2590
123390.0,-0.9770
123395.0,-0.9770
123400.0,-0.4633
123405.0,-0.4935
123410.0,-0.1511
123415.0,-0.3727
123420.0,-0.0604
123425.0,-0.0504
123430.0,-0.0906
123435.0,0.0101
123440.0,0.0101
123445.0,-0.0705
123450.0,-0.0201
123455.0,-0.0604
123460.0,-0.0604
123465.0,-0.1309
123470.0,0.0000
123475.0,-0.3022
123480.0,0.0906
123485.0,-0.1914
123490.0,-0.1108
123495.0,0.0504
123500.0,-0.1108
123505.0,-0.0403
123510.0,0.0302
123515.0,-0.1309
123520.0,-0.2719
123525.0,-0.2518
123530.0,-0.1007
123535.0,-0.3223
123540.0,0.0201
123545.0,-0.0906
123550.0,-0.0906
123555.0,0.0705
123560.0,0.0504
123565.0,0.0806
123570.0,-0.0604
123575.0,-0.1410
123580.0,-0.0201
123585.0,-0.2014
123590.0,0.1108
123595.0,-0.2417
123600.0,-0.0504
123605.0,-0.0302
123610.0,-0.0604
123615.0,-0.0504
123620.0,0.0504
123625.0,-0.0504
123630.0,-0.0101
123635.0,-0.0906
123640.0,-0.0604
123645.0,-0.2014
123650.0,-0.0302
123655.0,-0.4633
123660.0,-0.5640
123665.0,-0.8460
123670.0,-0.6748
123675.0,-0.5842
123680.0,-0.7755
123685.0,-1.0978
123690.0,-0.8662
123695.0,-0.7655
123700.0,-0.3727
123705.0,-0.4331
123710.0,-0.2619
123715.0,-0.1612
123720.0,0.0604
123725.0,-0.2216
123730.0,0.0201
123735.0,-0.2216
123740.0,-0.0101
123745.0,-0.0101
123750.0,-0.0504
123755.0,0.0000
123760.0,-0.0705
123765.0,-0.0604
123770.0,0.0101
123775.0,-0.1914
123780.0,-0.0403
123785.0,-0.2921
123790.0,0.1511
123795.0,-0.0504
123800.0,0.1007
123805.0,-0.0705
123810.0,-0.0101
123815.0,-0.0101
123820.0,-0.3324
123825.0,-0.1410
123830.0,-0.4230
123835.0,-0.5338
123840.0,-0.0403
123845.0,-0.2921
123850.0,0.0302
123855.0,-0.0906
123860.0,-0.1309
123865.0,0.1108
123870.0,0.0302
123875.0,-0.0403
123880.0,-0.1007
123885.0,-0.1511
123890.0,-0.0806
123895.0,-0.2014
123900.0,0.0705
123905.0,-0.2417
123910.0,0.0806
123915.0,-0.1612
123920.0,-0.1813
123925.0,-0.1410
123930.0,-0.0403
123935.0,-0.0604
123940.0,-0.1007
123945.0,-0.2820
123950.0,-0.2820
123955.0,-0.5237
123960.0,-0.5741
123965.0,-0.8964
123970.0,-0.6144
123975.0,-0.9065
123980.0,-0.9568
123985.0,-1.1281
123990.0,-0.7151
123995.0,-0.8259
124000.0,-0.2921
124005.0,-0.2820
124010.0,-0.3324
124015.0,-0.1309
124020.0,-0.0806
124025.0,-0.1813
124030.0,0.0604
124035.0,-0.2518
124040.0,0.0403
124045.0,-0.1209
124050.0,-0.0806
124055.0,-0.0705
124060.0,-0.0705
124065.0,-0.0403
124070.0,0.1511
124075.0,-0.1410
124080.0,-0.0403
124085.0,-0.0201
124090.0,0.1007
124095.0,-0.3122
124100.0,0.0604
124105.0,-0.0806
124110.0,-0.1410
124115.0,-0.1712
124120.0,-0.4130
124125.0,-0.0604
124130.0,-0.3827
124135.0,-0.1410
124140.0,-0.1007
124145.0,-0.1612
124150.0,0.0302
124155.0,-0.2619
124160.0,0.0806
124165.0,-0.0604
124170.0,-0.1108
124175.0,-0.0705
124180.0,-0.1309
124185.0,-0.0705
124190.0,0.0403
124195.0,-0.0604
124200.0,0.0403
124205.0,-0.2417
124210.0,0.0806
124215.0,-0.1511
124220.0,0.0906
124225.0,-0.1410
124230.0,-0.1209
124235.0,-0.0705
124240.0,-0.0101
124245.0,-0.1108
124250.0,-0.2921
124255.0,-0.5640
124260.0,-0.6144
124265.0,-0.9065
124270.0,-0.6245
124275.0,-0.7856
124280.0,-0.8763
124285.0,-1.0878
124290.0,-0.6648
124295.0,-0.6245
124300.0,-0.4734
124305.0,-0.2820
124310.0,-0.1813
124315.0,-0.0906
124320.0,0.0806
124325.0,-0.2115
124330.0,0.0604
124335.0,-0.1410
124340.0,0.0101
124345.0,-0.2317
124350.0,-0.0705
124355.0,-0.1612
124360.0,-0.0604
124365.0,-0.0302
124370.0,-0.1712
124375.0,-0.1007
124380.0,-0.1511
124385.0,-0.0504
124390.0,-0.0705
124395.0,-0.1612
124400.0,0.1108
124405.0,-0.2820
124410.0,0.0000
124415.0,-0.3827
124420.0,-0.3324
124425.0,-0.3223
124430.0,-0.2216
124435.0,-0.1914
124440.0,-0.2014
124445.0,-0.1209
124450.0,-0.1007
124455.0,-0.1209
124460.0,0.0504
124465.0,-0.3122
124470.0,-0.0101
124475.0,-0.2417
124480.0,-0.1209
124485.0,-0.0705
124490.0,-0.0101
124495.0,-0.0201
124500.0,-0.0705
124505.0,-0.1410
124510.0,0.0302
124515.0,-0.1914
124520.0,-0.0101
124525.0,-0.1209
124530.0,0.0201
124535.0,-0.1309
124540.0,-0.1813
124545.0,-0.4230
124550.0,-0.3424
124555.0,-0.8662
124560.0,-0.6345
124565.0,-0.6748
124570.0,-0.7252
124575.0,-1.0273
124580.0,-0.9266
124585.0,-1.0576
124590.0,-0.5540
124595.0,-0.5237
124600.0,-0.2014
124605.0,-0.2115
124610.0,-0.1511
124615.0,-0.1209
124620.0,0.0604
124625.0,-0.0604
124630.0,-0.1007
124635.0,-0.0705
124640.0,-0.0302
124645.0,-0.1209
124650.0,0.1309
124655.0,-0.2719
124660.0,-0.0504
124665.0,-0.0604
124670.0,-0.1914
124675.0,-0.2317
124680.0,-0.1309
124685.0,-0.1007
124690.0,-0.0302
124695.0,-0.0302
124700.0,0.0403
124705.0,-0.2518
124710.0,-0.1007
124715.0,-0.3928
124720.0,-0.1007
124725.0,-0.3827
124730.0,-0.3022
124735.0,-0.0403
124740.0,-0.0101
124745.0,0.0604
124750.0,0.1007
124755.0,-0.1813
124760.0,-0.0604
124765.0,-0.0705
124770.0,0.0504
124775.0,-0.2317
124780.0,-0.0504
124785.0,-0.1309
124790.0,0.0000
124795.0,-0.0504
124800.0,0.1108
124805.0,-0.0403
124810.0,-0.1712
124815.0,-0.1108
124820.0,0.0101
124825.0,-0.1410
124830.0,0.1108
124835.0,-0.2719
124840.0,-0.0504
124845.0,-0.3122
124850.0,-0.4935
124855.0,-0.8460
124860.0,-0.6345
124865.0,-0.7755
124870.0,-0.6245
124875.0,-1.1482
124880.0,-0.8259
124885.0,-0.9669
124890.0,-0.4130
124895.0,-0.4935
124900.0,-0.1914
124905.0,-0.4029
124910.0,-0.0403
124915.0,-0.2518
124920.0,-0.0604
124925.0,-0.0504
124930.0,-0.0201
124935.0,0.0604
124940.0,0.0000
124945.0,-0.1813
124950.0,0.0403
124955.0,-0.0705
124960.0,0.0705
124965.0,-0.1007
124970.0,0.0000
124975.0,-0.1209
124980.0,0.0705
124985.0,0.1108
124990.0,0.1007
124995.0,-0.0504
125000.0,0.0101
125005.0,-0.0101
125010.0,-0.1712
125015.0,-0.3727
125020.0,-0.1209
125025.0,-0.4532
125030.0,-0.0101
125035.0,-0.1209
125040.0,0.0302
125045.0,-0.0604
125050.0,0.0504
125055.0,0.0504
125060.0,0.0101
125065.0,-0.1209
125070.0,-0.1209
125075.0,-0.2719
125080.0,0.1712
125085.0,-0.2014
125090.0,0.1209
125095.0,-0.1511
125100.0,0.0000
125105.0,0.0403
125110.0,0.0906
125115.0,-0.0403
125120.0,0.0101
125125.0,0.0000
125130.0,0.0302
125135.0,-0.2518
125140.0,-0.1511
125145.0,-0.4130
125150.0,-0.4633
125155.0,-0.8158
125160.0,-0.5942
125165.0,-0.6748
125170.0,-0.6748
125175.0,-1.0878
125180.0,-0.8863
125185.0,-0.7655
125190.0,-0.3928
125195.0,-0.4331
125200.0,-0.1108
125205.0,-0.2518
125210.0,0.0604
125215.0,-0.3022
125220.0,0.0000
125225.0,-0.0604
125230.0,0.0000
125235.0,-0.0201
125240.0,-0.0302
125245.0,0.0504
125250.0,0.0705
125255.0,-0.0806
125260.0,-0.0201
125265.0,-0.2820
125270.0,-0.0504
125275.0,-0.1410
125280.0,0.0504
125285.0,-0.0604
125290.0,-0.1007
125295.0,0.0302
125300.0,-0.0101
125305.0,-0.0604
125310.0,-0.2014
125315.0,-0.1309
125320.0,-0.1612
125325.0,-0.4331
125330.0,-0.0504
125335.0,-0.2317
125340.0,-0.0504
125345.0,-0.1712
125350.0,-0.0504
125355.0,-0.0302
125360.0,-0.0705
125365.0,-0.0302
125370.0,-0.1309
125375.0,-0.2518
125380.0,0.0302
125385.0,-0.2317
125390.0,0.0806
125395.0,-0.2518
125400.0,-0.0302
125405.0,-0.1108
125410.0,-0.1007
125415.0,-0.0302
125420.0,0.0504
125425.0,-0.1410
125430.0,-0.2216
125435.0,-0.2216
125440.0,-0.2216
125445.0,-0.6345
125450.0,-0.5942
125455.0,-0.9669
125460.0,-0.6849
125465.0,-0.8662
125470.0,-0.9669
125475.0,-1.1381
125480.0,-0.7453
125485.0,-0.8561
125490.0,-0.2921
125495.0,-0.2115
125500.0,-0.1108
125505.0,-0.1712
125510.0,-0.1410
125515.0,-0.1007
125520.0,0.1007
125525.0,-0.0806
125530.0,0.0201
125535.0,-0.1612
125540.0,-0.0604
125545.0,-0.0504
125550.0,-0.0201
125555.0,0.0604
125560.0,-0.0201
125565.0,-0.2216
125570.0,-0.0403
125575.0,-0.1309
125580.0,0.1108
125585.0,-0.2115
125590.0,-0.0101
125595.0,-0.1309
125600.0,-0.0403
125605.0,-0.2014
125610.0,-0.3223
125615.0,-0.2417
125620.0,-0.1914
125625.0,-0.2115
125630.0,-0.0302
125635.0,-0.1410
125640.0,0.1309
125645.0,-0.0906
125650.0,-0.0302
125655.0,-0.0906
125660.0,-0.0101
125665.0,-0.1108
125670.0,0.0906
125675.0,-0.1007
125680.0,-0.1410
125685.0,-0.0101
125690.0,-0.0101
125695.0,-0.1914
125700.0,0.1410
125705.0,-0.2115
125710.0,0.0705
125715.0,-0.0604
125720.0,-0.0403
125725.0,-0.0504
125730.0,-0.1511
125735.0,-0.1612
125740.0,-0.0705
125745.0,-0.5942
125750.0,-0.5942
125755.0,-0.8561
125760.0,-0.6245
125765.0,-0.7755
125770.0,-0.8158
125775.0,-1.0173
125780.0,-0.6446
125785.0,-0.6950
125790.0,-0.3727
125795.0,-0.2317
125800.0,-0.2216
125805.0,0.0403
125810.0,-0.1108
125815.0,-0.0705
125820.0,0.0906
125825.0,-0.1209
125830.0,0.0504
125835.0,-0.1712
125840.0,-0.1007
125845.0,-0.1108
125850.0,0.0604
125855.0,0.0000
125860.0,0.0403
125865.0,-0.1410
125870.0,-0.1712
125875.0,-0.0806
125880.0,-0.0806
125885.0,-0.0806
125890.0,0.1209
125895.0,-0.2619
125900.0,0.0705
125905.0,-0.2417
125910.0,-0.2216
125915.0,-0.2518
125920.0,-0.4029
125925.0,-0.1914
125930.0,0.0201
125935.0,-0.0705
125940.0,0.0302
125945.0,-0.0302
125950.0,0.0604
125955.0,-0.1108
125960.0,0.0101
125965.0,-0.2518
125970.0,0.0302
125975.0,-0.0403
125980.0,0.0101
125985.0,0.0705
125990.0,0.0201
125995.0,0.0302
126000.0,-0.0604
126005.0,-0.2518
126010.0,0.1511
126015.0,-0.1511
126020.0,0.0403
126025.0,-0.0906
126030.0,-0.1813
126035.0,-0.2518
126040.0,-0.2417
126045.0,-0.7554
126050.0,-0.5842
126055.0,-0.7151
126060.0,-0.6648
126065.0,-1.0475
126070.0,-0.8662
126075.0,-1.0374
126080.0,-0.4935
126085.0,-0.5540
126090.0,-0.1007
126095.0,-0.2820
126100.0,-0.1612
126105.0,-0.0101
126110.0,-0.0302
126115.0,-0.0806
126120.0,0.1309
126125.0,-0.0906
126130.0,0.0604
126135.0,-0.1209
126140.0,0.0403
126145.0,-0.1007
126150.0,0.0705
126155.0,-0.0504
126160.0,-0.1309
126165.0,-0.2518
126170.0,-0.1410
126175.0,0.0403
126180.0,0.0806
126185.0,0.0000
126190.0,0.0302
126195.0,0.0201
126200.0,0.0906
126205.0,-0.4432
126210.0,-0.0403
126215.0,-0.2820
126220.0,-0.1007
126225.0,-0.1108
126230.0,0.0101
126235.0,0.0806
126240.0,0.0302
126245.0,-0.0604
126250.0,-0.0604
126255.0,-0.0604
126260.0,0.0705
126265.0,-0.2820
126270.0,0.1410
126275.0,-0.1410
126280.0,0.0705
126285.0,-0.0504
126290.0,-0.0504
126295.0,0.1612
126300.0,-0.0504
126305.0,-0.1108
126310.0,0.0504
126315.0,-0.1813
126320.0,-0.0403
126325.0,-0.1108
126330.0,0.0101
126335.0,-0.2619
126340.0,-0.3324
126345.0,-0.7856
126350.0,-0.6144
126355.0,-0.7755
126360.0,-0.7050
126365.0,-1.1683
126370.0,-0.8561
126375.0,-0.9266
126380.0,-0.3424
126385.0,-0.4532
126390.0,0.0101
126395.0,-0.4432
126400.0,-0.0806
126405.0,-0.1410
126410.0,-0.1108
126415.0,-0.0403
126420.0,0.0504
126425.0,-0.0705
126430.0,-0.0504
126435.0,-0.0504
126440.0,-0.1007
126445.0,-0.0201
126450.0,0.0302
126455.0,-0.3626
126460.0,0.1108
126465.0,-0.2115
126470.0,-0.0806
126475.0,0.0302
126480.0,-0.0403
126485.0,-0.1209
126490.0,0.0000
126495.0,-0.2014
126500.0,-0.3022
126505.0,-0.2719
126510.0,-0.1612
126515.0,-0.5741
126520.0,-0.0201
126525.0,-0.1712
126530.0,-0.0705
126535.0,-0.0705
126540.0,-0.1108
126545.0,0.0806
126550.0,-0.0806
126555.0,-0.1612
126560.0,0.0604
126565.0,-0.2619
126570.0,0.0101
126575.0,-0.2216
126580.0,0.0000
126585.0,-0.2014
126590.0,0.0000
126595.0,-0.1410
126600.0,-0.0504
126605.0,-0.0302
126610.0,-0.1108
126615.0,-0.1209
126620.0,0.0504
126625.0,-0.2619
126630.0,-0.2014
126635.0,-0.2921
126640.0,-0.5942
126645.0,-0.9367
126650.0,-0.6748
126655.0,-0.6950
126660.0,-0.7957
126665.0,-1.1482
126670.0,-0.7453
126675.0,-0.8058
126680.0,-0.3928
126685.0,-0.4130
126690.0,-0.3223
126695.0,-0.3122
126700.0,0.0906
126705.0,-0.2216
126710.0,0.1007
126715.0,-0.2014
126720.0,-0.2216
126725.0,0.0302
126730.0,-0.1410
126735.0,-0.0504
126740.0,0.0302
126745.0,-0.1511
126750.0,-0.0705
126755.0,-0.1410
126760.0,-0.0201
126765.0,-0.2317
126770.0,0.0302
126775.0,-0.2317
126780.0,0.0000
126785.0,0.0000
126790.0,-0.0705
126795.0,0.0806
126800.0,-0.3626
126805.0,-0.1612
126810.0,-0.4029
126815.0,-0.4532
126820.0,0.0000
126825.0,-0.2216
126830.0,-0.0302
126835.0,-0.0403
126840.0,-0.0201
126845.0,0.1712
126850.0,-0.0403
126855.0,0.1007
126860.0,-0.1511
126865.0,-0.1410
126870.0,0.2014
126875.0,-0.2719
126880.0,0.0705
126885.0,-0.1511
126890.0,0.0403
126895.0,-0.0705
126900.0,-0.1108
126905.0,0.0906
126910.0,-0.0302
126915.0,-0.0604
126920.0,0.0403
126925.0,-0.2518
126930.0,-0.1712
126935.0,-0.4935
126940.0,-0.5237
126945.0,-0.8561
126950.0,-0.5942
126955.0,-0.7957
126960.0,-0.9468
126965.0,-1.1381
126970.0,-0.5842
126975.0,-0.7151
126980.0,-0.4130
126985.0,-0.2417
126990.0,-0.1511
126995.0,-0.0101
127000.0,0.1209
127005.0,-0.2115
127010.0,0.0504
127015.0,-0.1108
127020.0,0.0705
127025.0,-0.0806
127030.0,0.0504
127035.0,-0.0906
127040.0,0.0101
127045.0,-0.0302
127050.0,-0.0101
127055.0,-0.0604
127060.0,-0.2115
127065.0,-0.0201
127070.0,0.1007
127075.0,-0.1813
127080.0,0.1410
127085.0,-0.2115
127090.0,-0.0604
127095.0,-0.1712
127100.0,-0.5036
127105.0,-0.2518
127110.0,-0.4130
127115.0,-0.3223
127120.0,0.0000
127125.0,0.1410
127130.0,0.1007
127135.0,0.0101
127140.0,0.0906
127145.0,0.0806
127150.0,-0.0906
127155.0,-0.0906
127160.0,0.0403
127165.0,-0.0302
127170.0,0.0806
127175.0,-0.1309
127180.0,0.0302
127185.0,-0.1108
127190.0,0.0604
127195.0,-0.1007
127200.0,0.0302
127205.0,-0.1410
127210.0,0.0302
127215.0,-0.1309
127220.0,0.0906
127225.0,-0.1410
127230.0,-0.0604
127235.0,-0.6446
127240.0,-0.5237
127245.0,-0.9065
127250.0,-0.6345
127255.0,-0.6748
127260.0,-0.9367
127265.0,-1.0173
127270.0,-0.7050
127275.0,-0.6245
127280.0,-0.2719
127285.0,-0.2216
127290.0,-0.2014
127295.0,0.0000
127300.0,-0.0906
127305.0,0.1007
127310.0,-0.0302
127315.0,0.0806
127320.0,0.1007
127325.0,-0.1209
127330.0,0.1914
127335.0,-0.1813
127340.0,0.1511
127345.0,-0.0403
127350.0,-0.2518
127355.0,0.0806
127360.0,0.0101
127365.0,-0.1108
127370.0,0.0201
127375.0,-0.1813
127380.0,0.2014
127385.0,-0.1914
127390.0,-0.0101
127395.0,-0.2921
127400.0,-0.3424
127405.0,-0.3223
127410.0,-0.2317
127415.0,-0.1108
127420.0,-0.0705
127425.0,-0.1209
127430.0,-0.0906
127435.0,0.0403
127440.0,0.0604
127445.0,-0.1511
127450.0,-0.0302
127455.0,-0.3122
127460.0,-0.0403
127465.0,-0.0504
127470.0,0.0101
127475.0,0.0201
127480.0,-0.1813
127485.0,-0.0806
127490.0,0.1108
127495.0,-0.1007
127500.0,0.1007
127505.0,-0.3022
127510.0,-0.1108
127515.0,-0.1108
127520.0,-0.2216
127525.0,-0.3223
127530.0,-0.3122
127535.0,-0.8460
127540.0,-0.6648
127545.0,-0.7252
127550.0,-0.6950
127555.0,-1.0374
127560.0,-0.9871
127565.0,-1.1281
127570.0,-0.5338
127575.0,-0.5338
127580.0,-0.1813
127585.0,-0.2518
127590.0,-0.1612
127595.0,-0.2014
127600.0,-0.1007
127605.0,-0.0705
127610.0,-0.0504
127615.0,0.1007
127620.0,-0.1410
127625.0,-0.1511
127630.0,0.0201
127635.0,-0.2619
127640.0,0.0806
127645.0,-0.1813
127650.0,-0.3424
127655.0,-0.1612
127660.0,-0.1511
127665.0,-0.0504
127670.0,-0.0201
127675.0,-0.0806
127680.0,-0.1007
127685.0,-0.2719
127690.0,-0.0906
127695.0,-0.5942
127700.0,-0.1914
127705.0,-0.3525
127710.0,-0.2518
127715.0,-0.2216
127720.0,-0.0604
127725.0,0.0504
127730.0,-0.0403
127735.0,-0.0403
127740.0,-0.0101
127745.0,-0.2719
127750.0,0.1410
127755.0,-0.3223
127760.0,0.1410
127765.0,-0.1209
127770.0,-0.1712
127775.0,-0.0201
127780.0,-0.0604
127785.0,-0.0302
127790.0,0.0604
127795.0,-0.2115
127800.0,-0.0806
127805.0,-0.2115
127810.0,0.0705
127815.0,-0.1410
127820.0,-0.1108
127825.0,-0.4230
127830.0,-0.4230
127835.0,-0.8662
127840.0,-0.6748
127845.0,-0.6950
127850.0,-0.7151
127855.0,-1.2187
127860.0,-0.8360
127865.0,-0.9468
127870.0,-0.4935
127875.0,-0.4532
127880.0,-0.1410
127885.0,-0.4331
127890.0,0.1309
127895.0,-0.1612
127900.0,0.1209
127905.0,-0.0705
127910.0,-0.0504
127915.0,0.0504
127920.0,0.0201
127925.0,0.1007
127930.0,-0.1511
127935.0,-0.2014
127940.0,0.1209
127945.0,-0.2216
127950.0,0.1007
127955.0,-0.1813
127960.0,-0.1914
127965.0,0.0000
127970.0,-0.0806
127975.0,-0.0201
127980.0,0.0403
127985.0,-0.2014
127990.0,-0.3022
127995.0,-0.2317
128000.0,-0.0906
128005.0,-0.3626
128010.0,-0.0806
128015.0,-0.0302
128020.0,0.0906
128025.0,-0.0504
128030.0,-0.0403
128035.0,0.0705
128040.0,-0.0504
128045.0,-0.1007
128050.0,0.1309
128055.0,-0.2115
128060.0,0.0000
128065.0,-0.1108
128070.0,0.0403
128075.0,-0.1712
128080.0,-0.0201
128085.0,-0.1511
128090.0,0.0504
128095.0,0.0403
128100.0,-0.0302
128105.0,0.1410
128110.0,-0.0705
128115.0,-0.3022
128120.0,0.0504
128125.0,-0.3525
128130.0,-0.5842
128135.0,-0.8360
128140.0,-0.7655
128145.0,-0.6446
128150.0,-0.7453
128155.0,-1.1683
128160.0,-0.8360
128165.0,-0.7151
128170.0,-0.4633
128175.0,-0.4532
128180.0,-0.1511
128185.0,-0.2317
128190.0,0.0504
128195.0,-0.2719
128200.0,0.0504
128205.0,-0.1108
128210.0,-0.0604
128215.0,0.0806
128220.0,-0.0906
128225.0,-0.1209
128230.0,-0.0201
128235.0,-0.1511
128240.0,-0.0504
128245.0,-0.1612
128250.0,-0.0403
128255.0,-0.3424
128260.0,0.1612
128265.0,-0.0504
128270.0,-0.0504
128275.0,0.1410
128280.0,-0.2014
128285.0,-0.0201
128290.0,-0.2317
128295.0,-0.1612
128300.0,-0.3223
128305.0,-0.4935
128310.0,-0.0504
128315.0,-0.2417
128320.0,-0.0201
128325.0,0.0604
128330.0,0.0302
128335.0,-0.0806
128340.0,0.0906
128345.0,0.0302
128350.0,0.0201
128355.0,-0.1309
128360.0,-0.0201
128365.0,-0.0302
128370.0,0.0906
128375.0,0.0504
128380.0,0.1410
128385.0,-0.1712
128390.0,0.0101
128395.0,-0.0302
128400.0,0.0906
128405.0,-0.1108
128410.0,0.1108
128415.0,-0.2619
128420.0,-0.0906
128425.0,-0.4633
128430.0,-0.5842
128435.0,-0.8662
128440.0,-0.5842
128445.0,-0.8058
128450.0,-0.7856
128455.0,-1.1583
128460.0,-0.7655
128465.0,-0.6849
128470.0,-0.3928
128475.0,-0.2719
128480.0,-0.0101
128485.0,-0.2619
128490.0,-0.1209
128495.0,-0.1209
128500.0,0.0000
128505.0,-0.1712
128510.0,-0.0201
128515.0,-0.1007
128520.0,0.1007
128525.0,-0.1712
128530.0,-0.1410
128535.0,0.0906
128540.0,-0.0906
128545.0,-0.0201
128550.0,-0.0302
128555.0,-0.3223
128560.0,-0.0806
128565.0,-0.0906
128570.0,0.0705
128575.0,-0.2014
128580.0,-0.1511
128585.0,-0.2719
128590.0,-0.1914
128595.0,0.0403
128600.0,-0.1712
128605.0,-0.0504
128610.0,0.0201
128615.0,-0.1108
128620.0,-0.0604
128625.0,-0.2719
128630.0,0.1209
128635.0,-0.1410
128640.0,-0.0504
128645.0,-0.1612
128650.0,-0.1612
128655.0,0.0101
128660.0,-0.0403
128665.0,-0.1007
128670.0,0.0201
128675.0,-0.0604
128680.0,0.0000
128685.0,-0.0806
128690.0,0.1209
128695.0,-0.1712
128700.0,-0.0604
128705.0,-0.0504
128710.0,-0.0806
128715.0,-0.1813
128720.0,-0.0806
128725.0,-0.7252
128730.0,-0.7151
128735.0,-0.8662
128740.0,-0.7050
128745.0,-0.9468
128750.0,-0.8863
128755.0,-1.1482
128760.0,-0.7453
128765.0,-0.5036
128770.0,-0.3727
128775.0,-0.3022
128780.0,-0.2216
128785.0,-0.1309
128790.0,-0.0101
128795.0,-0.1309
128800.0,-0.1007
128805.0,-0.1511
128810.0,0.0201
128815.0,-0.2417
128820.0,0.0604
128825.0,-0.1108
128830.0,-0.1209
128835.0,0.0403
128840.0,-0.1914
128845.0,-0.0705
128850.0,0.1007
128855.0,-0.1410
128860.0,0.1007
128865.0,0.0504
128870.0,0.0906
128875.0,0.0302
128880.0,0.0806
128885.0,-0.4633
128890.0,-0.2719
128895.0,-0.3022
128900.0,-0.4029
128905.0,-0.1108
128910.0,-0.1511
128915.0,-0.1209
128920.0,0.0201
128925.0,-0.1813
128930.0,0.1410
128935.0,0.0000
128940.0,-0.1108
128945.0,-0.2317
128950.0,0.0101
128955.0,-0.0302
128960.0,0.1209
128965.0,0.0604
128970.0,-0.1007
128975.0,-0.1007
128980.0,0.1410
128985.0,-0.0806
128990.0,0.0906
128995.0,-0.0604
129000.0,0.0504
129005.0,-0.2014
129010.0,-0.1007
129015.0,-0.2014
129020.0,-0.3424
129025.0,-0.7252
129030.0,-0.4935
129035.0,-0.7151
129040.0,-0.7453
129045.0,-0.9871
129050.0,-0.9367
129055.0,-1.0676
129060.0,-0.5036
129065.0,-0.5439
129070.0,-0.1712
129075.0,-0.1813
129080.0,-0.0705
129085.0,-0.0806
129090.0,0.0604
129095.0,0.0201
129100.0,-0.0504
129105.0,-0.0504
129110.0,0.0504
129115.0,-0.1209
129120.0,0.0705
129125.0,0.0201
129130.0,0.0201
129135.0,-0.2115
129140.0,-0.1309
129145.0,-0.2619
129150.0,-0.0806
129155.0,0.0101
129160.0,-0.0302
129165.0,0.0000
129170.0,-0.0403
129175.0,-0.1209
129180.0,0.0906
129185.0,-0.6245
129190.0,-0.1813
129195.0,-0.3727
129200.0,-0.2719
129205.0,-0.1612
129210.0,-0.0906
129215.0,-0.0302
129220.0,0.1209
129225.0,0.0000
129230.0,0.0806
129235.0,-0.1108
129240.0,-0.0403
129245.0,-0.3727
129250.0,0.1108
129255.0,-0.1108
129260.0,-0.0403
129265.0,0.0705
129270.0,-0.0604
129275.0,-0.0504
129280.0,0.0806
129285.0,-0.0705
129290.0,-0.0403
129295.0,-0.1813
129300.0,0.0302
129305.0,-0.2719
129310.0,-0.0504
129315.0,-0.2317
129320.0,-0.4633
129325.0,-0.8058
129330.0,-0.5942
129335.0,-0.7856
129340.0,-0.6144
129345.0,-1.2590
129350.0,-0.8158
129355.0,-0.8460
129360.0,-0.5439
129365.0,-0.5741
129370.0,-0.1007
129375.0,-0.3928
129380.0,0.0302
129385.0,0.0101
129390.0,-0.0906
129395.0,-0.0504
129400.0,-0.0101
129405.0,-0.0201
129410.0,0.0302
129415.0,0.0705
129420.0,-0.0906
129425.0,-0.1007
129430.0,0.0604
129435.0,-0.2619
129440.0,0.0705
129445.0,-0.0504
129450.0,-0.1108
129455.0,0.0504
129460.0,0.0101
129465.0,0.0604
129470.0,0.1612
129475.0,-0.1511
129480.0,-0.2216
129485.0,-0.3022
129490.0,-0.0604
129495.0,-0.4331
129500.0,0.0604
129505.0,-0.0705
129510.0,0.1007
129515.0,-0.0806
129520.0,0.1410
129525.0,0.0403
129530.0,0.0201
129535.0,-0.0906
129540.0,-0.0806
129545.0,-0.0906
129550.0,0.0504
129555.0,-0.1209
129560.0,0.1108
129565.0,-0.2216
129570.0,-0.0806
129575.0,0.0302
129580.0,0.0000
129585.0,0.1108
129590.0,-0.0504
129595.0,-0.1410
129600.0,0.0201
129605.0,-0.3324
129610.0,-0.0604
129615.0,-0.3022
129620.0,-0.6245
129625.0,-0.9165
129630.0,-0.5338
129635.0,-0.6849
129640.0,-0.7151
129645.0,-1.1683
129650.0,-0.9065
129655.0,-0.7353
129660.0,-0.4230
129665.0,-0.4130
129670.0,-0.1209
129675.0,-0.2719
129680.0,-0.0302
129685.0,-0.2317
129690.0,0.0403
129695.0,-0.0906
129700.0,0.0705
129705.0,-0.0705
129710.0,-0.0906
129715.0,0.0604
129720.0,-0.0403
129725.0,-0.0302
129730.0,0.1007
129735.0,-0.2619
129740.0,0.0403
129745.0,-0.3022
129750.0,0.0705
129755.0,0.0504
129760.0,-0.1108
129765.0,0.0705
129770.0,-0.0705
129775.0,-0.0504
129780.0,-0.1410
129785.0,-0.2518
129790.0,-0.3424
129795.0,-0.4734
129800.0,-0.0705
129805.0,-0.1612
129810.0,0.0806
129815.0,0.0101
129820.0,0.0604
129825.0,0.1309
129830.0,-0.0302
129835.0,-0.0302
129840.0,-0.1209
129845.0,-0.0504
129850.0,0.0403
129855.0,-0.1813
129860.0,0.1309
129865.0,-0.1511
129870.0,0.1209
129875.0,-0.0302
129880.0,-0.0101
129885.0,0.0101
129890.0,-0.0403
129895.0,-0.0705
129900.0,-0.0101
129905.0,-0.2317
129910.0,0.0302
129915.0,-0.6144
129920.0,-0.6245
129925.0,-0.8058
129930.0,-0.6648
129935.0,-0.8259
129940.0,-0.9770
129945.0,-1.1482
129950.0,-0.7856
129955.0,-0.7655
129960.0,-0.4331
129965.0,-0.2417
129970.0,0.0201
129975.0,-0.2014
129980.0,0.0201
129985.0,-0.0906
129990.0,0.1410
129995.0,-0.1813
130000.0,0.0705
130005.0,-0.1007
130010.0,-0.1007
130015.0,0.1007
130020.0,-0.0906
130025.0,-0.0504
130030.0,0.0906
130035.0,-0.1712
130040.0,0.0403
130045.0,-0.0705
130050.0,0.1108
130055.0,-0.1612
130060.0,0.0604
130065.0,0.0403
130070.0,-0.1007
130075.0,-0.3525
130080.0,-0.4130
130085.0,-0.2719
130090.0,-0.4432
130095.0,-0.2014
130100.0,-0.2014
130105.0,-0.1108
130110.0,0.0705
130115.0,-0.1410
130120.0,0.1511
130125.0,-0.1309
130130.0,-0.1813
130135.0,-0.1511
130140.0,-0.0201
130145.0,0.0302
130150.0,0.0302
130155.0,-0.1511
130160.0,-0.1309
130165.0,-0.3324
130170.0,-0.0201
130175.0,-0.1511
130180.0,-0.0201
130185.0,-0.2317
130190.0,-0.0302
130195.0,0.1209
130200.0,0.0000
130205.0,-0.0806
130210.0,-0.3223
130215.0,-0.5942
130220.0,-0.7353
130225.0,-0.9367
130230.0,-0.6648
130235.0,-0.8964
130240.0,-1.0072
130245.0,-1.1381
130250.0,-0.6043
130255.0,-0.5842
130260.0,-0.2921
130265.0,-0.1007
130270.0,-0.2417
130275.0,-0.1209
130280.0,0.0906
130285.0,-0.0806
130290.0,-0.0403
130295.0,-0.0101
130300.0,0.0604
130305.0,-0.2719
130310.0,0.0302
130315.0,0.0101
130320.0,-0.0101
130325.0,0.0403
130330.0,-0.0403
130335.0,-0.1511
130340.0,-0.0403
130345.0,0.1007
130350.0,0.0604
130355.0,0.0806
130360.0,0.0705
130365.0,-0.1712
130370.0,0.1309
130375.0,-0.3324
130380.0,-0.1309
130385.0,-0.1511
130390.0,-0.3928
130395.0,-0.0806
130400.0,-0.0705
130405.0,-0.0906
130410.0,0.0906
130415.0,-0.1511
130420.0,0.1511
130425.0,-0.0906
130430.0,-0.0101
130435.0,-0.0504
130440.0,-0.0806
130445.0,-0.1511
130450.0,0.0201
130455.0,0.0000
130460.0,0.0000
130465.0,0.0604
130470.0,-0.0101
130475.0,-0.0906
130480.0,0.0906
130485.0,-0.2115
130490.0,0.1108
130495.0,-0.0604
130500.0,-0.2115
130505.0,-0.2115
130510.0,-0.3727
130515.0,-0.8360
130520.0,-0.5439
130525.0,-0.7655
130530.0,-0.6748
130535.0,-1.0978
130540.0,-0.9468
130545.0,-0.9065
130550.0,-0.6043
130555.0,-0.6043
130560.0,-0.1108
130565.0,-0.2820
130570.0,-0.1108
130575.0,0.0000
130580.0,-0.1108
130585.0,-0.0101
130590.0,0.0705
130595.0,0.1309
130600.0,-0.0604
130605.0,-0.1209
130610.0,0.1209
130615.0,-0.0806
130620.0,0.2820
130625.0,-0.2115
130630.0,-0.1813
130635.0,-0.1612
130640.0,-0.0906
130645.0,0.1813
130650.0,-0.0302
130655.0,0.0101
130660.0,0.0201
130665.0,-0.1007
130670.0,0.0604
130675.0,-0.5842
130680.0,-0.1209
130685.0,-0.3928
130690.0,-0.2619
130695.0,0.0101
130700.0,-0.0806
130705.0,-0.0302
130710.0,0.0403
130715.0,-0.0201
130720.0,0.0806
130725.0,-0.2014
130730.0,-0.0101
130735.0,-0.2921
130740.0,0.0504
130745.0,0.0504
130750.0,-0.0806
130755.0,0.0201
130760.0,0.0000
130765.0,0.0504
130770.0,0.1209
130775.0,-0.1108
130780.0,-0.0504
130785.0,-0.0201
130790.0,0.0705
130795.0,-0.2216
130800.0,0.0906
130805.0,-0.3525
130810.0,-0.3727
130815.0,-0.8863
130820.0,-0.6144
130825.0,-0.5842
130830.0,-0.7755
130835.0,-1.1986
130840.0,-0.8763
130845.0,-0.9871
130850.0,-0.3626
130855.0,-0.5741
130860.0,-0.1914
130865.0,-0.2317
130870.0,-0.0302
130875.0,-0.2115
130880.0,0.1410
130885.0,-0.0604
130890.0,0.0302
130895.0,0.0403
130900.0,0.0201
130905.0,-0.0403
130910.0,-0.1108
130915.0,-0.0705
130920.0,0.0906
130925.0,-0.2115
130930.0,0.1209
130935.0,-0.2216
130940.0,0.1309
130945.0,0.0302
130950.0,0.0906
130955.0,0.0302
130960.0,-0.0504
130965.0,-0.0504
130970.0,-0.2921
130975.0,-0.2518
130980.0,-0.0906
130985.0,-0.5540
130990.0,-0.0201
130995.0,-0.1209
131000.0,0.1108
131005.0,-0.0504
131010.0,-0.0101
131015.0,0.0705
131020.0,-0.0302
131025.0,-0.0403
131030.0,-0.1108
131035.0,-0.2014
131040.0,0.1007
131045.0,-0.1712
131050.0,0.1712
131055.0,-0.1712
131060.0,0.0403
131065.0,0.0504
131070.0,0.1007
131075.0,0.0403
131080.0,-0.0504
131085.0,0.0101
131090.0,0.0201
131095.0,-0.1712
131100.0,0.1007
131105.0,-0.4532
131110.0,-0.5540
131115.0,-0.8460
131120.0,-0.7050
131125.0,-0.6547
131130.0,-0.8662
131135.0,-1.2489
131140.0,-0.7856
131145.0,-0.7655
131150.0,-0.3223
131155.0,-0.1309
131160.0,-0.2719
131165.0,-0.2014
131170.0,0.1007
131175.0,-0.2317
131180.0,0.1309
131185.0,-0.0906
131190.0,0.1914
131195.0,0.0504
131200.0,0.0806
131205.0,-0.1007
131210.0,0.0906
131215.0,0.0000
131220.0,0.0101
131225.0,0.0201
131230.0,-0.0201
131235.0,-0.2719
131240.0,0.0705
131245.0,-0.0403
131250.0,0.0705
131255.0,-0.0705
131260.0,-0.0604
131265.0,-0.0302
131270.0,-0.2820
131275.0,0.0101
131280.0,-0.4935
131285.0,-0.3626
131290.0,-0.0302
131295.0,-0.2719
131300.0,0.1108
131305.0,-0.1410
131310.0,0.0302
131315.0,-0.0302
131320.0,0.0000
131325.0,0.1612
131330.0,-0.2115
131335.0,-0.0504
131340.0,0.0504
131345.0,0.0201
131350.0,0.2115
131355.0,-0.3122
131360.0,0.1007
131365.0,-0.0806
131370.0,-0.0705
131375.0,0.0806
131380.0,-0.1007
131385.0,0.0201
131390.0,-0.0604
131395.0,-0.1914
131400.0,0.0906
131405.0,-0.6648
131410.0,-0.5036
131415.0,-0.8662
131420.0,-0.5640
131425.0,-0.8360
131430.0,-0.9367
131435.0,-1.1381
131440.0,-0.6144
131445.0,-0.8360
131450.0,-0.4029
131455.0,-0.2014
131460.0,-0.1511
131465.0,0.0403
131470.0,-0.1209
131475.0,-0.1007
131480.0,0.1309
131485.0,-0.1511
131490.0,0.2014
131495.0,-0.1209
131500.0,0.0000
131505.0,0.0806
131510.0,0.0302
131515.0,0.1511
131520.0,-0.0302
131525.0,-0.1209
131530.0,0.1007
131535.0,-0.1410
131540.0,0.0705
131545.0,-0.0101
131550.0,0.1712
131555.0,0.0906
131560.0,-0.1108
131565.0,-0.2317
131570.0,-0.4532
131575.0,-0.1712
131580.0,-0.4532
131585.0,-0.1612
131590.0,-0.0906
131595.0,0.0504
131600.0,0.0504
131605.0,-0.0906
131610.0,0.1309
131615.0,0.0403
131620.0,0.1712
131625.0,-0.2518
131630.0,0.0201
131635.0,-0.0403
131640.0,-0.0403
131645.0,-0.0705
131650.0,-0.1309
131655.0,-0.2115
131660.0,0.0000
131665.0,-0.2317
131670.0,0.1007
131675.0,-0.1612
131680.0,-0.0604
131685.0,-0.1511
131690.0,0.0101
131695.0,-0.1712
131700.0,-0.3122
131705.0,-0.5942
131710.0,-0.4734
131715.0,-0.7856
131720.0,-0.5137
131725.0,-0.7252
131730.0,-0.7755
131735.0,-1.1885
131740.0,-0.7353
131745.0,-0.6446
131750.0,-0.2216
131755.0,-0.1813
131760.0,-0.1209
131765.0,0.0000
131770.0,0.0302
131775.0,0.0504
131780.0,0.0906
131785.0,-0.0302
131790.0,0.0806
131795.0,-0.2216
131800.0,0.1712
131805.0,-0.2417
131810.0,-0.0604
131815.0,0.0000
131820.0,-0.2115
131825.0,0.0101
131830.0,0.0504
131835.0,-0.1108
131840.0,0.1209
131845.0,-0.1612
131850.0,-0.0201
131855.0,-0.2115
131860.0,0.0604
131865.0,-0.2619
131870.0,-0.3424
131875.0,-0.2518
131880.0,-0.2719
131885.0,-0.0201
131890.0,-0.0302
131895.0,-0.0806
131900.0,-0.1309
131905.0,-0.1914
131910.0,0.1410
131915.0,-0.1309
131920.0,0.0806
131925.0,-0.3727
131930.0,-0.2216
131935.0,0.0201
131940.0,0.0302
131945.0,0.1007
131950.0,0.0302
131955.0,-0.1612
131960.0,0.0000
131965.0,-0.0906
131970.0,0.1007
131975.0,0.0504
131980.0,-0.0302
131985.0,-0.2619
131990.0,-0.1108
131995.0,-0.2417
132000.0,-0.2820
132005.0,-0.8158
132010.0,-0.6043
132015.0,-0.7252
132020.0,-0.6245
132025.0,-1.1180
132030.0,-0.8863
132035.0,-1.1381
132040.0,-0.6345
132045.0,-0.4935
132050.0,-0.0806
132055.0,-0.0504
132060.0,-0.0504
132065.0,0.0000
132070.0,0.0101
132075.0,0.1612
132080.0,0.0201
132085.0,-0.0906
132090.0,-0.0101
132095.0,-0.0101
132100.0,0.1309
132105.0,-0.2216
132110.0,0.0201
132115.0,-0.1007
132120.0,-0.0504
132125.0,-0.1511
132130.0,0.0000
132135.0,0.0101
132140.0,0.1108
132145.0,0.0101
132150.0,0.0906
132155.0,0.0101
132160.0,-0.0302
132165.0,-0.5540
132170.0,0.0101
132175.0,-0.2014
132180.0,-0.1309
132185.0,0.0201
132190.0,0.1712
132195.0,0.2014
132200.0,0.1612
132205.0,0.0906
132210.0,0.1209
132215.0,-0.2014
132220.0,0.0906
132225.0,-0.1612
132230.0,0.1209
132235.0,0.1007
132240.0,-0.0302
132245.0,0.0302
132250.0,0.0302
132255.0,0.0302
132260.0,0.0604
132265.0,-0.0705
132270.0,0.0806
132275.0,-0.1612
132280.0,0.1108
132285.0,-0.0504
132290.0,-0.0504
132295.0,-0.3122
132300.0,-0.3626
132305.0,-0.6446
132310.0,-0.5036
132315.0,-0.4734
132320.0,-0.6446
132325.0,-1.1079
132330.0,-0.6950
132335.0,-0.8460
132340.0,-0.3324
132345.0,-0.2719
132350.0,-0.1309
132355.0,-0.3223
132360.0,0.1309
132365.0,-0.1007
132370.0,0.1612
132375.0,-0.0504
132380.0,0.0705
132385.0,0.1914
132390.0,0.0604
132395.0,0.0101
132400.0,-0.0504
132405.0,-0.1914
132410.0,0.1108
132415.0,-0.1511
132420.0,0.1007
132425.0,-0.0302
132430.0,-0.0705
132435.0,-0.0906
132440.0,-0.0302
132445.0,0.0403
132450.0,0.0201
132455.0,-0.0504
132460.0,-0.1914
132465.0,-0.2719
132470.0,0.0000
132475.0,-0.3827
132480.0,0.0705
132485.0,-0.1209
132490.0,-0.1007
132495.0,0.0302
132500.0,0.1108
132505.0,0.1914
132510.0,0.0000
132515.0,-0.1914
132520.0,0.1108
132525.0,-0.1511
132530.0,0.1309
132535.0,-0.0101
132540.0,0.1410
132545.0,-0.2014
132550.0,0.0101
132555.0,0.1007
132560.0,0.1309
132565.0,0.0403
132570.0,-0.0806
132575.0,0.1108
132580.0,0.1007
132585.0,-0.1813
132590.0,0.0403
132595.0,-0.3122
132600.0,-0.5942
132605.0,-0.7856
132610.0,-0.5036
132615.0,-0.5137
132620.0,-0.5640
132625.0,-1.0777
132630.0,-0.7957
132635.0,-0.6748
132640.0,-0.2820
132645.0,-0.2317
132650.0,-0.1813
132655.0,-0.0806
132660.0,0.0906
132665.0,-0.0806
132670.0,0.2216
132675.0,-0.0906
132680.0,-0.1309
132685.0,0.0000
132690.0,0.0302
132695.0,0.0906
132700.0,0.1813
132705.0,-0.1410
132710.0,-0.0806
132715.0,0.0000
132720.0,0.0705
132725.0,-0.1511
132730.0,0.1914
132735.0,-0.0201
132740.0,-0.0906
132745.0,-0.0101
132750.0,0.0101
132755.0,0.0906
132760.0,-0.0302
132765.0,-0.2820
132770.0,-0.3022
132775.0,-0.3223
132780.0,0.0302
132785.0,-0.1914
132790.0,0.1007
132795.0,-0.1007
132800.0,-0.0101
132805.0,0.0906
132810.0,0.0504
132815.0,0.1108
132820.0,-0.1209
132825.0,0.0101
132830.0,0.1410
132835.0,0.0403
132840.0,0.1813
132845.0,-0.1309
132850.0,0.1712
132855.0,0.0302
132860.0,0.1309
132865.0,0.0403
132870.0,0.0201
132875.0,0.0906
132880.0,0.0302
132885.0,-0.0504
132890.0,-0.0604
132895.0,-0.5540
132900.0,-0.4532
132905.0,-0.7856
132910.0,-0.5540
132915.0,-0.7050
132920.0,-0.9065
132925.0,-1.0475
132930.0,-0.5540
132935.0,-0.6345
132940.0,-0.2820
132945.0,-0.2417
132950.0,-0.1813
132955.0,-0.0705
132960.0,0.0705
132965.0,-0.0403
132970.0,0.1914
132975.0,-0.1108
132980.0,-0.0101
132985.0,-0.0302
132990.0,0.0705
132995.0,0.0604
133000.0,0.1410
133005.0,-0.0403
133010.0,-0.0705
133015.0,-0.0806
133020.0,0.0604
133025.0,-0.0403
133030.0,0.1612
133035.0,-0.2014
133040.0,0.0403
133045.0,0.0302
133050.0,-0.0201
133055.0,-0.1410
133060.0,-0.2417
133065.0,-0.2619
133070.0,-0.4130
133075.0,-0.2216
133080.0,-0.0504
133085.0,-0.0504
133090.0,0.2115
133095.0,-0.2216
133100.0,-0.0302
133105.0,-0.0201
133110.0,0.0000
133115.0,0.0201
133120.0,0.0302
133125.0,0.1108
133130.0,0.0403
133135.0,-0.1612
133140.0,-0.1108
133145.0,-0.0806
133150.0,0.1511
133155.0,-0.0403
133160.0,0.2216
133165.0,-0.0806
133170.0,-0.1209
133175.0,0.0906
133180.0,0.0504
133185.0,0.0101
133190.0,-0.0705
133195.0,-0.6446
133200.0,-0.6748
133205.0,-0.8561
133210.0,-0.3928
133215.0,-0.6849
133220.0,-0.7353
133225.0,-0.9669
133230.0,-0.7252
133235.0,-0.6547
133240.0,-0.1712
133245.0,-0.2014
133250.0,-0.1007
133255.0,0.0806
133260.0,0.1007
133265.0,-0.0302
133270.0,0.1309
133275.0,0.0604
133280.0,0.2115
133285.0,0.0504
133290.0,0.0604
133295.0,0.1007
133300.0,0.1007
133305.0,0.0504
133310.0,0.1209
133315.0,-0.0705
133320.0,-0.0302
133325.0,0.0201
133330.0,0.0000
133335.0,0.0806
133340.0,0.0806
133345.0,-0.1712
133350.0,0.1209
133355.0,-0.2115
133360.0,-0.1309
133365.0,-0.1108
133370.0,-0.2115
133375.0,0.1712
133380.0,-0.0604
133385.0,-0.0302
133390.0,0.2115
133395.0,-0.1511
133400.0,0.1410
133405.0,-0.0403
133410.0,0.0000
133415.0,-0.2115
133420.0,0.0000
133425.0,-0.0302
133430.0,-0.0403
133435.0,0.1108
133440.0,0.0302
133445.0,0.0302
133450.0,0.1914
133455.0,-0.1007
133460.0,0.1410
133465.0,-0.0504
133470.0,0.0705
133475.0,-0.1914
133480.0,-0.1309
133485.0,-0.1108
133490.0,-0.2518
133495.0,-0.6950
133500.0,-0.5842
133505.0,-0.6950
133510.0,-0.5338
133515.0,-0.9165
133520.0,-0.7755
133525.0,-0.8058
133530.0,-0.5842
133535.0,-0.5137
133540.0,0.0806
133545.0,-0.2115
133550.0,-0.0201
133555.0,-0.1511
133560.0,-0.0604
133565.0,0.1410
133570.0,0.0705
133575.0,0.0403
133580.0,0.1108
133585.0,-0.0604
133590.0,0.0201
133595.0,-0.2014
133600.0,0.1712
133605.0,-0.0604
133610.0,-0.0302
133615.0,-0.2317
133620.0,-0.1511
133625.0,0.1309
133630.0,0.0101
133635.0,-0.0403
133640.0,0.1209
133645.0,-0.2115
133650.0,-0.0201
133655.0,-0.3827
133660.0,-0.0705
133665.0,-0.2619
133670.0,-0.1612
133675.0,-0.1511
133680.0,0.0906
133685.0,0.1108
133690.0,0.0101
133695.0,0.0302
133700.0,0.0403
133705.0,-0.2518
133710.0,0.1108
133715.0,-0.2417
133720.0,0.1108
133725.0,0.1108
133730.0,-0.0403
133735.0,-0.0806
133740.0,0.1209
133745.0,0.0101
133750.0,0.0604
133755.0,0.0000
133760.0,-0.0201
133765.0,-0.1309
133770.0,0.1108
133775.0,-0.1309
133780.0,0.0000
133785.0,-0.3223
133790.0,-0.4835
133795.0,-0.6849
133800.0,-0.5439
133805.0,-0.5842
133810.0,-0.6648
133815.0,-1.1381
133820.0,-0.7655
133825.0,-0.9065
133830.0,-0.4230
133835.0,-0.4029
133840.0,-0.1108
133845.0,-0.3424
133850.0,0.1007
133855.0,0.0101
133860.0,-0.0906
133865.0,0.1007
133870.0,0.0705
133875.0,0.0604
133880.0,0.0604
133885.0,0.1410
133890.0,0.0201
133895.0,-0.1309
133900.0,-0.0101
133905.0,-0.1511
133910.0,0.1209
133915.0,-0.0906
133920.0,0.0403
133925.0,0.0806
133930.0,-0.0806
133935.0,0.0403
133940.0,0.0604
133945.0,-0.0705
133950.0,-0.1108
133955.0,-0.2719
133960.0,-0.0906
133965.0,-0.4935
133970.0,0.0302
133975.0,-0.0403
133980.0,0.1309
133985.0,-0.1108
133990.0,-0.0101
133995.0,0.2014
134000.0,0.0403
134005.0,-0.0504
134010.0,0.0101
134015.0,-0.2115
134020.0,0.1712
134025.0,-0.1108
134030.0,0.1007
134035.0,0.0302
134040.0,0.0403
134045.0,-0.0906
134050.0,0.0504
134055.0,0.0806
134060.0,0.1209
134065.0,-0.0403
134070.0,-0.0806
134075.0,-0.1209
134080.0,0.0403
134085.0,-0.2719
134090.0,-0.3525
134095.0,-0.7453
134100.0,-0.5640
134105.0,-0.5640
134110.0,-0.6245
134115.0,-1.0072
134120.0,-0.6648
134125.0,-0.6144
134130.0,-0.1914
134135.0,-0.2518
134140.0,-0.0705
134145.0,-0.0906
134150.0,0.1612
134155.0,-0.1007
134160.0,0.1309
134165.0,0.1309
134170.0,-0.0403
134175.0,0.0302
134180.0,0.0806
134185.0,0.1007
134190.0,0.1209
134195.0,0.0504
134200.0,-0.0806
134205.0,-0.0705
134210.0,0.0906
134215.0,-0.1309
134220.0,0.1914
134225.0,-0.0705
134230.0,0.0101
134235.0,0.0806
134240.0,0.0403
134245.0,0.1712
134250.0,-0.2820
134255.0,-0.0302
134260.0,-0.2619
134265.0,-0.2518
134270.0,0.1007
134275.0,-0.2619
134280.0,0.2216
134285.0,0.0000
134290.0,0.0705
134295.0,0.1813
134300.0,0.0906
134305.0,0.1108
134310.0,-0.0403
134315.0,0.1410
134320.0,-0.0201
134325.0,-0.2317
134330.0,0.2216
134335.0,-0.1007
134340.0,0.1712
134345.0,-0.0201
134350.0,-0.1209
134355.0,0.1007
134360.0,0.0302
134365.0,0.0705
134370.0,0.0806
134375.0,-0.2518
134380.0,-0.0705
134385.0,-0.4432
134390.0,-0.4130
134395.0,-0.7050
134400.0,-0.6446
134405.0,-0.8158
134410.0,-0.6950
134415.0,-1.0173
134420.0,-0.5540
134425.0,-0.5439
134430.0,-0.3424
134435.0,-0.1410
134440.0,0.0201
134445.0,0.0403
134450.0,0.1410
134455.0,0.1108
134460.0,0.2115
134465.0,0.0504
134470.0,0.2518
134475.0,0.1007
134480.0,0.1612
134485.0,0.1007
134490.0,0.1209
134495.0,0.1612
134500.0,0.1410
134505.0,0.1108
134510.0,0.0101
134515.0,0.0201
134520.0,0.2014
134525.0,-0.1108
134530.0,0.2115
134535.0,0.0302
134540.0,0.0201
134545.0,-0.0806
134550.0,-0.4331
134555.0,-0.1511
134560.0,-0.3022
134565.0,-0.1209
134570.0,-0.0705
134575.0,-0.2115
134580.0,0.0504
134585.0,0.0302
134590.0,0.1007
134595.0,-0.0504
134600.0,-0.1813
134605.0,-0.0201
134610.0,0.0201
134615.0,0.0806
134620.0,-0.0403
134625.0,-0.1007
134630.0,0.0101
134635.0,-0.2014
134640.0,0.0806
134645.0,-0.2115
134650.0,0.2014
134655.0,-0.1612
134660.0,-0.0705
134665.0,0.0000
134670.0,0.1209
134675.0,0.0504
134680.0,-0.0403
134685.0,-0.3626
134690.0,-0.5842
134695.0,-0.9065
134700.0,-0.5942
134705.0,-0.7957
134710.0,-0.6648
134715.0,-0.8662
134720.0,-0.5540
134725.0,-0.5640
134730.0,-0.2820
134735.0,-0.1209
134740.0,-0.0806
134745.0,0.0403
134750.0,0.0705
134755.0,0.0504
134760.0,-0.0806
134765.0,-0.2115
134770.0,0.1209
134775.0,-0.0201
134780.0,0.0906
134785.0,-0.0604
134790.0,0.0101
134795.0,-0.0504
134800.0,-0.0101
134805.0,0.0101
134810.0,0.0504
134815.0,0.0806
134820.0,0.0201
134825.0,-0.0906
134830.0,0.2115
134835.0,-0.0806
134840.0,0.1309
134845.0,-0.3022
134850.0,-0.2921
134855.0,-0.0806
134860.0,-0.1813
134865.0,0.0201
134870.0,0.0403
134875.0,-0.1511
134880.0,0.0101
134885.0,0.0302
134890.0,0.1309
134895.0,-0.0705
134900.0,-0.0604
134905.0,-0.2417
134910.0,0.0806
134915.0,0.0201
134920.0,0.1007
134925.0,0.1511
134930.0,-0.0201
134935.0,0.0906
134940.0,0.0906
134945.0,-0.0101
134950.0,0.1309
134955.0,-0.1813
134960.0,0.0201
134965.0,-0.0806
134970.0,0.0101
134975.0,-0.1209
134980.0,-0.1914
134985.0,-0.7252
134990.0,-0.5842
134995.0,-0.5842
135000.0,-0.5137
135005.0,-0.8460
135010.0,-0.7655
135015.0,-1.0374
135020.0,-0.4835
135025.0,-0.3525
135030.0,0.0000
135035.0,-0.1007
135040.0,-0.1309
135045.0,-0.1007
135050.0,0.1612
135055.0,0.0705
135060.0,0.0504
135065.0,0.1914
135070.0,0.0302
135075.0,-0.1007
135080.0,0.0806
135085.0,-0.0806
135090.0,0.2417
135095.0,0.0302
135100.0,-0.0201
135105.0,-0.0705
135110.0,-0.0604
135115.0,-0.0101
135120.0,0.0604
135125.0,0.0403
135130.0,0.1813
135135.0,-0.0302
135140.0,-0.0201
135145.0,-0.4331
135150.0,-0.0201
135155.0,-0.2115
135160.0,-0.1209
135165.0,-0.1813
135170.0,-0.0403
135175.0,0.1612
135180.0,0.0101
135185.0,0.0705
135190.0,0.1712
135195.0,-0.1511
135200.0,0.1007
135205.0,-0.2014
135210.0,0.1309
135215.0,0.0101
135220.0,-0.0906
135225.0,-0.0302
135230.0,0.1612
135235.0,0.1007
135240.0,0.1108
135245.0,0.1108
135250.0,-0.0403
135255.0,0.0302
135260.0,0.1108
135265.0,-0.0504
135270.0,0.0906
135275.0,-0.2719
135280.0,-0.4130
135285.0,-0.6245
135290.0,-0.4835
135295.0,-0.4633
135300.0,-0.6245
135305.0,-1.0475
135310.0,-0.5942
135315.0,-0.8259
135320.0,-0.3324
135325.0,-0.2317
135330.0,-0.0403
135335.0,-0.3727
135340.0,0.0403
135345.0,-0.1007
135350.0,0.0201
135355.0,0.2115
135360.0,-0.0403
135365.0,0.0906
135370.0,0.0806
135375.0,0.0101
135380.0,0.0000
135385.0,0.1511
135390.0,0.1209
135395.0,-0.1108
135400.0,0.1108
135405.0,-0.1108
135410.0,-0.1410
135415.0,0.0101
135420.0,0.0201
135425.0,0.0906
135430.0,0.1511
135435.0,-0.1410
135440.0,-0.2417
135445.0,-0.0806
135450.0,0.0302
135455.0,-0.3626
135460.0,0.1108
135465.0,-0.1410
135470.0,-0.1007
135475.0,0.1309
135480.0,0.0705
135485.0,0.1410
135490.0,0.0000
135495.0,-0.2014
135500.0,0.0302
135505.0,0.0201
135510.0,0.1410
135515.0,-0.0705
135520.0,0.1612
135525.0,-0.2317
135530.0,0.0101
135535.0,0.0705
135540.0,0.0906
135545.0,0.1914
135550.0,-0.1007
135555.0,-0.1712
135560.0,0.1309
135565.0,-0.1612
135570.0,0.0806
135575.0,-0.3525
135580.0,-0.5439
135585.0,-0.7554
135590.0,-0.5036
135595.0,-0.4633
135600.0,-0.6547
135605.0,-1.0475
135610.0,-0.6648
135615.0,-0.6547
135620.0,-0.2317
135625.0,-0.2619
135630.0,-0.1914
135635.0,-0.2115
135640.0,0.1511
135645.0,-0.1511
135650.0,0.1108
135655.0,0.0504
135660.0,-0.0806
135665.0,0.0101
135670.0,0.1309
135675.0,0.1007
135680.0,0.1209
135685.0,-0.0705
135690.0,-0.0705
135695.0,-0.0302
135700.0,0.1007
135705.0,-0.1914
135710.0,0.1209
135715.0,-0.0302
135720.0,-0.0705
135725.0,0.0806
135730.0,0.0403
135735.0,0.0906
135740.0,-0.2417
135745.0,-0.2216
135750.0,-0.3324
135755.0,-0.3223
135760.0,0.0705
135765.0,-0.1108
135770.0,0.0806
135775.0,-0.1108
135780.0,-0.0201
135785.0,0.0705
135790.0,0.0504
135795.0,0.1209
135800.0,-0.1813
135805.0,-0.1108
135810.0,0.0806
135815.0,-0.1007
135820.0,0.2216
135825.0,-0.1914
135830.0,0.0201
135835.0,-0.0403
135840.0,0.0302
135845.0,0.0302
135850.0,0.1309
135855.0,0.0302
135860.0,-0.1511
135865.0,-0.1612
135870.0,-0.0604
135875.0,-0.4331
135880.0,-0.4230
135885.0,-0.8763
135890.0,-0.6043
135895.0,-0.6144
135900.0,-0.7655
135905.0,-0.9871
135910.0,-0.6043
135915.0,-0.7655
135920.0,-0.3525
135925.0,-0.1108
135930.0,-0.0806
135935.0,-0.0504
135940.0,-0.1108
135945.0,-0.2216
135950.0,0.0806
135955.0,-0.0403
135960.0,0.1108
135965.0,-0.0201
135970.0,0.0604
135975.0,-0.0604
135980.0,-0.0101
135985.0,0.0806
135990.0,0.0403
135995.0,-0.1612
136000.0,-0.1712
136005.0,-0.0604
136010.0,0.1813
136015.0,-0.0302
136020.0,0.1612
136025.0,0.0302
136030.0,-0.1007
136035.0,-0.2619
136040.0,-0.4432
136045.0,-0.1511
136050.0,-0.2317
136055.0,-0.1511
136060.0,-0.1108
136065.0,-0.3324
136070.0,0.0403
136075.0,-0.4130
136080.0,-0.0201
136085.0,-0.2518
136090.0,-0.1813
136095.0,-0.1712
136100.0,0.0302
136105.0,0.0806
136110.0,-0.0504
136115.0,-0.1712
136120.0,-0.0403
136125.0,0.0504
136130.0,0.3324
136135.0,0.0000
136140.0,0.1914
136145.0,0.0101
136150.0,0.0806
136155.0,0.1007
136160.0,0.1712
136165.0,0.0302
136170.0,-0.0705
136175.0,-0.4230
136180.0,-0.3928
136185.0,-0.7252
136190.0,-0.4532
136195.0,-0.5942
136200.0,-0.6648
136205.0,-0.8662
136210.0,-0.5540
136215.0,-0.5439
136220.0,-0.1309
136225.0,-0.0504
136230.0,0.0101
136235.0,0.2014
136240.0,0.1712
136245.0,-0.0201
136250.0,0.0302
136255.0,0.1209
136260.0,0.2216
136265.0,0.1511
136270.0,0.1108
136275.0,0.1108
136280.0,0.1511
136285.0,0.2115
136290.0,-0.0101
136295.0,0.1511
136300.0,0.1712
136305.0,0.0604
136310.0,0.1007
136315.0,0.1511
136320.0,0.1712
136325.0,-0.0604
136330.0,0.2619
136335.0,-0.1410
136340.0,-0.0302
136345.0,-0.1410
136350.0,-0.2719
136355.0,0.0906
136360.0,0.0504
136365.0,0.1209
136370.0,0.1914
136375.0,0.0201
136380.0,0.1007
136385.0,0.0000
136390.0,0.0906
136395.0,-0.0302
136400.0,-0.0705
136405.0,-0.0201
136410.0,0.1813
136415.0,0.1511
136420.0,0.1007
136425.0,0.2014
136430.0,0.1914
136435.0,-0.0504
136440.0,0.1511
136445.0,-0.0101
136450.0,0.1108
136455.0,-0.1612
136460.0,-0.0906
136465.0,0.0000
136470.0,-0.1813
136475.0,-0.6144
136480.0,-0.4532
136485.0,-0.6144
136490.0,-0.4331
136495.0,-0.8259
136500.0,-0.6748
136505.0,-0.8259
136510.0,-0.3525
136515.0,-0.4130
136520.0,-0.0101
136525.0,-0.1813
136530.0,0.0906
136535.0,-0.0101
136540.0,-0.0101
136545.0,0.1813
136550.0,0.1108
136555.0,0.0806
136560.0,0.1209
136565.0,0.1410
136570.0,0.2619
136575.0,-0.1007
136580.0,0.2518
136585.0,0.0604
136590.0,-0.0302
136595.0,-0.0403
136600.0,0.0302
136605.0,0.1511
136610.0,0.1612
136615.0,0.0604
136620.0,0.0906
136625.0,0.1410
136630.0,0.1511
136635.0,-0.4432
136640.0,-0.0201
136645.0,-0.1914
136650.0,-0.0604
136655.0,-0.0806
136660.0,-0.0101
136665.0,0.1511
136670.0,0.0806
136675.0,0.1309
136680.0,0.1309
136685.0,0.0302
136690.0,0.1511
136695.0,-0.2619
136700.0,0.1612
136705.0,0.0604
136710.0,0.1108
136715.0,-0.0806
136720.0,0.1007
136725.0,0.1612
136730.0,0.1007
136735.0,0.1309
136740.0,0.1712
136745.0,-0.1007
136750.0,0.1712
136755.0,-0.0806
136760.0,0.1309
136765.0,-0.1914
136770.0,-0.3626
136775.0,-0.6345
136780.0,-0.3928
136785.0,-0.6043
136790.0,-0.5640
136795.0,-0.8863
136800.0,-0.6446
136805.0,-0.7655
136810.0,-0.3223
136815.0,-0.4130
136820.0,0.0604
136825.0,-0.1309
136830.0,0.0604
136835.0,-0.0906
136840.0,0.1209
136845.0,0.1007
136850.0,0.0000
136855.0,0.0806
136860.0,0.2417
136865.0,0.0302
136870.0,0.1108
136875.0,0.0906
136880.0,0.1309
136885.0,0.0806
136890.0,0.1309
136895.0,0.0302
136900.0,0.2014
136905.0,0.1511
136910.0,0.0201
136915.0,0.1712
136920.0,0.1209
136925.0,0.0504
136930.0,-0.0705
136935.0,-0.0101
136940.0,0.0201
136945.0,-0.1612
136950.0,0.0806
136955.0,0.1007
136960.0,0.2115
136965.0,0.1209
136970.0,0.1410
136975.0,0.2014
136980.0,0.0906
136985.0,0.0604
136990.0,0.0604
136995.0,-0.1612
137000.0,0.2216
137005.0,-0.0302
137010.0,0.1410
137015.0,0.0906
137020.0,0.1712
137025.0,0.1511
137030.0,0.1712
137035.0,0.1511
137040.0,0.1309
137045.0,0.0403
137050.0,0.0504
137055.0,0.0000
137060.0,0.0906
137065.0,-0.1813
137070.0,-0.3727
137075.0,-0.6950
137080.0,-0.5942
137085.0,-0.4835
137090.0,-0.4835
137095.0,-0.8763
137100.0,-0.5640
137105.0,-0.7151
137110.0,-0.1914
137115.0,-0.1309
137120.0,-0.0201
137125.0,0.0101
137130.0,0.1813
137135.0,-0.0101
137140.0,0.1712
137145.0,0.0201
137150.0,0.0906
137155.0,0.1914
137160.0,0.0403
137165.0,0.1209
137170.0,0.2216
137175.0,0.0705
137180.0,0.1813
137185.0,-0.1108
137190.0,0.0403
137195.0,-0.0504
137200.0,0.1410
137205.0,0.0906
137210.0,0.1813
137215.0,0.2115
137220.0,-0.0302
137225.0,0.0906
137230.0,-0.0806
137235.0,-0.0504
137240.0,-0.0906
137245.0,-0.3122
137250.0,0.1007
137255.0,0.0000
137260.0,0.1410
137265.0,0.1209
137270.0,0.1410
137275.0,0.1612
137280.0,0.1813
137285.0,0.1007
137290.0,0.0101
137295.0,0.1007
137300.0,0.1108
137305.0,-0.0906
137310.0,0.1511
137315.0,0.0906
137320.0,0.1914
137325.0,0.1108
137330.0,0.1712
137335.0,0.1209
137340.0,0.1813
137345.0,0.1209
137350.0,0.0806
137355.0,0.0101
137360.0,-0.0201
137365.0,-0.4633
137370.0,-0.2719
137375.0,-0.6849
137380.0,-0.4029
137385.0,-0.6547
137390.0,-0.7655
137395.0,-0.9065
137400.0,-0.4835
137405.0,-0.5540
137410.0,-0.1712
137415.0,-0.1511
137420.0,-0.1813
137425.0,0.0101
137430.0,0.0504
137435.0,-0.0705
137440.0,0.1410
137445.0,-0.0806
137450.0,0.1410
137455.0,0.1209
137460.0,0.1612
137465.0,0.2115
137470.0,0.1712
137475.0,0.1007
137480.0,0.1007
137485.0,0.0101
137490.0,0.1108
137495.0,-0.0403
137500.0,0.2014
137505.0,0.0000
137510.0,0.2719
137515.0,0.1511
137520.0,0.1007
137525.0,-0.0806
137530.0,-0.2820
137535.0,0.0302
137540.0,-0.3324
137545.0,-0.1108
137550.0,0.0705
137555.0,0.0504
137560.0,0.1410
137565.0,0.0000
137570.0,0.1612
137575.0,0.0403
137580.0,0.0201
137585.0,0.0604
137590.0,0.1612
137595.0,0.0906
137600.0,-0.0101
137605.0,0.0302
137610.0,0.0906
137615.0,0.0504
137620.0,0.1309
137625.0,-0.0504
137630.0,0.2518
137635.0,0.0302
137640.0,0.1612
137645.0,-0.0201
137650.0,0.0705
137655.0,0.0705
137660.0,-0.0403
137665.0,-0.4331
137670.0,-0.4835
137675.0,-0.7856
137680.0,-0.5237
137685.0,-0.5842
137690.0,-0.6446
137695.0,-0.8460
137700.0,-0.5237
137705.0,-0.5338
137710.0,-0.1914
137715.0,-0.0504
137720.0,-0.0403
137725.0,0.0906
137730.0,0.2115
137735.0,0.0302
137740.0,0.1612
137745.0,0.1410
137750.0,0.2014
137755.0,0.1309
137760.0,0.0705
137765.0,-0.0705
137770.0,0.2518
137775.0,0.1410
137780.0,-0.0101
137785.0,0.1007
137790.0,0.0906
137795.0,0.0906
137800.0,0.1108
137805.0,0.1108
137810.0,0.1914
137815.0,-0.0302
137820.0,0.0705
137825.0,-0.1813
137830.0,-0.0302
137835.0,-0.1108
137840.0,-0.1007
137845.0,0.0906
137850.0,0.1108
137855.0,0.1309
137860.0,0.0906
137865.0,0.1108
137870.0,0.2820
137875.0,-0.0604
137880.0,0.1410
137885.0,-0.0504
137890.0,0.1813
137895.0,-0.0101
137900.0,0.0906
137905.0,0.2014
137910.0,0.1209
137915.0,0.1813
137920.0,0.2719
137925.0,0.0604
137930.0,0.2619
137935.0,0.0403
137940.0,0.1914
137945.0,0.0201
137950.0,-0.0604
137955.0,-0.1209
137960.0,-0.1612
137965.0,-0.5741
137970.0,-0.4633
137975.0,-0.5640
137980.0,-0.3827
137985.0,-0.7957
137990.0,-0.6648
137995.0,-0.7655
138000.0,-0.3727
138005.0,-0.4331
138010.0,0.0201
138015.0,-0.0906
138020.0,0.0906
138025.0,0.1108
138030.0,0.0806
138035.0,0.1712
138040.0,0.2216
138045.0,0.1108
138050.0,0.1410
138055.0,0.2317
138060.0,0.1410
138065.0,-0.0302
138070.0,0.2216
138075.0,0.0504
138080.0,0.0604
138085.0,-0.1914
138090.0,-0.0504
138095.0,0.1007
138100.0,0.1209
138105.0,0.1007
138110.0,0.1612
138115.0,0.0504
138120.0,0.1612
138125.0,-0.3122
138130.0,0.0403
138135.0,-0.1108
138140.0,-0.1712
138145.0,-0.0705
138150.0,0.1612
138155.0,0.2216
138160.0,0.2317
138165.0,0.1209
138170.0,0.0604
138175.0,0.0504
138180.0,0.1309
138185.0,-0.1712
138190.0,0.2317
138195.0,0.1108
138200.0,0.0403
138205.0,0.1108
138210.0,0.1410
138215.0,0.1511
138220.0,0.2014
138225.0,0.0302
138230.0,0.0806
138235.0,0.0705
138240.0,0.1612
138245.0,0.0101
138250.0,0.2417
138255.0,-0.1813
138260.0,-0.3223
138265.0,-0.6043
138270.0,-0.4130
138275.0,-0.4230
138280.0,-0.5741
138285.0,-1.0173
138290.0,-0.6245
138295.0,-0.7755
138300.0,-0.2820
138305.0,-0.3324
138310.0,0.2014
138315.0,-0.2014
138320.0,0.2216
138325.0,-0.0101
138330.0,0.0504
138335.0,0.1612
138340.0,0.0705
138345.0,0.1209
138350.0,0.2619
138355.0,0.0906
138360.0,0.0806
138365.0,0.1209
138370.0,0.2417
138375.0,-0.1410
138380.0,0.1108
138385.0,0.0201
138390.0,0.1007
138395.0,0.1612
138400.0,0.0201
138405.0,0.1410
138410.0,0.1612
138415.0,0.0504
138420.0,0.0000
138425.0,-0.1612
138430.0,0.0101
138435.0,-0.2317
138440.0,0.1007
138445.0,0.1108
138450.0,0.1410
138455.0,0.2014
138460.0,0.0604
138465.0,0.1209
138470.0,0.1108
138475.0,0.0101
138480.0,0.1914
138485.0,-0.0806
138490.0,0.2719
138495.0,0.0101
138500.0,0.1813
138505.0,0.0403
138510.0,0.1309
138515.0,0.1712
138520.0,0.1612
138525.0,0.1511
138530.0,0.1410
138535.0,-0.0302
138540.0,0.0302
138545.0,-0.0906
138550.0,0.0705
138555.0,-0.2014
138560.0,-0.3424
138565.0,-0.6648
138570.0,-0.5036
138575.0,-0.5036
138580.0,-0.5036
138585.0,-0.8561
138590.0,-0.6345
138595.0,-0.6950
138600.0,-0.3022
138605.0,-0.0604
138610.0,-0.0101
138615.0,0.0101
138620.0,0.2820
138625.0,-0.0302
138630.0,0.1813
138635.0,0.0201
138640.0,0.0906
138645.0,0.1712
138650.0,0.1914
138655.0,0.1612
138660.0,0.1108
138665.0,0.1914
138670.0,0.1007
138675.0,0.0403
138680.0,0.1108
138685.0,-0.2014
138690.0,0.2115
138695.0,0.0604
138700.0,0.0604
138705.0,0.2216
138710.0,0.1410
138715.0,0.1612
138720.0,-0.0302
138725.0,0.0000
138730.0,-0.1410
138735.0,-0.3122
138740.0,0.0302
138745.0,-0.1612
138750.0,0.1813
138755.0,0.0403
138760.0,0.1007
138765.0,0.2317
138770.0,0.0806
138775.0,0.1712
138780.0,0.0604
138785.0,0.1108
138790.0,0.1511
138795.0,-0.0504
138800.0,0.1309
138805.0,-0.0705
138810.0,0.2619
138815.0,0.0705
138820.0,0.1511
138825.0,0.1813
138830.0,0.0604
138835.0,0.0906
138840.0,0.0604
138845.0,-0.0604
138850.0,0.0604
138855.0,-0.4935
138860.0,-0.4331
138865.0,-0.5842
138870.0,-0.4633
138875.0,-0.5439
138880.0,-0.7353
138885.0,-1.0072
138890.0,-0.4532
138895.0,-0.5842
138900.0,-0.2014
138905.0,0.0201
138910.0,0.0906
138915.0,-0.0906
138920.0,-0.0201
138925.0,0.0906
138930.0,0.2417
138935.0,-0.1209
138940.0,0.1511
138945.0,0.1007
138950.0,0.1410
138955.0,0.1108
138960.0,0.1309
138965.0,0.2317
138970.0,0.0504
138975.0,-0.0302
138980.0,0.0504
138985.0,0.0604
138990.0,0.1108
138995.0,-0.1007
139000.0,0.2518
139005.0,0.0906
139010.0,0.0302
139015.0,0.0000
139020.0,-0.3626
139025.0,0.0504
139030.0,-0.2115
139035.0,-0.0906
139040.0,0.0504
139045.0,0.0302
139050.0,0.1511
139055.0,-0.0604
139060.0,0.1813
139065.0,0.0705
139070.0,0.1914
139075.0,0.0101
139080.0,0.0302
139085.0,0.1914
139090.0,0.0906
139095.0,0.0806
139100.0,0.1813
139105.0,-0.0604
139110.0,0.1914
139115.0,0.0604
139120.0,0.2014
139125.0,0.1309
139130.0,0.0403
139135.0,0.0705
139140.0,0.1511
139145.0,0.0806
139150.0,-0.0604
139155.0,-0.4835
139160.0,-0.4835
139165.0,-0.6547
139170.0,-0.4230
139175.0,-0.6043
139180.0,-0.6446
139185.0,-1.0273
139190.0,-0.6144
139195.0,-0.3827
139200.0,-0.1511
139205.0,-0.0604
139210.0,-0.0504
139215.0,0.1209
139220.0,0.1511
139225.0,0.0302
139230.0,0.1209
139235.0,0.1309
139240.0,0.2619
139245.0,-0.0906
139250.0,0.1813
139255.0,0.0705
139260.0,0.1309
139265.0,0.2417
139270.0,-0.0201
139275.0,0.0504
139280.0,0.1712
139285.0,0.0705
139290.0,0.1309
139295.0,0.1511
139300.0,0.1813
139305.0,-0.0403
139310.0,0.2014
139315.0,-0.1813
139320.0,0.0201
139325.0,-0.1712
139330.0,-0.1612
139335.0,-0.0101
139340.0,0.0302
139345.0,0.1309
139350.0,0.2216
139355.0,-0.0906
139360.0,0.1309
139365.0,-0.0101
139370.0,0.0806
139375.0,0.0101
139380.0,0.0000
139385.0,0.0705
139390.0,0.2518
139395.0,0.1813
139400.0,0.1108
139405.0,0.1914
139410.0,0.1209
139415.0,0.0705
139420.0,0.1612
139425.0,0.0201
139430.0,0.2115
139435.0,0.1007
139440.0,-0.1309
139445.0,-0.1410
139450.0,-0.0906
139455.0,-0.5640
139460.0,-0.4029
139465.0,-0.5036
139470.0,-0.5237
139475.0,-0.7453
139480.0,-0.6950
139485.0,-0.8259
139490.0,-0.3223
139495.0,-0.4532
139500.0,-0.0201
139505.0,-0.0403
139510.0,0.0302
139515.0,0.1007
139520.0,0.0403
139525.0,0.0806
139530.0,0.1914
139535.0,0.1511
139540.0,0.1410
139545.0,0.2216
139550.0,0.2216
139555.0,-0.0101
139560.0,0.2417
139565.0,0.0604
139570.0,0.0504
139575.0,-0.1309
139580.0,0.0201
139585.0,0.1309
139590.0,0.1410
139595.0,0.1108
139600.0,0.2317
139605.0,0.0806
139610.0,0.0101
139615.0,-0.3223
139620.0,0.0000
139625.0,-0.1914
139630.0,0.0302
139635.0,-0.0302
139640.0,0.0806
139645.0,0.2014
139650.0,0.1309
139655.0,0.2518
139660.0,0.1612
139665.0,-0.1007
139670.0,0.2216
139675.0,-0.1209
139680.0,0.2115
139685.0,0.1209
139690.0,0.1612
139695.0,0.0101
139700.0,0.2317
139705.0,0.1813
139710.0,0.1813
139715.0,0.1612
139720.0,0.0906
139725.0,-0.0806
139730.0,0.2820
139735.0,-0.0403
139740.0,0.0906
139745.0,0.0000
139750.0,-0.3626
139755.0,-0.7050
139760.0,-0.4130
139765.0,-0.4835
139770.0,-0.5842
139775.0,-1.0273
139780.0,-0.7353
139785.0,-0.6950
139790.0,-0.2921
139795.0,-0.2719
139800.0,0.0101
139805.0,-0.2417
139810.0,0.1914
139815.0,0.0000
139820.0,0.0806
139825.0,0.1612
139830.0,0.0806
139835.0,0.1410
139840.0,0.2216
139845.0,0.0705
139850.0,0.1813
139855.0,0.1108
139860.0,0.1914
139865.0,0.0504
139870.0,0.2115
139875.0,0.0101
139880.0,0.1209
139885.0,0.2619
139890.0,0.0604
139895.0,0.1007
139900.0,0.0705
139905.0,0.0504
139910.0,-0.1108
139915.0,-0.1209
139920.0,0.0604
139925.0,-0.2417
139930.0,0.2216
139935.0,0.1511
139940.0,0.1712
139945.0,0.1914
139950.0,0.1511
139955.0,0.1914
139960.0,0.1612
139965.0,0.0604
139970.0,0.1410
139975.0,-0.0201
139980.0,0.1914
139985.0,-0.0403
139990.0,0.2115
139995.0,0.0906
140000.0,0.1309
140005.0,0.1209
140010.0,0.1007
140015.0,0.0705
140020.0,0.0604
140025.0,0.0806
140030.0,-0.0101
140035.0,-0.0806
140040.0,0.1108
140045.0,-0.1813
140050.0,-0.3727
140055.0,-0.7151
140060.0,-0.4029
140065.0,-0.4835
140070.0,-0.5942
140075.0,-0.9468
140080.0,-0.7050
140085.0,-0.6547
140090.0,-0.1309
140095.0,-0.1813
140100.0,0.0302
140105.0,-0.1309
140110.0,0.1410
140115.0,0.0302
140120.0,0.1914
140125.0,0.1007
140130.0,0.2014
140135.0,0.1914
140140.0,0.0504
140145.0,0.1007
140150.0,0.1209
140155.0,0.1108
140160.0,0.2115
140165.0,-0.0504
140170.0,0.0604
140175.0,-0.0504
140180.0,0.1712
140185.0,0.0906
140190.0,0.1108
140195.0,0.1612
140200.0,0.1007
140205.0,0.1007
140210.0,-0.1209
140215.0,0.0101
140220.0,-0.2820
140225.0,-0.3827
140230.0,0.1309
140235.0,-0.0403
140240.0,0.1914
140245.0,0.1511
140250.0,0.1309
140255.0,0.2417
140260.0,0.1309
140265.0,0.0906
140270.0,0.0705
140275.0,0.1007
140280.0,0.2417
140285.0,-0.0403
140290.0,0.0705
140295.0,-0.1309
140300.0,0.3022
140305.0,0.0201
140310.0,0.1007
140315.0,0.1108
140320.0,0.1813
140325.0,0.1914
140330.0,0.0604
140335.0,-0.0201
140340.0,0.0504
140345.0,-0.3525
140350.0,-0.4130
140355.0,-0.7353
140360.0,-0.4532
140365.0,-0.5338
140370.0,-0.6547
140375.0,-0.9871
140380.0,-0.5942
140385.0,-0.5137
140390.0,-0.2115
140395.0,-0.0302
140400.0,0.0504
140405.0,-0.0906
140410.0,0.0906
140415.0,0.0201
140420.0,0.2216
140425.0,0.1209
140430.0,0.1108
140435.0,-0.1108
140440.0,0.0906
140445.0,0.0705
140450.0,0.0504
140455.0,0.1612
140460.0,0.1511
140465.0,0.0604
140470.0,0.1108
140475.0,0.1108
140480.0,0.2216
140485.0,-0.1813
140490.0,0.1209
140495.0,0.1410
140500.0,0.0302
140505.0,-0.0101
140510.0,-0.3223
140515.0,0.0604
140520.0,-0.1712
140525.0,-0.1209
140530.0,0.0705
140535.0,0.0604
140540.0,0.1712
140545.0,0.0806
140550.0,0.1813
140555.0,0.1309
140560.0,0.1813
140565.0,-0.0302
140570.0,0.0201
140575.0,0.1612
140580.0,0.1410
140585.0,0.1914
140590.0,0.2518
140595.0,-0.0604
140600.0,0.2619
140605.0,-0.0201
140610.0,0.2115
140615.0,0.1007
140620.0,-0.0302
140625.0,0.0302
140630.0,0.1813
140635.0,0.0504
140640.0,0.0000
140645.0,-0.4331
140650.0,-0.4835
140655.0,-0.5942
140660.0,-0.4130
140665.0,-0.6245
140670.0,-0.6245
140675.0,-1.0072
140680.0,-0.5942
140685.0,-0.2921
140690.0,-0.1914
140695.0,-0.0101
140700.0,0.0201
140705.0,0.0906
140710.0,0.1511
140715.0,0.0705
140720.0,0.1612
140725.0,0.1007
140730.0,0.2619
140735.0,-0.1309
140740.0,0.1511
140745.0,0.0604
140750.0,0.1108
140755.0,0.2317
140760.0,-0.0201
140765.0,0.0403
140770.0,0.2014
140775.0,0.0504
140780.0,0.1007
140785.0,0.1914
140790.0,0.1612
140795.0,0.0302
140800.0,0.2216
140805.0,-0.1410
140810.0,-0.0201
140815.0,-0.2014
140820.0,-0.2115
140825.0,0.1511
140830.0,0.0101
140835.0,0.1309
140840.0,0.2317
140845.0,0.0604
140850.0,0.2719
140855.0,0.0101
140860.0,0.0604
140865.0,-0.0101
140870.0,0.1007
140875.0,0.0302
140880.0,0.1511
140885.0,0.1612
140890.0,0.1410
140895.0,0.1108
140900.0,0.1612
140905.0,0.1511
140910.0,0.1712
140915.0,-0.0302
140920.0,0.2115
140925.0,0.0906
140930.0,-0.0201
140935.0,-0.0101
140940.0,-0.1511
140945.0,-0.5137
140950.0,-0.5237
140955.0,-0.5942
140960.0,-0.3827
140965.0,-0.7554
140970.0,-0.6950
140975.0,-0.7755
140980.0,-0.3223
140985.0,-0.4532
140990.0,0.0302
140995.0,-0.1007
141000.0,0.0705
141005.0,0.0504
141010.0,0.0504
141015.0,0.1612
141020.0,0.2115
141025.0,0.1209
141030.0,0.1914
141035.0,0.2014
141040.0,0.1511
141045.0,0.0302
141050.0,0.2014
141055.0,0.0705
141060.0,0.0504
141065.0,-0.1108
141070.0,0.0604
141075.0,0.1813
141080.0,0.1309
141085.0,0.2216
141090.0,0.1209
141095.0,0.0403
141100.0,0.0906
141105.0,-0.3324
141110.0,-0.0201
141115.0,-0.1410
141120.0,-0.0705
141125.0,-0.0101
141130.0,0.1612
141135.0,0.1813
141140.0,0.1612
141145.0,0.0604
141150.0,0.1712
141155.0,0.1209
141160.0,0.1511
141165.0,-0.1612
141170.0,0.1612
141175.0,0.1612
141180.0,0.0101
141185.0,0.0604
141190.0,0.1410
141195.0,0.1209
141200.0,0.1712
141205.0,0.0101
141210.0,0.1108
141215.0,0.0705
141220.0,0.2317
141225.0,0.0302
141230.0,0.1612
141235.0,-0.1813
141240.0,-0.2820
141245.0,-0.6748
141250.0,-0.4331
141255.0,-0.4331
141260.0,-0.4935
141265.0,-1.0676
141270.0,-0.6144
141275.0,-0.7151
141280.0,-0.2921
141285.0,-0.3022
141290.0,0.1007
141295.0,-0.1612
141300.0,0.1612
141305.0,-0.0101
141310.0,0.1108
141315.0,0.1410
141320.0,0.1309
141325.0,0.2417
141330.0,0.1410
141335.0,0.0302
141340.0,0.0403
141345.0,0.0806
141350.0,0.1914
141355.0,0.0101
141360.0,0.2115
141365.0,0.1007
141370.0,0.1209
141375.0,0.0806
141380.0,0.1007
141385.0,0.1511
141390.0,0.0806
141395.0,-0.1511
141400.0,-0.0705
141405.0,-0.0806
141410.0,0.0806
141415.0,-0.2014
141420.0,0.1712
141425.0,0.1813
141430.0,0.1209
141435.0,0.1612
141440.0,0.2014
141445.0,0.2317
141450.0,0.0000
141455.0,-0.0604
141460.0,0.1712
141465.0,0.0101
141470.0,0.2820
141475.0,-0.0504
141480.0,0.1410
141485.0,0.0906
141490.0,0.1209
141495.0,0.1108
141500.0,0.2317
141505.0,0.1914
141510.0,0.1108
141515.0,0.1108
141520.0,0.1108
141525.0,-0.0101
141530.0,-0.0101
141535.0,-0.2719
141540.0,-0.4230
141545.0,-0.6345
141550.0,-0.4029
141555.0,-0.5137
141560.0,-0.5439
141565.0,-0.8360
141570.0,-0.7453
141575.0,-0.6648
141580.0,-0.1209
141585.0,-0.3122
141590.0,-0.1209
141595.0,-0.0201
141600.0,0.1712
141605.0,-0.0302
141610.0,0.2619
141615.0,0.0806
141620.0,0.1511
141625.0,0.1108
141630.0,0.1712
141635.0,0.2216
141640.0,0.0906
141645.0,0.0201
141650.0,0.1612
141655.0,-0.0302
141660.0,0.2014
141665.0,-0.0504
141670.0,0.2317
141675.0,0.0403
141680.0,0.0604
141685.0,0.2820
141690.0,0.1511
141695.0,0.1309
141700.0,-0.1309
141705.0,-0.0705
141710.0,-0.1914
141715.0,-0.3223
141720.0,0.0806
141725.0,-0.0705
141730.0,0.2619
141735.0,0.1007
141740.0,0.2115
141745.0,0.2115
141750.0,0.1309
141755.0,0.0806
141760.0,-0.0201
141765.0,0.1209
141770.0,0.2518
141775.0,-0.0504
141780.0,0.1813
141785.0,0.0504
141790.0,0.1914
141795.0,0.1108
141800.0,0.0806
141805.0,0.0906
141810.0,0.0504
141815.0,0.1309
141820.0,0.0504
141825.0,-0.0604
141830.0,0.0403
141835.0,-0.4130
141840.0,-0.4230
141845.0,-0.6648
141850.0,-0.4230
141855.0,-0.5237
141860.0,-0.8158
141865.0,-1.0374
141870.0,-0.4633
141875.0,-0.5338
141880.0,-0.2216
141885.0,-0.0302
141890.0,0.0705
141895.0,-0.0604
141900.0,0.0906
141905.0,0.0806
141910.0,0.2216
141915.0,-0.0806
141920.0,0.1309
141925.0,0.0201
141930.0,0.1813
141935.0,0.1209
141940.0,0.1410
141945.0,0.2115
141950.0,0.1309
141955.0,0.0504
141960.0,0.0906
141965.0,0.0705
141970.0,0.2014
141975.0,0.0000
141980.0,0.1209
141985.0,0.0504
141990.0,0.0906
141995.0,0.0201
142000.0,-0.2820
142005.0,-0.0604
142010.0,-0.1712
142015.0,-0.0604
142020.0,0.1410
142025.0,0.1309
142030.0,0.2216
142035.0,0.0504
142040.0,0.1813
142045.0,0.1108
142050.0,0.0101
142055.0,-0.0604
142060.0,0.1108
142065.0,0.1309
142070.0,0.1410
142075.0,0.2115
142080.0,0.1007
142085.0,0.0000
142090.0,0.2014
142095.0,0.0705
142100.0,0.2921
142105.0,-0.0705
142110.0,0.0705
142115.0,0.0906
142120.0,0.1007
142125.0,0.1712
142130.0,0.0201
142135.0,-0.4230
142140.0,-0.4432
142145.0,-0.6648
142150.0,-0.4130
142155.0,-0.6547
142160.0,-0.6648
142165.0,-0.8561
142170.0,-0.5036
142175.0,-0.3525
142180.0,-0.2417
142185.0,-0.1914
142190.0,0.0101
142195.0,0.0806
142200.0,0.1612
142205.0,0.1612
142210.0,0.2417
142215.0,0.0201
142220.0,0.1612
142225.0,0.0101
142230.0,0.1511
142235.0,0.1007
142240.0,0.1209
142245.0,0.1007
142250.0,0.0201
142255.0,0.1309
142260.0,0.1209
142265.0,0.1209
142270.0,0.1813
142275.0,0.0302
142280.0,0.2417
142285.0,-0.0101
142290.0,0.1712
142295.0,-0.1410
142300.0,-0.1007
142305.0,-0.2417
142310.0,-0.1914
142315.0,0.1209
142320.0,0.0604
142325.0,0.2115
142330.0,0.2014
142335.0,-0.0201
142340.0,0.1511
142345.0,-0.0201
142350.0,0.0906
142355.0,-0.0302
142360.0,0.1209
142365.0,0.0604
142370.0,0.2115
142375.0,0.1712
142380.0,0.1309
142385.0,0.1209
142390.0,0.0806
142395.0,0.1007
142400.0,0.1914
142405.0,0.0201
142410.0,0.3324
142415.0,-0.0504
142420.0,0.0403
142425.0,-0.0705
142430.0,-0.1209
142435.0,-0.5640
142440.0,-0.4633
142445.0,-0.4130
142450.0,-0.4432
142455.0,-0.7755
142460.0,-0.7353
142465.0,-0.8964
142470.0,-0.3122
142475.0,-0.3525
142480.0,0.0201
142485.0,-0.0604
142490.0,0.1410
142495.0,-0.0705
142500.0,0.0705
142505.0,0.1914
142510.0,0.1309
142515.0,0.1712
142520.0,0.1511
142525.0,0.0906
142530.0,0.1511
142535.0,0.0705
142540.0,0.1612
142545.0,0.0705
142550.0,0.1007
142555.0,-0.0101
142560.0,0.1007
142565.0,0.1309
142570.0,0.1007
142575.0,-0.0101
142580.0,0.1209
142585.0,-0.0101
142590.0,0.0906
142595.0,-0.3223
142600.0,0.1309
142605.0,-0.1410
142610.0,-0.0604
142615.0,-0.0101
142620.0,0.1612
142625.0,0.1813
142630.0,0.0101
142635.0,0.0705
142640.0,0.2115
142645.0,0.0201
142650.0,0.2719
142655.0,-0.1410
142660.0,0.2820
142665.0,0.0604
142670.0,0.1309
142675.0,0.1712
142680.0,0.1410
142685.0,0.1511
142690.0,0.1813
142695.0,0.1108
142700.0,0.2216
142705.0,-0.0403
142710.0,0.1511
142715.0,0.0101
142720.0,0.0806
142725.0,-0.0906
142730.0,-0.2719
142735.0,-0.6547
142740.0,-0.4230
142745.0,-0.4734
142750.0,-0.4029
142755.0,-0.8763
142760.0,-0.7554
142765.0,-0.8662
142770.0,-0.3223
142775.0,-0.2921
142780.0,0.0705
142785.0,-0.1712
142790.0,0.1813
142795.0,0.0403
142800.0,0.0705
142805.0,0.1410
142810.0,0.1813
142815.0,0.1712
142820.0,0.1309
142825.0,0.1712
142830.0,0.1309
142835.0,0.0806
142840.0,0.1712
142845.0,-0.0806
142850.0,0.2619
142855.0,0.0101
142860.0,0.1209
142865.0,0.2014
142870.0,0.1712
142875.0,0.2115
142880.0,0.1209
142885.0,0.0504
142890.0,-0.0201
142895.0,-0.1914
142900.0,-0.0302
142905.0,-0.2820
142910.0,0.1410
142915.0,0.0806
142920.0,0.2115
142925.0,0.2317
142930.0,0.1914
142935.0,0.1309
142940.0,0.0906
142945.0,0.0604
142950.0,0.1209
142955.0,-0.1410
142960.0,0.1612
142965.0,0.1108
142970.0,0.2216
142975.0,0.1209
142980.0,0.1309
142985.0,0.1007
142990.0,0.2921
142995.0,0.1007
143000.0,0.1209
143005.0,0.1209
143010.0,0.1410
143015.0,-0.0906
143020.0,0.1612
143025.0,-0.1712
143030.0,-0.3626
143035.0,-0.7453
143040.0,-0.5237
143045.0,-0.4029
143050.0,-0.5338
143055.0,-0.8460
143060.0,-0.5842
143065.0,-0.6648
143070.0,-0.1712
143075.0,-0.1309
143080.0,-0.0201
143085.0,0.0201
143090.0,0.1007
143095.0,-0.1108
143100.0,0.3022
143105.0,0.0906
143110.0,0.1410
143115.0,0.1007
143120.0,0.2115
143125.0,0.2014
143130.0,0.0504
143135.0,0.0806
143140.0,0.1410
143145.0,0.0302
143150.0,0.1007
143155.0,-0.0403
143160.0,0.2317
143165.0,0.1511
143170.0,0.2417
143175.0,0.2115
143180.0,0.0201
143185.0,0.2115
143190.0,-0.1309
143195.0,0.0000
143200.0,-0.1511
143205.0,-0.3122
143210.0,0.1309
143215.0,-0.0101
143220.0,0.2317
143225.0,0.0504
143230.0,0.1108
143235.0,0.1712
143240.0,0.1511
143245.0,0.1410
143250.0,0.0705
143255.0,0.2014
143260.0,0.0302
143265.0,-0.0403
143270.0,0.2518
143275.0,0.0302
143280.0,0.1007
143285.0,0.0201
143290.0,0.1309
143295.0,0.1309
143300.0,0.1914
143305.0,0.1914
143310.0,0.1612
143315.0,-0.1209
143320.0,-0.1209
143325.0,-0.4230
143330.0,-0.3727
143335.0,-0.6547
143340.0,-0.4432
143345.0,-0.5237
143350.0,-0.5842
143355.0,-1.0072
143360.0,-0.5640
143365.0,-0.6849
143370.0,-0.2317
143375.0,0.0000
143380.0,0.1108
143385.0,0.0806
143390.0,0.0403
143395.0,0.0504
143400.0,0.2921
143405.0,0.0504
143410.0,0.1712
143415.0,0.0302
143420.0,0.0806
143425.0,0.1209
143430.0,0.1612
143435.0,0.1813
143440.0,0.1813
143445.0,0.1209
143450.0,0.1410
143455.0,0.0705
143460.0,0.1914
143465.0,-0.0101
143470.0,0.1511
143475.0,0.0604
143480.0,0.0705
143485.0,-0.0906
143490.0,-0.3324
143495.0,-0.0604
143500.0,-0.3223
143505.0,-0.0403
143510.0,0.0504
143515.0,0.0201
143520.0,0.2417
143525.0,0.0201
143530.0,0.1612
143535.0,0.1612
143540.0,0.0806
143545.0,0.0604
143550.0,0.2115
143555.0,0.0806
143560.0,0.0201
143565.0,0.2115
143570.0,0.0705
143575.0,0.0201
143580.0,0.3122
143585.0,-0.0604
143590.0,0.1712
143595.0,0.0403
143600.0,0.1108
143605.0,0.0504
143610.0,0.0201
143615.0,-0.0403
143620.0,0.0302
143625.0,-0.4734
143630.0,-0.4230
143635.0,-0.6446
143640.0,-0.4734
143645.0,-0.5741
143650.0,-0.6648
143655.0,-0.8763
143660.0,-0.4230
143665.0,-0.5137
143670.0,-0.2417
143675.0,0.0302
143680.0,0.0000
143685.0,0.2014
143690.0,0.1108
143695.0,0.0403
143700.0,0.2014
143705.0,0.0705
143710.0,0.3122
143715.0,0.0705
143720.0,0.1712
143725.0,-0.0403
143730.0,0.1914
143735.0,0.1410
143740.0,-0.0906
143745.0,0.0906
143750.0,0.1309
143755.0,0.1309
143760.0,0.1612
143765.0,0.2216
143770.0,0.2216
143775.0,0.1108
143780.0,0.1511
143785.0,-0.1712
143790.0,-0.0302
143795.0,-0.1309
143800.0,-0.2417
143805.0,0.1209
143810.0,0.0504
143815.0,0.1612
143820.0,0.1511
143825.0,0.0101
143830.0,0.3122
143835.0,0.0201
143840.0,0.1007
143845.0,0.0101
143850.0,0.0504
143855.0,0.0302
143860.0,0.1914
143865.0,0.1511
143870.0,0.0504
143875.0,0.0201
143880.0,0.1209
143885.0,0.1511
143890.0,0.2317
143895.0,-0.0101
143900.0,0.3324
143905.0,-0.0201
143910.0,0.0806
143915.0,-0.0906
143920.0,-0.1209
143925.0,-0.6748
143930.0,-0.4432
143935.0,-0.4331
143940.0,-0.4130
143945.0,-0.7353
143950.0,-0.7655
143955.0,-0.8863
143960.0,-0.3727
143965.0,-0.3626
143970.0,-0.0201
143975.0,-0.1209
143980.0,0.0806
143985.0,-0.0302
143990.0,0.0705
143995.0,0.1813
144000.0,0.1511
144005.0,0.1813
144010.0,0.1007
144015.0,-0.0101
144020.0,0.2518
144025.0,0.0000
144030.0,0.1813
144035.0,0.0504
144040.0,-0.0201
144045.0,-0.0604
144050.0,0.0906
144055.0,0.1410
144060.0,0.1813
144065.0,0.0302
144070.0,0.1007
144075.0,0.1511
144080.0,0.0906
144085.0,-0.3223
144090.0,0.0504
144095.0,-0.1410
144100.0,-0.0604
144105.0,0.0101
144110.0,0.1309
144115.0,0.1813
144120.0,0.1108
144125.0,0.2216
144130.0,0.1108
144135.0,0.0302
144140.0,0.1410
144145.0,-0.2820
144150.0,0.2216
144155.0,0.0604
144160.0,0.0604
144165.0,0.1410
144170.0,0.1410
144175.0,0.2216
144180.0,0.1410
144185.0,0.1108
144190.0,0.1209
144195.0,0.0201
144200.0,0.2417
144205.0,0.0101
144210.0,0.1813
144215.0,-0.0403
144220.0,-0.3626
144225.0,-0.5842
144230.0,-0.4230
144235.0,-0.4230
144240.0,-0.4532
144245.0,-1.0173
144250.0,-0.6547
144255.0,-0.7353
144260.0,-0.2619
144265.0,-0.3727
144270.0,-0.0403
144275.0,-0.1511
144280.0,0.1914
144285.0,-0.0101
144290.0,0.1410
144295.0,0.2317
144300.0,0.0906
144305.0,0.2518
144310.0,0.1914
144315.0,0.1007
144320.0,0.1612
144325.0,-0.0201
144330.0,0.1209
144335.0,-0.0504
144340.0,0.1612
144345.0,0.0604
144350.0,0.1007
144355.0,0.2317
144360.0,0.2014
144365.0,0.1209
144370.0,0.1007
144375.0,0.0604
144380.0,-0.2014
144385.0,-0.1914
144390.0,0.1309
144395.0,-0.2719
144400.0,0.1813
144405.0,0.1108
144410.0,0.0806
144415.0,0.2014
144420.0,0.1410
144425.0,0.1511
144430.0,0.1309
144435.0,0.0504
144440.0,0.0906
144445.0,-0.1007
144450.0,0.1914
144455.0,0.0806
144460.0,0.1410
144465.0,-0.0302
144470.0,0.1511
144475.0,0.0906
144480.0,0.2216
144485.0,0.2619
144490.0,0.1511
144495.0,0.0705
144500.0,0.1309
144505.0,-0.0403
144510.0,0.1209
144515.0,-0.3122
144520.0,-0.3424
144525.0,-0.5842
144530.0,-0.4331
144535.0,-0.3928
144540.0,-0.5439
144545.0,-0.7856
144550.0,-0.7353
144555.0,-0.5540
144560.0,-0.1108
144565.0,-0.1914
144570.0,-0.1410
144575.0,-0.0806
144580.0,0.2317
144585.0,-0.0504
144590.0,0.2619
144595.0,0.0604
144600.0,0.0000
144605.0,0.1813
144610.0,0.1209
144615.0,0.1712
144620.0,0.2417
144625.0,0.1209
144630.0,0.0604
144635.0,-0.0101
144640.0,0.1511
144645.0,-0.2014
144650.0,0.1410
144655.0,0.0705
144660.0,0.1007
144665.0,0.1309
144670.0,0.0806
144675.0,0.1410
144680.0,-0.0403
144685.0,-0.0705
144690.0,-0.1914
144695.0,-0.1309
144700.0,0.1511
144705.0,-0.1813
144710.0,0.1612
144715.0,0.1410
144720.0,0.1511
144725.0,0.2820
144730.0,0.1309
144735.0,0.1007
144740.0,0.0705
144745.0,0.0705
144750.0,0.2115
144755.0,0.0000
144760.0,0.2216
144765.0,0.0604
144770.0,0.2014
144775.0,0.1410
144780.0,0.0504
144785.0,0.0504
144790.0,0.1410
144795.0,0.1612
144800.0,0.1108
144805.0,0.1007
144810.0,-0.0403
144815.0,-0.3223
144820.0,-0.3223
144825.0,-0.6144
144830.0,-0.4130
144835.0,-0.6547
144840.0,-0.7252
144845.0,-0.9468
144850.0,-0.4734
144855.0,-0.6648
144860.0,-0.2921
144865.0,-0.0604
144870.0,0.0101
144875.0,-0.0201
144880.0,0.1612
144885.0,0.1309
144890.0,0.1712
144895.0,-0.1007
144900.0,0.2317
144905.0,0.1007
144910.0,0.1209
144915.0,0.0101
144920.0,0.0302
144925.0,0.2014
144930.0,0.1209
144935.0,0.0403
144940.0,0.1914
144945.0,0.0806
144950.0,0.1007
144955.0,0.0000
144960.0,0.2216
144965.0,0.0806
144970.0,-0.0201
144975.0,-0.0101
144980.0,-0.2216
144985.0,-0.0201
144990.0,-0.2014
144995.0,-0.0403
145000.0,-0.0604
145005.0,0.1007
145010.0,0.1309
145015.0,0.0806
145020.0,0.2115
145025.0,0.1511
145030.0,0.0000
145035.0,0.0806
145040.0,0.1309
145045.0,0.1511
145050.0,0.0302
145055.0,0.0302
145060.0,0.1612
145065.0,0.0201
145070.0,0.1712
145075.0,0.0403
145080.0,0.2417
145085.0,-0.0201
145090.0,-0.0302
145095.0,0.1410
145100.0,0.1007
145105.0,-0.1007
145110.0,-0.0906
145115.0,-0.5439
145120.0,-0.4432
145125.0,-0.6547
145130.0,-0.3727
145135.0,-0.6043
145140.0,-0.7151
145145.0,-1.0475
145150.0,-0.5338
145155.0,-0.3827
145160.0,-0.2115
145165.0,-0.1511
145170.0,0.0201
145175.0,0.1209
145180.0,0.1813
145185.0,0.1007
145190.0,0.0806
145195.0,0.1813
145200.0,0.2417
145205.0,0.0201
145210.0,0.2518
145215.0,-0.0604
145220.0,0.0705
145225.0,0.1712
145230.0,0.0201
145235.0,0.0201
145240.0,0.0604
145245.0,0.0806
145250.0,0.1108
145255.0,0.1511
145260.0,0.2417
145265.0,-0.0403
145270.0,0.2619
145275.0,-0.1612
145280.0,-0.1007
145285.0,-0.0806
145290.0,-0.2518
145295.0,0.0302
145300.0,0.1511
145305.0,0.0906
145310.0,0.1914
145315.0,0.1209
145320.0,0.1813
145325.0,0.0906
145330.0,0.0705
145335.0,-0.0906
145340.0,0.1108
145345.0,0.0906
145350.0,0.1108
145355.0,0.1914
145360.0,0.1108
145365.0,0.2014
145370.0,0.1007
145375.0,0.0302
145380.0,0.2014
145385.0,0.0604
145390.0,0.2417
145395.0,0.0504
145400.0,0.0604
145405.0,-0.1309
145410.0,-0.1712
145415.0,-0.5640
145420.0,-0.5338
145425.0,-0.5540
145430.0,-0.3223
145435.0,-0.7755
145440.0,-0.6446
145445.0,-0.8259
145450.0,-0.4633
145455.0,-0.2820
145460.0,0.0302
145465.0,-0.0504
145470.0,0.1108
145475.0,0.0604
145480.0,0.0403
145485.0,0.2014
145490.0,0.1309
145495.0,0.1914
145500.0,0.0705
145505.0,0.0101
145510.0,0.1813
145515.0,0.0000
145520.0,0.2619
145525.0,0.1511
145530.0,-0.0705
145535.0,-0.0604
145540.0,0.0705
145545.0,0.1511
145550.0,0.1410
145555.0,0.0403
145560.0,0.1108
145565.0,0.1309
145570.0,0.1108
145575.0,-0.3022
145580.0,0.1007
145585.0,-0.1813
145590.0,-0.0604
145595.0,0.0705
145600.0,0.1108
145605.0,0.2820
145610.0,0.0906
145615.0,0.0604
145620.0,0.2317
145625.0,0.0302
145630.0,0.2317
145635.0,-0.2921
145640.0,0.1410
145645.0,0.0403
145650.0,0.1209
145655.0,0.1612
145660.0,0.2216
145665.0,0.1108
145670.0,0.0906
145675.0,0.1007
145680.0,0.1209
145685.0,0.1007
145690.0,0.1108
145695.0,-0.0705
145700.0,0.1209
145705.0,-0.0604
145710.0,-0.2216
145715.0,-0.6446
145720.0,-0.5137
145725.0,-0.4230
145730.0,-0.4230
145735.0,-0.9367
145740.0,-0.6144
145745.0,-0.8964
145750.0,-0.3727
145755.0,-0.2115
145760.0,0.0604
145765.0,-0.1007
145770.0,0.1209
145775.0,0.0201
145780.0,0.1813
145785.0,0.1511
145790.0,0.2619
145795.0,0.2317
145800.0,0.1914
145805.0,0.0806
145810.0,0.1108
145815.0,0.2014
145820.0,0.1209
145825.0,-0.1914
145830.0,0.1914
145835.0,0.0403
145840.0,0.0906
145845.0,0.1511
145850.0,0.0201
145855.0,0.2216
145860.0,0.1007
145865.0,0.1007
145870.0,-0.0101
145875.0,-0.2216
145880.0,0.0000
145885.0,-0.2518
145890.0,0.1511
145895.0,0.0906
145900.0,0.0906
145905.0,0.1612
145910.0,0.1612
145915.0,0.2014
145920.0,0.1712
145925.0,0.0604
145930.0,0.1410
145935.0,0.0403
145940.0,0.2115
145945.0,0.0906
145950.0,0.1410
145955.0,-0.0504
145960.0,0.0906
145965.0,0.1108
145970.0,0.2014
145975.0,0.2417
145980.0,0.2216
145985.0,0.0906
145990.0,0.1309
145995.0,-0.0302
146000.0,0.1410
146005.0,-0.2719
146010.0,-0.4130
146015.0,-0.6245
146020.0,-0.4532
146025.0,-0.5338
146030.0,-0.5741
146035.0,-0.9065
146040.0,-0.6043
146045.0,-0.4935
146050.0,-0.0504
146055.0,-0.2719
146060.0,-0.0201
146065.0,-0.0302
146070.0,0.1813
146075.0,0.0504
146080.0,0.1309
146085.0,-0.0302
146090.0,0.1209
146095.0,0.1410
146100.0,0.1209
146105.0,0.2014
146110.0,0.1209
146115.0,0.1612
146120.0,0.0906
146125.0,0.0000
146130.0,0.2317
146135.0,-0.1108
146140.0,0.1511
146145.0,0.0906
146150.0,0.1309
146155.0,0.1410
146160.0,0.0101
146165.0,0.1712
146170.0,-0.1209
146175.0,-0.0403
146180.0,-0.2619
146185.0,-0.2014
146190.0,0.1309
146195.0,0.0201
146200.0,0.1914
146205.0,0.0504
146210.0,0.1511
146215.0,0.1813
146220.0,0.1914
146225.0,0.1007
146230.0,0.0705
146235.0,0.1108
146240.0,0.1007
146245.0,0.0906
146250.0,0.2820
146255.0,-0.1209
146260.0,0.1712
146265.0,0.0806
146270.0,0.1209
146275.0,0.2014
146280.0,0.0806
146285.0,0.1108
146290.0,0.1309
146295.0,-0.0101
146300.0,0.0201
146305.0,-0.3626
146310.0,-0.3324
146315.0,-0.7554
146320.0,-0.5942
146325.0,-0.5942
146330.0,-0.6648
146335.0,-0.9367
146340.0,-0.5640
146345.0,-0.6748
146350.0,-0.1309
146355.0,-0.0302
146360.0,0.0201
146365.0,0.0906
146370.0,0.0504
146375.0,0.1007
146380.0,0.1914
146385.0,0.0101
146390.0,0.2417
146395.0,0.0201
146400.0,0.0302
146405.0,0.2317
146410.0,0.1309
146415.0,0.3122
146420.0,0.1410
146425.0,-0.0806
146430.0,0.1209
146435.0,0.0201
146440.0,0.1712
146445.0,0.1007
146450.0,0.2216
146455.0,0.0302
146460.0,0.1712
146465.0,0.0101
146470.0,-0.2014
146475.0,-0.1511
146480.0,-0.3424
146485.0,0.0201
146490.0,0.0201
146495.0,0.0403
146500.0,0.2014
146505.0,0.0302
146510.0,0.2216
146515.0,0.1209
146520.0,0.0604
146525.0,0.0403
146530.0,-0.0101
146535.0,0.1209
146540.0,0.2317
146545.0,0.1712
146550.0,0.0705
146555.0,0.0201
146560.0,0.2518
146565.0,0.0000
146570.0,0.1914
146575.0,0.0604
146580.0,0.0806
146585.0,0.0504
146590.0,0.2014
146595.0,0.0806
146600.0,-0.0604
146605.0,-0.5338
146610.0,-0.4532
146615.0,-0.6446
146620.0,-0.4230
146625.0,-0.5942
146630.0,-0.6849
146635.0,-0.8360
146640.0,-0.4734
146645.0,-0.3827
146650.0,-0.1410
146655.0,-0.1712
146660.0,-0.0705
146665.0,0.2014
146670.0,0.1309
146675.0,0.1914
146680.0,0.1612
146685.0,0.0806
146690.0,0.2115
146695.0,0.0302
146700.0,0.2921
146705.0,0.0201
146710.0,0.1209
146715.0,0.1410
146720.0,0.0101
146725.0,0.1410
146730.0,0.0705
146735.0,-0.0504
146740.0,0.1007
146745.0,0.1209
146750.0,0.2115
146755.0,0.0201
146760.0,0.2014
146765.0,-0.1108
146770.0,-0.0302
146775.0,-0.0705
146780.0,-0.1410
146785.0,0.0604
146790.0,-0.0906
146795.0,0.0906
146800.0,0.1612
146805.0,0.0906
146810.0,0.3424
146815.0,0.0403
146820.0,0.1914
146825.0,-0.0604
146830.0,0.1209
146835.0,0.1309
146840.0,0.1612
146845.0,0.1712
146850.0,0.1813
146855.0,0.1309
146860.0,0.2619
146865.0,-0.0403
146870.0,0.1309
146875.0,0.0101
146880.0,0.1914
146885.0,0.0000
146890.0,0.2014
146895.0,-0.1612
146900.0,-0.2719
146905.0,-0.6245
146910.0,-0.3928
146915.0,-0.4532
146920.0,-0.5540
146925.0,-0.8058
146930.0,-0.6345
146935.0,-0.8058
146940.0,-0.3424
146945.0,-0.2921
146950.0,0.0906
146955.0,-0.0604
146960.0,0.0504
146965.0,0.1007
146970.0,0.2014
146975.0,0.1007
146980.0,0.1612
146985.0,0.1813
146990.0,0.1813
146995.0,0.0705
147000.0,0.1813
147005.0,0.0906
147010.0,0.2216
147015.0,0.0705
147020.0,0.0906
147025.0,-0.0101
147030.0,0.0201
147035.0,0.1612
147040.0,0.1712
147045.0,0.1007
147050.0,0.1108
147055.0,0.1309
147060.0,0.0806
147065.0,-0.2921
147070.0,0.0705
147075.0,-0.2518
147080.0,0.0302
147085.0,0.0101
147090.0,0.0906
147095.0,0.1712
147100.0,0.1007
147105.0,0.0504
147110.0,0.1309
147115.0,0.0906
147120.0,0.1410
147125.0,-0.2417
147130.0,0.1108
147135.0,0.1511
147140.0,0.0906
147145.0,0.0906
147150.0,0.2216
147155.0,0.1209
147160.0,0.1209
147165.0,0.1209
147170.0,0.1511
147175.0,0.0101
147180.0,0.1209
147185.0,0.0302
147190.0,0.1712
147195.0,-0.0705
147200.0,-0.2115
147205.0,-0.6648
147210.0,-0.5237
147215.0,-0.4532
147220.0,-0.4432
147225.0,-0.8863
147230.0,-0.6144
147235.0,-0.8662
147240.0,-0.3626
147245.0,-0.2115
147250.0,0.0705
147255.0,-0.0604
147260.0,0.1511
147265.0,-0.1108
147270.0,0.2014
147275.0,0.1209
147280.0,0.1813
147285.0,0.1813
147290.0,0.1813
147295.0,0.0201
147300.0,-0.0201
147305.0,0.1209
147310.0,0.2115
147315.0,-0.1712
147320.0,0.1612
147325.0,0.0302
147330.0,0.0705
147335.0,0.1914
147340.0,0.0806
147345.0,0.2014
147350.0,0.1511
147355.0,-0.0101
147360.0,-0.1007
147365.0,-0.0806
147370.0,-0.0101
147375.0,-0.2518
147380.0,0.1410
147385.0,0.0806
147390.0,0.0705
147395.0,0.1209
147400.0,0.2115
147405.0,0.1712
147410.0,0.0906
147415.0,0.0906
147420.0,0.2014
147425.0,-0.1007
147430.0,0.1813
147435.0,0.0604
147440.0,0.1612
147445.0,0.1309
147450.0,0.1108
147455.0,0.0504
147460.0,0.2216
147465.0,0.1511
147470.0,0.1007
147475.0,0.0604
147480.0,0.1612
147485.0,-0.0302
147490.0,0.1108
147495.0,-0.1309
147500.0,-0.3525
147505.0,-0.7755
147510.0,-0.5137
147515.0,-0.4532
147520.0,-0.4935
147525.0,-0.8360
147530.0,-0.6144
147535.0,-0.6748
147540.0,-0.1209
147545.0,-0.1813
147550.0,-0.0101
147555.0,0.0101
147560.0,0.2417
147565.0,-0.1511
147570.0,0.1914
147575.0,0.1511
147580.0,0.1108
147585.0,0.2417
147590.0,0.1309
147595.0,0.1209
147600.0,0.1209
147605.0,0.1007
147610.0,0.1813
147615.0,0.0403
147620.0,0.2115
147625.0,-0.0302
147630.0,0.2014
147635.0,0.0504
147640.0,0.0504
147645.0,0.1914
147650.0,0.1410
147655.0,0.2216
147660.0,-0.0201
147665.0,-0.0302
147670.0,-0.2115
147675.0,-0.2216
147680.0,0.1309
147685.0,0.0201
147690.0,0.2317
147695.0,0.1511
147700.0,0.0504
147705.0,0.1108
147710.0,0.2518
147715.0,0.1209
147720.0,0.0504
147725.0,0.1209
147730.0,0.1108
147735.0,0.0403
147740.0,0.1410
147745.0,-0.0201
147750.0,0.2619
147755.0,0.1309
147760.0,0.0604
147765.0,0.2518
147770.0,0.2317
147775.0,0.0604
147780.0,0.0403
147785.0,0.0201
147790.0,0.0504
147795.0,-0.3525
147800.0,-0.2820
147805.0,-0.7554
147810.0,-0.5338
147815.0,-0.6345
147820.0,-0.6648
147825.0,-0.9165
147830.0,-0.5942
147835.0,-0.6849
147840.0,-0.2619
147845.0,0.0101
147850.0,0.0101
147855.0,0.0705
147860.0,0.1209
147865.0,0.1410
147870.0,0.1410
147875.0,-0.0302
147880.0,0.2719
147885.0,0.1108
147890.0,0.0302
147895.0,0.1612
147900.0,0.1108
147905.0,0.2014
147910.0,0.0806
147915.0,-0.0604
147920.0,0.1108
147925.0,0.0504
147930.0,0.1612
147935.0,0.1007
147940.0,0.1410
147945.0,0.0101
147950.0,0.0705
147955.0,0.0000
147960.0,-0.3626
147965.0,-0.1410
147970.0,-0.1712
147975.0,-0.1007
147980.0,0.0705
147985.0,0.0403
147990.0,0.2619
147995.0,-0.0906
148000.0,0.2417
148005.0,0.0806
148010.0,0.0604
148015.0,0.0201
148020.0,0.1612
148025.0,0.0604
148030.0,0.1108
148035.0,0.1712
148040.0,0.1108
148045.0,0.0705
148050.0,0.2317
148055.0,0.0302
148060.0,0.2921
148065.0,0.0302
148070.0,0.1410
148075.0,0.1309
148080.0,0.1813
148085.0,0.0201
148090.0,-0.0302
148095.0,-0.4633
148100.0,-0.4633
148105.0,-0.5741
148110.0,-0.4734
148115.0,-0.6849
148120.0,-0.6849
148125.0,-0.8863
148130.0,-0.5137
148135.0,-0.3827
148140.0,-0.2115
148145.0,-0.0705
148150.0,0.0705
148155.0,0.1209
148160.0,0.2317
148165.0,0.0302
148170.0,0.0906
148175.0,0.1712
148180.0,0.2317
148185.0,0.0302
148190.0,0.1813
148195.0,0.0705
148200.0,0.1511
148205.0,0.1309
148210.0,0.0201
148215.0,0.1007
148220.0,0.0604
148225.0,0.0302
148230.0,0.1007
148235.0,0.1612
148240.0,0.1914
148245.0,0.0302
148250.0,0.2417
148255.0,-0.2317
148260.0,-0.1712
148265.0,-0.0806
148270.0,-0.1108
148275.0,0.1511
148280.0,0.0000
148285.0,0.0604
148290.0,0.1914
148295.0,0.1007
148300.0,0.3525
148305.0,0.0604
148310.0,0.0101
148315.0,0.0403
148320.0,0.0806
148325.0,0.0604
148330.0,0.1612
148335.0,0.2115
148340.0,0.0403
148345.0,0.0806
148350.0,0.1511
148355.0,0.1108
148360.0,0.3626
148365.0,0.0000
148370.0,0.0906
148375.0,0.0504
148380.0,0.0000
148385.0,-0.0806
148390.0,-0.0705
148395.0,-0.6648
148400.0,-0.4734
148405.0,-0.4230
148410.0,-0.4029
148415.0,-0.9568
148420.0,-0.7453
148425.0,-0.8964
148430.0,-0.2719
148435.0,-0.3324
148440.0,0.0504
148445.0,0.0000
148450.0,-0.0403
148455.0,0.1511
148460.0,0.1309
148465.0,0.1914
148470.0,0.1813
148475.0,0.0201
148480.0,0.0705
148485.0,0.2014
148490.0,0.1813
148495.0,0.0705
148500.0,0.1813
148505.0,0.0000
148510.0,0.0806
148515.0,0.0000
148520.0,0.1511
148525.0,0.2317
148530.0,0.0705
148535.0,0.0705
148540.0,0.2417
148545.0,0.0403
148550.0,0.1612
148555.0,-0.4230
148560.0,-0.0201
148565.0,-0.1511
148570.0,-0.0806
148575.0,0.0705
148580.0,0.2115
148585.0,0.2014
148590.0,0.0705
148595.0,0.0806
148600.0,0.2115
148605.0,-0.1007
148610.0,0.1309
148615.0,-0.0906
148620.0,0.1914
148625.0,0.1511
148630.0,0.0604
148635.0,0.1309
148640.0,0.2014
148645.0,0.1914
148650.0,0.0906
148655.0,0.1007
148660.0,0.1914
148665.0,0.0000
148670.0,0.2216
148675.0,0.0201
148680.0,0.1712
148685.0,-0.1108
148690.0,-0.3424
148695.0,-0.5640
148700.0,-0.3626
148705.0,-0.4835
148710.0,-0.4935
148715.0,-0.9971
148720.0,-0.6345
148725.0,-0.7353
148730.0,-0.2719
148735.0,-0.2317
148740.0,-0.0504
148745.0,-0.2014
148750.0,0.2317
148755.0,0.0101
148760.0,0.2115
148765.0,0.2115
148770.0,0.1209
148775.0,0.2921
148780.0,0.1309
148785.0,0.0906
148790.0,0.1511
148795.0,-0.0101
148800.0,0.1007
148805.0,-0.0302
148810.0,0.2317
148815.0,-0.0101
148820.0,0.0604
148825.0,0.1108
148830.0,0.2014
148835.0,0.1914
148840.0,0.0504
148845.0,0.1309
148850.0,-0.0504
148855.0,-0.1007
148860.0,0.0201
148865.0,-0.3928
148870.0,0.0504
148875.0,0.0906
148880.0,0.1612
148885.0,0.1712
148890.0,0.0806
148895.0,0.2417
148900.0,0.2115
148905.0,0.0201
148910.0,0.0806
148915.0,0.0604
148920.0,0.2317
148925.0,-0.0302
148930.0,0.2518
148935.0,0.0705
148940.0,0.2317
148945.0,0.1108
148950.0,0.1612
148955.0,0.2317
148960.0,0.1410
148965.0,0.1209
148970.0,0.1712
148975.0,0.0101
148980.0,0.0806
148985.0,-0.1410
148990.0,-0.3626
148995.0,-0.7453
149000.0,-0.4835
149005.0,-0.3727
149010.0,-0.4935
149015.0,-0.8360
149020.0,-0.6849
149025.0,-0.6950
149030.0,-0.1007
149035.0,-0.2115
149040.0,-0.0504
149045.0,-0.0403
149050.0,0.2518
149055.0,-0.1712
149060.0,0.1813
149065.0,0.1108
149070.0,0.1612
149075.0,0.2518
149080.0,0.0604
149085.0,0.0806
149090.0,0.1410
149095.0,0.0906
149100.0,0.0806
149105.0,0.0806
149110.0,0.1712
149115.0,-0.0504
149120.0,0.2317
149125.0,0.1007
149130.0,0.1209
149135.0,0.0705
149140.0,0.0101
149145.0,0.1209
149150.0,-0.0906
149155.0,0.0705
149160.0,-0.1209
149165.0,-0.2518
149170.0,0.0705
149175.0,-0.0604
149180.0,0.2317
149185.0,0.1007
149190.0,0.0806
149195.0,0.2317
149200.0,0.1813
149205.0,0.2216
149210.0,-0.0101
149215.0,0.0302
149220.0,0.2417
149225.0,0.0000
149230.0,0.2317
149235.0,0.0806
149240.0,0.2317
149245.0,0.0906
149250.0,0.1612
149255.0,0.1108
149260.0,0.1007
149265.0,0.1309
149270.0,0.1612
149275.0,-0.0201
149280.0,0.0504
149285.0,-0.3022
149290.0,-0.4230
149295.0,-0.7453
149300.0,-0.4331
149305.0,-0.5036
149310.0,-0.6849
149315.0,-1.0475
149320.0,-0.5540
149325.0,-0.5439
149330.0,-0.2115
149335.0,-0.0101
149340.0,0.0101
149345.0,0.0604
149350.0,0.1007
149355.0,0.0302
149360.0,0.3525
149365.0,-0.0806
149370.0,0.2518
149375.0,0.0806
149380.0,0.0806
149385.0,0.1410
149390.0,0.0302
149395.0,0.1309
149400.0,0.1612
149405.0,0.0302
149410.0,0.0806
149415.0,0.1511
149420.0,0.2115
149425.0,0.0806
149430.0,0.1410
149435.0,0.0604
149440.0,0.0806
149445.0,-0.0705
149450.0,-0.3727
149455.0,-0.0504
149460.0,-0.2216
149465.0,-0.0302
149470.0,0.0403
149475.0,-0.0504
149480.0,0.2417
149485.0,-0.0201
149490.0,0.2417
149495.0,0.1511
149500.0,0.1007
149505.0,0.0302
149510.0,0.1309
149515.0,0.1410
149520.0,0.0000
149525.0,-0.0201
149530.0,0.1511
149535.0,0.0403
149540.0,0.2014
149545.0,0.0101
149550.0,0.2216
149555.0,-0.0403
149560.0,-0.0302
149565.0,0.0604
149570.0,0.1007
149575.0,0.0504
149580.0,-0.1007
149585.0,-0.5237
149590.0,-0.4432
149595.0,-0.6547
149600.0,-0.3324
149605.0,-0.7050
149610.0,-0.7252
149615.0,-0.9266
149620.0,-0.4935
149625.0,-0.3727
149630.0,-0.1309
149635.0,-0.1309
149640.0,0.0000
149645.0,0.1511
149650.0,0.1712
149655.0,0.0201
149660.0,0.0604
149665.0,0.1309
149670.0,0.2115
149675.0,0.0302
149680.0,0.1914
149685.0,0.1712
149690.0,0.1007
149695.0,0.1612
149700.0,0.0806
149705.0,0.0906
149710.0,0.1410
149715.0,0.0403
149720.0,0.0302
149725.0,0.0201
149730.0,0.2921
149735.0,0.0201
149740.0,0.2115
149745.0,-0.1007
149750.0,-0.1712
149755.0,-0.0604
149760.0,-0.1511
149765.0,0.1108
149770.0,0.1209
149775.0,0.0201
149780.0,0.1108
149785.0,0.1209
149790.0,0.2719
149795.0,-0.0504
149800.0,0.0403
149805.0,-0.0101
149810.0,0.1712
149815.0,0.1007
149820.0,0.2619
149825.0,0.2317
149830.0,0.1309
149835.0,0.0705
149840.0,0.0504
149845.0,0.1309
149850.0,0.2216
149855.0,0.1309
149860.0,0.1712
149865.0,-0.0604
149870.0,0.1108
149875.0,-0.1108
149880.0,-0.1511
149885.0,-0.6446
149890.0,-0.4331
149895.0,-0.4734
149900.0,-0.3928
149905.0,-0.8158
149910.0,-0.5842
149915.0,-0.9568
149920.0,-0.4432
149925.0,-0.3122
149930.0,0.0101
149935.0,-0.1209
149940.0,0.0705
149945.0,0.1511
149950.0,0.1813
149955.0,0.1108
149960.0,0.1813
149965.0,0.0705
149970.0,0.1511
149975.0,-0.0705
149980.0,0.2115
149985.0,0.0302
149990.0,0.2216
149995.0,0.0604
150000.0,0.0101
150005.0,-0.0906
150010.0,0.0403
150015.0,0.1410
150020.0,0.1209
150025.0,0.2115
150030.0,0.0906
150035.0,0.0403
150040.0,0.1612
150045.0,-0.2518
150050.0,-0.0101
150055.0,-0.2317
150060.0,-0.0201
150065.0,0.0403
150070.0,0.1612
150075.0,0.3223
150080.0,0.0806
150085.0,0.1712
150090.0,0.1612
150095.0,0.0000
150100.0,0.2417
150105.0,-0.3324
150110.0,0.1914
150115.0,0.1914
150120.0,0.1108
150125.0,0.1612
150130.0,0.1511
150135.0,0.1108
150140.0,0.1511
150145.0,0.0403
150150.0,0.0806
150155.0,0.0302
150160.0,0.1511
150165.0,-0.0302
150170.0,0.1612
150175.0,-0.0806
150180.0,-0.2014
150185.0,-0.6345
150190.0,-0.4432
150195.0,-0.4532
150200.0,-0.3928
150205.0,-0.9065
150210.0,-0.5338
150215.0,-0.7755
150220.0,-0.2719
150225.0,-0.3626
150230.0,0.0705
150235.0,-0.2719
150240.0,0.1309
150245.0,0.1309
150250.0,0.1007
150255.0,0.1813
150260.0,0.1007
150265.0,0.1914
150270.0,0.1612
150275.0,0.0302
150280.0,0.1108
150285.0,0.0705
150290.0,0.2216
150295.0,0.0201
150300.0,0.1813
150305.0,-0.0302
150310.0,0.0403
150315.0,0.0504
150320.0,0.1612
150325.0,0.1712
150330.0,0.1007
150335.0,0.0201
150340.0,-0.1007
150345.0,-0.0906
150350.0,0.0906
150355.0,-0.3122
150360.0,0.1612
150365.0,-0.0101
150370.0,0.0101
150375.0,-0.0201
150380.0,0.0302
150385.0,0.2216
150390.0,0.0302
150395.0,-0.0604
150400.0,0.0403
150405.0,0.0504
150410.0,0.2719
150415.0,-0.1108
150420.0,0.1612
150425.0,-0.0504
150430.0,0.0403
150435.0,0.0403
150440.0,0.1007
150445.0,0.1511
150450.0,0.1007
150455.0,0.1410
150460.0,0.0705
150465.0,0.0000
150470.0,0.1309
150475.0,-0.2518
150480.0,-0.4029
150485.0,-0.6043
150490.0,-0.5741
150495.0,-0.5237
150500.0,-0.4532
150505.0,-0.9367
150510.0,-0.7151
150515.0,-0.6748
150520.0,-0.2719
150525.0,-0.0906
150530.0,-0.0403
150535.0,-0.0302
150540.0,0.2115
150545.0,0.0101
150550.0,0.1914
150555.0,0.0705
150560.0,0.2317
150565.0,0.1209
150570.0,0.2014
150575.0,0.1914
150580.0,0.0504
150585.0,0.1209
150590.0,0.0806
150595.0,-0.0302
150600.0,0.1410
150605.0,-0.0504
150610.0,0.1209
150615.0,0.0201
150620.0,0.1612
150625.0,0.1108
150630.0,0.2216
150635.0,0.0403
150640.0,-0.1813
150645.0,0.0705
150650.0,-0.2115
150655.0,-0.2317
150660.0,0.1712
150665.0,0.0403
150670.0,0.1813
150675.0,0.1410
150680.0,0.2014
150685.0,0.0906
150690.0,0.0906
150695.0,0.1309
150700.0,0.0604
150705.0,0.0201
150710.0,0.0906
150715.0,-0.0101
150720.0,0.2014
150725.0,-0.0101
150730.0,0.2619
150735.0,0.0302
150740.0,0.1007
150745.0,0.1209
150750.0,0.1309
150755.0,0.1007
150760.0,-0.0201
150765.0,-0.1309
150770.0,0.0806
150775.0,-0.3324
150780.0,-0.2921
150785.0,-0.6748
150790.0,-0.5237
150795.0,-0.6648
150800.0,-0.6648
150805.0,-0.8964
150810.0,-0.4734
150815.0,-0.5842
150820.0,-0.1511
150825.0,-0.0201
150830.0,0.0705
150835.0,-0.0504
150840.0,-0.0101
150845.0,0.0705
150850.0,0.1914
150855.0,-0.0201
150860.0,0.2719
150865.0,0.0705
150870.0,0.1007
150875.0,0.1108
150880.0,0.1209
150885.0,0.2014
150890.0,0.0806
150895.0,-0.0705
150900.0,0.1410
150905.0,0.0806
150910.0,0.2216
150915.0,0.0504
150920.0,0.1209
150925.0,0.0201
150930.0,0.0403
150935.0,-0.0504
150940.0,-0.2719
150945.0,-0.1813
150950.0,-0.2216
150955.0,-0.0302
150960.0,0.0604
150965.0,0.0705
150970.0,0.1712
150975.0,0.0302
150980.0,0.2216
150985.0,0.1108
150990.0,0.1309
150995.0,-0.0302
151000.0,0.0705
151005.0,0.1309
151010.0,0.1209
151015.0,0.0302
151020.0,0.0201
151025.0,-0.0302
151030.0,0.2820
151035.0,-0.0302
151040.0,0.2719
151045.0,0.1309
151050.0,0.0604
151055.0,-0.0101
151060.0,0.1108
151065.0,0.0806
151070.0,0.0302
151075.0,-0.5842
151080.0,-0.4935
151085.0,-0.6648
151090.0,-0.3928
151095.0,-0.7050
151100.0,-0.7050
151105.0,-0.9568
151110.0,-0.4633
151115.0,-0.4029
151120.0,-0.1712
151125.0,-0.0504
151130.0,-0.1108
151135.0,0.0101
151140.0,0.2014
151145.0,0.0705
151150.0,0.2518
151155.0,-0.0504
151160.0,0.1309
151165.0,0.0906
151170.0,0.1712
151175.0,0.0403
151180.0,0.1511
151185.0,0.1712
151190.0,-0.0201
151195.0,0.1007
151200.0,0.1108
151205.0,0.1309
151210.0,0.0101
151215.0,0.0403
151220.0,0.3022
151225.0,0.0201
151230.0,0.3122
151235.0,-0.1511
151240.0,0.0302
151245.0,-0.0906
151250.0,-0.1309
151255.0,0.1209
151260.0,0.0705
151265.0,-0.0201
151270.0,0.0906
151275.0,0.0705
151280.0,0.1914
151285.0,0.0000
151290.0,0.0201
151295.0,-0.0201
151300.0,0.1309
151305.0,0.0906
151310.0,0.1813
151315.0,0.2216
151320.0,0.1007
151325.0,0.1108
151330.0,0.1612
151335.0,0.0906
151340.0,0.1612
151345.0,0.0504
151350.0,0.1914
151355.0,0.0302
151360.0,0.1209
151365.0,-0.0806
151370.0,-0.2115
151375.0,-0.5741
151380.0,-0.5842
151385.0,-0.4734
151390.0,-0.6144
151395.0,-0.9669
151400.0,-0.5942
151405.0,-0.8259
151410.0,-0.2820
151415.0,-0.4029
151420.0,-0.0302
151425.0,-0.2115
151430.0,-0.1209
151435.0,-0.0403
151440.0,0.2216
151445.0,0.2417
151450.0,0.1612
151455.0,0.1410
151460.0,0.2014
151465.0,-0.1007
151470.0,0.1007
151475.0,0.1309
151480.0,0.2115
151485.0,0.0906
151490.0,0.0201
151495.0,-0.1410
151500.0,0.0302
151505.0,0.1712
151510.0,0.2014
151515.0,0.2518
151520.0,0.1612
151525.0,-0.1209
151530.0,0.0806
151535.0,-0.3223
151540.0,0.0302
151545.0,-0.1410
151550.0,-0.1410
151555.0,-0.1410
151560.0,0.0604
151565.0,0.0705
151570.0,0.0302
151575.0,0.0201
151580.0,-0.0101
151585.0,-0.0302
151590.0,0.0302
151595.0,-0.4230
151600.0,-0.0806
151605.0,-0.1612
151610.0,-0.1209
151615.0,-0.1007
151620.0,0.0806
151625.0,0.0201
151630.0,-0.3022
151635.0,-0.2417
151640.0,-0.0403
151645.0,-0.1511
151650.0,0.0101
151655.0,-0.1914
151660.0,-0.1007
151665.0,-0.3022
151670.0,-0.5942
151675.0,-0.9065
151680.0,-0.6648
151685.0,-0.6446
151690.0,-0.4432
151695.0,-1.1482
151700.0,-0.6648
151705.0,-0.9065
151710.0,-0.4835
151715.0,-0.3022
151720.0,-0.1612
151725.0,-0.3525
151730.0,0.0604
151735.0,-0.1410
151740.0,0.0504
151745.0,0.1209
151750.0,0.1007
151755.0,0.1007
151760.0,0.0806
151765.0,0.0806
151770.0,0.1209
151775.0,-0.0403
151780.0,0.1410
151785.0,-0.1309
151790.0,0.1511
151795.0,-0.1209
151800.0,-0.0705
151805.0,0.0604
151810.0,0.0806
151815.0,0.1309
151820.0,0.1410
151825.0,-0.0806
151830.0,-0.3223
151835.0,-0.2619
151840.0,-0.1007
151845.0,-0.4532
151850.0,-0.0101
151855.0,-0.1914
151860.0,-0.1511
151865.0,0.1511
151870.0,0.0302
151875.0,0.1209
151880.0,-0.1309
151885.0,-0.2820
151890.0,-0.0302
151895.0,-0.1612
151900.0,0.1511
151905.0,-0.1813
151910.0,0.0201
151915.0,-0.1410
151920.0,-0.0806
151925.0,0.0504
151930.0,-0.0201
151935.0,-0.1309
151940.0,-0.1612
151945.0,0.0403
151950.0,-0.0806
151955.0,-0.2619
151960.0,-0.0806
151965.0,-0.3827
151970.0,-0.6547
151975.0,-0.7957
151980.0,-0.5439
151985.0,-0.5842
151990.0,-0.5540
151995.0,-1.0978
152000.0,-0.8763
152005.0,-0.7453
152010.0,-0.2820
152015.0,-0.3928
152020.0,-0.1712
152025.0,-0.3424
152030.0,0.1007
152035.0,-0.2417
152040.0,0.1007
152045.0,-0.0504
152050.0,-0.1108
152055.0,-0.0806
152060.0,0.0705
152065.0,0.0705
152070.0,-0.1209
152075.0,-0.0705
152080.0,0.0504
152085.0,-0.2014
152090.0,0.0604
152095.0,-0.3022
152100.0,0.0906
152105.0,-0.0906
152110.0,-0.0604
152115.0,0.0604
152120.0,-0.1007
152125.0,-0.0705
152130.0,-0.2820
152135.0,-0.1511
152140.0,-0.3424
152145.0,-0.3525
152150.0,-0.1007
152155.0,-0.1108
152160.0,0.0806
152165.0,-0.0101
152170.0,0.0504
152175.0,0.0101
152180.0,-0.1511
152185.0,-0.0806
152190.0,-0.1209
152195.0,-0.0806
152200.0,0.0705
152205.0,-0.2216
152210.0,-0.0101
152215.0,-0.1712
152220.0,0.0906
152225.0,-0.0403
152230.0,-0.0201
152235.0,-0.0705
152240.0,0.0101
152245.0,0.0302
152250.0,0.0101
152255.0,-0.2518
152260.0,-0.2317
152265.0,-0.5640
152270.0,-0.4633
152275.0,-0.7957
152280.0,-0.5439
152285.0,-0.8058
152290.0,-0.8058
152295.0,-1.0576
152300.0,-0.6547
152305.0,-0.6345
152310.0,-0.4331
152315.0,-0.2820
152320.0,-0.0201
152325.0,-0.1612
152330.0,-0.0302
152335.0,-0.1914
152340.0,0.0101
152345.0,-0.0403
152350.0,0.0806
152355.0,-0.0101
152360.0,0.1007
152365.0,-0.0906
152370.0,-0.0705
152375.0,0.0705
152380.0,0.0201
152385.0,0.0000
152390.0,-0.2014
152395.0,-0.2921
152400.0,0.1209
152405.0,-0.1309
152410.0,0.0806
152415.0,0.0403
152420.0,-0.1712
152425.0,-0.1209
152430.0,-0.3626
152435.0,-0.1309
152440.0,-0.3223
152445.0,-0.3223
152450.0,-0.2115
152455.0,-0.2417
152460.0,0.1209
152465.0,-0.1712
152470.0,0.1108
152475.0,-0.1612
152480.0,0.0201
152485.0,-0.1209
152490.0,-0.0101
152495.0,0.1309
152500.0,-0.1209
152505.0,-0.1309
152510.0,0.0403
152515.0,-0.1712
152520.0,0.1108
152525.0,-0.2115
152530.0,-0.0403
152535.0,0.0201
152540.0,-0.0504
152545.0,-0.1410
152550.0,0.0403
152555.0,-0.1914
152560.0,-0.2317
152565.0,-0.7050
152570.0,-0.6043
152575.0,-0.7655
152580.0,-0.6547
152585.0,-0.8460
152590.0,-0.8561
152595.0,-1.0676
152600.0,-0.6849
152605.0,-0.5137
152610.0,-0.3727
152615.0,-0.1309
152620.0,-0.1511
152625.0,-0.0101
152630.0,0.0705
152635.0,-0.1612
152640.0,-0.0403
152645.0,0.0302
152650.0,0.1108
152655.0,-0.1007
152660.0,0.0705
152665.0,-0.1914
152670.0,0.1007
152675.0,-0.0201
152680.0,-0.1914
152685.0,0.0604
152690.0,-0.0906
152695.0,-0.1511
152700.0,0.0504
152705.0,-0.0302
152710.0,0.1007
152715.0,-0.1813
152720.0,-0.0504
152725.0,-0.2518
152730.0,-0.1914
152735.0,-0.2518
152740.0,-0.3022
152745.0,-0.1712
152750.0,-0.1612
152755.0,-0.1813
152760.0,-0.0302
152765.0,-0.0806
152770.0,0.0604
152775.0,-0.2619
152780.0,-0.0806
152785.0,-0.1813
152790.0,-0.0403
152795.0,-0.0201
152800.0,0.0000
152805.0,0.0000
152810.0,0.0604
152815.0,-0.0403
152820.0,0.0000
152825.0,-0.0403
152830.0,0.0504
152835.0,-0.2317
152840.0,0.0604
152845.0,-0.0806
152850.0,-0.1007
152855.0,-0.1813
152860.0,-0.3727
152865.0,-0.7050
152870.0,-0.5338
152875.0,-0.6748
152880.0,-0.4633
152885.0,-1.0273
152890.0,-0.8863
152895.0,-0.9568
152900.0,-0.5137
152905.0,-0.4230
152910.0,-0.1914
152915.0,-0.4029
152920.0,-0.0201
152925.0,-0.1108
152930.0,-0.0906
152935.0,0.0201
152940.0,-0.0403
152945.0,-0.2115
152950.0,0.0403
152955.0,-0.0504
152960.0,0.0705
152965.0,0.0000
152970.0,-0.0201
152975.0,-0.2014
152980.0,-0.0705
152985.0,-0.1612
152990.0,0.0000
152995.0,-0.0604
153000.0,-0.1309
153005.0,0.0302
153010.0,0.0302
153015.0,-0.1511
153020.0,0.0604
153025.0,-0.5842
153030.0,-0.1511
153035.0,-0.2216
153040.0,-0.2115
153045.0,-0.0906
153050.0,0.0504
153055.0,0.1209
153060.0,-0.1612
153065.0,0.0504
153070.0,0.0604
153075.0,-0.1108
153080.0,0.1813
153085.0,-0.4029
153090.0,0.0403
153095.0,0.0000
153100.0,0.0201
153105.0,0.1209
153110.0,-0.0504
153115.0,0.1108
153120.0,0.0906
153125.0,0.0000
153130.0,0.0302
153135.0,-0.2518
153140.0,0.1612
153145.0,-0.1108
153150.0,0.0000
153155.0,-0.2115
153160.0,-0.4835
153165.0,-0.7554
153170.0,-0.4432
153175.0,-0.5640
153180.0,-0.5439
153185.0,-1.1079
153190.0,-0.7755
153195.0,-0.8561
153200.0,-0.4633
153205.0,-0.4029
153210.0,0.0000
153215.0,-0.4230
153220.0,-0.0302
153225.0,-0.0504
153230.0,0.0101
153235.0,0.0806
153240.0,-0.0201
153245.0,-0.0906
153250.0,0.0504
153255.0,-0.0101
153260.0,-0.0906
153265.0,-0.0403
153270.0,0.1309
153275.0,-0.3122
153280.0,0.0806
153285.0,-0.0302
153290.0,-0.0101
153295.0,0.1108
153300.0,-0.0101
153305.0,-0.0604
153310.0,-0.0302
153315.0,-0.0101
153320.0,-0.2216
153325.0,-0.3022
153330.0,-0.0705
153335.0,-0.5640
153340.0,-0.0604
153345.0,-0.0604
153350.0,-0.0504
153355.0,0.0302
153360.0,0.0000
153365.0,-0.0604
153370.0,-0.1612
153375.0,-0.0201
153380.0,-0.0403
153385.0,-0.2216
153390.0,0.0906
153395.0,-0.2216
153400.0,-0.0705
153405.0,-0.0806
153410.0,0.0000
153415.0,0.0000
153420.0,0.1511
153425.0,-0.1007
153430.0,-0.1511
153435.0,0.0604
153440.0,-0.0403
153445.0,-0.2216
153450.0,-0.0906
153455.0,-0.4532
153460.0,-0.5237
153465.0,-0.8158
153470.0,-0.6245
153475.0,-0.6144
153480.0,-0.7755
153485.0,-1.1180
153490.0,-0.7050
153495.0,-0.7050
153500.0,-0.2518
153505.0,-0.4432
153510.0,-0.2216
153515.0,-0.1712
153520.0,0.0504
153525.0,-0.1612
153530.0,0.1007
153535.0,-0.2014
153540.0,-0.0403
153545.0,-0.0101
153550.0,-0.0101
153555.0,0.1712
153560.0,-0.0906
153565.0,-0.1511
153570.0,0.0604
153575.0,-0.2518
153580.0,-0.0403
153585.0,-0.1209
153590.0,0.1712
153595.0,-0.0906
153600.0,-0.1914
153605.0,-0.0403
153610.0,0.0705
153615.0,0.0403
153620.0,-0.0403
153625.0,-0.2619
153630.0,-0.3022
153635.0,-0.3525
153640.0,0.0705
153645.0,-0.1813
153650.0,0.1007
153655.0,-0.0604
153660.0,-0.0906
153665.0,0.0201
153670.0,0.0302
153675.0,0.0302
153680.0,-0.2417
153685.0,-0.1309
153690.0,0.1007
153695.0,-0.1209
153700.0,0.1309
153705.0,-0.1914
153710.0,0.0101
153715.0,-0.0906
153720.0,0.0101
153725.0,0.0403
153730.0,0.0906
153735.0,0.0705
153740.0,-0.1612
153745.0,-0.2317
153750.0,-0.0604
153755.0,-0.3827
153760.0,-0.5540
153765.0,-0.7856
153770.0,-0.5540
153775.0,-0.7151
153780.0,-0.8662
153785.0,-1.0072
153790.0,-0.6950
153795.0,-0.7856
153800.0,-0.4130
153805.0,-0.2014
153810.0,-0.1108
153815.0,-0.1108
153820.0,-0.0806
153825.0,-0.2619
153830.0,0.1108
153835.0,-0.1612
153840.0,0.0302
153845.0,-0.0201
153850.0,-0.1209
153855.0,0.0302
153860.0,0.0705
153865.0,0.0806
153870.0,0.0906
153875.0,-0.2619
153880.0,-0.1914
153885.0,0.0101
153890.0,0.0906
153895.0,-0.1612
153900.0,0.2014
153905.0,-0.1612
153910.0,0.0302
153915.0,-0.2216
153920.0,-0.4230
153925.0,-0.1309
153930.0,-0.4633
153935.0,-0.3626
153940.0,-0.1511
153945.0,-0.1612
153950.0,0.0906
153955.0,-0.1410
153960.0,-0.0504
153965.0,0.0000
153970.0,0.0101
153975.0,-0.1511
153980.0,0.0101
153985.0,-0.0906
153990.0,-0.1712
153995.0,-0.0302
154000.0,-0.0101
154005.0,-0.1410
154010.0,0.1410
154015.0,-0.2518
154020.0,-0.0705
154025.0,-0.1007
154030.0,-0.1007
154035.0,-0.1209
154040.0,-0.0403
154045.0,-0.2014
154050.0,-0.1209
154055.0,-0.6345
154060.0,-0.6043
154065.0,-0.7554
154070.0,-0.7050
154075.0,-0.8662
154080.0,-0.7151
154085.0,-1.0777
154090.0,-0.6648
154095.0,-0.5942
154100.0,-0.4532
154105.0,-0.2216
154110.0,-0.1612
154115.0,-0.0201
154120.0,0.0101
154125.0,-0.2115
154130.0,0.0101
154135.0,-0.0504
154140.0,0.1108
154145.0,-0.0504
154150.0,-0.0906
154155.0,-0.0504
154160.0,0.0302
154165.0,-0.0504
154170.0,-0.1712
154175.0,-0.1108
154180.0,-0.1612
154185.0,-0.0906
154190.0,-0.0101
154195.0,-0.1209
154200.0,0.1209
154205.0,-0.2820
154210.0,-0.0906
154215.0,-0.3424
154220.0,-0.2518
154225.0,-0.3022
154230.0,-0.3324
154235.0,-0.0403
154240.0,-0.2115
154245.0,-0.0906
154250.0,0.0403
154255.0,-0.1108
154260.0,0.1410
154265.0,0.0101
154270.0,-0.1511
154275.0,-0.3424
154280.0,0.0906
154285.0,-0.0705
154290.0,-0.0201
154295.0,0.0806
154300.0,-0.1612
154305.0,-0.0302
154310.0,0.0806
154315.0,-0.1309
154320.0,0.0806
154325.0,-0.2014
154330.0,-0.1007
154335.0,-0.2518
154340.0,0.0201
154345.0,-0.2518
154350.0,-0.3223
154355.0,-0.7957
154360.0,-0.6648
154365.0,-0.5439
154370.0,-0.5842
154375.0,-0.9568
154380.0,-0.8863
154385.0,-0.9770
154390.0,-0.6446
154395.0,-0.5640
154400.0,0.0101
154405.0,-0.3022
154410.0,-0.0504
154415.0,-0.1712
154420.0,-0.0302
154425.0,0.0705
154430.0,-0.0504
154435.0,-0.0403
154440.0,0.1511
154445.0,-0.2014
154450.0,0.0302
154455.0,-0.0504
154460.0,0.0705
154465.0,-0.1007
154470.0,-0.1108
154475.0,-0.3122
154480.0,-0.2115
154485.0,0.1612
154490.0,-0.0302
154495.0,-0.1007
154500.0,0.0906
154505.0,-0.2216
154510.0,-0.0201
154515.0,-0.4130
154520.0,-0.1309
154525.0,-0.3324
154530.0,-0.2014
154535.0,-0.2317
154540.0,-0.0504
154545.0,0.0806
154550.0,-0.0705
154555.0,-0.0504
154560.0,0.0201
154565.0,-0.2820
154570.0,0.1209
154575.0,-0.3022
154580.0,0.0604
154585.0,-0.0403
154590.0,-0.0504
154595.0,-0.1511
154600.0,-0.1209
154605.0,0.0906
154610.0,-0.0101
154615.0,0.0302
154620.0,-0.0403
154625.0,-0.1612
154630.0,0.1007
154635.0,-0.1108
154640.0,0.0604
154645.0,-0.3223
154650.0,-0.4734
154655.0,-0.7252
154660.0,-0.5842
154665.0,-0.6345
154670.0,-0.5741
154675.0,-1.1583
154680.0,-0.7655
154685.0,-0.8460
154690.0,-0.4432
154695.0,-0.4331
154700.0,0.0101
154705.0,-0.3928
154710.0,-0.0302
154715.0,-0.1914
154720.0,0.1612
154725.0,-0.0403
154730.0,-0.0504
154735.0,0.0201
154740.0,0.0403
154745.0,-0.0302
154750.0,-0.0101
154755.0,-0.1712
154760.0,0.1209
154765.0,-0.2014
154770.0,0.0705
154775.0,-0.0403
154780.0,-0.1410
154785.0,-0.0705
154790.0,0.0604
154795.0,0.0302
154800.0,0.0201
154805.0,-0.1007
154810.0,-0.3122
154815.0,-0.2216
154820.0,-0.0403
154825.0,-0.4532
154830.0,-0.0101
154835.0,-0.0906
154840.0,-0.1813
154845.0,-0.0201
154850.0,0.0906
154855.0,0.0806
154860.0,0.0705
154865.0,-0.2014
154870.0,0.0504
154875.0,-0.1511
154880.0,0.0906
154885.0,-0.1712
154890.0,0.0000
154895.0,-0.2417
154900.0,0.0101
154905.0,-0.0101
154910.0,0.0504
154915.0,0.1511
154920.0,-0.1410
154925.0,-0.1813
154930.0,0.1007
154935.0,-0.2014
154940.0,-0.0604
154945.0,-0.3928
154950.0,-0.6345
154955.0,-0.7453
154960.0,-0.5540
154965.0,-0.6144
154970.0,-0.6245
154975.0,-1.1381
154980.0,-0.8561
154985.0,-0.6950
154990.0,-0.3626
154995.0,-0.3223
155000.0,-0.2417
155005.0,-0.3324
155010.0,0.1007
155015.0,-0.2216
155020.0,0.0604
155025.0,0.0101
155030.0,-0.0201
155035.0,-0.1612
155040.0,-0.0705
155045.0,0.0604
155050.0,0.0101
155055.0,0.0201
155060.0,-0.0403
155065.0,-0.2719
155070.0,0.0604
155075.0,-0.1914
155080.0,0.0504
155085.0,-0.1007
155090.0,-0.0604
155095.0,-0.1209
155100.0,-0.0604
155105.0,-0.0403
155110.0,-0.2820
155115.0,-0.0705
155120.0,-0.5036
155125.0,-0.4935
155130.0,0.0604
155135.0,-0.2619
155140.0,0.0302
155145.0,-0.0403
155150.0,-0.1712
155155.0,0.0906
155160.0,0.0101
155165.0,-0.0101
155170.0,-0.1007
155175.0,-0.1007
155180.0,-0.1007
155185.0,-0.2921
155190.0,0.2115
155195.0,-0.1410
155200.0,0.0604
155205.0,-0.0705
155210.0,-0.1612
155215.0,-0.0201
155220.0,-0.0302
155225.0,0.0000
155230.0,-0.0906
155235.0,-0.3424
155240.0,-0.1813
155245.0,-0.4633
155250.0,-0.4935
155255.0,-0.8058
155260.0,-0.6648
155265.0,-0.8158
155270.0,-0.8259
155275.0,-1.0374
155280.0,-0.6648
155285.0,-0.7453
155290.0,-0.3424
155295.0,-0.2820
155300.0,-0.2921
155305.0,-0.1813
155310.0,-0.0403
155315.0,-0.1209
155320.0,0.1108
155325.0,-0.1511
155330.0,-0.0403
155335.0,-0.0604
155340.0,0.0201
155345.0,-0.0201
155350.0,-0.0201
155355.0,0.0806
155360.0,-0.1007
155365.0,-0.2216
155370.0,0.0705
155375.0,-0.1007
155380.0,0.0403
155385.0,-0.0604
155390.0,-0.0101
155395.0,-0.1209
155400.0,0.0302
155405.0,-0.2619
155410.0,-0.4432
155415.0,-0.2619
155420.0,-0.4734
155425.0,-0.2518
155430.0,-0.0806
155435.0,-0.0906
155440.0,0.1410
155445.0,-0.1309
155450.0,-0.0403
155455.0,-0.2115
155460.0,0.0302
155465.0,-0.1612
155470.0,-0.0806
155475.0,0.0806
155480.0,-0.1309
155485.0,-0.0403
155490.0,0.0302
155495.0,-0.1511
155500.0,0.1712
155505.0,-0.2115
155510.0,-0.0302
155515.0,-0.0906
155520.0,-0.0403
155525.0,-0.0906
155530.0,0.0201
155535.0,-0.1209
155540.0,-0.2820
155545.0,-0.6144
155550.0,-0.5842
155555.0,-0.8662
155560.0,-0.5540
155565.0,-0.9266
155570.0,-0.9065
155575.0,-0.9871
155580.0,-0.6748
155585.0,-0.5439
155590.0,-0.3525
155595.0,-0.3525
155600.0,-0.0403
155605.0,-0.0604
155610.0,-0.0302
155615.0,-0.0906
155620.0,0.0403
155625.0,-0.1914
155630.0,0.0705
155635.0,-0.1309
155640.0,0.0806
155645.0,-0.0806
155650.0,-0.0705
155655.0,-0.1209
155660.0,-0.0101
155665.0,-0.0504
155670.0,-0.0604
155675.0,0.0000
155680.0,-0.0705
155685.0,-0.0504
155690.0,0.1209
155695.0,-0.1209
155700.0,0.0806
155705.0,-0.4130
155710.0,-0.3324
155715.0,-0.1813
155720.0,-0.2619
155725.0,-0.0604
155730.0,-0.1108
155735.0,-0.1007
155740.0,-0.1309
155745.0,-0.0806
155750.0,0.1209
155755.0,-0.1410
155760.0,0.1410
155765.0,-0.2921
155770.0,-0.1309
155775.0,0.0302
155780.0,0.0302
155785.0,0.1007
155790.0,-0.0705
155795.0,-0.1007
155800.0,0.0504
155805.0,-0.0906
155810.0,0.1209
155815.0,-0.1511
155820.0,-0.0403
155825.0,-0.1007
155830.0,-0.1410
155835.0,-0.2719
155840.0,-0.2820
155845.0,-0.8360
155850.0,-0.6748
155855.0,-0.5439
155860.0,-0.5942
155865.0,-0.9871
155870.0,-0.8763
155875.0,-1.0878
155880.0,-0.5439
155885.0,-0.4734
155890.0,-0.0705
155895.0,-0.1914
155900.0,-0.1712
155905.0,-0.2921
155910.0,0.0504
155915.0,0.0201
155920.0,-0.0403
155925.0,0.0604
155930.0,-0.0201
155935.0,-0.2115
155940.0,0.0705
155945.0,-0.1612
155950.0,0.0806
155955.0,-0.0201
155960.0,-0.2317
155965.0,-0.2921
155970.0,0.0302
155975.0,0.0101
155980.0,-0.0201
155985.0,0.1410
155990.0,0.0201
155995.0,-0.2115
156000.0,-0.0705
156005.0,-0.4734
156010.0,-0.0403
156015.0,-0.3022
156020.0,-0.3525
156025.0,-0.1914
156030.0,0.0906
156035.0,0.0906
156040.0,0.0000
156045.0,-0.0403
156050.0,-0.1209
156055.0,-0.0302
156060.0,0.0705
156065.0,-0.3223
156070.0,0.1209
156075.0,-0.1914
156080.0,-0.1007
156085.0,0.0906
156090.0,0.0000
156095.0,0.0101
156100.0,0.0302
156105.0,-0.1813
156110.0,-0.0101
156115.0,-0.0705
156120.0,0.0806
156125.0,-0.1612
156130.0,-0.0604
156135.0,-0.3525
156140.0,-0.4734
156145.0,-0.8058
156150.0,-0.5540
156155.0,-0.5540
156160.0,-0.6950
156165.0,-1.1885
156170.0,-0.7050
156175.0,-0.9468
156180.0,-0.4734
156185.0,-0.4432
156190.0,-0.0906
156195.0,-0.4532
156200.0,0.0604
156205.0,-0.1108
156210.0,-0.0201
156215.0,0.1813
156220.0,-0.1007
156225.0,-0.0403
156230.0,0.1007
156235.0,-0.0604
156240.0,-0.0504
156245.0,-0.0101
156250.0,0.0101
156255.0,-0.0705
156260.0,0.1007
156265.0,-0.0906
156270.0,0.0604
156275.0,-0.0604
156280.0,-0.1511
156285.0,0.0705
156290.0,0.0000
156295.0,-0.1108
156300.0,-0.1209
156305.0,-0.3324
156310.0,-0.0101
156315.0,-0.3424
156320.0,-0.0101
156325.0,0.0302
156330.0,-0.0101
156335.0,-0.0906
156340.0,0.0201
156345.0,0.0705
156350.0,0.0101
156355.0,0.0403
156360.0,-0.0705
156365.0,-0.2921
156370.0,0.1813
156375.0,-0.1813
156380.0,0.0705
156385.0,0.0302
156390.0,-0.1209
156395.0,0.0000
156400.0,0.0806
156405.0,0.0504
156410.0,0.1309
156415.0,-0.1410
156420.0,-0.1612
156425.0,-0.1108
156430.0,-0.0403
156435.0,-0.3626
156440.0,-0.4935
156445.0,-0.8662
156450.0,-0.6144
156455.0,-0.5640
156460.0,-0.6748
156465.0,-1.0475
156470.0,-0.8259
156475.0,-0.8460
156480.0,-0.3727
156485.0,-0.3022
156490.0,-0.1813
156495.0,-0.1612
156500.0,0.0705
156505.0,-0.3324
156510.0,0.1712
156515.0,-0.0504
156520.0,0.0101
156525.0,0.0504
156530.0,-0.0604
156535.0,-0.1511
156540.0,-0.0906
156545.0,0.0806
156550.0,-0.0101
156555.0,-0.1108
156560.0,0.0604
156565.0,-0.2619
156570.0,-0.0705
156575.0,0.0906
156580.0,0.0000
156585.0,0.0302
156590.0,0.0101
156595.0,-0.1108
156600.0,-0.2921
156605.0,-0.0906
156610.0,-0.3525
156615.0,-0.3424
156620.0,0.0201
156625.0,-0.3424
156630.0,-0.0201
156635.0,0.0705
156640.0,-0.0201
156645.0,0.0201
156650.0,0.0806
156655.0,-0.1007
156660.0,-0.1511
156665.0,-0.0201
156670.0,-0.0201
156675.0,-0.1007
156680.0,0.0604
156685.0,-0.2518
156690.0,0.1813
156695.0,-0.1007
156700.0,-0.0604
156705.0,-0.0201
156710.0,0.0504
156715.0,-0.1007
156720.0,0.0101
156725.0,-0.2115
156730.0,-0.1410
156735.0,-0.4029
156740.0,-0.5842
156745.0,-0.8763
156750.0,-0.6043
156755.0,-0.7554
156760.0,-0.9367
156765.0,-1.1079
156770.0,-0.7252
156775.0,-0.7050
156780.0,-0.2619
156785.0,-0.1914
156790.0,-0.1712
156795.0,-0.1209
156800.0,-0.2115
156805.0,-0.2417
156810.0,0.0806
156815.0,-0.1712
156820.0,0.0806
156825.0,-0.1612
156830.0,0.0504
156835.0,0.0403
156840.0,0.0302
156845.0,0.1007
156850.0,-0.0101
156855.0,-0.0101
156860.0,-0.0201
156865.0,0.0504
156870.0,0.0201
156875.0,-0.2317
156880.0,0.2014
156885.0,-0.0201
156890.0,-0.0806
156895.0,-0.1511
156900.0,-0.5237
156905.0,-0.0705
156910.0,-0.3324
156915.0,-0.2317
156920.0,-0.0302
156925.0,-0.2518
156930.0,0.0705
156935.0,-0.0403
156940.0,0.0504
156945.0,0.0101
156950.0,-0.0806
156955.0,-0.1813
156960.0,0.0403
156965.0,0.0302
156970.0,0.0302
156975.0,0.0201
156980.0,-0.1007
156985.0,-0.1511
156990.0,0.1209
156995.0,-0.1007
157000.0,0.1612
157005.0,-0.1914
157010.0,-0.1914
157015.0,-0.0101
157020.0,-0.0201
157025.0,-0.0806
157030.0,-0.1309
157035.0,-0.7050
157040.0,-0.6345
157045.0,-0.7755
157050.0,-0.5640
157055.0,-0.7856
157060.0,-0.9165
157065.0,-1.1784
157070.0,-0.7353
157075.0,-0.5237
157080.0,-0.2921
157085.0,-0.1612
157090.0,-0.1914
157095.0,-0.1108
157100.0,0.0000
157105.0,-0.0302
157110.0,0.0604
157115.0,0.0302
157120.0,-0.0101
157125.0,-0.2417
157130.0,0.1511
157135.0,-0.0906
157140.0,0.0906
157145.0,0.0000
157150.0,-0.2417
157155.0,0.0201
157160.0,0.0302
157165.0,-0.1007
157170.0,0.0604
157175.0,0.0000
157180.0,-0.0201
157185.0,-0.2518
157190.0,0.1309
157195.0,-0.3525
157200.0,-0.1209
157205.0,-0.3424
157210.0,-0.3727
157215.0,0.1108
157220.0,-0.1007
157225.0,-0.0604
157230.0,0.0101
157235.0,-0.1712
157240.0,0.0201
157245.0,-0.2014
157250.0,-0.0201
157255.0,-0.1914
157260.0,0.0705
157265.0,-0.1007
157270.0,-0.0906
157275.0,0.1612
157280.0,-0.0101
157285.0,-0.0806
157290.0,0.0806
157295.0,-0.1511
157300.0,0.1813
157305.0,-0.1108
157310.0,0.0906
157315.0,-0.0403
157320.0,-0.2619
157325.0,-0.3424
157330.0,-0.3122
157335.0,-0.7151
157340.0,-0.5439
157345.0,-0.6547
157350.0,-0.6748
157355.0,-0.8360
157360.0,-0.7856
157365.0,-0.9165
157370.0,-0.5237
157375.0,-0.4835
157380.0,-0.1612
157385.0,-0.4230
157390.0,-0.1309
157395.0,-0.0403
157400.0,-0.0201
157405.0,0.1309
157410.0,-0.0201
157415.0,-0.1410
157420.0,0.0504
157425.0,-0.1007
157430.0,0.0906
157435.0,-0.1813
157440.0,-0.0302
157445.0,-0.1712
157450.0,-0.0604
157455.0,-0.1813
157460.0,0.0000
157465.0,-0.0101
157470.0,-0.1209
157475.0,0.0504
157480.0,0.0604
157485.0,-0.1209
157490.0,0.0705
157495.0,-0.5640
157500.0,-0.1712
157505.0,-0.2115
157510.0,-0.2115
157515.0,-0.0806
157520.0,-0.0806
157525.0,-0.0504
157530.0,0.0000
157535.0,0.0302
157540.0,-0.0101
157545.0,-0.1108
157550.0,0.0302
157555.0,-0.4331
157560.0,0.1511
157565.0,-0.0504
157570.0,-0.0101
157575.0,0.0403
157580.0,-0.1108
157585.0,-0.1007
157590.0,-0.0705
157595.0,-0.0806
157600.0,0.0604
157605.0,-0.1007
157610.0,0.0201
157615.0,-0.1309
157620.0,0.0000
157625.0,-0.2317
157630.0,-0.2820
157635.0,-0.8964
157640.0,-0.6748
157645.0,-0.5338
157650.0,-0.6043
157655.0,-1.0576
157660.0,-0.7554
157665.0,-0.9971
157670.0,-0.5640
157675.0,-0.4432
157680.0,-0.0806
157685.0,-0.3223
157690.0,0.1309
157695.0,-0.2014
157700.0,-0.1007
157705.0,0.0806
157710.0,0.0201
157715.0,0.0906
157720.0,0.0201
157725.0,-0.1813
157730.0,0.0201
157735.0,0.0000
157740.0,0.0906
157745.0,-0.1309
157750.0,0.0403
157755.0,-0.0806
157760.0,0.0101
157765.0,0.0504
157770.0,0.1007
157775.0,-0.0906
157780.0,-0.1007
157785.0,0.0403
157790.0,-0.1914
157795.0,-0.2719
157800.0,-0.0504
157805.0,-0.4935
157810.0,-0.0403
157815.0,-0.0302
157820.0,-0.0101
157825.0,0.0705
157830.0,0.1108
157835.0,-0.0201
157840.0,-0.2115
157845.0,-0.1914
157850.0,0.0403
157855.0,-0.1511
157860.0,0.1410
157865.0,-0.1813
157870.0,-0.0504
157875.0,0.0201
157880.0,0.0101
157885.0,0.0504
157890.0,0.1511
157895.0,-0.0302
157900.0,-0.1007
157905.0,0.0201
157910.0,-0.0302
157915.0,-0.1511
157920.0,0.0705
157925.0,-0.4130
157930.0,-0.6043
157935.0,-0.7453
157940.0,-0.5338
157945.0,-0.4835
157950.0,-0.4835
157955.0,-1.0072
157960.0,-0.8460
157965.0,-0.7050
157970.0,-0.2115
157975.0,-0.1309
157980.0,-0.1410
157985.0,-0.1712
157990.0,0.1309
157995.0,-0.1612
158000.0,0.1108
158005.0,0.1209
158010.0,-0.1309
158015.0,-0.0604
158020.0,0.0101
158025.0,0.0806
158030.0,0.0604
158035.0,0.0705
158040.0,-0.0806
158045.0,-0.2719
158050.0,0.1410
158055.0,-0.1309
158060.0,0.1410
158065.0,0.0806
158070.0,-0.0403
158075.0,-0.1007
158080.0,-0.0705
158085.0,0.0201
158090.0,-0.2014
158095.0,-0.0403
158100.0,-0.4331
158105.0,-0.4734
158110.0,0.0604
158115.0,-0.1712
158120.0,0.1007
158125.0,-0.0403
158130.0,-0.1108
158135.0,-0.0201
158140.0,0.0302
158145.0,0.0604
158150.0,-0.0604
158155.0,-0.1007
158160.0,-0.1108
158165.0,-0.2417
158170.0,0.1914
158175.0,-0.1410
158180.0,0.1511
158185.0,-0.0604
158190.0,-0.1410
158195.0,-0.0705
158200.0,0.1007
158205.0,0.0201
158210.0,0.0101
158215.0,-0.1410
158220.0,-0.2518
158225.0,-0.5540
158230.0,-0.3626
158235.0,-0.7856
158240.0,-0.5137
158245.0,-0.7856
158250.0,-0.8863
158255.0,-1.0374
158260.0,-0.5439
158265.0,-0.6446
158270.0,-0.1410
158275.0,-0.2619
158280.0,-0.1309
158285.0,-0.0604
158290.0,-0.0302
158295.0,0.0101
158300.0,0.0705
158305.0,-0.2619
158310.0,0.0504
158315.0,-0.0906
158320.0,-0.0403
158325.0,0.0504
158330.0,-0.0806
158335.0,-0.0101
158340.0,0.0403
158345.0,-0.0906
158350.0,-0.0403
158355.0,-0.0302
158360.0,-0.0201
158365.0,-0.1612
158370.0,0.1209
158375.0,-0.0101
158380.0,0.0906
158385.0,-0.2619
158390.0,-0.3223
158395.0,-0.1612
158400.0,-0.3626
158405.0,-0.1813
158410.0,-0.0806
158415.0,-0.2619
158420.0,0.0705
158425.0,-0.0403
158430.0,0.1209
158435.0,0.0604
158440.0,-0.1511
158445.0,-0.1108
158450.0,0.1108
158455.0,0.0302
158460.0,0.0302
158465.0,-0.0201
158470.0,-0.1209
158475.0,-0.1309
158480.0,0.1209
158485.0,-0.0906
158490.0,0.1712
158495.0,-0.1712
158500.0,-0.1813
158505.0,-0.1007
158510.0,0.0403
158515.0,-0.0403
158520.0,-0.1209
158525.0,-0.6345
158530.0,-0.6446
158535.0,-0.8561
158540.0,-0.5540
158545.0,-0.6849
158550.0,-0.8460
158555.0,-1.1583
158560.0,-0.6849
158565.0,-0.4432
158570.0,-0.2719
158575.0,-0.1309
158580.0,-0.1309
158585.0,-0.1108
158590.0,0.1209
158595.0,-0.0201
158600.0,0.0806
158605.0,0.0302
158610.0,0.0000
158615.0,-0.1712
158620.0,0.1007
158625.0,0.0000
158630.0,0.0906
158635.0,-0.0403
158640.0,-0.1410
158645.0,0.0906
158650.0,0.0101
158655.0,0.0302
158660.0,0.0604
158665.0,-0.1612
158670.0,0.0604
158675.0,-0.0806
158680.0,0.1309
158685.0,-0.2317
158690.0,-0.2921
158695.0,-0.2820
158700.0,-0.1309
158705.0,-0.0201
158710.0,-0.0201
158715.0,-0.0604
158720.0,0.1309
158725.0,-0.2216
158730.0,0.1007
158735.0,-0.1209
158740.0,0.0201
158745.0,-0.0906
158750.0,-0.1007
158755.0,-0.0705
158760.0,0.1612
158765.0,0.1007
158770.0,0.1108
158775.0,0.0201
158780.0,-0.0504
158785.0,0.0201
158790.0,0.1108
158795.0,-0.0604
158800.0,0.2115
158805.0,-0.1914
158810.0,-0.2317
158815.0,-0.1410
158820.0,-0.2719
158825.0,-0.6547
158830.0,-0.4532
158835.0,-0.6748
158840.0,-0.6547
158845.0,-0.8259
158850.0,-0.7755
158855.0,-0.9367
158860.0,-0.4230
158865.0,-0.4734
158870.0,-0.2216
158875.0,-0.3324
158880.0,0.0101
158885.0,-0.0101
158890.0,0.1712
158895.0,-0.0504
158900.0,-0.0101
158905.0,0.0806
158910.0,0.0604
158915.0,-0.0101
158920.0,0.1612
158925.0,-0.2014
158930.0,0.0906
158935.0,-0.0201
158940.0,-0.0906
158945.0,-0.3122
158950.0,-0.1309
158955.0,0.1309
158960.0,0.0504
158965.0,0.1511
158970.0,0.0604
158975.0,-0.2518
158980.0,0.0302
158985.0,-0.4432
158990.0,-0.0302
158995.0,-0.2115
159000.0,-0.2518
159005.0,-0.0403
159010.0,0.0906
159015.0,0.2115
159020.0,0.0000
159025.0,-0.1007
159030.0,0.1712
159035.0,-0.0504
159040.0,0.1612
159045.0,-0.2820
159050.0,0.0101
159055.0,-0.1007
159060.0,0.0302
159065.0,0.0201
159070.0,0.1309
159075.0,-0.1309
159080.0,-0.1309
159085.0,-0.0403
159090.0,0.0302
159095.0,-0.1309
159100.0,0.1309
159105.0,-0.2014
159110.0,-0.0806
159115.0,-0.1612
159120.0,-0.3223
159125.0,-0.6849
159130.0,-0.5640
159135.0,-0.7453
159140.0,-0.6245
159145.0,-1.0072
159150.0,-0.7151
159155.0,-0.8058
159160.0,-0.5036
159165.0,-0.5540
159170.0,0.0201
159175.0,-0.3022
159180.0,0.0403
159185.0,-0.0101
159190.0,0.0302
159195.0,-0.0604
159200.0,0.0302
159205.0,0.1309
159210.0,0.1511
159215.0,-0.0806
159220.0,-0.1209
159225.0,0.0403
159230.0,0.1209
159235.0,-0.1309
159240.0,0.0705
159245.0,-0.2014
159250.0,-0.0101
159255.0,0.1108
159260.0,0.0302
159265.0,0.1309
159270.0,-0.0604
159275.0,-0.2216
159280.0,-0.1813
159285.0,-0.1914
159290.0,0.0201
159295.0,-0.3324
159300.0,-0.0101
159305.0,-0.1712
159310.0,0.0403
159315.0,0.0504
159320.0,0.0906
159325.0,0.1309
159330.0,0.0101
159335.0,-0.2518
159340.0,-0.0705
159345.0,0.0201
159350.0,0.1410
159355.0,-0.0806
159360.0,0.1007
159365.0,-0.1511
159370.0,0.0705
159375.0,0.0806
159380.0,0.1712
159385.0,-0.0101
159390.0,0.0403
159395.0,0.0101
159400.0,0.0906
159405.0,-0.2317
159410.0,-0.1108
159415.0,-0.3626
159420.0,-0.4029
159425.0,-0.7453
159430.0,-0.5741
159435.0,-0.5338
159440.0,-0.6748
159445.0,-1.0173
159450.0,-0.6547
159455.0,-0.6245
159460.0,-0.2317
159465.0,-0.4029
159470.0,-0.2417
159475.0,-0.2216
159480.0,0.1209
159485.0,-0.1813
159490.0,0.1309
159495.0,-0.0806
159500.0,-0.1410
159505.0,0.0806
159510.0,0.0101
159515.0,0.0806
159520.0,0.0504
159525.0,0.0403
159530.0,-0.1511
159535.0,-0.2619
159540.0,0.1712
159545.0,-0.1612
159550.0,0.1612
159555.0,0.0604
159560.0,-0.1712
159565.0,0.0906
159570.0,-0.0101
159575.0,0.0906
159580.0,-0.1410
159585.0,-0.2115
159590.0,-0.2719
159595.0,-0.2417
159600.0,-0.0101
159605.0,-0.2921
159610.0,0.2115
159615.0,0.0403
159620.0,0.0604
159625.0,0.1511
159630.0,-0.0302
159635.0,0.0000
159640.0,-0.0806
159645.0,-0.0504
159650.0,0.0504
159655.0,-0.0201
159660.0,-0.0101
159665.0,-0.2014
159670.0,0.1209
159675.0,0.0000
159680.0,0.1712
159685.0,-0.0705
159690.0,-0.0806
159695.0,0.0906
159700.0,-0.0403
159705.0,-0.1108
159710.0,0.0000
159715.0,-0.6043
159720.0,-0.5842
159725.0,-0.8662
159730.0,-0.5338
159735.0,-0.6648
159740.0,-0.6849
159745.0,-1.1784
159750.0,-0.7353
159755.0,-0.6950
159760.0,-0.2921
159765.0,-0.1108
159770.0,-0.0101
159775.0,-0.1914
159780.0,-0.1309
159785.0,-0.0806
159790.0,0.1309
159795.0,-0.0403
159800.0,0.2014
159805.0,-0.1511
159810.0,-0.0604
159815.0,0.1108
159820.0,0.0101
159825.0,0.0806
159830.0,0.0906
159835.0,-0.2115
159840.0,0.0000
159845.0,0.0705
159850.0,0.1309
159855.0,0.0302
159860.0,0.0201
159865.0,-0.1612
159870.0,0.0705
159875.0,-0.1511
159880.0,-0.3022
159885.0,-0.1813
159890.0,-0.3727
159895.0,-0.0604
159900.0,0.0201
159905.0,-0.0101
159910.0,0.1511
159915.0,-0.1007
159920.0,0.2115
159925.0,0.1309
159930.0,-0.0201
159935.0,-0.1511
159940.0,0.0604
159945.0,0.1410
159950.0,0.0705
159955.0,0.1209
159960.0,0.0403
159965.0,-0.0403
159970.0,0.1914
159975.0,0.0101
159980.0,0.0302
159985.0,-0.2014
159990.0,0.1309
159995.0,-0.0403
160000.0,0.0705
160005.0,-0.1209
160010.0,-0.2317
160015.0,-0.5137
160020.0,-0.5540
160025.0,-0.7655
160030.0,-0.4029
160035.0,-0.7755
160040.0,-0.8360
160045.0,-1.0676
160050.0,-0.5741
160055.0,-0.4935
160060.0,-0.1914
160065.0,-0.3022
160070.0,-0.2719
160075.0,0.1108
160080.0,0.0403
160085.0,0.0302
160090.0,0.0906
160095.0,-0.1914
160100.0,0.0806
160105.0,-0.1410
160110.0,0.0906
160115.0,0.0504
160120.0,-0.0806
160125.0,-0.1209
160130.0,-0.1813
160135.0,-0.0302
160140.0,-0.0201
160145.0,-0.1612
160150.0,-0.1209
160155.0,0.0403
160160.0,0.1108
160165.0,-0.1108
160170.0,0.1410
160175.0,-0.3928
160180.0,-0.3525
160185.0,-0.2417
160190.0,-0.2115
160195.0,0.0000
160200.0,0.0504
160205.0,-0.0604
160210.0,0.0302
160215.0,-0.0101
160220.0,0.1309
160225.0,-0.0101
160230.0,-0.1007
160235.0,-0.2417
160240.0,0.0906
160245.0,0.0201
160250.0,0.1309
160255.0,0.0101
160260.0,-0.1511
160265.0,0.0504
160270.0,0.1007
160275.0,-0.0504
160280.0,0.1209
160285.0,0.0000
160290.0,0.0806
160295.0,0.0101
160300.0,0.0000
160305.0,-0.2417
160310.0,-0.4130
160315.0,-0.7957
160320.0,-0.3626
160325.0,-0.5741
160330.0,-0.4935
160335.0,-0.9669
160340.0,-0.8460
160345.0,-0.8863
160350.0,-0.4130
160355.0,-0.3827
160360.0,0.0403
160365.0,-0.2820
160370.0,-0.1813
160375.0,-0.1108
160380.0,0.0705
160385.0,0.2115
160390.0,0.0604
160395.0,0.0101
160400.0,0.1209
160405.0,-0.0101
160410.0,0.1309
160415.0,-0.1914
160420.0,0.0201
160425.0,-0.0604
160430.0,-0.1108
160435.0,-0.1309
160440.0,0.0705
160445.0,-0.0906
160450.0,-0.1209
160455.0,-0.0806
160460.0,0.0403
160465.0,-0.0906
160470.0,0.0806
160475.0,-0.4935
160480.0,0.0403
160485.0,-0.1612
160490.0,-0.0705
160495.0,-0.0504
160500.0,-0.1209
160505.0,0.0403
160510.0,0.0403
160515.0,0.2014
160520.0,0.0302
160525.0,-0.0201
160530.0,0.1007
160535.0,-0.2619
160540.0,0.2115
160545.0,-0.1309
160550.0,-0.0906
160555.0,0.0403
160560.0,0.0403
160565.0,0.0705
160570.0,-0.0302
160575.0,-0.1612
160580.0,-0.1108
160585.0,-0.0201
160590.0,0.1007
160595.0,-0.0906
160600.0,-0.0201
160605.0,-0.3424
160610.0,-0.3928
160615.0,-0.7755
160620.0,-0.5439
160625.0,-0.5540
160630.0,-0.5540
160635.0,-1.1885
160640.0,-0.8058
160645.0,-0.7554
160650.0,-0.2719
160655.0,-0.4532
160660.0,-0.0906
160665.0,-0.2518
160670.0,0.0806
160675.0,0.0101
160680.0,0.0906
160685.0,-0.0705
160690.0,-0.0302
160695.0,0.1108
160700.0,0.0806
160705.0,-0.0604
160710.0,-0.1309
160715.0,-0.1209
160720.0,0.1309
160725.0,-0.1309
160730.0,0.1511
160735.0,0.0000
160740.0,-0.0705
160745.0,0.0806
160750.0,0.0604
160755.0,0.1813
160760.0,0.0000
160765.0,-0.1612
160770.0,-0.0403
160775.0,-0.0403
160780.0,0.1007
160785.0,-0.2619
160790.0,0.1309
160795.0,-0.0302
160800.0,0.1209
160805.0,0.0806
160810.0,0.2014
160815.0,0.0403
160820.0,0.0201
160825.0,-0.0201
160830.0,0.0403
160835.0,-0.0906
160840.0,0.0302
160845.0,-0.2619
160850.0,0.1813
160855.0,-0.0604
160860.0,0.0403
160865.0,0.1612
160870.0,-0.0201
160875.0,0.0604
160880.0,0.0604
160885.0,-0.0201
160890.0,0.1209
160895.0,-0.3122
160900.0,-0.1108
160905.0,-0.0906
160910.0,-0.4230
160915.0,-0.6648
160920.0,-0.5942
160925.0,-0.6648
160930.0,-0.5842
160935.0,-0.9367
160940.0,-0.6648
160945.0,-0.5640
160950.0,-0.3928
160955.0,-0.4130
160960.0,-0.0403
160965.0,-0.1612
160970.0,0.1108
160975.0,-0.2317
160980.0,0.0302
160985.0,0.0302
160990.0,0.1007
160995.0,0.0906
161000.0,-0.1108
161005.0,0.0806
161010.0,0.0504
161015.0,0.0101
161020.0,0.1410
161025.0,-0.2518
161030.0,-0.0101
161035.0,-0.0403
161040.0,0.1209
161045.0,0.0604
161050.0,0.0201
161055.0,-0.0906
161060.0,0.0806
161065.0,0.0101
161070.0,-0.1914
161075.0,-0.0302
161080.0,-0.3324
161085.0,-0.5338
161090.0,-0.0101
161095.0,-0.1108
161100.0,0.0403
161105.0,0.0604
161110.0,0.0000
161115.0,-0.0302
161120.0,0.1309
161125.0,0.0604
161130.0,0.0504
161135.0,-0.0906
161140.0,0.0403
161145.0,-0.0403
161150.0,0.1813
161155.0,-0.2417
161160.0,0.0504
161165.0,0.0806
161170.0,0.0806
161175.0,0.0604
161180.0,0.1007
161185.0,0.0906
161190.0,0.0403
161195.0,-0.1209
161200.0,-0.2014
161205.0,-0.5640
161210.0,-0.3827
161215.0,-0.6648
161220.0,-0.6748
161225.0,-0.7353
161230.0,-0.6547
161235.0,-1.0273
161240.0,-0.5439
161245.0,-0.7050
161250.0,-0.4331
161255.0,-0.0201
161260.0,-0.0705
161265.0,-0.0806
161270.0,0.1108
161275.0,-0.1410
161280.0,0.1309
161285.0,-0.0403
161290.0,-0.0101
161295.0,-0.0604
161300.0,0.0604
161305.0,0.0705
161310.0,0.0604
161315.0,-0.0201
161320.0,0.0302
161325.0,-0.0705
161330.0,-0.0101
161335.0,0.0302
161340.0,0.1309
161345.0,-0.2518
161350.0,0.1007
161355.0,0.0302
161360.0,-0.0604
161365.0,-0.0705
161370.0,-0.5137
161375.0,-0.1612
161380.0,-0.2417
161385.0,-0.1007
161390.0,0.0403
161395.0,-0.1007
161400.0,0.1813
161405.0,-0.0201
161410.0,0.1007
161415.0,-0.1914
161420.0,-0.0806
161425.0,-0.0604
161430.0,0.0906
161435.0,-0.0504
161440.0,-0.1007
161445.0,0.1108
161450.0,0.0504
161455.0,-0.0302
161460.0,0.1914
161465.0,-0.2719
161470.0,0.0906
161475.0,-0.0403
161480.0,-0.0302
161485.0,0.1209
161490.0,0.0101
161495.0,0.0705
161500.0,0.0101
161505.0,-0.6245
161510.0,-0.4734
161515.0,-0.7252
161520.0,-0.4432
161525.0,-0.6144
161530.0,-0.7554
161535.0,-1.0777
161540.0,-0.7453
161545.0,-0.6245
161550.0,-0.0705
161555.0,-0.0806
161560.0,-0.0906
161565.0,0.0906
161570.0,0.0403
161575.0,-0.1511
161580.0,0.0604
161585.0,-0.0201
161590.0,0.1410
161595.0,-0.1209
161600.0,-0.0604
161605.0,-0.1712
161610.0,0.0806
161615.0,0.0705
161620.0,-0.1914
161625.0,-0.0906
161630.0,0.0604
161635.0,-0.0504
161640.0,0.0302
161645.0,-0.0101
161650.0,-0.0101
161655.0,-0.1209
161660.0,0.1007
161665.0,-0.2619
161670.0,-0.0806
161675.0,-0.3727
161680.0,-0.3928
161685.0,0.1007
161690.0,-0.0504
161695.0,0.0201
161700.0,0.0403
161705.0,-0.2014
161710.0,0.1309
161715.0,-0.1309
161720.0,0.0504
161725.0,-0.1914
161730.0,-0.2014
161735.0,-0.0604
161740.0,0.0906
161745.0,0.0906
161750.0,0.0504
161755.0,-0.0504
161760.0,-0.0806
161765.0,-0.0101
161770.0,0.1108
161775.0,-0.0604
161780.0,0.2014
161785.0,-0.1612
161790.0,-0.0806
161795.0,-0.0906
161800.0,-0.2115
161805.0,-0.5741
161810.0,-0.6043
161815.0,-0.6849
161820.0,-0.4633
161825.0,-0.8662
161830.0,-0.7252
161835.0,-0.9971
161840.0,-0.4432
161845.0,-0.3626
161850.0,0.0101
161855.0,-0.1712
161860.0,-0.1209
161865.0,0.0302
161870.0,0.0201
161875.0,0.2014
161880.0,0.0101
161885.0,-0.0806
161890.0,0.1612
161895.0,0.0201
161900.0,0.1914
161905.0,-0.1309
161910.0,0.0000
161915.0,-0.0504
161920.0,-0.1007
161925.0,-0.1914
161930.0,-0.0504
161935.0,-0.0705
161940.0,-0.1007
161945.0,-0.0906
161950.0,0.0705
161955.0,-0.1309
161960.0,0.0806
161965.0,-0.5137
161970.0,-0.1612
161975.0,-0.3022
161980.0,-0.1309
161985.0,0.0806
161990.0,-0.0806
161995.0,0.0604
162000.0,0.1511
162005.0,0.0604
162010.0,0.1914
162015.0,-0.1914
162020.0,-0.0403
162025.0,-0.2115
162030.0,0.1007
162035.0,-0.0101
162040.0,0.0906
162045.0,0.0403
162050.0,-0.0604
162055.0,0.0201
162060.0,-0.0302
162065.0,0.0000
162070.0,-0.0806
162075.0,-0.2719
162080.0,0.1309
162085.0,-0.0101
162090.0,-0.0201
162095.0,-0.1612
162100.0,-0.5036
162105.0,-0.8763
162110.0,-0.5842
162115.0,-0.6446
162120.0,-0.6245
162125.0,-1.0878
162130.0,-0.8964
162135.0,-0.8259
162140.0,-0.4633
162145.0,-0.5137
162150.0,-0.1612
162155.0,-0.3525
162160.0,0.0302
162165.0,-0.1410
162170.0,0.0302
162175.0,0.0806
162180.0,-0.1108
162185.0,0.0806
162190.0,0.0906
162195.0,0.0201
162200.0,0.1511
162205.0,-0.1712
162210.0,0.0302
162215.0,-0.0906
162220.0,0.0806
162225.0,-0.0705
162230.0,-0.0201
162235.0,0.1007
162240.0,0.0201
162245.0,0.1108
162250.0,0.0302
162255.0,-0.1209
162260.0,-0.3122
162265.0,-0.2518
162270.0,0.0504
162275.0,-0.2115
162280.0,-0.0504
162285.0,-0.1410
162290.0,0.1410
162295.0,0.0504
162300.0,0.1410
162305.0,0.1511
162310.0,-0.0906
162315.0,-0.0705
162320.0,0.0705
162325.0,-0.0604
162330.0,0.0705
162335.0,-0.2619
162340.0,0.1209
162345.0,-0.0302
162350.0,0.0705
162355.0,0.1108
162360.0,-0.0302
162365.0,0.1209
162370.0,0.0806
162375.0,0.0403
162380.0,0.0604
162385.0,-0.3022
162390.0,-0.0604
162395.0,-0.1108
162400.0,-0.4130
162405.0,-0.6043
162410.0,-0.5338
162415.0,-0.6245
162420.0,-0.4935
162425.0,-0.9367
162430.0,-0.6648
162435.0,-0.5942
162440.0,-0.2921
162445.0,-0.3424
162450.0,-0.0302
162455.0,-0.0604
162460.0,0.0403
162465.0,-0.2216
162470.0,0.2619
162475.0,0.0101
162480.0,0.1410
162485.0,0.0906
162490.0,0.0504
162495.0,0.1007
162500.0,0.0806
162505.0,0.0705
162510.0,0.1410
162515.0,-0.1813
162520.0,0.0604
162525.0,-0.0101
162530.0,0.1309
162535.0,0.1712
162540.0,0.0604
162545.0,0.0403
162550.0,0.0806
162555.0,0.0705
162560.0,-0.1813
162565.0,-0.0101
162570.0,-0.3424
162575.0,-0.4230
162580.0,0.0906
162585.0,-0.0504
162590.0,0.1410
162595.0,0.1712
162600.0,0.0504
162605.0,-0.0201
162610.0,0.1108
162615.0,0.0705
162620.0,-0.0302
162625.0,0.0403
162630.0,0.1712
162635.0,-0.1209
162640.0,0.1410
162645.0,-0.0604
162650.0,0.1309
162655.0,0.0201
162660.0,-0.0403
162665.0,-0.0604
162670.0,0.1007
162675.0,0.1007
162680.0,0.0000
162685.0,-0.1108
162690.0,-0.0101
162695.0,-0.5540
162700.0,-0.4734
162705.0,-0.6849
162710.0,-0.5137
162715.0,-0.5439
162720.0,-0.8460
162725.0,-1.0878
162730.0,-0.4734
162735.0,-0.6043
162740.0,-0.2619
162745.0,-0.0806
162750.0,-0.0504
162755.0,-0.0705
162760.0,-0.0302
162765.0,0.0000
162770.0,0.2317
162775.0,-0.1410
162780.0,0.1813
162785.0,-0.0302
162790.0,0.0806
162795.0,0.1108
162800.0,-0.0604
162805.0,0.0604
162810.0,0.1511
162815.0,-0.0504
162820.0,-0.0201
162825.0,0.0806
162830.0,0.1007
162835.0,-0.1108
162840.0,0.2014
162845.0,0.0000
162850.0,0.1007
162855.0,-0.2014
162860.0,-0.4432
162865.0,-0.0604
162870.0,-0.2518
162875.0,-0.2115
162880.0,-0.0201
162885.0,-0.0705
162890.0,0.1914
162895.0,-0.1309
162900.0,0.0806
162905.0,0.1007
162910.0,0.0302
162915.0,0.0403
162920.0,-0.0201
162925.0,-0.0201
162930.0,0.0806
162935.0,0.0806
162940.0,0.0101
162945.0,-0.0604
162950.0,0.2518
162955.0,-0.1612
162960.0,0.1209
162965.0,0.0201
162970.0,0.0302
162975.0,0.0705
162980.0,-0.0302
162985.0,-0.0302
162990.0,-0.0101
162995.0,-0.5036
163000.0,-0.4432
163005.0,-0.7655
163010.0,-0.6043
163015.0,-0.7856
163020.0,-0.5842
163025.0,-0.9871
163030.0,-0.4935
163035.0,-0.4532
163040.0,-0.2317
163045.0,-0.3626
163050.0,-0.2820
163055.0,0.0705
163060.0,0.0302
163065.0,0.0201
163070.0,0.0302
163075.0,-0.3727
163080.0,0.0000
163085.0,-0.1007
163090.0,0.1410
163095.0,-0.1511
163100.0,-0.2014
163105.0,-0.1813
163110.0,-0.3424
163115.0,-0.1712
163120.0,-0.1813
163125.0,-0.0302
163130.0,0.0403
163135.0,-0.1209
163140.0,0.0201
163145.0,-0.0806
163150.0,0.2216
163155.0,-0.1612
163160.0,-0.2518
163165.0,-0.1612
163170.0,-0.2317
163175.0,0.0504
163180.0,-0.0403
163185.0,-0.0302
163190.0,-0.0604
163195.0,-0.0302
163200.0,0.1410
163205.0,-0.0806
163210.0,0.0403
163215.0,-0.1511
163220.0,0.1914
163225.0,-0.0201
163230.0,0.0504
163235.0,0.2216
163240.0,0.0604
163245.0,0.1209
163250.0,0.1209
163255.0,-0.0806
163260.0,0.1410
163265.0,0.0302
163270.0,0.1209
163275.0,-0.0403
163280.0,0.0101
163285.0,-0.2216
163290.0,-0.2820
163295.0,-0.5439
163300.0,-0.4029
163305.0,-0.4331
163310.0,-0.5640
163315.0,-0.8763
163320.0,-0.7151
163325.0,-0.7856
163330.0,-0.3928
163335.0,-0.3626
163340.0,0.0101
163345.0,-0.2719
163350.0,-0.0403
163355.0,0.0504
163360.0,0.0705
163365.0,0.1410
163370.0,0.0101
163375.0,-0.0806
163380.0,0.0201
163385.0,0.0906
163390.0,0.1511
163395.0,-0.1209
163400.0,0.2619
163405.0,-0.1612
163410.0,-0.0403
163415.0,-0.0806
163420.0,0.0201
163425.0,0.1309
163430.0,0.0201
163435.0,-0.0604
163440.0,0.0806
163445.0,0.0201
163450.0,0.0806
163455.0,-0.4230
163460.0,0.0403
163465.0,-0.3324
163470.0,0.0000
163475.0,-0.0101
163480.0,0.0705
163485.0,0.1612
163490.0,0.1511
163495.0,0.0604
163500.0,0.0101
163505.0,-0.1813
163510.0,0.2417
163515.0,-0.2115
163520.0,0.1511
163525.0,0.0201
163530.0,0.2216
163535.0,-0.0201
163540.0,0.0504
163545.0,0.1209
163550.0,0.0504
163555.0,0.1108
163560.0,-0.0302
163565.0,-0.1612
163570.0,0.2619
163575.0,-0.0604
163580.0,0.0504
163585.0,-0.1914
163590.0,-0.2921
163595.0,-0.7655
163600.0,-0.4230
163605.0,-0.4835
163610.0,-0.4633
163615.0,-0.8863
163620.0,-0.7252
163625.0,-0.9065
163630.0,-0.3223
163635.0,-0.2820
163640.0,0.0201
163645.0,-0.1612
163650.0,0.1612
163655.0,-0.2417
163660.0,0.1108
163665.0,0.0604
163670.0,0.0504
163675.0,0.1612
163680.0,0.1813
163685.0,-0.1007
163690.0,0.0101
163695.0,0.1309
163700.0,0.1309
163705.0,-0.0101
163710.0,0.1209
163715.0,-0.1209
163720.0,0.1511
163725.0,0.1108
163730.0,0.0504
163735.0,0.1511
163740.0,0.0705
163745.0,-0.1108
163750.0,-0.0201
163755.0,-0.1309
163760.0,0.0806
163765.0,-0.3525
163770.0,0.1813
163775.0,-0.0705
163780.0,-0.0302
163785.0,0.1813
163790.0,0.0806
163795.0,0.1007
163800.0,0.1007
163805.0,0.0403
163810.0,-0.0101
163815.0,-0.0302
163820.0,0.1813
163825.0,-0.0201
163830.0,0.2014
163835.0,-0.0604
163840.0,0.0403
163845.0,0.2115
163850.0,0.1309
163855.0,0.0806
163860.0,0.2216
163865.0,-0.0604
163870.0,0.0705
163875.0,-0.0101
163880.0,0.0504
163885.0,-0.1813
163890.0,-0.5137
163895.0,-0.7755
163900.0,-0.5137
163905.0,-0.4633
163910.0,-0.5540
163915.0,-1.0173
163920.0,-0.6648
163925.0,-0.6144
163930.0,-0.2115
163935.0,-0.2417
163940.0,-0.0302
163945.0,-0.1712
163950.0,0.0504
163955.0,-0.1007
163960.0,0.2115
163965.0,0.0302
163970.0,0.0806
163975.0,0.0504
163980.0,0.1712
163985.0,0.0806
163990.0,0.0705
163995.0,0.1108
164000.0,0.0705
164005.0,-0.1712
164010.0,0.0403
164015.0,-0.0504
164020.0,0.1813
164025.0,0.1410
164030.0,-0.0101
164035.0,0.0302
164040.0,0.1410
164045.0,0.0806
164050.0,-0.1209
164055.0,0.0201
164060.0,-0.3525
164065.0,-0.2820
164070.0,0.1410
164075.0,-0.0806
164080.0,0.1712
164085.0,-0.0201
164090.0,-0.0504
164095.0,0.0806
164100.0,0.1108
164105.0,0.1108
164110.0,-0.0705
164115.0,0.1914
164120.0,-0.0101
164125.0,0.0000
164130.0,0.2014
164135.0,-0.0403
164140.0,0.1511
164145.0,0.0302
164150.0,0.1612
164155.0,0.0000
164160.0,0.0101
164165.0,0.1914
164170.0,0.0604
164175.0,-0.0504
164180.0,-0.0504
164185.0,-0.3122
164190.0,-0.4432
164195.0,-0.7655
164200.0,-0.4432
164205.0,-0.6043
164210.0,-0.7050
164215.0,-1.0878
164220.0,-0.5842
164225.0,-0.6345
164230.0,-0.4130
164235.0,-0.3324
164240.0,-0.1309
164245.0,-0.2921
164250.0,-0.2518
164255.0,-0.2619
164260.0,0.0504
164265.0,0.0101
164270.0,0.1007
164275.0,-0.1309
164280.0,-0.1410
164285.0,-0.2417
164290.0,0.0705
164295.0,0.1309
164300.0,0.1108
164305.0,-0.0201
164310.0,-0.2216
164315.0,-0.3122
164320.0,-0.0604
164325.0,-0.1410
164330.0,0.0906
164335.0,-0.0403
164340.0,-0.2619
164345.0,-0.3928
164350.0,-0.5036
164355.0,-0.2014
164360.0,-0.2820
164365.0,-0.2417
164370.0,-0.0504
164375.0,-0.2216
164380.0,-0.0403
164385.0,-0.1612
164390.0,0.0906
164395.0,-0.0504
164400.0,-0.0705
164405.0,-0.0806
164410.0,-0.2115
164415.0,-0.1511
164420.0,-0.1108
164425.0,-0.0806
164430.0,-0.0504
164435.0,-0.2317
164440.0,-0.0101
164445.0,-0.1712
164450.0,0.0806
164455.0,-0.1410
164460.0,0.0806
164465.0,-0.1914
164470.0,-0.1209
164475.0,0.0403
164480.0,-0.1511
164485.0,-0.5540
164490.0,-0.5137
164495.0,-0.9165
164500.0,-0.6547
164505.0,-0.7453
164510.0,-0.8964
164515.0,-1.1079
164520.0,-0.6950
164525.0,-0.6748
164530.0,-0.4432
164535.0,-0.2115
164540.0,-0.1712
164545.0,-0.0101
164550.0,0.0101
164555.0,-0.2014
164560.0,-0.0403
164565.0,0.0806
164570.0,0.0906
164575.0,-0.1309
164580.0,0.0906
164585.0,-0.2417
164590.0,-0.0101
164595.0,0.0504
164600.0,-0.1511
164605.0,0.0504
164610.0,-0.1309
164615.0,-0.1007
164620.0,0.0000
164625.0,-0.1209
164630.0,0.0806
164635.0,-0.1612
164640.0,-0.0604
164645.0,-0.2518
164650.0,-0.2115
164655.0,-0.2115
164660.0,-0.3324
164665.0,-0.1813
164670.0,-0.0906
164675.0,0.0201
164680.0,0.0000
164685.0,0.0000
164690.0,0.0906
164695.0,-0.2115
164700.0,0.0504
164705.0,-0.2115
164710.0,-0.0201
164715.0,0.0604
164720.0,-0.0101
164725.0,-0.1209
164730.0,-0.1511
164735.0,0.0906
164740.0,0.0302
164745.0,-0.0604
164750.0,0.2619
164755.0,-0.2417
164760.0,0.0403
164765.0,-0.0504
164770.0,-0.1511
164775.0,-0.2014
164780.0,-0.2619
164785.0,-0.8360
164790.0,-0.6144
164795.0,-0.6446
164800.0,-0.6043
164805.0,-0.9971
164810.0,-0.8058
164815.0,-1.0777
164820.0,-0.6144
164825.0,-0.4230
164830.0,-0.1007
164835.0,-0.2820
164840.0,0.0806
164845.0,-0.2115
164850.0,-0.1007
164855.0,0.0504
164860.0,0.0201
164865.0,0.0302
164870.0,-0.0403
164875.0,-0.2216
164880.0,0.1209
164885.0,-0.1410
164890.0,0.0806
164895.0,-0.0201
164900.0,-0.2216
164905.0,-0.2518
164910.0,-0.1712
164915.0,0.0504
164920.0,0.0604
164925.0,-0.1612
164930.0,-0.1007
164935.0,-0.1813
164940.0,-0.0403
164945.0,-0.3727
164950.0,-0.1209
164955.0,-0.3827
164960.0,-0.1108
164965.0,-0.1309
164970.0,0.0806
164975.0,0.0000
164980.0,-0.1108
164985.0,-0.0201
164990.0,0.0403
164995.0,0.0101
165000.0,-0.0403
165005.0,-0.3223
165010.0,0.0806
165015.0,-0.0403
165020.0,-0.0403
165025.0,-0.1712
165030.0,0.0906
165035.0,0.0101
165040.0,0.0101
165045.0,-0.1108
165050.0,-0.1108
165055.0,-0.2014
165060.0,0.1309
165065.0,-0.0705
165070.0,-0.0302
165075.0,-0.2820
165080.0,-0.3122
165085.0,-0.7554
165090.0,-0.5036
165095.0,-0.6547
165100.0,-0.6245
165105.0,-1.1482
165110.0,-0.7755
165115.0,-0.8863
165120.0,-0.4835
165125.0,-0.5237
165130.0,-0.1209
165135.0,-0.2820
165140.0,0.0403
165145.0,-0.0504
165150.0,-0.0302
165155.0,-0.0906
165160.0,0.0302
165165.0,0.0806
165170.0,0.0403
165175.0,-0.0705
165180.0,-0.1511
165185.0,-0.1209
165190.0,0.1007
165195.0,-0.1813
165200.0,0.1813
165205.0,-0.2619
165210.0,-0.0101
165215.0,0.0806
165220.0,-0.0101
165225.0,0.1410
165230.0,-0.0201
165235.0,-0.1511
165240.0,-0.2014
165245.0,-0.2619
165250.0,-0.0101
165255.0,-0.4835
165260.0,-0.1209
165265.0,-0.1410
165270.0,0.0201
165275.0,0.0201
165280.0,0.0302
165285.0,0.0906
165290.0,-0.1209
165295.0,-0.0806
165300.0,0.0403
165305.0,-0.1511
165310.0,0.1914
165315.0,-0.3223
165320.0,-0.0403
165325.0,-0.1511
165330.0,-0.0101
165335.0,0.0302
165340.0,0.0000
165345.0,-0.0906
165350.0,0.0705
165355.0,-0.0604
165360.0,0.0201
165365.0,-0.2115
165370.0,-0.1612
165375.0,-0.4432
165380.0,-0.5842
165385.0,-0.7957
165390.0,-0.5137
165395.0,-0.5137
165400.0,-0.7856
165405.0,-1.1281
165410.0,-0.7353
165415.0,-0.6748
165420.0,-0.3424
165425.0,-0.2216
165430.0,-0.1813
165435.0,-0.3324
165440.0,0.0101
165445.0,-0.1511
165450.0,0.0806
165455.0,0.0302
165460.0,-0.1511
165465.0,-0.0201
165470.0,0.1309
165475.0,0.0504
165480.0,0.0403
165485.0,-0.1712
165490.0,-0.0705
165495.0,-0.1209
165500.0,0.0604
165505.0,-0.1813
165510.0,0.0000
165515.0,-0.2216
165520.0,-0.1007
165525.0,0.0906
165530.0,-0.0504
165535.0,0.0403
165540.0,-0.2317
165545.0,-0.2719
165550.0,-0.2216
165555.0,-0.3928
165560.0,0.0201
165565.0,-0.1007
165570.0,-0.0504
165575.0,-0.1712
165580.0,0.0705
165585.0,0.0604
165590.0,0.0504
165595.0,0.0604
165600.0,-0.1511
165605.0,-0.0504
165610.0,0.0705
165615.0,-0.1209
165620.0,0.0906
165625.0,-0.1108
165630.0,-0.0403
165635.0,-0.1612
165640.0,0.0806
165645.0,0.0201
165650.0,0.1007
165655.0,0.0000
165660.0,-0.1712
165665.0,-0.1309
165670.0,-0.0604
165675.0,-0.4935
165680.0,-0.3626
165685.0,-0.8964
165690.0,-0.6446
165695.0,-0.8158
165700.0,-0.8360
165705.0,-1.0475
165710.0,-0.5540
165715.0,-0.8158
165720.0,-0.4835
165725.0,-0.0806
165730.0,-0.1108
165735.0,-0.1511
165740.0,0.0000
165745.0,-0.1007
165750.0,-0.0201
165755.0,-0.1410
165760.0,0.1209
165765.0,-0.0604
165770.0,0.0604
165775.0,-0.1108
165780.0,-0.1813
165785.0,0.0403
165790.0,0.0806
165795.0,-0.0705
165800.0,0.0302
165805.0,-0.1309
165810.0,0.1108
165815.0,-0.2014
165820.0,0.1007
165825.0,-0.0302
165830.0,-0.1108
165835.0,-0.3424
165840.0,-0.4331
165845.0,-0.0403
165850.0,-0.3223
165855.0,-0.1612
165860.0,-0.0302
165865.0,-0.2216
165870.0,0.1612
165875.0,-0.1007
165880.0,0.0806
165885.0,0.0201
165890.0,-0.1209
165895.0,-0.2417
165900.0,-0.1309
165905.0,-0.0201
165910.0,-0.0101
165915.0,-0.0302
165920.0,-0.0906
165925.0,-0.0504
165930.0,0.1309
165935.0,-0.1108
165940.0,0.1309
165945.0,-0.0806
165950.0,-0.2115
165955.0,-0.1007
165960.0,0.0201
165965.0,-0.0504
165970.0,-0.1007
165975.0,-0.5640
165980.0,-0.6648
165985.0,-0.8360
165990.0,-0.5338
165995.0,-0.7252
166000.0,-0.7755
166005.0,-0.9871
166010.0,-0.7050
166015.0,-0.6245
166020.0,-0.3928
166025.0,-0.2014
166030.0,-0.1511
166035.0,0.0705
166040.0,-0.0705
166045.0,-0.2014
166050.0,0.1108
166055.0,0.0302
166060.0,0.1007
166065.0,-0.0705
166070.0,0.1007
166075.0,-0.2317
166080.0,0.0403
166085.0,0.0201
166090.0,-0.1309
166095.0,0.0806
166100.0,-0.0806
166105.0,-0.2216
166110.0,-0.0201
166115.0,0.0000
166120.0,0.0906
166125.0,-0.1511
166130.0,0.1209
166135.0,-0.4130
166140.0,-0.2518
166145.0,-0.2619
166150.0,-0.2921
166155.0,-0.0504
166160.0,-0.0403
166165.0,-0.1511
166170.0,0.0000
166175.0,-0.0201
166180.0,0.0906
166185.0,-0.1007
166190.0,0.0101
166195.0,-0.3223
166200.0,0.0403
166205.0,-0.0705
166210.0,0.0201
166215.0,0.0705
166220.0,0.0906
166225.0,-0.1410
166230.0,-0.1108
166235.0,-0.1309
166240.0,0.1410
166245.0,-0.1309
166250.0,0.0705
166255.0,-0.1511
166260.0,-0.2518
166265.0,-0.2619
166270.0,-0.3525
166275.0,-0.7353
166280.0,-0.4532
166285.0,-0.7353
166290.0,-0.6748
166295.0,-0.9065
166300.0,-0.7655
166305.0,-0.8460
166310.0,-0.6144
166315.0,-0.6043
166320.0,-0.1007
166325.0,-0.3223
166330.0,-0.0302
166335.0,-0.1612
166340.0,-0.1309
166345.0,0.0504
166350.0,0.0000
166355.0,0.0806
166360.0,-0.0806
166365.0,-0.2115
166370.0,0.0806
166375.0,-0.1511
166380.0,0.1108
166385.0,-0.1511
166390.0,-0.3324
166395.0,-0.1007
166400.0,-0.0504
166405.0,0.0604
166410.0,0.0806
166415.0,-0.1410
166420.0,-0.0806
166425.0,-0.0101
166430.0,-0.0403
166435.0,-0.4130
166440.0,-0.1511
166445.0,-0.4532
166450.0,-0.1108
166455.0,-0.1712
166460.0,-0.1712
166465.0,-0.0806
166470.0,0.0201
166475.0,-0.1007
166480.0,-0.0201
166485.0,-0.3223
166490.0,0.0000
166495.0,-0.3324
166500.0,-0.1007
166505.0,-0.3827
166510.0,-0.1007
166515.0,-0.2417
166520.0,-0.1511
166525.0,0.0302
166530.0,-0.0806
166535.0,0.0705
166540.0,0.0705
166545.0,-0.2619
166550.0,0.0403
166555.0,-0.2216
166560.0,-0.0705
166565.0,-0.0604
166570.0,-0.2921
166575.0,-0.5640
166580.0,-0.3928
166585.0,-0.5640
166590.0,-0.3928
166595.0,-1.0273
166600.0,-0.6245
166605.0,-0.6648
166610.0,-0.2115
166615.0,-0.4734
166620.0,-0.0403
166625.0,-0.2216
166630.0,0.2014
166635.0,-0.0403
166640.0,0.0906
166645.0,0.0705
166650.0,0.1511
166655.0,0.2115
166660.0,0.0403
166665.0,0.0604
166670.0,0.0806
166675.0,0.0705
166680.0,0.1007
166685.0,-0.0504
166690.0,0.2921
166695.0,-0.0101
166700.0,0.0705
166705.0,0.2115
166710.0,0.1914
166715.0,0.1813
166720.0,0.1813
166725.0,0.0403
166730.0,-0.0906
166735.0,-0.0806
166740.0,0.0705
166745.0,-0.3827
166750.0,0.0906
166755.0,0.1309
166760.0,0.0806
166765.0,0.1612
166770.0,0.1612
166775.0,0.1209
166780.0,0.1007
166785.0,0.0000
166790.0,0.0906
166795.0,-0.0302
166800.0,0.2317
166805.0,-0.1511
166810.0,0.1511
166815.0,0.1108
166820.0,0.0806
166825.0,0.1813
166830.0,0.1309
166835.0,0.1410
166840.0,0.1914
166845.0,0.0806
166850.0,0.0906
166855.0,-0.0201
166860.0,0.1511
166865.0,-0.2820
166870.0,-0.3827
166875.0,-0.5640
166880.0,-0.3928
166885.0,-0.3827
166890.0,-0.5439
166895.0,-0.9266
166900.0,-0.6446
166905.0,-0.5942
166910.0,-0.1914
166915.0,-0.1612
166920.0,-0.0101
166925.0,-0.1007
166930.0,0.1712
166935.0,-0.0403
166940.0,0.2216
166945.0,-0.0906
166950.0,0.0403
166955.0,0.1108
166960.0,0.1108
166965.0,0.1511
166970.0,0.1511
166975.0,0.2014
166980.0,0.0604
166985.0,-0.1309
166990.0,0.1209
166995.0,-0.0302
167000.0,0.1813
167005.0,-0.0806
167010.0,0.0705
167015.0,0.1410
167020.0,0.0906
167025.0,0.0403
167030.0,-0.1813
167035.0,0.0504
167040.0,-0.1813
167045.0,-0.2417
167050.0,0.1007
167055.0,-0.1410
167060.0,0.1309
167065.0,0.1612
167070.0,0.1007
167075.0,0.2216
167080.0,0.0000
167085.0,0.1209
167090.0,-0.2014
167095.0,-0.0705
167100.0,0.0201
167105.0,-0.2216
167110.0,0.1712
167115.0,-0.0403
167120.0,0.1712
167125.0,-0.0504
167130.0,0.0705
167135.0,0.0806
167140.0,0.1108
167145.0,0.1209
167150.0,0.0906
167155.0,-0.0302
167160.0,-0.0302
167165.0,-0.4130
167170.0,-0.2921
167175.0,-0.6849
167180.0,-0.4734
167185.0,-0.6849
167190.0,-0.5942
167195.0,-0.8561
167200.0,-0.6345
167205.0,-0.6345
167210.0,-0.2014
167215.0,-0.0604
167220.0,-0.0201
167225.0,-0.0201
167230.0,0.1209
167235.0,-0.0101
167240.0,0.0806
167245.0,-0.0201
167250.0,0.2014
167255.0,0.0806
167260.0,-0.0302
167265.0,0.0403
167270.0,0.1511
167275.0,0.1612
167280.0,0.1511
167285.0,0.0101
167290.0,0.0302
167295.0,0.1309
167300.0,0.1410
167305.0,-0.0302
167310.0,0.2115
167315.0,0.0806
167320.0,-0.0302
167325.0,-0.1007
167330.0,-0.1410
167335.0,0.0201
167340.0,-0.1410
167345.0,-0.1511
167350.0,-0.0201
167355.0,0.0806
167360.0,0.2115
167365.0,0.0504
167370.0,0.2216
167375.0,0.1007
167380.0,0.0000
167385.0,0.0101
167390.0,0.1914
167395.0,0.1712
167400.0,0.0705
167405.0,0.0101
167410.0,0.1209
167415.0,0.0403
167420.0,0.2317
167425.0,0.0604
167430.0,0.2719
167435.0,0.0504
167440.0,0.0806
167445.0,0.0906
167450.0,0.1209
167455.0,0.0504
167460.0,-0.0604
167465.0,-0.4230
167470.0,-0.3424
167475.0,-0.6345
167480.0,-0.3626
167485.0,-0.6245
167490.0,-0.5842
167495.0,-0.9367
167500.0,-0.4633
167505.0,-0.3424
167510.0,-0.1007
167515.0,-0.0705
167520.0,-0.0302
167525.0,0.1914
167530.0,0.1511
167535.0,0.1511
167540.0,0.0604
167545.0,0.0201
167550.0,0.2619
167555.0,0.1007
167560.0,0.1612
167565.0,0.0906
167570.0,0.1813
167575.0,0.1612
167580.0,-0.0201
167585.0,0.1209
167590.0,0.1712
167595.0,0.1108
167600.0,0.1712
167605.0,0.0705
167610.0,0.1108
167615.0,0.0302
167620.0,0.1712
167625.0,-0.1410
167630.0,0.0201
167635.0,-0.0906
167640.0,-0.1309
167645.0,0.1209
167650.0,0.0705
167655.0,0.1410
167660.0,0.0403
167665.0,-0.0201
167670.0,0.2115
167675.0,0.0705
167680.0,0.1209
167685.0,-0.0302
167690.0,0.1813
167695.0,0.1007
167700.0,0.1309
167705.0,0.1813
167710.0,0.1108
167715.0,0.1209
167720.0,0.0403
167725.0,-0.0302
167730.0,0.2115
167735.0,0.0302
167740.0,0.1914
167745.0,0.0705
167750.0,0.0604
167755.0,-0.0403
167760.0,-0.1813
167765.0,-0.5439
167770.0,-0.3827
167775.0,-0.4532
167780.0,-0.5036
167785.0,-0.8058
167790.0,-0.6345
167795.0,-0.7755
167800.0,-0.2921
167805.0,-0.3424
167810.0,0.0504
167815.0,-0.0806
167820.0,0.0705
167825.0,0.0302
167830.0,0.1209
167835.0,0.1612
167840.0,0.1511
167845.0,0.0403
167850.0,0.0906
167855.0,0.1108
167860.0,0.2518
167865.0,0.1309
167870.0,0.1914
167875.0,0.0403
167880.0,0.0604
167885.0,-0.0101
167890.0,0.0504
167895.0,0.1813
167900.0,0.1612
167905.0,0.0705
167910.0,0.1712
167915.0,0.1309
167920.0,0.1410
167925.0,-0.2216
167930.0,0.0101
167935.0,-0.2518
167940.0,0.0302
167945.0,0.0604
167950.0,0.1108
167955.0,0.2216
167960.0,0.2014
167965.0,0.0403
167970.0,0.1108
167975.0,0.0906
167980.0,0.1712
167985.0,-0.0201
167990.0,0.1511
167995.0,0.0201
168000.0,0.1612
168005.0,0.1007
168010.0,0.1209
168015.0,0.1612
168020.0,0.1914
168025.0,0.0806
168030.0,0.0705
168035.0,0.0201
168040.0,0.1914
168045.0,-0.0806
168050.0,0.0806
168055.0,-0.1108
168060.0,-0.1813
168065.0,-0.5842
168070.0,-0.3525
168075.0,-0.3827
168080.0,-0.4230
168085.0,-0.8662
168090.0,-0.6245
168095.0,-0.7755
168100.0,-0.2518
168105.0,-0.3223
168110.0,0.0201
168115.0,-0.1309
168120.0,0.2115
168125.0,0.0201
168130.0,0.1712
168135.0,0.1813
168140.0,0.1712
168145.0,0.2216
168150.0,0.1511
168155.0,0.1410
168160.0,0.1712
168165.0,0.0201
168170.0,0.1914
168175.0,0.1007
168180.0,0.2216
168185.0,0.1007
168190.0,0.1209
168195.0,0.1309
168200.0,0.1612
168205.0,0.2014
168210.0,0.1309
168215.0,0.1007
168220.0,0.0201
168225.0,-0.1410
168230.0,0.0806
168235.0,-0.1511
168240.0,0.1410
168245.0,0.1511
168250.0,0.0604
168255.0,0.1309
168260.0,0.1813
168265.0,0.1813
168270.0,0.0906
168275.0,0.0302
168280.0,0.2216
168285.0,-0.0604
168290.0,0.2317
168295.0,0.0201
168300.0,0.1813
168305.0,0.1007
168310.0,0.0705
168315.0,0.0906
168320.0,0.1511
168325.0,0.1612
168330.0,0.0906
168335.0,0.1108
168340.0,0.1813
168345.0,-0.0201
168350.0,0.0504
168355.0,-0.1712
168360.0,-0.2820
168365.0,-0.6849
168370.0,-0.5036
168375.0,-0.3928
168380.0,-0.3827
168385.0,-0.8058
168390.0,-0.6043
168395.0,-0.6043
168400.0,-0.1108
168405.0,-0.1914
168410.0,-0.0101
168415.0,-0.0504
168420.0,0.2115
168425.0,-0.0705
168430.0,0.2518
168435.0,0.1108
168440.0,0.1712
168445.0,0.0604
168450.0,0.0906
168455.0,0.1914
168460.0,0.1813
168465.0,0.1108
168470.0,0.1410
168475.0,0.0705
168480.0,0.1511
168485.0,-0.0806
168490.0,0.2115
168495.0,0.1108
168500.0,0.1712
168505.0,0.0604
168510.0,0.0101
168515.0,0.1813
168520.0,-0.1108
168525.0,0.0302
168530.0,-0.0806
168535.0,-0.1712
168540.0,0.1410
168545.0,-0.0806
168550.0,0.1712
168555.0,0.1209
168560.0,0.0906
168565.0,0.0604
168570.0,0.1007
168575.0,0.1813
168580.0,0.0705
168585.0,0.1309
168590.0,0.1813
168595.0,-0.0201
168600.0,0.2820
168605.0,-0.0403
168610.0,0.2014
168615.0,0.0906
168620.0,0.1209
168625.0,0.1511
168630.0,0.1914
168635.0,0.1813
168640.0,0.1612
168645.0,-0.0504
168650.0,-0.0403
168655.0,-0.3626
168660.0,-0.3022
168665.0,-0.6446
168670.0,-0.3928
168675.0,-0.5942
168680.0,-0.6345
168685.0,-0.8662
168690.0,-0.4331
168695.0,-0.4532
168700.0,-0.2518
168705.0,-0.0604
168710.0,-0.0302
168715.0,-0.0604
168720.0,0.0806
168725.0,0.0604
168730.0,0.2719
168735.0,0.0101
168740.0,0.1007
168745.0,0.0906
168750.0,0.1108
168755.0,0.1007
168760.0,0.0604
168765.0,0.1612
168770.0,0.2216
168775.0,0.0201
168780.0,0.1108
168785.0,0.1309
168790.0,0.1410
168795.0,0.0906
168800.0,0.1612
168805.0,0.0806
168810.0,0.0906
168815.0,-0.0504
168820.0,-0.2921
168825.0,-0.0302
168830.0,-0.1410
168835.0,-0.0504
168840.0,0.1410
168845.0,0.0504
168850.0,0.1612
168855.0,0.0201
168860.0,0.1712
168865.0,0.0806
168870.0,0.0806
168875.0,0.0705
168880.0,0.0806
168885.0,0.1209
168890.0,0.1813
168895.0,0.1612
168900.0,0.1813
168905.0,0.0101
168910.0,0.1511
168915.0,0.0101
168920.0,0.2216
168925.0,0.0604
168930.0,0.1813
168935.0,0.0906
168940.0,0.1511
168945.0,0.1108
168950.0,0.0403
168955.0,-0.4130
168960.0,-0.4935
168965.0,-0.7050
168970.0,-0.3626
168975.0,-0.5842
168980.0,-0.6144
168985.0,-0.8058
168990.0,-0.5338
168995.0,-0.3525
169000.0,-0.1007
169005.0,-0.0705
169010.0,0.0403
169015.0,0.0705
169020.0,0.1007
169025.0,0.0906
169030.0,0.1712
169035.0,0.1007
169040.0,0.3223
169045.0,0.0705
169050.0,0.1813
169055.0,0.1209
169060.0,0.1309
169065.0,0.1410
169070.0,0.0705
169075.0,0.1410
169080.0,0.1209
169085.0,0.1309
169090.0,0.1309
169095.0,0.1209
169100.0,0.3022
169105.0,0.0302
169110.0,0.1410
169115.0,-0.1007
169120.0,-0.0101
169125.0,-0.0504
169130.0,-0.0504
169135.0,0.1410
169140.0,0.0101
169145.0,0.0705
169150.0,0.2014
169155.0,0.0906
169160.0,0.3424
169165.0,0.0101
169170.0,0.0806
169175.0,0.0201
169180.0,0.1108
169185.0,0.0906
169190.0,0.1914
169195.0,0.1813
169200.0,0.1410
169205.0,0.2115
169210.0,0.1511
169215.0,0.1209
169220.0,0.1309
169225.0,-0.0403
169230.0,0.1712
169235.0,0.1007
169240.0,0.0604
169245.0,-0.1108
169250.0,-0.0201
169255.0,-0.5338
169260.0,-0.5439
169265.0,-0.4633
169270.0,-0.3424
169275.0,-0.8360
169280.0,-0.7050
169285.0,-0.7453
169290.0,-0.2317
169295.0,-0.3022
169300.0,0.0604
169305.0,-0.1511
169310.0,0.1108
169315.0,0.0101
169320.0,0.1813
169325.0,0.1612
169330.0,0.1511
169335.0,0.1309
169340.0,0.1914
169345.0,0.0403
169350.0,0.2216
169355.0,0.1007
169360.0,0.2014
169365.0,0.0403
169370.0,0.0705
169375.0,-0.0604
169380.0,0.1007
169385.0,0.1209
169390.0,0.1209
169395.0,0.1209
169400.0,0.1914
169405.0,0.0000
169410.0,0.0906
169415.0,-0.2014
169420.0,0.0403
169425.0,-0.1309
169430.0,-0.0403
169435.0,0.0302
169440.0,0.1813
169445.0,0.1712
169450.0,0.1309
169455.0,0.2014
169460.0,0.1309
169465.0,-0.0504
169470.0,0.2619
169475.0,-0.0906
169480.0,0.2619
169485.0,0.0201
169490.0,0.0604
169495.0,0.1309
169500.0,0.1309
169505.0,0.1712
169510.0,0.0906
169515.0,0.1410
169520.0,0.2014
169525.0,0.0604
169530.0,0.2417
169535.0,0.0504
169540.0,0.0504
169545.0,-0.1209
169550.0,-0.2216
169555.0,-0.5540
169560.0,-0.3928
169565.0,-0.4331
169570.0,-0.3525
169575.0,-0.8964
169580.0,-0.5942
169585.0,-0.8561
169590.0,-0.2518
169595.0,-0.2417
169600.0,0.0302
169605.0,-0.3022
169610.0,0.1309
169615.0,0.1108
169620.0,0.1309
169625.0,0.1914
169630.0,0.2417
169635.0,0.2317
169640.0,0.1511
169645.0,0.0705
169650.0,0.1309
169655.0,0.0906
169660.0,0.2518
169665.0,-0.1108
169670.0,0.1813
169675.0,0.0302
169680.0,0.1914
169685.0,0.1712
169690.0,0.1712
169695.0,0.2216
169700.0,0.1813
169705.0,0.0806
169710.0,-0.0302
169715.0,-0.0403
169720.0,0.1813
169725.0,-0.2619
169730.0,0.1108
169735.0,0.1108
169740.0,0.1612
169745.0,0.2216
169750.0,0.1813
169755.0,0.1612
169760.0,0.1712
169765.0,0.0806
169770.0,0.1410
169775.0,0.1007
169780.0,0.2820
169785.0,0.0504
169790.0,0.1712
169795.0,0.1410
169800.0,0.1209
169805.0,0.2115
169810.0,0.1007
169815.0,0.1209
169820.0,0.1410
169825.0,0.1007
169830.0,0.1108
169835.0,-0.0302
169840.0,0.1712
169845.0,-0.1712
169850.0,-0.5137
169855.0,-0.5540
169860.0,-0.3626
169865.0,-0.5237
169870.0,-0.4835
169875.0,-0.8460
169880.0,-0.4935
169885.0,-0.5540
169890.0,-0.1410
169895.0,-0.1712
169900.0,-0.0705
169905.0,-0.0806
169910.0,0.1309
169915.0,-0.0705
169920.0,0.2216
169925.0,-0.0201
169930.0,0.0302
169935.0,0.2216
169940.0,0.1410
169945.0,0.2216
169950.0,0.0906
169955.0,0.0806
169960.0,0.1612
169965.0,0.0201
169970.0,0.1410
169975.0,0.0000
169980.0,0.2518
169985.0,0.0201
169990.0,0.0504
169995.0,0.2216
170000.0,0.1309
170005.0,0.1813
170010.0,-0.1309
170015.0,-0.0101
170020.0,-0.1007
170025.0,-0.1511
170030.0,0.1309
170035.0,-0.0201
170040.0,0.2619
170045.0,0.0604
170050.0,0.1108
170055.0,0.2216
170060.0,0.1712
170065.0,0.2014
170070.0,0.0101
170075.0,0.0604
170080.0,0.1612
170085.0,0.0504
170090.0,0.2216
170095.0,0.0504
170100.0,0.2820
170105.0,0.0504
170110.0,0.0000
170115.0,0.1309
170120.0,0.1410
170125.0,0.0806
170130.0,0.1007
170135.0,0.0201
170140.0,0.0302
170145.0,-0.3022
170150.0,-0.3022
170155.0,-0.7353
170160.0,-0.3525
170165.0,-0.5137
170170.0,-0.5137
170175.0,-0.9165
170180.0,-0.5137
170185.0,-0.6043
170190.0,-0.0906
170195.0,0.0403
170200.0,-0.0403
170205.0,-0.0604
170210.0,0.1108
170215.0,0.0201
170220.0,0.1914
170225.0,-0.0705
170230.0,0.2216
170235.0,0.0705
170240.0,0.1209
170245.0,0.1209
170250.0,0.1309
170255.0,0.0604
170260.0,0.0705
170265.0,0.1309
170270.0,0.0906
170275.0,0.1410
170280.0,0.2115
170285.0,0.0604
170290.0,0.1511
170295.0,0.0604
170300.0,0.0705
170305.0,-0.0504
170310.0,-0.3022
170315.0,0.0201
170320.0,-0.0705
170325.0,0.0000
170330.0,0.1209
170335.0,0.0101
170340.0,0.1209
170345.0,0.0302
170350.0,0.1813
170355.0,0.0604
170360.0,0.1511
170365.0,0.0000
170370.0,0.1108
170375.0,0.1612
170380.0,0.1108
170385.0,0.0504
170390.0,-0.0101
170395.0,-0.3928
170400.0,0.0201
170405.0,-0.1309
170410.0,-0.1007
170415.0,-0.2719
170420.0,-0.1813
170425.0,-0.1108
170430.0,-0.1612
170435.0,-0.2719
170440.0,-0.3022
170445.0,-0.7755
170450.0,-0.5640
170455.0,-0.6748
170460.0,-0.5540
170465.0,-0.7050
170470.0,-0.7353
170475.0,-1.1986
170480.0,-0.6345
170485.0,-0.4432
170490.0,-0.1712
170495.0,-0.1309
170500.0,-0.1410
170505.0,-0.0101
170510.0,-0.0504
170515.0,-0.1209
170520.0,-0.1712
170525.0,-0.2518
170530.0,-0.0504
170535.0,-0.1914
170540.0,0.1813
170545.0,-0.0504
170550.0,0.0906
170555.0,0.1511
170560.0,-0.2518
170565.0,-0.1007
170570.0,-0.0403
170575.0,0.0705
170580.0,-0.0806
170585.0,0.0000
170590.0,0.1309
170595.0,-0.1612
170600.0,0.0906
170605.0,-0.2417
170610.0,-0.2820
170615.0,-0.1914
170620.0,-0.3122
170625.0,-0.0101
170630.0,-0.0201
170635.0,-0.0604
170640.0,-0.0705
170645.0,-0.1007
170650.0,0.1108
170655.0,-0.0705
170660.0,0.0806
170665.0,-0.0302
170670.0,0.0201
170675.0,-0.0101
170680.0,0.0504
170685.0,0.0806
170690.0,0.0504
170695.0,-0.0705
170700.0,0.0302
170705.0,-0.2719
170710.0,0.1108
170715.0,0.0000
170720.0,-0.0101
170725.0,-0.0705
170730.0,-0.0101
170735.0,-0.0806
170740.0,-0.1914
170745.0,-0.7655
170750.0,-0.5036
170755.0,-0.5137
170760.0,-0.4734
170765.0,-0.6950
170770.0,-0.8259
170775.0,-0.8763
170780.0,-0.4935
170785.0,-0.4835
170790.0,-0.1209
170795.0,-0.3525
170800.0,-0.0403
170805.0,-0.0504
170810.0,-0.0302
170815.0,0.0906
170820.0,0.0504
170825.0,-0.0403
170830.0,-0.0201
170835.0,-0.0101
170840.0,0.1511
170845.0,-0.2518
170850.0,-0.0101
170855.0,-0.0906
170860.0,-0.0302
170865.0,-0.1309
170870.0,0.0201
170875.0,0.0000
170880.0,0.1007
170885.0,0.0000
170890.0,0.0806
170895.0,0.0201
170900.0,-0.0705
170905.0,-0.5237
170910.0,0.0504
170915.0,-0.2719
170920.0,-0.0504
170925.0,-0.1612
170930.0,0.0302
170935.0,0.1007
170940.0,0.0201
170945.0,0.1612
170950.0,-0.0101
170955.0,-0.2014
170960.0,0.0403
170965.0,-0.2719
170970.0,0.1712
170975.0,-0.1511
170980.0,-0.0906
170985.0,0.0302
170990.0,0.0403
170995.0,0.1007
171000.0,0.0906
171005.0,-0.0403
171010.0,0.1108
171015.0,0.0000
171020.0,0.1309
171025.0,-0.1813
171030.0,-0.0705
171035.0,-0.1612
171040.0,-0.5036
171045.0,-0.8763
171050.0,-0.5036
171055.0,-0.5338
171060.0,-0.6345
171065.0,-0.8863
171070.0,-0.6345
171075.0,-0.8561
171080.0,-0.3928
171085.0,-0.3626
171090.0,-0.1007
171095.0,-0.3122
171100.0,0.0604
171105.0,-0.3626
171110.0,-0.2014
171115.0,0.0504
171120.0,0.0504
171125.0,0.1612
171130.0,0.1813
171135.0,0.0705
171140.0,0.0604
171145.0,0.0000
171150.0,0.1309
171155.0,-0.0604
171160.0,-0.1209
171165.0,-0.3626
171170.0,-0.2518
171175.0,-0.1914
171180.0,-0.1511
171185.0,0.1007
171190.0,-0.0302
171195.0,-0.2317
171200.0,-0.3122
171205.0,-0.4532
171210.0,-0.1209
171215.0,-0.4734
171220.0,-0.0906
171225.0,-0.1209
171230.0,-0.0504
171235.0,-0.1511
171240.0,0.0101
171245.0,0.0604
171250.0,-0.0101
171255.0,-0.0906
171260.0,-0.0705
171265.0,-0.1209
171270.0,0.1209
171275.0,-0.2417
171280.0,0.1712
171285.0,0.0000
171290.0,-0.0302
171295.0,-0.1309
171300.0,-0.1612
171305.0,0.1712
171310.0,-0.0101
171315.0,0.0403
171320.0,-0.0806
171325.0,-0.3928
171330.0,-0.2921
171335.0,-0.4532
171340.0,-0.5439
171345.0,-0.8662
171350.0,-0.6748
171355.0,-0.6648
171360.0,-0.7252
171365.0,-0.9971
171370.0,-0.8662
171375.0,-0.6245
171380.0,-0.3424
171385.0,-0.4130
171390.0,-0.1712
171395.0,-0.0101
171400.0,0.0302
171405.0,-0.3525
171410.0,-0.0302
171415.0,-0.1410
171420.0,-0.1209
171425.0,-0.2115
171430.0,0.0302
171435.0,0.0201
171440.0,-0.2014
171445.0,-0.1511
171450.0,-0.0906
171455.0,-0.0101
171460.0,0.1612
171465.0,-0.2921
171470.0,-0.0604
171475.0,-0.1914
171480.0,-0.2417
171485.0,-0.2115
171490.0,-0.1612
171495.0,-0.1612
171500.0,-0.3424
171505.0,-0.1410
171510.0,-0.3022
171515.0,-0.2014
171520.0,0.0906
171525.0,-0.2619
171530.0,-0.0403
171535.0,-0.2216
171540.0,-0.1612
171545.0,-0.0806
171550.0,-0.0201
171555.0,0.1813
171560.0,0.1108
171565.0,0.0906
171570.0,0.1209
171575.0,0.0906
171580.0,0.2719
171585.0,0.1007
171590.0,0.1108
171595.0,0.0604
171600.0,-0.1007
171605.0,0.1007
171610.0,0.1712
171615.0,0.1612
171620.0,0.0906
171625.0,-0.1007
171630.0,-0.1007
171635.0,-0.3626
171640.0,-0.3122
171645.0,-0.9971
171650.0,-0.6748
171655.0,-0.4532
171660.0,-0.8763
171665.0,-1.1381
171670.0,-0.7151
171675.0,-0.5540
171680.0,-0.3727
171685.0,-0.2417
171690.0,-0.2820
171695.0,-0.1914
171700.0,-0.1007
171705.0,-0.0403
171710.0,0.0705
171715.0,-0.3324
171720.0,-0.0504
171725.0,-0.2317
171730.0,-0.0504
171735.0,-0.0604
171740.0,-0.1410
171745.0,0.0504
171750.0,0.0504
171755.0,0.0403
171760.0,0.1108
171765.0,-0.1007
171770.0,0.1612
171775.0,-0.1309
171780.0,0.0302
171785.0,-0.0705
171790.0,0.0000
171795.0,-0.0101
171800.0,-0.2619
171805.0,-0.1410
171810.0,-0.2619
171815.0,-0.0201
171820.0,0.0403
171825.0,0.0000
171830.0,0.2014
171835.0,0.0302
171840.0,0.1007
171845.0,0.1511
171850.0,0.0806
171855.0,-0.0201
171860.0,0.1108
171865.0,0.1309
171870.0,0.0806
171875.0,0.0705
171880.0,0.0604
171885.0,0.0705
171890.0,0.0806
171895.0,-0.0604
171900.0,0.2317
171905.0,0.0000
171910.0,0.1007
171915.0,0.1007
171920.0,0.0302
171925.0,-0.1410
171930.0,0.0403
171935.0,-0.6144
171940.0,-0.5338
171945.0,-0.6345
171950.0,-0.4331
171955.0,-0.6345
171960.0,-0.6446
171965.0,-1.0273
171970.0,-0.6245
171975.0,-0.4331
171980.0,-0.1612
171985.0,-0.0403
171990.0,0.0504
171995.0,0.0604
172000.0,-0.0403
172005.0,0.0000
172010.0,0.1309
172015.0,0.0504
172020.0,0.3122
172025.0,-0.1712
172030.0,0.1511
172035.0,-0.0302
172040.0,0.1108
172045.0,0.1410
172050.0,-0.1108
172055.0,0.0604
172060.0,0.0403
172065.0,0.0101
172070.0,0.0101
172075.0,-0.1813
172080.0,0.0705
172085.0,0.0906
172090.0,0.1309
172095.0,-0.1612
172100.0,-0.2921
172105.0,-0.2719
172110.0,-0.2317
172115.0,-0.0806
172120.0,0.0604
172125.0,0.0403
172130.0,0.0201
172135.0,-0.0906
172140.0,0.1511
172145.0,0.1410
172150.0,-0.0705
172155.0,-0.1712
172160.0,0.0705
172165.0,0.1410
172170.0,0.1410
172175.0,0.1914
172180.0,0.0201
172185.0,0.0705
172190.0,0.1007
172195.0,-0.1209
172200.0,0.1108
172205.0,-0.0201
172210.0,0.2921
172215.0,-0.1712
172220.0,-0.0604
172225.0,-0.1612
172230.0,-0.1813
172235.0,-0.7856
172240.0,-0.3626
172245.0,-0.6547
172250.0,-0.4835
172255.0,-0.9669
172260.0,-0.7755
172265.0,-0.9165
172270.0,-0.3727
172275.0,-0.3223
172280.0,-0.1007
172285.0,-0.3022
172290.0,0.0906
172295.0,0.0201
172300.0,0.1108
172305.0,0.0705
172310.0,0.1511
172315.0,0.1410
172320.0,0.0806
172325.0,0.0403
172330.0,0.2014
172335.0,-0.2115
172340.0,0.1410
172345.0,0.0806
172350.0,0.0101
172355.0,-0.2619
172360.0,-0.1612
172365.0,0.0201
172370.0,0.1209
172375.0,0.0000
172380.0,-0.0806
172385.0,-0.2518
172390.0,-0.1309
172395.0,-0.5540
172400.0,-0.1209
172405.0,-0.3022
172410.0,-0.2518
172415.0,-0.2115
172420.0,-0.1108
172425.0,0.0504
172430.0,0.0906
172435.0,0.1410
172440.0,0.1712
172445.0,0.0302
172450.0,0.1712
172455.0,-0.0906
172460.0,0.2115
172465.0,0.1209
172470.0,0.0201
172475.0,0.0705
172480.0,0.1309
172485.0,0.1309
172490.0,0.1712
172495.0,0.1511
172500.0,0.1007
172505.0,0.0604
172510.0,0.1813
172515.0,-0.0201
172520.0,0.1007
172525.0,-0.2115
172530.0,-0.2719
172535.0,-0.5942
172540.0,-0.3727
172545.0,-0.5237
172550.0,-0.4029
172555.0,-0.9367
172560.0,-0.6547
172565.0,-0.6849
172570.0,-0.3827
172575.0,-0.2417
172580.0,0.1007
172585.0,-0.1007
172590.0,0.2014
172595.0,-0.1108
172600.0,0.0806
172605.0,0.2820
172610.0,0.1712
172615.0,0.3223
172620.0,0.2014
172625.0,0.1209
172630.0,0.0906
172635.0,0.1007
172640.0,0.2317
172645.0,0.0201
172650.0,0.1712
172655.0,-0.0101
172660.0,0.1410
172665.0,0.2216
172670.0,0.1511
172675.0,0.2014
172680.0,0.1410
172685.0,0.0806
172690.0,-0.0705
172695.0,-0.1007
172700.0,0.0705
172705.0,-0.2719
172710.0,0.0906
172715.0,0.0806
172720.0,0.1511
172725.0,0.1712
172730.0,0.2921
172735.0,0.1712
172740.0,0.1612
172745.0,0.0604
172750.0,0.1007
172755.0,0.0604
172760.0,0.2518
172765.0,0.0000
172770.0,0.2417
172775.0,0.0806
172780.0,0.0504
172785.0,0.2014
172790.0,0.1712
172795.0,0.2820
172800.0,0.1309
172805.0,0.1410
172810.0,0.1813
172815.0,0.0101
172820.0,0.1108
172825.0,-0.1511
172830.0,-0.3424
172835.0,-0.6648
172840.0,-0.4130
172845.0,-0.3424
172850.0,-0.5640
172855.0,-0.8964
172860.0,-0.5439
172865.0,-0.5439
172870.0,-0.1612
172875.0,-0.2115
172880.0,0.0000
172885.0,-0.0504
172890.0,0.2014
172895.0,0.0504
172900.0,0.2518
172905.0,0.0806
172910.0,0.2014
172915.0,0.1612
172920.0,0.0000
172925.0,0.1712
172930.0,0.1612
172935.0,0.2014
172940.0,0.1511
172945.0,0.0906
172950.0,0.1309
172955.0,-0.0403
172960.0,0.1712
172965.0,0.0906
172970.0,0.0906
172975.0,0.1007
172980.0,0.1108
172985.0,0.1712
172990.0,0.0403
172995.0,0.0302
173000.0,-0.1813
173005.0,-0.1914
173010.0,0.1813
173015.0,-0.0504
173020.0,0.3122
173025.0,0.0906
173030.0,0.1410
173035.0,0.2014
173040.0,0.1612
173045.0,0.1410
173050.0,0.1309
173055.0,0.0906
173060.0,0.2619
173065.0,-0.1007
173070.0,0.2216
173075.0,0.0201
173080.0,0.2518
173085.0,0.0705
173090.0,0.0604
173095.0,-0.0201
173100.0,-0.1511
173105.0,-0.1612
173110.0,-0.1914
173115.0,-0.1007
173120.0,-0.1410
173125.0,-0.5439
173130.0,-0.5237
173135.0,-0.6648
173140.0,-0.4432
173145.0,-0.5942
173150.0,-0.8460
173155.0,-1.1986
173160.0,-0.8058
173165.0,-0.8259
173170.0,-0.4029
173175.0,-0.1410
173180.0,-0.3022
173185.0,-0.3525
173190.0,-0.1511
173195.0,-0.1813
173200.0,0.1410
173205.0,0.0302
173210.0,0.1612
173215.0,-0.2115
173220.0,-0.1612
173225.0,-0.0806
173230.0,-0.1309
173235.0,-0.0705
173240.0,-0.1108
173245.0,-0.1914
173250.0,-0.0302
173255.0,-0.1612
173260.0,-0.0504
173265.0,-0.0504
173270.0,0.1712
173275.0,-0.2518
173280.0,-0.2014
173285.0,-0.3324
173290.0,-0.4633
173295.0,-0.1511
173300.0,-0.3324
173305.0,-0.4633
173310.0,-0.2921
173315.0,-0.3424
173320.0,-0.0101
173325.0,-0.2216
173330.0,0.0906
173335.0,-0.0806
173340.0,0.1309
173345.0,0.1108
173350.0,0.1209
173355.0,0.0806
173360.0,-0.1007
173365.0,-0.2115
173370.0,-0.1410
173375.0,-0.2518
173380.0,0.1914
173385.0,-0.1712
173390.0,0.0705
173395.0,-0.0906
173400.0,0.0504
173405.0,0.0806
173410.0,0.1410
173415.0,0.0806
173420.0,0.0201
173425.0,-0.5640
173430.0,-0.5237
173435.0,-0.7453
173440.0,-0.3424
173445.0,-0.5640
