timestamp_s,arousal_logit
5.0,-1.2246497869491577
10.0,-1.2344684600830078
15.0,-1.2308465242385864
20.0,-1.2290047407150269
25.0,-1.232619047164917
30.0,-1.230940818786621
35.0,-1.2280848026275635
40.0,-1.2316064834594727
45.0,-1.2322313785552979
50.0,-1.2306737899780273
55.0,-1.2321605682373047
60.0,-1.2605680227279663
65.0,-1.2321630716323853
70.0,-1.2186102867126465
75.0,-1.2456309795379639
80.0,-1.236986756324768
85.0,-1.2269362211227417
90.0,-1.2451119422912598
95.0,-1.2161571979522705
100.0,-1.2340900897979736
105.0,-1.2368848323822021
110.0,-1.2550411224365234
115.0,-1.2351620197296143
120.0,-1.2400166988372803
125.0,-1.2362241744995117
130.0,-1.2248173952102661
135.0,-1.2514784336090088
140.0,-1.2038021087646484
145.0,-1.2416892051696777
150.0,-1.2338603734970093
155.0,-1.2156084775924683
160.0,-1.2335944175720215
165.0,-1.2377221584320068
170.0,-1.2037229537963867
175.0,-1.2322598695755005
180.0,-1.2317097187042236
185.0,-1.2207146883010864
190.0,-1.1977031230926514
195.0,-1.1991667747497559
200.0,-1.2247440814971924
205.0,-1.1911810636520386
210.0,-1.2390427589416504
215.0,-1.228243350982666
220.0,-1.216736078262329
225.0,-1.2245509624481201
230.0,-1.2409751415252686
235.0,-1.2371946573257446
240.0,-1.2293047904968262
245.0,-1.2386497259140015
250.0,-1.240246057510376
255.0,-1.2219644784927368
260.0,-1.2398146390914917
265.0,-1.2154607772827148
270.0,-1.2239954471588135
275.0,-1.2286453247070312
280.0,-1.2193516492843628
285.0,-1.239839792251587
290.0,-1.23562753200531
295.0,-1.2486817836761475
300.0,-1.2275747060775757
305.0,-1.2328600883483887
310.0,-1.252523422241211
315.0,-1.2315337657928467
320.0,-1.2250953912734985
325.0,-1.2466601133346558
330.0,-1.2175287008285522
335.0,-1.2213876247406006
340.0,-1.2171945571899414
345.0,-1.2363512516021729
350.0,-1.2310181856155396
355.0,-1.2278730869293213
360.0,-1.2278026342391968
365.0,-1.2271865606307983
370.0,-1.235884428024292
375.0,-1.2325221300125122
380.0,-1.2366527318954468
385.0,-1.224189043045044
390.0,-1.2347092628479004
395.0,-1.2330317497253418
400.0,-1.24129056930542
405.0,-1.2158797979354858
410.0,-1.2268085479736328
415.0,-1.2440730333328247
420.0,-1.2252012491226196
425.0,-1.2369232177734375
430.0,-1.252278208732605
435.0,-1.2077326774597168
440.0,-1.242647647857666
445.0,-1.230199933052063
450.0,-1.245765209197998
455.0,-1.244064211845398
460.0,-1.247553825378418
465.0,-1.2483397722244263
470.0,-1.2335729598999023
475.0,-1.2547844648361206
480.0,-1.2378580570220947
485.0,-1.242121934890747
490.0,-1.2268660068511963
495.0,-1.235311508178711
500.0,-1.2219316959381104
505.0,-1.2209737300872803
510.0,-1.2424789667129517
515.0,-1.2372452020645142
520.0,-1.225853681564331
525.0,-1.2172648906707764
530.0,-1.2092657089233398
535.0,-1.21519136428833
540.0,-1.2213919162750244
545.0,-1.215928554534912
550.0,-1.2227027416229248
555.0,-1.2137336730957031
560.0,-1.2138769626617432
565.0,-1.2219669818878174
570.0,-1.2348171472549438
575.0,-1.2352683544158936
580.0,-1.2378602027893066
585.0,-1.2354531288146973
590.0,-1.2413513660430908
595.0,-1.2279225587844849
600.0,-1.247166633605957
605.0,-1.2156422138214111
610.0,-1.2470577955245972
615.0,-1.232593297958374
620.0,-1.221279263496399
625.0,-1.2273411750793457
630.0,-1.2284051179885864
635.0,-1.210126519203186
640.0,-1.2388076782226562
645.0,-1.2439625263214111
650.0,-1.2185215950012207
655.0,-1.2379279136657715
660.0,-1.2542779445648193
665.0,-1.2105154991149902
670.0,-1.217146396636963
675.0,-1.2545536756515503
680.0,-1.2182960510253906
685.0,-1.2305573225021362
690.0,-1.2488425970077515
695.0,-1.246670126914978
700.0,-1.2238450050354004
705.0,-1.2157983779907227
710.0,-1.2332041263580322
715.0,-1.23776376247406
720.0,-1.2511931657791138
725.0,-1.211631417274475
730.0,-1.2151257991790771
735.0,-1.2381157875061035
740.0,-1.2271792888641357
745.0,-1.224459171295166
750.0,-1.2553215026855469
755.0,-1.2459492683410645
760.0,-1.2356643676757812
765.0,-1.2437348365783691
770.0,-1.226279377937317
775.0,-1.243889570236206
780.0,-1.2544888257980347
785.0,-1.2068088054656982
790.0,-1.2405500411987305
795.0,-1.247575283050537
800.0,-1.1953316926956177
805.0,-1.231269121170044
810.0,-1.2342071533203125
815.0,-1.2243983745574951
820.0,-1.2360788583755493
825.0,-1.216010332107544
830.0,-1.234803557395935
835.0,-1.2285672426223755
840.0,-1.2284393310546875
845.0,-1.233980655670166
850.0,-1.2055282592773438
855.0,-1.243355393409729
860.0,-1.2182408571243286
865.0,-1.2224993705749512
870.0,-1.238440990447998
875.0,-1.2305316925048828
880.0,-1.2305911779403687
885.0,-1.2289090156555176
890.0,-1.2312147617340088
895.0,-1.214002251625061
900.0,-1.2371853590011597
905.0,-1.2370851039886475
910.0,-1.2174296379089355
915.0,-1.246957778930664
920.0,-1.2343151569366455
925.0,-1.2149120569229126
930.0,-1.2452178001403809
935.0,-1.2396034002304077
940.0,-1.2389225959777832
945.0,-1.2406878471374512
950.0,-1.2171351909637451
955.0,-1.2437431812286377
960.0,-1.2547552585601807
965.0,-1.2344624996185303
970.0,-1.2143325805664062
975.0,-1.2355200052261353
980.0,-1.2306314706802368
985.0,-1.2365450859069824
990.0,-1.2378522157669067
995.0,-1.2151169776916504
1000.0,-1.248012900352478
1005.0,-1.240673542022705
1010.0,-1.236424207687378
1015.0,-1.2407251596450806
1020.0,-1.2365522384643555
1025.0,-1.2188830375671387
1030.0,-1.2173101902008057
1035.0,-1.228895902633667
1040.0,-1.2380549907684326
1045.0,-1.2270162105560303
1050.0,-1.2355811595916748
1055.0,-1.2186098098754883
1060.0,-1.2178218364715576
1065.0,-1.2494142055511475
1070.0,-1.2170039415359497
1075.0,-1.2283183336257935
1080.0,-1.2359381914138794
1085.0,-1.22385573387146
1090.0,-1.2099885940551758
1095.0,-1.239719271659851
1100.0,-1.235696792602539
1105.0,-1.2219916582107544
1110.0,-1.2241489887237549
1115.0,-1.222458839416504
1120.0,-1.2366786003112793
1125.0,-1.2133151292800903
1130.0,-1.2323859930038452
1135.0,-1.239089846611023
1140.0,-1.2111444473266602
1145.0,-1.2504124641418457
1150.0,-1.2363221645355225
1155.0,-1.2176916599273682
1160.0,-1.2082374095916748
1165.0,-1.2175631523132324
1170.0,-1.2246909141540527
1175.0,-1.2046597003936768
1180.0,-1.2269437313079834
1185.0,-1.2347908020019531
1190.0,-1.2227215766906738
1195.0,-1.238385796546936
1200.0,-1.2589917182922363
1205.0,-1.2172198295593262
1210.0,-1.2551496028900146
1215.0,-1.245375394821167
1220.0,-1.2177118062973022
1225.0,-1.2396888732910156
1230.0,-1.227573037147522
1235.0,-1.2085437774658203
1240.0,-1.2344849109649658
1245.0,-1.2205463647842407
1250.0,-1.2155741453170776
1255.0,-1.2534741163253784
1260.0,-1.2043838500976562
1265.0,-1.2210381031036377
1270.0,-1.2721624374389648
1275.0,-1.2128615379333496
1280.0,-1.2356244325637817
1285.0,-1.224577784538269
1290.0,-1.2199710607528687
1295.0,-1.2237635850906372
1300.0,-1.22841477394104
1305.0,-1.2398645877838135
1310.0,-1.2170634269714355
1315.0,-1.2351815700531006
1320.0,-1.224001407623291
1325.0,-1.2404757738113403
1330.0,-1.2292231321334839
1335.0,-1.2389302253723145
1340.0,-1.2260665893554688
1345.0,-1.222200870513916
1350.0,-1.2367184162139893
1355.0,-1.2141923904418945
1360.0,-1.2202229499816895
1365.0,-1.2435040473937988
1370.0,-1.2354824542999268
1375.0,-1.2174975872039795
1380.0,-1.2351105213165283
1385.0,-1.2512198686599731
1390.0,-1.215752363204956
1395.0,-1.2494254112243652
1400.0,-1.230755090713501
1405.0,-1.1964044570922852
1410.0,-1.2316954135894775
1415.0,-1.2189642190933228
1420.0,-1.2067264318466187
1425.0,-1.2325290441513062
1430.0,-1.2203607559204102
1435.0,-1.2101092338562012
1440.0,-1.2499706745147705
1445.0,-1.2388510704040527
1450.0,-1.2272155284881592
1455.0,-1.2434139251708984
1460.0,-1.2396265268325806
1465.0,-1.2238876819610596
1470.0,-1.2436782121658325
1475.0,-1.251405119895935
1480.0,-1.2227187156677246
1485.0,-1.2348791360855103
1490.0,-1.246992826461792
1495.0,-1.224783182144165
1500.0,-1.221100091934204
1505.0,-1.226402997970581
1510.0,-1.2200336456298828
1515.0,-1.2268602848052979
1520.0,-1.230477213859558
1525.0,-1.220059871673584
1530.0,-1.2216923236846924
1535.0,-1.2300971746444702
1540.0,-1.2366056442260742
1545.0,-1.2175999879837036
1550.0,-1.2104156017303467
1555.0,-1.2444716691970825
1560.0,-1.204542636871338
1565.0,-1.2263048887252808
1570.0,-1.2366069555282593
1575.0,-1.2216811180114746
1580.0,-1.231406807899475
1585.0,-1.223886489868164
1590.0,-1.2339720726013184
1595.0,-1.234545350074768
1600.0,-1.2353297472000122
1605.0,-1.2257459163665771
1610.0,-1.2315566539764404
1615.0,-1.2321356534957886
1620.0,-1.221697449684143
1625.0,-1.2117153406143188
1630.0,-1.2327073812484741
1635.0,-1.2026039361953735
1640.0,-1.2360694408416748
1645.0,-1.233551263809204
1650.0,-1.2073185443878174
1655.0,-1.2466466426849365
1660.0,-1.212986707687378
1665.0,-1.2252827882766724
1670.0,-1.2519572973251343
1675.0,-1.2351775169372559
1680.0,-1.2223682403564453
1685.0,-1.2289854288101196
1690.0,-1.245585560798645
1695.0,-1.2268474102020264
1700.0,-1.2263572216033936
1705.0,-1.2562973499298096
1710.0,-1.2347294092178345
1715.0,-1.2181072235107422
1720.0,-1.2348606586456299
1725.0,-1.241941213607788
1730.0,-1.2243833541870117
1735.0,-1.2323541641235352
1740.0,-1.2246054410934448
1745.0,-1.2349590063095093
1750.0,-1.2329657077789307
1755.0,-1.2130730152130127
1760.0,-1.2515432834625244
1765.0,-1.254499912261963
1770.0,-1.2258203029632568
1775.0,-1.2248854637145996
1780.0,-1.2253323793411255
1785.0,-1.2294228076934814
1790.0,-1.2223023176193237
1795.0,-1.2256380319595337
1800.0,-1.2404224872589111
1805.0,-1.2229158878326416
1810.0,-1.2189984321594238
1815.0,-1.2157604694366455
1820.0,-1.2301536798477173
1825.0,-1.236342191696167
1830.0,-1.2388834953308105
1835.0,-1.2450404167175293
1840.0,-1.2315889596939087
1845.0,-1.2114036083221436
1850.0,-1.224898338317871
1855.0,-1.2468616962432861
1860.0,-1.2361977100372314
1865.0,-1.255556344985962
1870.0,-1.247247338294983
1875.0,-1.208251714706421
1880.0,-1.2215783596038818
1885.0,-1.242516279220581
1890.0,-1.2428176403045654
1895.0,-1.2393672466278076
1900.0,-1.2471561431884766
1905.0,-1.2507386207580566
1910.0,-1.2138104438781738
1915.0,-1.231752872467041
1920.0,-1.260579228401184
1925.0,-1.2391972541809082
1930.0,-1.221280574798584
1935.0,-1.2406378984451294
1940.0,-1.224770426750183
1945.0,-1.2099828720092773
1950.0,-1.2269186973571777
1955.0,-1.2138184309005737
1960.0,-1.2309719324111938
1965.0,-1.2409456968307495
1970.0,-1.234561800956726
1975.0,-1.2388060092926025
1980.0,-1.257251501083374
1985.0,-1.2243077754974365
1990.0,-1.2178258895874023
1995.0,-1.227825403213501
2000.0,-1.244323968887329
2005.0,-1.2142215967178345
2010.0,-1.2366195917129517
2015.0,-1.223990559577942
2020.0,-1.2179018259048462
2025.0,-1.2314621210098267
2030.0,-1.2490286827087402
2035.0,-1.2342196702957153
2040.0,-1.2522261142730713
2045.0,-1.2190935611724854
2050.0,-1.1883106231689453
2055.0,-1.2295660972595215
2060.0,-1.252880573272705
2065.0,-1.2344889640808105
2070.0,-1.239031434059143
2075.0,-1.2484769821166992
2080.0,-1.2017168998718262
2085.0,-1.2140936851501465
2090.0,-1.231825590133667
2095.0,-1.2368680238723755
2100.0,-1.2189531326293945
2105.0,-1.232056736946106
2110.0,-1.2293081283569336
2115.0,-1.2299648523330688
2120.0,-1.2229268550872803
2125.0,-1.2479244470596313
2130.0,-1.246473789215088
2135.0,-1.229811191558838
2140.0,-1.2076338529586792
2145.0,-1.2308098077774048
2150.0,-1.2397377490997314
2155.0,-1.2372187376022339
2160.0,-1.2225289344787598
2165.0,-1.2465133666992188
2170.0,-1.2450467348098755
2175.0,-1.2070872783660889
2180.0,-1.231316089630127
2185.0,-1.2608132362365723
2190.0,-1.204956293106079
2195.0,-1.2147364616394043
2200.0,-1.2368474006652832
2205.0,-1.212028980255127
2210.0,-1.2404239177703857
2215.0,-1.224400520324707
2220.0,-1.2260544300079346
2225.0,-1.2232871055603027
2230.0,-1.215174674987793
2235.0,-1.2350084781646729
2240.0,-1.2443115711212158
2245.0,-1.2330501079559326
2250.0,-1.2526586055755615
2255.0,-1.2165205478668213
2260.0,-1.2287728786468506
2265.0,-1.2571855783462524
2270.0,-1.2022111415863037
2275.0,-1.219948649406433
2280.0,-1.2646217346191406
2285.0,-1.2083053588867188
2290.0,-1.2121797800064087
2295.0,-1.2395328283309937
2300.0,-1.2229387760162354
2305.0,-1.2362908124923706
2310.0,-1.2305190563201904
2315.0,-1.2543768882751465
2320.0,-1.237777590751648
2325.0,-1.2122457027435303
2330.0,-1.2325211763381958
2335.0,-1.2269617319107056
2340.0,-1.236454725265503
2345.0,-1.2283879518508911
2350.0,-1.2135981321334839
2355.0,-1.2403719425201416
2360.0,-1.2397608757019043
2365.0,-1.2113709449768066
2370.0,-1.2297420501708984
2375.0,-1.2510541677474976
2380.0,-1.2377121448516846
2385.0,-1.2334789037704468
2390.0,-1.2223944664001465
2395.0,-1.2291879653930664
2400.0,-1.2108497619628906
2405.0,-1.2325782775878906
2410.0,-1.2334754467010498
2415.0,-1.2276796102523804
2420.0,-1.2297203540802002
2425.0,-1.1917625665664673
2430.0,-1.2415666580200195
2435.0,-1.2537083625793457
2440.0,-1.205033779144287
2445.0,-1.235999345779419
2450.0,-1.2366853952407837
2455.0,-1.2108756303787231
2460.0,-1.2373219728469849
2465.0,-1.2192202806472778
2470.0,-1.2222564220428467
2475.0,-1.2300448417663574
2480.0,-1.2209028005599976
2485.0,-1.229386806488037
2490.0,-1.24248206615448
2495.0,-1.22275972366333
2500.0,-1.2367403507232666
2505.0,-1.241059422492981
2510.0,-1.2300019264221191
2515.0,-1.2269612550735474
2520.0,-1.2372565269470215
2525.0,-1.2491118907928467
2530.0,-1.2220269441604614
2535.0,-1.23796808719635
2540.0,-1.255091905593872
2545.0,-1.2191742658615112
2550.0,-1.2379953861236572
2555.0,-1.2374680042266846
2560.0,-1.223947286605835
2565.0,-1.2234846353530884
2570.0,-1.2388107776641846
2575.0,-1.2213557958602905
2580.0,-1.224096655845642
2585.0,-1.240352749824524
2590.0,-1.2410809993743896
2595.0,-1.2487974166870117
2600.0,-1.2210948467254639
2605.0,-1.2236227989196777
2610.0,-1.228036642074585
2615.0,-1.2370203733444214
2620.0,-1.2098419666290283
2625.0,-1.218073844909668
2630.0,-1.2385225296020508
2635.0,-1.22249174118042
2640.0,-1.2139551639556885
2645.0,-1.2089259624481201
2650.0,-1.2206659317016602
2655.0,-1.217397928237915
2660.0,-1.1791188716888428
2665.0,-1.2225756645202637
2670.0,-1.2333475351333618
2675.0,-1.1843690872192383
2680.0,-1.2268608808517456
2685.0,-1.237991452217102
2690.0,-1.2404003143310547
2695.0,-1.2337175607681274
2700.0,-1.2327131032943726
2705.0,-1.2433465719223022
2710.0,-1.2117165327072144
2715.0,-1.230112075805664
2720.0,-1.2550216913223267
2725.0,-1.2006299495697021
2730.0,-1.2390111684799194
2735.0,-1.2490121126174927
2740.0,-1.2089638710021973
2745.0,-1.2354274988174438
2750.0,-1.2465941905975342
2755.0,-1.2163885831832886
2760.0,-1.2071444988250732
2765.0,-1.2322508096694946
2770.0,-1.2396540641784668
2775.0,-1.242323398590088
2780.0,-1.2067594528198242
2785.0,-1.2169311046600342
2790.0,-1.2199872732162476
2795.0,-1.2150996923446655
2800.0,-1.2264639139175415
2805.0,-1.2155704498291016
2810.0,-1.2403619289398193
2815.0,-1.2246959209442139
2820.0,-1.2417418956756592
2825.0,-1.2378276586532593
2830.0,-1.241623044013977
2835.0,-1.2438137531280518
2840.0,-1.2479064464569092
2845.0,-1.1986138820648193
2850.0,-1.2124035358428955
2855.0,-1.223680853843689
2860.0,-1.2059775590896606
2865.0,-1.2270890474319458
2870.0,-1.2156639099121094
2875.0,-1.2194910049438477
2880.0,-1.2119171619415283
2885.0,-1.2223806381225586
2890.0,-1.2373014688491821
2895.0,-1.2570595741271973
2900.0,-1.2336395978927612
2905.0,-1.2354638576507568
2910.0,-1.2145392894744873
2915.0,-1.2296311855316162
2920.0,-1.22981595993042
2925.0,-1.2184773683547974
2930.0,-1.2306044101715088
2935.0,-1.2264018058776855
2940.0,-1.2264704704284668
2945.0,-1.229435920715332
2950.0,-1.2199807167053223
2955.0,-1.2398571968078613
2960.0,-1.2595374584197998
2965.0,-1.2385013103485107
2970.0,-1.2298016548156738
2975.0,-1.2516170740127563
2980.0,-1.2443829774856567
2985.0,-1.2307939529418945
2990.0,-1.2565076351165771
2995.0,-1.2133591175079346
3000.0,-1.2068402767181396
3005.0,-1.2504854202270508
3010.0,-1.2173261642456055
3015.0,-1.223246455192566
3020.0,-1.2624952793121338
3025.0,-1.209350824356079
3030.0,-1.2346751689910889
3035.0,-1.2458351850509644
3040.0,-1.2239404916763306
3045.0,-1.244462490081787
3050.0,-1.24661386013031
3055.0,-1.2220104932785034
3060.0,-1.2206498384475708
3065.0,-1.2446109056472778
3070.0,-1.2163581848144531
3075.0,-1.2252914905548096
3080.0,-1.2418546676635742
3085.0,-1.219509243965149
3090.0,-1.2197332382202148
3095.0,-1.234797716140747
3100.0,-1.221118450164795
3105.0,-1.2298777103424072
3110.0,-1.2333905696868896
3115.0,-1.244873046875
3120.0,-1.2148778438568115
3125.0,-1.2452926635742188
3130.0,-1.2500885725021362
3135.0,-1.234145164489746
3140.0,-1.234748363494873
3145.0,-1.2421894073486328
3150.0,-1.2448935508728027
3155.0,-1.2235934734344482
3160.0,-1.2323377132415771
3165.0,-1.2363569736480713
3170.0,-1.221418857574463
3175.0,-1.2197966575622559
3180.0,-1.2218914031982422
3185.0,-1.2364251613616943
3190.0,-1.234325647354126
3195.0,-1.2194193601608276
3200.0,-1.225252628326416
3205.0,-1.2267041206359863
3210.0,-1.197402000427246
3215.0,-1.2121139764785767
3220.0,-1.2134616374969482
3225.0,-1.2337594032287598
3230.0,-1.2306294441223145
3235.0,-1.2004492282867432
3240.0,-1.2319574356079102
3245.0,-1.2364392280578613
3250.0,-1.2342867851257324
3255.0,-1.2519361972808838
3260.0,-1.2231879234313965
3265.0,-1.2279728651046753
3270.0,-1.226175308227539
3275.0,-1.2083262205123901
3280.0,-1.2429279088974
3285.0,-1.2489603757858276
3290.0,-1.206620693206787
3295.0,-1.2270150184631348
3300.0,-1.241520643234253
3305.0,-1.2071504592895508
3310.0,-1.2405098676681519
3315.0,-1.2331984043121338
3320.0,-1.2179086208343506
3325.0,-1.24594247341156
3330.0,-1.2354679107666016
3335.0,-1.2293522357940674
3340.0,-1.2644546031951904
3345.0,-1.2383191585540771
3350.0,-1.2331035137176514
3355.0,-1.260379672050476
3360.0,-1.245854377746582
3365.0,-1.2367703914642334
3370.0,-1.2268266677856445
3375.0,-1.2368313074111938
3380.0,-1.2438369989395142
3385.0,-1.2280011177062988
3390.0,-1.2321860790252686
3395.0,-1.2434650659561157
3400.0,-1.2241746187210083
3405.0,-1.2309632301330566
3410.0,-1.2276723384857178
3415.0,-1.2381471395492554
3420.0,-1.2297027111053467
3425.0,-1.2091478109359741
3430.0,-1.237994909286499
3435.0,-1.2232738733291626
3440.0,-1.2082849740982056
3445.0,-1.2443983554840088
3450.0,-1.224932074546814
3455.0,-1.2286274433135986
3460.0,-1.243390440940857
3465.0,-1.2099957466125488
3470.0,-1.2394194602966309
3475.0,-1.2367216348648071
3480.0,-1.213897466659546
3485.0,-1.2538564205169678
3490.0,-1.2180309295654297
3495.0,-1.218925952911377
3500.0,-1.2286919355392456
3505.0,-1.1983771324157715
3510.0,-1.2349839210510254
3515.0,-1.2547742128372192
3520.0,-1.2256101369857788
3525.0,-1.2473582029342651
3530.0,-1.2389516830444336
3535.0,-1.242876410484314
3540.0,-1.234802007675171
3545.0,-1.2247512340545654
3550.0,-1.2481224536895752
3555.0,-1.2258484363555908
3560.0,-1.2094683647155762
3565.0,-1.235406756401062
3570.0,-1.2351818084716797
3575.0,-1.223695993423462
3580.0,-1.2243467569351196
3585.0,-1.2251267433166504
3590.0,-1.2340364456176758
3595.0,-1.2313923835754395
3600.0,-1.2369616031646729
3605.0,-1.2237467765808105
3610.0,-1.2510945796966553
3615.0,-1.2237128019332886
3620.0,-1.2455253601074219
3625.0,-1.2543036937713623
3630.0,-1.227617621421814
3635.0,-1.2336831092834473
3640.0,-1.2633973360061646
3645.0,-1.2078176736831665
3650.0,-1.2246551513671875
3655.0,-1.2328073978424072
3660.0,-1.2069013118743896
3665.0,-1.227961540222168
3670.0,-1.2281920909881592
3675.0,-1.212205410003662
3680.0,-1.2278584241867065
3685.0,-1.2338926792144775
3690.0,-1.2145533561706543
3695.0,-1.2314668893814087
3700.0,-1.250870704650879
3705.0,-1.2334743738174438
3710.0,-1.2175346612930298
3715.0,-1.2497670650482178
3720.0,-1.2367980480194092
3725.0,-1.229047179222107
3730.0,-1.2393836975097656
3735.0,-1.2097194194793701
3740.0,-1.2460529804229736
3745.0,-1.2314975261688232
3750.0,-1.2367472648620605
3755.0,-1.2644460201263428
3760.0,-1.2265944480895996
3765.0,-1.2181715965270996
3770.0,-1.2404909133911133
3775.0,-1.2328778505325317
3780.0,-1.2466826438903809
3785.0,-1.2576227188110352
3790.0,-1.215958833694458
3795.0,-1.2270171642303467
3800.0,-1.2483384609222412
3805.0,-1.2083996534347534
3810.0,-1.2334613800048828
3815.0,-1.263934850692749
3820.0,-1.2009491920471191
3825.0,-1.2167282104492188
3830.0,-1.2509599924087524
3835.0,-1.2076027393341064
3840.0,-1.226829171180725
3845.0,-1.242363691329956
3850.0,-1.2424752712249756
3855.0,-1.2117652893066406
3860.0,-1.242236614227295
3865.0,-1.246913194656372
3870.0,-1.2207517623901367
3875.0,-1.2344036102294922
3880.0,-1.2486404180526733
3885.0,-1.218171238899231
3890.0,-1.23598051071167
3895.0,-1.2397985458374023
3900.0,-1.2346185445785522
3905.0,-1.236119031906128
3910.0,-1.2094393968582153
3915.0,-1.247802972793579
3920.0,-1.2370668649673462
3925.0,-1.2270872592926025
3930.0,-1.2415708303451538
3935.0,-1.2385728359222412
3940.0,-1.2171046733856201
3945.0,-1.2490875720977783
3950.0,-1.2360210418701172
3955.0,-1.2313650846481323
3960.0,-1.2450425624847412
3965.0,-1.229490041732788
3970.0,-1.2443797588348389
3975.0,-1.2333881855010986
3980.0,-1.234314203262329
3985.0,-1.249108076095581
3990.0,-1.234184980392456
3995.0,-1.2137444019317627
4000.0,-1.249537706375122
4005.0,-1.2268345355987549
4010.0,-1.2199541330337524
4015.0,-1.2500337362289429
4020.0,-1.2307226657867432
4025.0,-1.224218726158142
4030.0,-1.2500118017196655
4035.0,-1.2357784509658813
4040.0,-1.2276005744934082
4045.0,-1.2397898435592651
4050.0,-1.2245897054672241
4055.0,-1.2322428226470947
4060.0,-1.2312631607055664
4065.0,-1.2381947040557861
4070.0,-1.2340233325958252
4075.0,-1.230616807937622
4080.0,-1.219336986541748
4085.0,-1.2350423336029053
4090.0,-1.2452392578125
4095.0,-1.2274668216705322
4100.0,-1.2407493591308594
4105.0,-1.23256254196167
4110.0,-1.2059370279312134
4115.0,-1.210139513015747
4120.0,-1.2496583461761475
4125.0,-1.2288402318954468
4130.0,-1.2145731449127197
4135.0,-1.2219902276992798
4140.0,-1.222843050956726
4145.0,-1.2287814617156982
4150.0,-1.2271597385406494
4155.0,-1.2179802656173706
4160.0,-1.2244722843170166
4165.0,-1.2539622783660889
4170.0,-1.1952635049819946
4175.0,-1.2277469635009766
4180.0,-1.254433274269104
4185.0,-1.2052388191223145
4190.0,-1.2346704006195068
4195.0,-1.2557854652404785
4200.0,-1.1903715133666992
4205.0,-1.2373149394989014
4210.0,-1.2394973039627075
4215.0,-1.1887757778167725
4220.0,-1.2494840621948242
4225.0,-1.2363026142120361
4230.0,-1.211692214012146
4235.0,-1.2349169254302979
4240.0,-1.2366092205047607
4245.0,-1.2258394956588745
4250.0,-1.2458604574203491
4255.0,-1.2132213115692139
4260.0,-1.2257591485977173
4265.0,-1.2390438318252563
4270.0,-1.2261096239089966
4275.0,-1.227121114730835
4280.0,-1.230945348739624
4285.0,-1.224181056022644
4290.0,-1.2277028560638428
4295.0,-1.2360963821411133
4300.0,-1.2228078842163086
4305.0,-1.2287746667861938
4310.0,-1.2424566745758057
4315.0,-1.2271182537078857
4320.0,-1.2196348905563354
4325.0,-1.2431080341339111
4330.0,-1.2316043376922607
4335.0,-1.2242690324783325
4340.0,-1.244999647140503
4345.0,-1.2267765998840332
4350.0,-1.2352542877197266
4355.0,-1.2392334938049316
4360.0,-1.2245073318481445
4365.0,-1.2406296730041504
4370.0,-1.2476463317871094
4375.0,-1.2001996040344238
4380.0,-1.2408868074417114
4385.0,-1.2274081707000732
4390.0,-1.2011470794677734
4395.0,-1.2566158771514893
4400.0,-1.2217004299163818
4405.0,-1.2191029787063599
4410.0,-1.2368109226226807
4415.0,-1.230602741241455
4420.0,-1.2267569303512573
4425.0,-1.2338792085647583
4430.0,-1.2354233264923096
4435.0,-1.2306413650512695
4440.0,-1.2035033702850342
4445.0,-1.2335292100906372
4450.0,-1.2218598127365112
4455.0,-1.222461462020874
4460.0,-1.2373073101043701
4465.0,-1.2268677949905396
4470.0,-1.212226390838623
4475.0,-1.237936019897461
4480.0,-1.2208460569381714
4485.0,-1.2368757724761963
4490.0,-1.2381638288497925
4495.0,-1.232999324798584
4500.0,-1.2461040019989014
4505.0,-1.2451192140579224
4510.0,-1.2239594459533691
4515.0,-1.2395727634429932
4520.0,-1.252824306488037
4525.0,-1.2116755247116089
4530.0,-1.2385878562927246
4535.0,-1.2244038581848145
4540.0,-1.2373422384262085
4545.0,-1.2307360172271729
4550.0,-1.2288129329681396
4555.0,-1.2285913228988647
4560.0,-1.2463805675506592
4565.0,-1.2219812870025635
4570.0,-1.2329877614974976
4575.0,-1.2602221965789795
4580.0,-1.2186388969421387
4585.0,-1.220414161682129
4590.0,-1.2398841381072998
4595.0,-1.214517593383789
4600.0,-1.261519193649292
4605.0,-1.2119486331939697
4610.0,-1.228271245956421
4615.0,-1.255685806274414
4620.0,-1.2081283330917358
4625.0,-1.245492696762085
4630.0,-1.2666736841201782
4635.0,-1.1970840692520142
4640.0,-1.244606614112854
4645.0,-1.2407212257385254
4650.0,-1.2122995853424072
4655.0,-1.2552008628845215
4660.0,-1.2198861837387085
4665.0,-1.232055902481079
4670.0,-1.2432196140289307
4675.0,-1.225391149520874
4680.0,-1.23834228515625
4685.0,-1.2430466413497925
4690.0,-1.207549810409546
4695.0,-1.2382190227508545
4700.0,-1.2254807949066162
4705.0,-1.199276089668274
4710.0,-1.2558152675628662
4715.0,-1.2271168231964111
4720.0,-1.218565821647644
4725.0,-1.232366919517517
4730.0,-1.2360445261001587
4735.0,-1.2265926599502563
4740.0,-1.2274374961853027
4745.0,-1.2275114059448242
4750.0,-1.2316111326217651
4755.0,-1.223392128944397
4760.0,-1.2225658893585205
4765.0,-1.2193207740783691
4770.0,-1.249997615814209
4775.0,-1.216826319694519
4780.0,-1.2219922542572021
4785.0,-1.2323060035705566
4790.0,-1.2177774906158447
4795.0,-1.2482917308807373
4800.0,-1.2433156967163086
4805.0,-1.220938801765442
4810.0,-1.2435171604156494
4815.0,-1.2129406929016113
4820.0,-1.2336094379425049
4825.0,-1.255826473236084
4830.0,-1.2112445831298828
4835.0,-1.2442584037780762
4840.0,-1.2421575784683228
4845.0,-1.2048031091690063
4850.0,-1.2289719581604004
4855.0,-1.2627582550048828
4860.0,-1.2058223485946655
4865.0,-1.2288520336151123
4870.0,-1.2448822259902954
4875.0,-1.2012102603912354
4880.0,-1.2486605644226074
4885.0,-1.2470170259475708
4890.0,-1.2114689350128174
4895.0,-1.2313721179962158
4900.0,-1.2364472150802612
4905.0,-1.2097779512405396
4910.0,-1.2430946826934814
4915.0,-1.2411551475524902
4920.0,-1.219791293144226
4925.0,-1.2409898042678833
4930.0,-1.2277576923370361
4935.0,-1.2268801927566528
4940.0,-1.245571494102478
4945.0,-1.2440917491912842
4950.0,-1.2269983291625977
4955.0,-1.2306487560272217
4960.0,-1.230283498764038
4965.0,-1.2189607620239258
4970.0,-1.2508493661880493
4975.0,-1.2348536252975464
4980.0,-1.2124223709106445
4985.0,-1.23344087600708
4990.0,-1.231924057006836
4995.0,-1.219949722290039
5000.0,-1.2609190940856934
5005.0,-1.2200367450714111
5010.0,-1.2305580377578735
5015.0,-1.2469288110733032
5020.0,-1.2238590717315674
5025.0,-1.232871413230896
5030.0,-1.2418133020401
5035.0,-1.2231992483139038
5040.0,-1.221470832824707
5045.0,-1.2466305494308472
5050.0,-1.2289601564407349
5055.0,-1.212205410003662
5060.0,-1.254387617111206
5065.0,-1.2257959842681885
5070.0,-1.229707956314087
5075.0,-1.246989369392395
5080.0,-1.2000617980957031
5085.0,-1.242992639541626
5090.0,-1.2503435611724854
5095.0,-1.1965560913085938
5100.0,-1.2412165403366089
5105.0,-1.2367039918899536
5110.0,-1.2173254489898682
5115.0,-1.2633440494537354
5120.0,-1.2245084047317505
5125.0,-1.220128059387207
5130.0,-1.2595611810684204
5135.0,-1.216219186782837
5140.0,-1.21720290184021
5145.0,-1.276055932044983
5150.0,-1.2166813611984253
5155.0,-1.215590476989746
5160.0,-1.2491265535354614
5165.0,-1.2047505378723145
5170.0,-1.230296015739441
5175.0,-1.241513729095459
5180.0,-1.218727469444275
5185.0,-1.22589111328125
5190.0,-1.2429182529449463
5195.0,-1.2346073389053345
5200.0,-1.224581003189087
5205.0,-1.2530831098556519
5210.0,-1.2330487966537476
5215.0,-1.2097307443618774
5220.0,-1.226769208908081
5225.0,-1.2288624048233032
5230.0,-1.2380502223968506
5235.0,-1.2208778858184814
5240.0,-1.2173422574996948
5245.0,-1.242910623550415
5250.0,-1.2246546745300293
5255.0,-1.2100598812103271
5260.0,-1.2471683025360107
5265.0,-1.2399619817733765
5270.0,-1.2259761095046997
5275.0,-1.2342770099639893
5280.0,-1.2226500511169434
5285.0,-1.2330660820007324
5290.0,-1.2399044036865234
5295.0,-1.2260782718658447
5300.0,-1.2381395101547241
5305.0,-1.2362865209579468
5310.0,-1.2110280990600586
5315.0,-1.2244327068328857
5320.0,-1.24183988571167
5325.0,-1.232666015625
5330.0,-1.2262200117111206
5335.0,-1.2232069969177246
5340.0,-1.2380934953689575
5345.0,-1.2142963409423828
5350.0,-1.2353010177612305
5355.0,-1.2296252250671387
5360.0,-1.228978157043457
5365.0,-1.2339627742767334
5370.0,-1.2202067375183105
5375.0,-1.2222261428833008
5380.0,-1.2482590675354004
5385.0,-1.2333650588989258
5390.0,-1.2275229692459106
5395.0,-1.2509028911590576
5400.0,-1.2285945415496826
5405.0,-1.229767084121704
5410.0,-1.2605715990066528
5415.0,-1.2173409461975098
5420.0,-1.2209410667419434
5425.0,-1.2483559846878052
5430.0,-1.2036800384521484
5435.0,-1.2492817640304565
5440.0,-1.2232307195663452
5445.0,-1.2146618366241455
5450.0,-1.2374728918075562
5455.0,-1.2175085544586182
5460.0,-1.239578366279602
5465.0,-1.2441753149032593
5470.0,-1.207433819770813
5475.0,-1.2069517374038696
5480.0,-1.2417534589767456
5485.0,-1.2240333557128906
5490.0,-1.2217705249786377
5495.0,-1.215005874633789
5500.0,-1.2332775592803955
5505.0,-1.215632677078247
5510.0,-1.2171099185943604
5515.0,-1.2342019081115723
5520.0,-1.238241195678711
5525.0,-1.234136700630188
5530.0,-1.2305550575256348
5535.0,-1.2304697036743164
5540.0,-1.2476650476455688
5545.0,-1.2207152843475342
5550.0,-1.2326762676239014
5555.0,-1.2380857467651367
5560.0,-1.2221717834472656
5565.0,-1.2315016984939575
5570.0,-1.2326852083206177
5575.0,-1.224400520324707
5580.0,-1.2176241874694824
5585.0,-1.243857741355896
5590.0,-1.234199047088623
5595.0,-1.2089693546295166
5600.0,-1.2255043983459473
5605.0,-1.2653172016143799
5610.0,-1.203181266784668
5615.0,-1.250009298324585
5620.0,-1.2547563314437866
5625.0,-1.2167943716049194
5630.0,-1.2315711975097656
5635.0,-1.232978343963623
5640.0,-1.2295002937316895
5645.0,-1.2314965724945068
5650.0,-1.2181496620178223
5655.0,-1.2532682418823242
5660.0,-1.2130035161972046
5665.0,-1.2329704761505127
5670.0,-1.2526370286941528
5675.0,-1.2211560010910034
5680.0,-1.2366669178009033
5685.0,-1.2295451164245605
5690.0,-1.2113142013549805
5695.0,-1.2339287996292114
5700.0,-1.2379119396209717
5705.0,-1.216707468032837
5710.0,-1.2439396381378174
5715.0,-1.2282414436340332
5720.0,-1.235543966293335
5725.0,-1.2139661312103271
5730.0,-1.2378413677215576
5735.0,-1.236016035079956
5740.0,-1.2240408658981323
5745.0,-1.2250516414642334
5750.0,-1.2513861656188965
5755.0,-1.2213529348373413
5760.0,-1.2163825035095215
5765.0,-1.2509113550186157
5770.0,-1.2370556592941284
5775.0,-1.2249033451080322
5780.0,-1.2213306427001953
5785.0,-1.2312781810760498
5790.0,-1.2312421798706055
5795.0,-1.228309154510498
5800.0,-1.2278099060058594
5805.0,-1.2489681243896484
5810.0,-1.217791199684143
5815.0,-1.221801996231079
5820.0,-1.2449132204055786
5825.0,-1.2366485595703125
5830.0,-1.2005817890167236
5835.0,-1.2421549558639526
5840.0,-1.242893934249878
5845.0,-1.2167258262634277
5850.0,-1.233426570892334
5855.0,-1.2476789951324463
5860.0,-1.2241147756576538
5865.0,-1.2284817695617676
5870.0,-1.236479640007019
5875.0,-1.2400497198104858
5880.0,-1.2209393978118896
5885.0,-1.2420787811279297
5890.0,-1.2483842372894287
5895.0,-1.2293634414672852
5900.0,-1.2168738842010498
5905.0,-1.2358636856079102
5910.0,-1.2243146896362305
5915.0,-1.2205613851547241
5920.0,-1.2481112480163574
5925.0,-1.224395990371704
5930.0,-1.2264413833618164
5935.0,-1.2279024124145508
5940.0,-1.2269800901412964
5945.0,-1.2309961318969727
5950.0,-1.236027479171753
5955.0,-1.2200124263763428
5960.0,-1.2301827669143677
5965.0,-1.2323126792907715
5970.0,-1.2333872318267822
5975.0,-1.2298791408538818
5980.0,-1.236336588859558
5985.0,-1.221472978591919
5990.0,-1.2281488180160522
5995.0,-1.2310152053833008
6000.0,-1.230584979057312
6005.0,-1.2372267246246338
6010.0,-1.2276926040649414
6015.0,-1.2370846271514893
6020.0,-1.2355523109436035
6025.0,-1.2186967134475708
6030.0,-1.2415995597839355
6035.0,-1.2327500581741333
6040.0,-1.2369587421417236
6045.0,-1.2332422733306885
6050.0,-1.2221193313598633
6055.0,-1.2284601926803589
6060.0,-1.2428433895111084
6065.0,-1.2340962886810303
6070.0,-1.238574743270874
6075.0,-1.2293709516525269
6080.0,-1.2152574062347412
6085.0,-1.2312042713165283
6090.0,-1.2464935779571533
6095.0,-1.216508388519287
6100.0,-1.2234655618667603
6105.0,-1.2408339977264404
6110.0,-1.208761215209961
6115.0,-1.226511001586914
6120.0,-1.2385046482086182
6125.0,-1.237492322921753
6130.0,-1.224786400794983
6135.0,-1.2445510625839233
6140.0,-1.2262358665466309
6145.0,-1.250036597251892
6150.0,-1.2297275066375732
6155.0,-1.2275773286819458
6160.0,-1.2501757144927979
6165.0,-1.2311939001083374
6170.0,-1.2276229858398438
6175.0,-1.2409100532531738
6180.0,-1.2169697284698486
6185.0,-1.230887770652771
6190.0,-1.2597960233688354
6195.0,-1.2112787961959839
6200.0,-1.2444053888320923
6205.0,-1.2359399795532227
6210.0,-1.2209229469299316
6215.0,-1.225378155708313
6220.0,-1.2485089302062988
6225.0,-1.2178130149841309
6230.0,-1.2210123538970947
6235.0,-1.2261102199554443
6240.0,-1.2300329208374023
6245.0,-1.2408812046051025
6250.0,-1.2404530048370361
6255.0,-1.2209535837173462
6260.0,-1.2446893453598022
6265.0,-1.2399952411651611
6270.0,-1.2124593257904053
6275.0,-1.2548714876174927
6280.0,-1.2322720289230347
6285.0,-1.2119512557983398
6290.0,-1.2264907360076904
6295.0,-1.2410480976104736
6300.0,-1.214625597000122
6305.0,-1.2476050853729248
6310.0,-1.2494276762008667
6315.0,-1.2162166833877563
6320.0,-1.226136565208435
6325.0,-1.246203064918518
6330.0,-1.2283308506011963
6335.0,-1.222408413887024
6340.0,-1.2320902347564697
6345.0,-1.227907419204712
6350.0,-1.2337315082550049
6355.0,-1.2196694612503052
6360.0,-1.2235487699508667
6365.0,-1.231266975402832
6370.0,-1.2069190740585327
6375.0,-1.1985101699829102
6380.0,-1.2456085681915283
6385.0,-1.1974295377731323
6390.0,-1.2286568880081177
6395.0,-1.2529884576797485
6400.0,-1.218862533569336
6405.0,-1.2132651805877686
6410.0,-1.2397141456604004
6415.0,-1.2286372184753418
6420.0,-1.2330362796783447
6425.0,-1.236986756324768
6430.0,-1.221101999282837
6435.0,-1.2349300384521484
6440.0,-1.227083444595337
6445.0,-1.232622742652893
6450.0,-1.2499862909317017
6455.0,-1.2256085872650146
6460.0,-1.219712734222412
6465.0,-1.2402704954147339
6470.0,-1.2343900203704834
6475.0,-1.2214921712875366
6480.0,-1.2435269355773926
6485.0,-1.22562837600708
6490.0,-1.2342774868011475
6495.0,-1.2327969074249268
6500.0,-1.2382144927978516
6505.0,-1.232657790184021
6510.0,-1.241881251335144
6515.0,-1.2277274131774902
6520.0,-1.2310272455215454
6525.0,-1.223982334136963
6530.0,-1.224664330482483
6535.0,-1.2247393131256104
6540.0,-1.2340977191925049
6545.0,-1.2254352569580078
6550.0,-1.22069251537323
6555.0,-1.2446337938308716
6560.0,-1.2399131059646606
6565.0,-1.220582365989685
6570.0,-1.2340385913848877
6575.0,-1.2500998973846436
6580.0,-1.212026834487915
6585.0,-1.2218542098999023
6590.0,-1.2481797933578491
6595.0,-1.2387521266937256
6600.0,-1.2187930345535278
6605.0,-1.2345309257507324
6610.0,-1.2388954162597656
6615.0,-1.2261511087417603
6620.0,-1.2430590391159058
6625.0,-1.2354094982147217
6630.0,-1.2220603227615356
6635.0,-1.2362465858459473
6640.0,-1.2313179969787598
6645.0,-1.2183916568756104
6650.0,-1.2466200590133667
6655.0,-1.2047852277755737
6660.0,-1.2224904298782349
6665.0,-1.2264213562011719
6670.0,-1.2191624641418457
6675.0,-1.234472393989563
6680.0,-1.2290065288543701
6685.0,-1.230448842048645
6690.0,-1.228361964225769
6695.0,-1.2245187759399414
6700.0,-1.231400489807129
6705.0,-1.2404954433441162
6710.0,-1.216904878616333
6715.0,-1.2405362129211426
6720.0,-1.2125442028045654
6725.0,-1.241953730583191
6730.0,-1.2530235052108765
6735.0,-1.2190874814987183
6740.0,-1.2442452907562256
6745.0,-1.253608226776123
6750.0,-1.2171911001205444
6755.0,-1.2287805080413818
6760.0,-1.234708309173584
6765.0,-1.2031253576278687
6770.0,-1.2340065240859985
6775.0,-1.2169872522354126
6780.0,-1.209019660949707
6785.0,-1.252506971359253
6790.0,-1.2248705625534058
6795.0,-1.2269457578659058
6800.0,-1.2338311672210693
6805.0,-1.2393125295639038
6810.0,-1.2288038730621338
6815.0,-1.2004802227020264
6820.0,-1.2507176399230957
6825.0,-1.2268532514572144
6830.0,-1.2071967124938965
6835.0,-1.2483651638031006
6840.0,-1.2282791137695312
6845.0,-1.23439621925354
6850.0,-1.2446002960205078
6855.0,-1.2317249774932861
6860.0,-1.22378671169281
6865.0,-1.2352877855300903
6870.0,-1.2315503358840942
6875.0,-1.2380152940750122
6880.0,-1.2285305261611938
6885.0,-1.2273980379104614
6890.0,-1.2385684251785278
6895.0,-1.220771074295044
6900.0,-1.241310715675354
6905.0,-1.241002082824707
6910.0,-1.2205712795257568
6915.0,-1.2185554504394531
6920.0,-1.239079475402832
6925.0,-1.221405267715454
6930.0,-1.2473293542861938
6935.0,-1.2212462425231934
6940.0,-1.237903356552124
6945.0,-1.2183548212051392
6950.0,-1.2313625812530518
6955.0,-1.2428524494171143
6960.0,-1.2434251308441162
6965.0,-1.2236517667770386
6970.0,-1.2420170307159424
6975.0,-1.2422655820846558
6980.0,-1.2183747291564941
6985.0,-1.2542526721954346
6990.0,-1.2341567277908325
6995.0,-1.2455406188964844
7000.0,-1.2434005737304688
7005.0,-1.2201488018035889
7010.0,-1.2267173528671265
7015.0,-1.255333662033081
7020.0,-1.2169795036315918
7025.0,-1.2307169437408447
7030.0,-1.2325668334960938
7035.0,-1.222941279411316
7040.0,-1.235483169555664
7045.0,-1.223491907119751
7050.0,-1.230523705482483
7055.0,-1.2164061069488525
7060.0,-1.219058871269226
7065.0,-1.2293801307678223
7070.0,-1.2318823337554932
7075.0,-1.224045753479004
7080.0,-1.2236829996109009
7085.0,-1.2194550037384033
7090.0,-1.2199442386627197
7095.0,-1.23827064037323
7100.0,-1.2231764793395996
7105.0,-1.2294310331344604
7110.0,-1.2512602806091309
7115.0,-1.200627326965332
7120.0,-1.2420214414596558
7125.0,-1.2378954887390137
7130.0,-1.208587646484375
7135.0,-1.2299580574035645
7140.0,-1.227510929107666
7145.0,-1.2131972312927246
7150.0,-1.2323049306869507
7155.0,-1.237113118171692
7160.0,-1.2304929494857788
7165.0,-1.2274389266967773
7170.0,-1.2494603395462036
7175.0,-1.2427020072937012
7180.0,-1.2180424928665161
7185.0,-1.2420799732208252
7190.0,-1.2379179000854492
7195.0,-1.2250553369522095
7200.0,-1.2230011224746704
7205.0,-1.217366099357605
7210.0,-1.2479816675186157
7215.0,-1.2232919931411743
7220.0,-1.231093168258667
7225.0,-1.2331854104995728
7230.0,-1.245182991027832
7235.0,-1.2124288082122803
7240.0,-1.2297860383987427
7245.0,-1.2367652654647827
7250.0,-1.2227897644042969
7255.0,-1.2322934865951538
7260.0,-1.2194888591766357
7265.0,-1.2122716903686523
7270.0,-1.2239357233047485
7275.0,-1.2182505130767822
7280.0,-1.2401533126831055
7285.0,-1.2190132141113281
7290.0,-1.2281156778335571
7295.0,-1.2244868278503418
7300.0,-1.2229690551757812
7305.0,-1.223612666130066
7310.0,-1.2274123430252075
7315.0,-1.2216408252716064
7320.0,-1.2232378721237183
7325.0,-1.2173737287521362
7330.0,-1.215598702430725
7335.0,-1.228671669960022
7340.0,-1.2384566068649292
7345.0,-1.241018533706665
7350.0,-1.2187997102737427
7355.0,-1.23398756980896
7360.0,-1.2229106426239014
7365.0,-1.2512084245681763
7370.0,-1.2412676811218262
7375.0,-1.2265907526016235
7380.0,-1.2519404888153076
7385.0,-1.243411898612976
7390.0,-1.2103806734085083
7395.0,-1.2486740350723267
7400.0,-1.250877022743225
7405.0,-1.2120188474655151
7410.0,-1.2342159748077393
7415.0,-1.2239360809326172
7420.0,-1.220834732055664
7425.0,-1.2381784915924072
7430.0,-1.2464162111282349
7435.0,-1.24208402633667
7440.0,-1.2109675407409668
7445.0,-1.2337172031402588
7450.0,-1.249345302581787
7455.0,-1.1974818706512451
7460.0,-1.242419958114624
7465.0,-1.2345587015151978
7470.0,-1.2057758569717407
7475.0,-1.2388420104980469
7480.0,-1.2259023189544678
7485.0,-1.217057704925537
7490.0,-1.2613685131072998
7495.0,-1.224236011505127
7500.0,-1.225501298904419
7505.0,-1.2251927852630615
7510.0,-1.2276792526245117
7515.0,-1.22882878780365
7520.0,-1.2168033123016357
7525.0,-1.2242525815963745
7530.0,-1.2250076532363892
7535.0,-1.2265490293502808
7540.0,-1.2263569831848145
7545.0,-1.235452651977539
7550.0,-1.2416576147079468
7555.0,-1.2385374307632446
7560.0,-1.2184553146362305
7565.0,-1.2386139631271362
7570.0,-1.2247892618179321
7575.0,-1.2125450372695923
7580.0,-1.2319742441177368
7585.0,-1.2501899003982544
7590.0,-1.222877025604248
7595.0,-1.2323347330093384
7600.0,-1.230071783065796
7605.0,-1.2296371459960938
7610.0,-1.2252006530761719
7615.0,-1.2421908378601074
7620.0,-1.2390081882476807
7625.0,-1.212409496307373
7630.0,-1.2448066473007202
7635.0,-1.232132077217102
7640.0,-1.2270344495773315
7645.0,-1.2423009872436523
7650.0,-1.2238870859146118
7655.0,-1.2505040168762207
7660.0,-1.2551064491271973
7665.0,-1.2226321697235107
7670.0,-1.2460088729858398
7675.0,-1.2146987915039062
7680.0,-1.2218273878097534
7685.0,-1.242814540863037
7690.0,-1.2446668148040771
7695.0,-1.2177486419677734
7700.0,-1.233876347541809
7705.0,-1.2147557735443115
7710.0,-1.2181881666183472
7715.0,-1.2455315589904785
7720.0,-1.2267718315124512
7725.0,-1.2199777364730835
7730.0,-1.2388534545898438
7735.0,-1.2123733758926392
7740.0,-1.232777714729309
7745.0,-1.2570421695709229
7750.0,-1.2337894439697266
7755.0,-1.237051248550415
7760.0,-1.2431492805480957
7765.0,-1.2316277027130127
7770.0,-1.232820749282837
7775.0,-1.2492774724960327
7780.0,-1.2168238162994385
7785.0,-1.2201004028320312
7790.0,-1.22291100025177
7795.0,-1.2232325077056885
7800.0,-1.2489665746688843
7805.0,-1.2237013578414917
7810.0,-1.1982548236846924
7815.0,-1.2342188358306885
7820.0,-1.2249890565872192
7825.0,-1.2209703922271729
7830.0,-1.2203636169433594
7835.0,-1.2333042621612549
7840.0,-1.2229580879211426
7845.0,-1.2169691324234009
7850.0,-1.2258903980255127
7855.0,-1.2504315376281738
7860.0,-1.218140721321106
7865.0,-1.2184054851531982
7870.0,-1.2590919733047485
7875.0,-1.2185347080230713
7880.0,-1.2144951820373535
7885.0,-1.2522132396697998
7890.0,-1.2379875183105469
7895.0,-1.2188920974731445
7900.0,-1.2658615112304688
7905.0,-1.2328119277954102
7910.0,-1.215916633605957
7915.0,-1.2595679759979248
7920.0,-1.2219111919403076
7925.0,-1.2130513191223145
7930.0,-1.2271660566329956
7935.0,-1.2223691940307617
7940.0,-1.2413396835327148
7945.0,-1.2300368547439575
7950.0,-1.215481162071228
7955.0,-1.2308828830718994
7960.0,-1.219334363937378
7965.0,-1.2153667211532593
7970.0,-1.2484865188598633
7975.0,-1.2380125522613525
7980.0,-1.2271326780319214
7985.0,-1.2188044786453247
7990.0,-1.22994065284729
7995.0,-1.2376313209533691
8000.0,-1.2187498807907104
8005.0,-1.2295531034469604
8010.0,-1.2305045127868652
8015.0,-1.215037226676941
8020.0,-1.2264912128448486
8025.0,-1.220879077911377
8030.0,-1.2435282468795776
8035.0,-1.230757713317871
8040.0,-1.2310246229171753
8045.0,-1.2338697910308838
8050.0,-1.2288135290145874
8055.0,-1.2309761047363281
8060.0,-1.236038327217102
8065.0,-1.2191458940505981
8070.0,-1.229873776435852
8075.0,-1.2462190389633179
8080.0,-1.2226457595825195
8085.0,-1.214057207107544
8090.0,-1.2373442649841309
8095.0,-1.2422270774841309
8100.0,-1.213539958000183
8105.0,-1.2250394821166992
8110.0,-1.229007601737976
8115.0,-1.2397232055664062
8120.0,-1.2238690853118896
8125.0,-1.220636010169983
8130.0,-1.2399911880493164
8135.0,-1.2143747806549072
8140.0,-1.2270946502685547
8145.0,-1.2488526105880737
8150.0,-1.2241097688674927
8155.0,-1.222325325012207
8160.0,-1.2256407737731934
8165.0,-1.2189198732376099
8170.0,-1.2350003719329834
8175.0,-1.2508810758590698
8180.0,-1.2241020202636719
8185.0,-1.2079548835754395
8190.0,-1.220487356185913
8195.0,-1.210391640663147
8200.0,-1.2378065586090088
8205.0,-1.2256250381469727
8210.0,-1.2369223833084106
8215.0,-1.2384893894195557
8220.0,-1.2167878150939941
8225.0,-1.2304906845092773
8230.0,-1.2402801513671875
8235.0,-1.2385389804840088
8240.0,-1.2371866703033447
8245.0,-1.2322931289672852
8250.0,-1.2318412065505981
8255.0,-1.2106518745422363
8260.0,-1.2274868488311768
8265.0,-1.2415564060211182
8270.0,-1.2318836450576782
8275.0,-1.211051344871521
8280.0,-1.2303491830825806
8285.0,-1.2060785293579102
8290.0,-1.2380797863006592
8295.0,-1.2339050769805908
8300.0,-1.2097954750061035
8305.0,-1.243291974067688
8310.0,-1.247870922088623
8315.0,-1.2125999927520752
8320.0,-1.2420127391815186
8325.0,-1.2271037101745605
8330.0,-1.2032859325408936
8335.0,-1.253366470336914
8340.0,-1.209892749786377
8345.0,-1.2356741428375244
8350.0,-1.229428768157959
8355.0,-1.2154849767684937
8360.0,-1.2266238927841187
8365.0,-1.251983404159546
8370.0,-1.232230544090271
8375.0,-1.2375431060791016
8380.0,-1.2416709661483765
8385.0,-1.2339017391204834
8390.0,-1.2172160148620605
8395.0,-1.2340922355651855
8400.0,-1.2183066606521606
8405.0,-1.206190824508667
8410.0,-1.2245433330535889
8415.0,-1.2230504751205444
8420.0,-1.2235774993896484
8425.0,-1.2360166311264038
8430.0,-1.2319574356079102
8435.0,-1.2179733514785767
8440.0,-1.2418220043182373
8445.0,-1.22731614112854
8450.0,-1.2463562488555908
8455.0,-1.224624514579773
8460.0,-1.2320749759674072
8465.0,-1.2369561195373535
8470.0,-1.2336089611053467
8475.0,-1.2149702310562134
8480.0,-1.2337687015533447
8485.0,-1.2419686317443848
8490.0,-1.2219231128692627
8495.0,-1.2170374393463135
8500.0,-1.22596275806427
8505.0,-1.2439758777618408
8510.0,-1.2358484268188477
8515.0,-1.229076623916626
8520.0,-1.2422244548797607
8525.0,-1.2412031888961792
8530.0,-1.2248461246490479
8535.0,-1.2353296279907227
8540.0,-1.252884030342102
8545.0,-1.219170331954956
8550.0,-1.2386306524276733
8555.0,-1.2159428596496582
8560.0,-1.2288057804107666
8565.0,-1.242384672164917
8570.0,-1.2149264812469482
8575.0,-1.2280406951904297
8580.0,-1.2432090044021606
8585.0,-1.2079908847808838
8590.0,-1.2285537719726562
8595.0,-1.2575405836105347
8600.0,-1.2209088802337646
8605.0,-1.2389464378356934
8610.0,-1.2393755912780762
8615.0,-1.2313860654830933
8620.0,-1.2215049266815186
8625.0,-1.2218667268753052
8630.0,-1.2090264558792114
8635.0,-1.2531017065048218
8640.0,-1.208480715751648
8645.0,-1.2218623161315918
8650.0,-1.2447072267532349
8655.0,-1.2284636497497559
8660.0,-1.220400333404541
8665.0,-1.243308424949646
8670.0,-1.2180074453353882
8675.0,-1.22322678565979
8680.0,-1.225098729133606
8685.0,-1.232178807258606
8690.0,-1.2205662727355957
8695.0,-1.2110263109207153
8700.0,-1.2227424383163452
8705.0,-1.226496696472168
8710.0,-1.247182846069336
8715.0,-1.2143158912658691
8720.0,-1.2297959327697754
8725.0,-1.2408740520477295
8730.0,-1.2205208539962769
8735.0,-1.2248353958129883
8740.0,-1.2477062940597534
8745.0,-1.2253108024597168
8750.0,-1.2416614294052124
8755.0,-1.2403844594955444
8760.0,-1.2173892259597778
8765.0,-1.2400643825531006
8770.0,-1.2231032848358154
8775.0,-1.2165495157241821
8780.0,-1.2143994569778442
8785.0,-1.2340137958526611
8790.0,-1.2518234252929688
8795.0,-1.2168989181518555
8800.0,-1.2249380350112915
8805.0,-1.2530174255371094
8810.0,-1.2190685272216797
8815.0,-1.2343964576721191
8820.0,-1.2666999101638794
8825.0,-1.2069511413574219
8830.0,-1.2312313318252563
8835.0,-1.2288250923156738
8840.0,-1.2182137966156006
8845.0,-1.2454252243041992
8850.0,-1.235938310623169
8855.0,-1.2081239223480225
8860.0,-1.227144479751587
8865.0,-1.240024447441101
8870.0,-1.2267199754714966
8875.0,-1.2400484085083008
8880.0,-1.2375320196151733
8885.0,-1.2340762615203857
8890.0,-1.2362141609191895
8895.0,-1.2354049682617188
8900.0,-1.2237331867218018
8905.0,-1.2284436225891113
8910.0,-1.221976399421692
8915.0,-1.229593276977539
8920.0,-1.223679780960083
8925.0,-1.2249255180358887
8930.0,-1.2315565347671509
8935.0,-1.233743667602539
8940.0,-1.2047059535980225
8945.0,-1.2318048477172852
8950.0,-1.213315725326538
8955.0,-1.2135111093521118
8960.0,-1.2125167846679688
8965.0,-1.230825424194336
8970.0,-1.2308299541473389
8975.0,-1.219627857208252
8980.0,-1.2265058755874634
8985.0,-1.2443912029266357
8990.0,-1.2459355592727661
8995.0,-1.2382862567901611
9000.0,-1.2382538318634033
9005.0,-1.2381492853164673
9010.0,-1.2219839096069336
9015.0,-1.2345107793807983
9020.0,-1.237656831741333
9025.0,-1.2179548740386963
9030.0,-1.2252728939056396
9035.0,-1.2281174659729004
9040.0,-1.208925724029541
9045.0,-1.233107089996338
9050.0,-1.2447677850723267
9055.0,-1.2234501838684082
9060.0,-1.2126153707504272
9065.0,-1.2444486618041992
9070.0,-1.2215206623077393
9075.0,-1.2075756788253784
9080.0,-1.2665443420410156
9085.0,-1.2245972156524658
9090.0,-1.2221037149429321
9095.0,-1.2399194240570068
9100.0,-1.2236727476119995
9105.0,-1.2455440759658813
9110.0,-1.250311255455017
9115.0,-1.2290964126586914
9120.0,-1.2405818700790405
9125.0,-1.2339837551116943
9130.0,-1.2406368255615234
9135.0,-1.2072350978851318
9140.0,-1.2442355155944824
9145.0,-1.2265114784240723
9150.0,-1.2214062213897705
9155.0,-1.217487096786499
9160.0,-1.2234331369400024
9165.0,-1.2450467348098755
9170.0,-1.2263449430465698
9175.0,-1.2203084230422974
9180.0,-1.2388660907745361
9185.0,-1.2362358570098877
9190.0,-1.223637580871582
9195.0,-1.2469978332519531
9200.0,-1.2333930730819702
9205.0,-1.2331818342208862
9210.0,-1.2173380851745605
9215.0,-1.2068970203399658
9220.0,-1.233994960784912
9225.0,-1.251663327217102
9230.0,-1.221200942993164
9235.0,-1.2414605617523193
9240.0,-1.2370165586471558
9245.0,-1.2187480926513672
9250.0,-1.243201732635498
9255.0,-1.2397253513336182
9260.0,-1.2206339836120605
9265.0,-1.240249752998352
9270.0,-1.237350583076477
9275.0,-1.2034788131713867
9280.0,-1.2303187847137451
9285.0,-1.2270901203155518
9290.0,-1.2093350887298584
9295.0,-1.2335649728775024
9300.0,-1.2288082838058472
9305.0,-1.234338641166687
9310.0,-1.2319765090942383
9315.0,-1.225780963897705
9320.0,-1.2265925407409668
9325.0,-1.2370479106903076
9330.0,-1.2335379123687744
9335.0,-1.242993712425232
9340.0,-1.214322805404663
9345.0,-1.2409569025039673
9350.0,-1.2045159339904785
9355.0,-1.2392387390136719
9360.0,-1.244712233543396
9365.0,-1.2163134813308716
9370.0,-1.2594964504241943
9375.0,-1.2490601539611816
9380.0,-1.2121350765228271
9385.0,-1.2557547092437744
9390.0,-1.2563185691833496
9395.0,-1.2168792486190796
9400.0,-1.2422056198120117
9405.0,-1.2353405952453613
9410.0,-1.2025102376937866
9415.0,-1.2259693145751953
9420.0,-1.228118658065796
9425.0,-1.208064317703247
9430.0,-1.2439225912094116
9435.0,-1.2364521026611328
9440.0,-1.2178877592086792
9445.0,-1.217775583267212
9450.0,-1.2365763187408447
9455.0,-1.2047886848449707
9460.0,-1.240678310394287
9465.0,-1.2320176362991333
9470.0,-1.2206816673278809
9475.0,-1.218271255493164
9480.0,-1.2183043956756592
9485.0,-1.2229503393173218
9490.0,-1.2314916849136353
9495.0,-1.22894287109375
9500.0,-1.2252311706542969
9505.0,-1.214123249053955
9510.0,-1.222963809967041
9515.0,-1.2405521869659424
9520.0,-1.2244621515274048
9525.0,-1.236989974975586
9530.0,-1.2412018775939941
9535.0,-1.2453886270523071
9540.0,-1.2265090942382812
9545.0,-1.2263104915618896
9550.0,-1.2348082065582275
9555.0,-1.2367243766784668
9560.0,-1.2358660697937012
9565.0,-1.2237052917480469
9570.0,-1.2270119190216064
9575.0,-1.245368242263794
9580.0,-1.2272090911865234
9585.0,-1.2392374277114868
9590.0,-1.2343921661376953
9595.0,-1.2218990325927734
9600.0,-1.2440738677978516
9605.0,-1.235383152961731
9610.0,-1.2363672256469727
9615.0,-1.2382060289382935
9620.0,-1.218369483947754
9625.0,-1.2256110906600952
9630.0,-1.248816967010498
9635.0,-1.2513854503631592
9640.0,-1.223391056060791
9645.0,-1.2552578449249268
9650.0,-1.2365156412124634
9655.0,-1.22490394115448
9660.0,-1.244273066520691
9665.0,-1.227299690246582
9670.0,-1.219822645187378
9675.0,-1.233824610710144
9680.0,-1.2234082221984863
9685.0,-1.2136303186416626
9690.0,-1.2362456321716309
9695.0,-1.2391542196273804
9700.0,-1.2361571788787842
9705.0,-1.230270266532898
9710.0,-1.2244590520858765
9715.0,-1.2249737977981567
9720.0,-1.2368977069854736
9725.0,-1.1873517036437988
9730.0,-1.2475323677062988
9735.0,-1.238118290901184
9740.0,-1.1910241842269897
9745.0,-1.2325950860977173
9750.0,-1.2305147647857666
9755.0,-1.230505347251892
9760.0,-1.240248680114746
9765.0,-1.2510268688201904
9770.0,-1.2314175367355347
9775.0,-1.2391067743301392
9780.0,-1.232755422592163
9785.0,-1.2167747020721436
9790.0,-1.2297658920288086
9795.0,-1.2194740772247314
9800.0,-1.214705228805542
9805.0,-1.2259653806686401
9810.0,-1.2142850160598755
9815.0,-1.2450482845306396
9820.0,-1.2398595809936523
9825.0,-1.2221200466156006
9830.0,-1.2284581661224365
9835.0,-1.2339398860931396
9840.0,-1.228834629058838
9845.0,-1.2258365154266357
9850.0,-1.2454335689544678
9855.0,-1.2174181938171387
9860.0,-1.196075677871704
9865.0,-1.236371636390686
9870.0,-1.241877794265747
9875.0,-1.236878752708435
9880.0,-1.2260841131210327
9885.0,-1.2506794929504395
9890.0,-1.231789469718933
9895.0,-1.2186293601989746
9900.0,-1.250983715057373
9905.0,-1.2133020162582397
9910.0,-1.2232856750488281
9915.0,-1.235093355178833
9920.0,-1.205054759979248
9925.0,-1.2410482168197632
9930.0,-1.2367315292358398
9935.0,-1.2177691459655762
9940.0,-1.2354713678359985
9945.0,-1.2315186262130737
9950.0,-1.2228455543518066
9955.0,-1.2458312511444092
9960.0,-1.219062089920044
9965.0,-1.2442024946212769
9970.0,-1.239810585975647
9975.0,-1.2036389112472534
9980.0,-1.2350327968597412
9985.0,-1.2556896209716797
9990.0,-1.220583200454712
9995.0,-1.2280529737472534
10000.0,-1.2453536987304688
10005.0,-1.2232856750488281
10010.0,-1.2334858179092407
10015.0,-1.2328317165374756
10020.0,-1.2249705791473389
10025.0,-1.2205836772918701
10030.0,-1.2416452169418335
10035.0,-1.2038313150405884
10040.0,-1.2343944311141968
10045.0,-1.2579588890075684
10050.0,-1.2144919633865356
10055.0,-1.2176295518875122
10060.0,-1.2281829118728638
10065.0,-1.210239291191101
10070.0,-1.2268389463424683
10075.0,-1.2151908874511719
10080.0,-1.2269816398620605
10085.0,-1.217300534248352
10090.0,-1.1978788375854492
10095.0,-1.224351406097412
10100.0,-1.2319104671478271
10105.0,-1.214673399925232
10110.0,-1.2399163246154785
10115.0,-1.2228769063949585
10120.0,-1.2077659368515015
10125.0,-1.2435920238494873
10130.0,-1.254551887512207
10135.0,-1.2338716983795166
10140.0,-1.2377378940582275
10145.0,-1.2552061080932617
10150.0,-1.2466330528259277
10155.0,-1.2316020727157593
10160.0,-1.2408218383789062
10165.0,-1.2420141696929932
10170.0,-1.2211148738861084
10175.0,-1.228452205657959
10180.0,-1.213658094406128
10185.0,-1.2203071117401123
10190.0,-1.2400619983673096
10195.0,-1.2184278964996338
10200.0,-1.2288193702697754
10205.0,-1.2345492839813232
10210.0,-1.2261078357696533
10215.0,-1.2258704900741577
10220.0,-1.2282363176345825
10225.0,-1.236445426940918
10230.0,-1.232628345489502
10235.0,-1.2268834114074707
10240.0,-1.220656394958496
10245.0,-1.2324235439300537
10250.0,-1.2364850044250488
10255.0,-1.214160680770874
10260.0,-1.2379735708236694
10265.0,-1.2326298952102661
10270.0,-1.2264779806137085
10275.0,-1.230978012084961
10280.0,-1.2341960668563843
10285.0,-1.2280107736587524
10290.0,-1.2224605083465576
10295.0,-1.2158877849578857
10300.0,-1.2337150573730469
10305.0,-1.214865803718567
10310.0,-1.214672327041626
10315.0,-1.2480443716049194
10320.0,-1.2118620872497559
10325.0,-1.237135887145996
10330.0,-1.2207882404327393
10335.0,-1.228031873703003
10340.0,-1.2409355640411377
10345.0,-1.244145393371582
10350.0,-1.223341941833496
10355.0,-1.227860450744629
10360.0,-1.2308443784713745
10365.0,-1.221432089805603
10370.0,-1.258333683013916
10375.0,-1.2029999494552612
10380.0,-1.2322251796722412
10385.0,-1.2245287895202637
10390.0,-1.1937930583953857
10395.0,-1.2490992546081543
10400.0,-1.2588835954666138
10405.0,-1.2137154340744019
10410.0,-1.2440121173858643
10415.0,-1.2465660572052002
10420.0,-1.2260905504226685
10425.0,-1.2602880001068115
10430.0,-1.2220370769500732
10435.0,-1.245618462562561
10440.0,-1.2473275661468506
10445.0,-1.2038034200668335
10450.0,-1.2313816547393799
10455.0,-1.2412354946136475
10460.0,-1.2229868173599243
10465.0,-1.238717794418335
10470.0,-1.2178560495376587
10475.0,-1.2209970951080322
10480.0,-1.255164384841919
10485.0,-1.2124359607696533
10490.0,-1.245257019996643
10495.0,-1.242678165435791
10500.0,-1.2222459316253662
10505.0,-1.2426795959472656
10510.0,-1.236418604850769
10515.0,-1.2309141159057617
10520.0,-1.2366305589675903
10525.0,-1.2201194763183594
10530.0,-1.2135642766952515
10535.0,-1.2308382987976074
10540.0,-1.23000168800354
10545.0,-1.22224760055542
10550.0,-1.229151964187622
10555.0,-1.2210423946380615
10560.0,-1.2241871356964111
10565.0,-1.2272429466247559
10570.0,-1.2304809093475342
10575.0,-1.2371102571487427
10580.0,-1.2302523851394653
10585.0,-1.230023980140686
10590.0,-1.2272450923919678
10595.0,-1.2226316928863525
10600.0,-1.2479586601257324
10605.0,-1.2273380756378174
10610.0,-1.2316426038742065
10615.0,-1.236090898513794
10620.0,-1.2132728099822998
10625.0,-1.225356101989746
10630.0,-1.2397358417510986
10635.0,-1.2230108976364136
10640.0,-1.2179982662200928
10645.0,-1.213131070137024
10650.0,-1.236375093460083
10655.0,-1.2362596988677979
10660.0,-1.230473518371582
10665.0,-1.2225637435913086
10670.0,-1.2338653802871704
10675.0,-1.2232484817504883
10680.0,-1.2374273538589478
10685.0,-1.2395763397216797
10690.0,-1.227178692817688
10695.0,-1.233229637145996
10700.0,-1.228564977645874
10705.0,-1.2335501909255981
10710.0,-1.261596441268921
10715.0,-1.2384848594665527
10720.0,-1.238544225692749
10725.0,-1.2519054412841797
10730.0,-1.2149558067321777
10735.0,-1.2381885051727295
10740.0,-1.230739951133728
10745.0,-1.21657395362854
10750.0,-1.2162277698516846
10755.0,-1.2280737161636353
10760.0,-1.2156200408935547
10765.0,-1.230857014656067
10770.0,-1.2371492385864258
10775.0,-1.2194290161132812
10780.0,-1.2245609760284424
10785.0,-1.238370418548584
10790.0,-1.2095465660095215
10795.0,-1.2442781925201416
10800.0,-1.227461338043213
10805.0,-1.2450613975524902
10810.0,-1.2291538715362549
10815.0,-1.1930444240570068
10820.0,-1.2318708896636963
10825.0,-1.2456285953521729
10830.0,-1.2176628112792969
10835.0,-1.2222363948822021
10840.0,-1.250576138496399
10845.0,-1.2123231887817383
10850.0,-1.203757643699646
10855.0,-1.2478969097137451
10860.0,-1.2418603897094727
10865.0,-1.2166117429733276
10870.0,-1.2300117015838623
10875.0,-1.232785940170288
10880.0,-1.1952898502349854
10885.0,-1.2406222820281982
10890.0,-1.225309133529663
10895.0,-1.2101457118988037
10900.0,-1.229419469833374
10905.0,-1.2219181060791016
10910.0,-1.2089275121688843
10915.0,-1.2394921779632568
10920.0,-1.2339953184127808
10925.0,-1.2250969409942627
10930.0,-1.238214373588562
10935.0,-1.2265625
10940.0,-1.2308789491653442
10945.0,-1.233896255493164
10950.0,-1.2359898090362549
10955.0,-1.228294014930725
10960.0,-1.2530286312103271
10965.0,-1.2260780334472656
10970.0,-1.2281315326690674
10975.0,-1.2317097187042236
10980.0,-1.223012089729309
10985.0,-1.2218317985534668
10990.0,-1.231626033782959
10995.0,-1.2195179462432861
11000.0,-1.2342530488967896
11005.0,-1.2389016151428223
11010.0,-1.2097294330596924
11015.0,-1.2425943613052368
11020.0,-1.2419402599334717
11025.0,-1.2439383268356323
11030.0,-1.2112375497817993
11035.0,-1.239215612411499
11040.0,-1.2072447538375854
11045.0,-1.2063343524932861
11050.0,-1.2431492805480957
11055.0,-1.2379469871520996
11060.0,-1.228039026260376
11065.0,-1.2218914031982422
11070.0,-1.2163007259368896
11075.0,-1.2364418506622314
11080.0,-1.2410528659820557
11085.0,-1.2237064838409424
11090.0,-1.2355742454528809
11095.0,-1.234905481338501
11100.0,-1.1989850997924805
11105.0,-1.2445824146270752
11110.0,-1.2374317646026611
11115.0,-1.2073174715042114
11120.0,-1.2304589748382568
11125.0,-1.2435832023620605
11130.0,-1.2182066440582275
11135.0,-1.2310118675231934
11140.0,-1.2381001710891724
11145.0,-1.2380683422088623
11150.0,-1.2287778854370117
11155.0,-1.2151163816452026
11160.0,-1.2345316410064697
11165.0,-1.2216154336929321
11170.0,-1.2353233098983765
11175.0,-1.2266173362731934
11180.0,-1.2486822605133057
11185.0,-1.223562240600586
11190.0,-1.220849633216858
11195.0,-1.2448678016662598
11200.0,-1.240934133529663
11205.0,-1.2353087663650513
11210.0,-1.245129108428955
11215.0,-1.229572057723999
11220.0,-1.247687578201294
11225.0,-1.2482342720031738
11230.0,-1.2408910989761353
11235.0,-1.2380205392837524
11240.0,-1.2308224439620972
11245.0,-1.2256312370300293
11250.0,-1.2283098697662354
11255.0,-1.2165522575378418
11260.0,-1.2191784381866455
11265.0,-1.2254130840301514
11270.0,-1.2273266315460205
11275.0,-1.2165741920471191
11280.0,-1.229297399520874
11285.0,-1.2369179725646973
11290.0,-1.2169157266616821
11295.0,-1.2218289375305176
11300.0,-1.2360272407531738
11305.0,-1.2284506559371948
11310.0,-1.2311817407608032
11315.0,-1.2278770208358765
11320.0,-1.2265803813934326
11325.0,-1.2348625659942627
11330.0,-1.2565176486968994
11335.0,-1.228196620941162
11340.0,-1.2254754304885864
11345.0,-1.2439416646957397
11350.0,-1.2350077629089355
11355.0,-1.2460485696792603
11360.0,-1.2497310638427734
11365.0,-1.2219455242156982
11370.0,-1.2340035438537598
11375.0,-1.2377169132232666
11380.0,-1.1917450428009033
11385.0,-1.2363452911376953
11390.0,-1.220860242843628
11395.0,-1.194599986076355
11400.0,-1.222522497177124
11405.0,-1.2201871871948242
11410.0,-1.2360689640045166
11415.0,-1.2313289642333984
11420.0,-1.2337853908538818
11425.0,-1.241300106048584
11430.0,-1.2178692817687988
11435.0,-1.2335920333862305
11440.0,-1.2401952743530273
11445.0,-1.2353012561798096
11450.0,-1.2357420921325684
11455.0,-1.2370896339416504
11460.0,-1.23264479637146
11465.0,-1.2230703830718994
11470.0,-1.2367103099822998
11475.0,-1.2520413398742676
11480.0,-1.2221107482910156
11485.0,-1.2068694829940796
11490.0,-1.2468814849853516
11495.0,-1.2233457565307617
11500.0,-1.2449660301208496
11505.0,-1.236405849456787
11510.0,-1.2351182699203491
11515.0,-1.2391457557678223
11520.0,-1.2416560649871826
11525.0,-1.2051739692687988
11530.0,-1.2443397045135498
11535.0,-1.2190818786621094
11540.0,-1.2005109786987305
11545.0,-1.2213422060012817
11550.0,-1.2280203104019165
11555.0,-1.2362028360366821
11560.0,-1.2103991508483887
11565.0,-1.2232232093811035
11570.0,-1.2261221408843994
11575.0,-1.203277587890625
11580.0,-1.2418826818466187
11585.0,-1.2302600145339966
11590.0,-1.2003188133239746
11595.0,-1.232957124710083
11600.0,-1.1956374645233154
11605.0,-1.2300519943237305
11610.0,-1.2577388286590576
11615.0,-1.201675534248352
11620.0,-1.2380144596099854
11625.0,-1.2203871011734009
11630.0,-1.228217363357544
11635.0,-1.2585411071777344
11640.0,-1.2375202178955078
11645.0,-1.2361547946929932
11650.0,-1.2421725988388062
11655.0,-1.233354926109314
11660.0,-1.2259284257888794
11665.0,-1.235412359237671
11670.0,-1.2173293828964233
11675.0,-1.2243566513061523
11680.0,-1.2246742248535156
11685.0,-1.2325961589813232
11690.0,-1.225935697555542
11695.0,-1.2311289310455322
11700.0,-1.2304869890213013
11705.0,-1.2196226119995117
11710.0,-1.2088713645935059
11715.0,-1.263556957244873
11720.0,-1.2254726886749268
11725.0,-1.1982290744781494
11730.0,-1.248795509338379
11735.0,-1.2073442935943604
11740.0,-1.2010936737060547
11745.0,-1.2423088550567627
11750.0,-1.2456302642822266
11755.0,-1.203326940536499
11760.0,-1.2226483821868896
11765.0,-1.23433256149292
11770.0,-1.2244937419891357
11775.0,-1.243095874786377
11780.0,-1.2361071109771729
11785.0,-1.2305222749710083
11790.0,-1.2455863952636719
11795.0,-1.2409133911132812
11800.0,-1.2298396825790405
11805.0,-1.233931541442871
11810.0,-1.2375819683074951
11815.0,-1.2204186916351318
11820.0,-1.1992278099060059
11825.0,-1.233128547668457
11830.0,-1.2462056875228882
11835.0,-1.202612280845642
11840.0,-1.2335715293884277
11845.0,-1.2456974983215332
11850.0,-1.201233148574829
11855.0,-1.2185471057891846
11860.0,-1.2617268562316895
11865.0,-1.2210516929626465
11870.0,-1.231253743171692
11875.0,-1.2272400856018066
11880.0,-1.209274172782898
11885.0,-1.262823462486267
11890.0,-1.246649146080017
11895.0,-1.2218502759933472
11900.0,-1.240680456161499
11905.0,-1.2443718910217285
11910.0,-1.2265772819519043
11915.0,-1.256007194519043
11920.0,-1.2425106763839722
11925.0,-1.2444937229156494
11930.0,-1.2341222763061523
11935.0,-1.2304275035858154
11940.0,-1.2291927337646484
11945.0,-1.2326580286026
11950.0,-1.21067214012146
11955.0,-1.2276772260665894
11960.0,-1.2207034826278687
11965.0,-1.2223310470581055
11970.0,-1.2243980169296265
11975.0,-1.235457420349121
11980.0,-1.2286808490753174
11985.0,-1.2255136966705322
11990.0,-1.2234843969345093
11995.0,-1.236952543258667
12000.0,-1.2438509464263916
12005.0,-1.2087550163269043
12010.0,-1.246225118637085
12015.0,-1.2190576791763306
12020.0,-1.2123312950134277
12025.0,-1.2397674322128296
12030.0,-1.2486083507537842
12035.0,-1.2007620334625244
12040.0,-1.2310194969177246
12045.0,-1.2381737232208252
12050.0,-1.2305830717086792
12055.0,-1.2441552877426147
12060.0,-1.2475471496582031
12065.0,-1.2281711101531982
12070.0,-1.211582064628601
12075.0,-1.2196235656738281
12080.0,-1.2389278411865234
12085.0,-1.212117075920105
12090.0,-1.2260992527008057
12095.0,-1.2188398838043213
12100.0,-1.2076311111450195
12105.0,-1.2346084117889404
12110.0,-1.2425405979156494
12115.0,-1.2314534187316895
12120.0,-1.2133885622024536
12125.0,-1.2335598468780518
12130.0,-1.2088404893875122
12135.0,-1.191603183746338
12140.0,-1.2475292682647705
12145.0,-1.2399652004241943
12150.0,-1.1810256242752075
12155.0,-1.2447963953018188
12160.0,-1.2493976354599
12165.0,-1.2199547290802002
12170.0,-1.2434488534927368
12175.0,-1.2434598207473755
12180.0,-1.2122505903244019
12185.0,-1.2309292554855347
12190.0,-1.2562185525894165
12195.0,-1.2208256721496582
12200.0,-1.2287052869796753
12205.0,-1.2443053722381592
12210.0,-1.2074718475341797
12215.0,-1.2219104766845703
12220.0,-1.2471095323562622
12225.0,-1.2043120861053467
12230.0,-1.2401494979858398
12235.0,-1.2556630373001099
12240.0,-1.202162742614746
12245.0,-1.2429769039154053
12250.0,-1.2359012365341187
12255.0,-1.1892383098602295
12260.0,-1.251547932624817
12265.0,-1.2253040075302124
12270.0,-1.2100456953048706
12275.0,-1.2606545686721802
12280.0,-1.2079474925994873
12285.0,-1.215951919555664
12290.0,-1.2807748317718506
12295.0,-1.225461483001709
12300.0,-1.2188891172409058
12305.0,-1.2454030513763428
12310.0,-1.2389074563980103
12315.0,-1.1996814012527466
12320.0,-1.266754388809204
12325.0,-1.237404704093933
12330.0,-1.1947908401489258
12335.0,-1.2546133995056152
12340.0,-1.2162057161331177
12345.0,-1.2129418849945068
12350.0,-1.2375171184539795
12355.0,-1.22975492477417
12360.0,-1.2229019403457642
12365.0,-1.2222568988800049
12370.0,-1.2263294458389282
12375.0,-1.2393085956573486
12380.0,-1.2204816341400146
12385.0,-1.2199475765228271
12390.0,-1.234860897064209
12395.0,-1.2337772846221924
12400.0,-1.2136974334716797
12405.0,-1.2367253303527832
12410.0,-1.25946044921875
12415.0,-1.2272796630859375
12420.0,-1.239384412765503
12425.0,-1.2490863800048828
12430.0,-1.2266871929168701
12435.0,-1.223324179649353
12440.0,-1.2328503131866455
12445.0,-1.217613935470581
12450.0,-1.2269136905670166
12455.0,-1.2110633850097656
12460.0,-1.2382205724716187
12465.0,-1.2430229187011719
12470.0,-1.2108327150344849
12475.0,-1.2390074729919434
12480.0,-1.2353376150131226
12485.0,-1.2009215354919434
12490.0,-1.2625694274902344
12495.0,-1.2334263324737549
12500.0,-1.2049400806427002
12505.0,-1.2579052448272705
12510.0,-1.2060327529907227
12515.0,-1.2254998683929443
12520.0,-1.2568466663360596
12525.0,-1.2137576341629028
12530.0,-1.2346487045288086
12535.0,-1.2341101169586182
12540.0,-1.2017931938171387
12545.0,-1.258435845375061
12550.0,-1.2371416091918945
12555.0,-1.2255706787109375
12560.0,-1.258873462677002
12565.0,-1.2301424741744995
12570.0,-1.2165806293487549
12575.0,-1.2378407716751099
12580.0,-1.213003158569336
12585.0,-1.2283354997634888
12590.0,-1.231140375137329
12595.0,-1.2074978351593018
12600.0,-1.2455167770385742
12605.0,-1.2422844171524048
12610.0,-1.226759910583496
12615.0,-1.2341740131378174
12620.0,-1.2271440029144287
12625.0,-1.2452690601348877
12630.0,-1.2375084161758423
12635.0,-1.2180302143096924
12640.0,-1.2489738464355469
12645.0,-1.1995344161987305
12650.0,-1.2125128507614136
12655.0,-1.2452563047409058
12660.0,-1.2364082336425781
12665.0,-1.24308443069458
12670.0,-1.2394678592681885
12675.0,-1.233485221862793
12680.0,-1.2404711246490479
12685.0,-1.236675500869751
12690.0,-1.2214391231536865
12695.0,-1.229122281074524
12700.0,-1.2288843393325806
12705.0,-1.2111784219741821
12710.0,-1.222420573234558
12715.0,-1.2241175174713135
12720.0,-1.2047464847564697
12725.0,-1.227470874786377
12730.0,-1.2282195091247559
12735.0,-1.2304152250289917
12740.0,-1.2321865558624268
12745.0,-1.2149354219436646
12750.0,-1.2281341552734375
12755.0,-1.2291582822799683
12760.0,-1.218411922454834
12765.0,-1.2534537315368652
12770.0,-1.2169663906097412
12775.0,-1.2221691608428955
12780.0,-1.2502304315567017
12785.0,-1.2261874675750732
12790.0,-1.2282838821411133
12795.0,-1.2563109397888184
12800.0,-1.2060421705245972
12805.0,-1.2350412607192993
12810.0,-1.2571431398391724
12815.0,-1.2437617778778076
12820.0,-1.238762378692627
12825.0,-1.2467366456985474
12830.0,-1.2360721826553345
12835.0,-1.2268354892730713
12840.0,-1.2456473112106323
12845.0,-1.2421011924743652
12850.0,-1.2195510864257812
12855.0,-1.212426781654358
12860.0,-1.238698959350586
12865.0,-1.2312934398651123
12870.0,-1.2135059833526611
12875.0,-1.221832513809204
12880.0,-1.2360939979553223
12885.0,-1.2102749347686768
12890.0,-1.2338337898254395
12895.0,-1.2266567945480347
12900.0,-1.216277837753296
12905.0,-1.2375085353851318
12910.0,-1.2093440294265747
12915.0,-1.228692650794983
12920.0,-1.2389556169509888
12925.0,-1.2189126014709473
12930.0,-1.2325612306594849
12935.0,-1.2192139625549316
12940.0,-1.2222943305969238
12945.0,-1.235227346420288
12950.0,-1.2304227352142334
12955.0,-1.2259893417358398
12960.0,-1.229222297668457
12965.0,-1.2365772724151611
12970.0,-1.2251160144805908
12975.0,-1.2376163005828857
12980.0,-1.2413742542266846
12985.0,-1.2324371337890625
12990.0,-1.2359226942062378
12995.0,-1.2360376119613647
13000.0,-1.2325990200042725
13005.0,-1.219982385635376
13010.0,-1.230250358581543
13015.0,-1.2351672649383545
13020.0,-1.209350824356079
13025.0,-1.2215783596038818
13030.0,-1.226609230041504
13035.0,-1.2111055850982666
13040.0,-1.2271349430084229
13045.0,-1.2337632179260254
13050.0,-1.2338578701019287
13055.0,-1.2016010284423828
13060.0,-1.220680594444275
13065.0,-1.2211493253707886
13070.0,-1.2116444110870361
13075.0,-1.2420623302459717
13080.0,-1.2225064039230347
13085.0,-1.2096854448318481
13090.0,-1.2234731912612915
13095.0,-1.219476580619812
13100.0,-1.2263048887252808
13105.0,-1.2299113273620605
13110.0,-1.2273271083831787
13115.0,-1.2447738647460938
13120.0,-1.2227009534835815
13125.0,-1.2248762845993042
13130.0,-1.2322176694869995
13135.0,-1.2416419982910156
13140.0,-1.2332777976989746
13145.0,-1.256068229675293
13150.0,-1.2381573915481567
13155.0,-1.2377746105194092
13160.0,-1.2528533935546875
13165.0,-1.2361842393875122
13170.0,-1.2392224073410034
13175.0,-1.2365384101867676
13180.0,-1.2270939350128174
13185.0,-1.2084672451019287
13190.0,-1.2093138694763184
13195.0,-1.2185786962509155
13200.0,-1.223258376121521
13205.0,-1.208970308303833
13210.0,-1.2432935237884521
13215.0,-1.227074146270752
13220.0,-1.2140471935272217
13225.0,-1.2226109504699707
13230.0,-1.2208082675933838
13235.0,-1.2132949829101562
13240.0,-1.2096128463745117
13245.0,-1.2130519151687622
13250.0,-1.2252277135849
13255.0,-1.2194421291351318
13260.0,-1.2032742500305176
13265.0,-1.2497860193252563
13270.0,-1.2384939193725586
13275.0,-1.2288997173309326
13280.0,-1.2471318244934082
13285.0,-1.240790843963623
13290.0,-1.226853370666504
13295.0,-1.2488857507705688
13300.0,-1.2238128185272217
13305.0,-1.232212781906128
13310.0,-1.2378699779510498
13315.0,-1.212719202041626
13320.0,-1.2299613952636719
13325.0,-1.2320137023925781
13330.0,-1.227933645248413
13335.0,-1.218767762184143
13340.0,-1.2278622388839722
13345.0,-1.2340152263641357
13350.0,-1.2249019145965576
13355.0,-1.2407848834991455
13360.0,-1.2247567176818848
13365.0,-1.2279421091079712
13370.0,-1.2221148014068604
13375.0,-1.2493927478790283
13380.0,-1.2292481660842896
13385.0,-1.245483160018921
13390.0,-1.2573124170303345
13395.0,-1.2200329303741455
13400.0,-1.2164201736450195
13405.0,-1.2434771060943604
13410.0,-1.2172138690948486
13415.0,-1.213477373123169
13420.0,-1.2390234470367432
13425.0,-1.2164764404296875
13430.0,-1.2449398040771484
13435.0,-1.2215889692306519
13440.0,-1.2304928302764893
13445.0,-1.2375829219818115
13450.0,-1.230069875717163
13455.0,-1.2251410484313965
13460.0,-1.2584956884384155
13465.0,-1.2283493280410767
13470.0,-1.235904335975647
13475.0,-1.226733922958374
13480.0,-1.2126855850219727
13485.0,-1.2362821102142334
13490.0,-1.2264487743377686
13495.0,-1.2339508533477783
13500.0,-1.2423295974731445
13505.0,-1.2439830303192139
13510.0,-1.224160075187683
13515.0,-1.2366236448287964
13520.0,-1.2451788187026978
13525.0,-1.220612645149231
13530.0,-1.2130200862884521
13535.0,-1.2233483791351318
13540.0,-1.2104898691177368
13545.0,-1.2205533981323242
13550.0,-1.2333803176879883
13555.0,-1.2117021083831787
13560.0,-1.2290467023849487
13565.0,-1.2227028608322144
13570.0,-1.2369030714035034
13575.0,-1.2291111946105957
13580.0,-1.2468899488449097
13585.0,-1.2403590679168701
13590.0,-1.2177472114562988
13595.0,-1.240741491317749
13600.0,-1.2353057861328125
13605.0,-1.251124620437622
13610.0,-1.2508933544158936
13615.0,-1.2467942237854004
13620.0,-1.233397126197815
13625.0,-1.2590808868408203
13630.0,-1.2258148193359375
13635.0,-1.2325447797775269
13640.0,-1.2196986675262451
13645.0,-1.2178455591201782
13650.0,-1.1984128952026367
13655.0,-1.23628568649292
13660.0,-1.2217082977294922
13665.0,-1.2327767610549927
13670.0,-1.2462542057037354
13675.0,-1.2197442054748535
13680.0,-1.2245123386383057
13685.0,-1.234593152999878
13690.0,-1.226119875907898
13695.0,-1.236910104751587
13700.0,-1.237612247467041
13705.0,-1.2143936157226562
13710.0,-1.2261418104171753
13715.0,-1.2121444940567017
13720.0,-1.2418237924575806
13725.0,-1.2416977882385254
13730.0,-1.2363404035568237
13735.0,-1.2382522821426392
13740.0,-1.2484066486358643
13745.0,-1.2295396327972412
13750.0,-1.2504814863204956
13755.0,-1.234161376953125
13760.0,-1.2270019054412842
13765.0,-1.2424280643463135
13770.0,-1.216797113418579
13775.0,-1.2057400941848755
13780.0,-1.2330585718154907
13785.0,-1.2277895212173462
13790.0,-1.2244855165481567
13795.0,-1.2352336645126343
13800.0,-1.2402719259262085
13805.0,-1.2423961162567139
13810.0,-1.2228806018829346
13815.0,-1.2380701303482056
13820.0,-1.2345753908157349
13825.0,-1.2299354076385498
13830.0,-1.227283000946045
13835.0,-1.2506155967712402
13840.0,-1.2349560260772705
13845.0,-1.2096397876739502
13850.0,-1.2384306192398071
13855.0,-1.234532356262207
13860.0,-1.2316354513168335
13865.0,-1.2340210676193237
13870.0,-1.2374639511108398
13875.0,-1.2356897592544556
13880.0,-1.230412244796753
13885.0,-1.2283681631088257
13890.0,-1.257279634475708
13895.0,-1.252290964126587
13900.0,-1.2214000225067139
13905.0,-1.2460988759994507
13910.0,-1.224454402923584
13915.0,-1.2208706140518188
13920.0,-1.223122477531433
13925.0,-1.2347500324249268
13930.0,-1.236452341079712
13935.0,-1.226583480834961
13940.0,-1.2268223762512207
13945.0,-1.2450100183486938
13950.0,-1.2251554727554321
13955.0,-1.2191746234893799
13960.0,-1.262259840965271
13965.0,-1.2282469272613525
13970.0,-1.2349400520324707
13975.0,-1.2613000869750977
13980.0,-1.2252726554870605
13985.0,-1.23768150806427
13990.0,-1.2472577095031738
13995.0,-1.2256287336349487
14000.0,-1.2319726943969727
14005.0,-1.2260642051696777
14010.0,-1.2268352508544922
14015.0,-1.2334620952606201
14020.0,-1.2348220348358154
14025.0,-1.2158710956573486
14030.0,-1.2241498231887817
14035.0,-1.2378507852554321
14040.0,-1.2298959493637085
14045.0,-1.243449091911316
14050.0,-1.2418049573898315
14055.0,-1.2436603307724
14060.0,-1.2173750400543213
14065.0,-1.2310848236083984
14070.0,-1.2512277364730835
14075.0,-1.2293332815170288
14080.0,-1.2332040071487427
14085.0,-1.2258045673370361
14090.0,-1.2087860107421875
14095.0,-1.2306432723999023
14100.0,-1.2233200073242188
14105.0,-1.219813585281372
14110.0,-1.2469314336776733
14115.0,-1.232183814048767
14120.0,-1.2304432392120361
14125.0,-1.2404351234436035
14130.0,-1.2384438514709473
14135.0,-1.2390077114105225
14140.0,-1.2400918006896973
14145.0,-1.2383785247802734
14150.0,-1.2519874572753906
14155.0,-1.2176146507263184
14160.0,-1.2029558420181274
14165.0,-1.2485096454620361
14170.0,-1.2117619514465332
14175.0,-1.2199859619140625
14180.0,-1.2354713678359985
14185.0,-1.2152124643325806
14190.0,-1.2568167448043823
14195.0,-1.2067136764526367
14200.0,-1.226985216140747
14205.0,-1.2368483543395996
14210.0,-1.2287046909332275
14215.0,-1.2131012678146362
14220.0,-1.2422597408294678
14225.0,-1.2315220832824707
14230.0,-1.2285029888153076
14235.0,-1.2279531955718994
14240.0,-1.220306396484375
14245.0,-1.2265238761901855
14250.0,-1.2252857685089111
14255.0,-1.1925873756408691
14260.0,-1.2090084552764893
14265.0,-1.239949107170105
14270.0,-1.2272659540176392
14275.0,-1.232454776763916
14280.0,-1.2410190105438232
14285.0,-1.22799551486969
14290.0,-1.232011079788208
14295.0,-1.2393907308578491
14300.0,-1.222905158996582
14305.0,-1.2331695556640625
14310.0,-1.2321299314498901
14315.0,-1.217534065246582
14320.0,-1.2187345027923584
14325.0,-1.2453818321228027
14330.0,-1.240743637084961
14335.0,-1.2434496879577637
14340.0,-1.2352932691574097
14345.0,-1.2497930526733398
14350.0,-1.2252795696258545
14355.0,-1.219756841659546
14360.0,-1.2465288639068604
14365.0,-1.2174651622772217
14370.0,-1.2154253721237183
14375.0,-1.2281935214996338
14380.0,-1.2273005247116089
14385.0,-1.226175308227539
14390.0,-1.2283363342285156
14395.0,-1.2422361373901367
14400.0,-1.2295277118682861
14405.0,-1.2231552600860596
14410.0,-1.2288174629211426
14415.0,-1.2646996974945068
14420.0,-1.228581190109253
14425.0,-1.2284460067749023
14430.0,-1.2579071521759033
14435.0,-1.2407238483428955
14440.0,-1.2117993831634521
14445.0,-1.2494817972183228
14450.0,-1.2464311122894287
14455.0,-1.2219737768173218
14460.0,-1.2300587892532349
14465.0,-1.2478337287902832
14470.0,-1.2221136093139648
14475.0,-1.2166154384613037
14480.0,-1.2435235977172852
14485.0,-1.215375542640686
14490.0,-1.2293601036071777
14495.0,-1.2418818473815918
14500.0,-1.2069092988967896
14505.0,-1.2382867336273193
14510.0,-1.2313759326934814
14515.0,-1.232775092124939
14520.0,-1.2402610778808594
14525.0,-1.2528678178787231
14530.0,-1.2399777173995972
14535.0,-1.2447947263717651
14540.0,-1.2433897256851196
14545.0,-1.229344129562378
14550.0,-1.2345470190048218
14555.0,-1.2209845781326294
14560.0,-1.229315996170044
14565.0,-1.2110183238983154
14570.0,-1.2219014167785645
14575.0,-1.2281160354614258
14580.0,-1.247556447982788
14585.0,-1.2333364486694336
14590.0,-1.2296156883239746
14595.0,-1.2306287288665771
14600.0,-1.2295396327972412
14605.0,-1.2361072301864624
14610.0,-1.2266249656677246
14615.0,-1.241263508796692
14620.0,-1.2120193243026733
14625.0,-1.217972993850708
14630.0,-1.225832462310791
14635.0,-1.2308778762817383
14640.0,-1.2493836879730225
14645.0,-1.2343333959579468
14650.0,-1.231475591659546
14655.0,-1.2444430589675903
14660.0,-1.2323639392852783
14665.0,-1.2400063276290894
14670.0,-1.2129695415496826
14675.0,-1.2272391319274902
14680.0,-1.240376591682434
14685.0,-1.198716402053833
14690.0,-1.2214983701705933
14695.0,-1.2300128936767578
14700.0,-1.237994909286499
14705.0,-1.2134572267532349
14710.0,-1.2314321994781494
14715.0,-1.2204457521438599
14720.0,-1.2099668979644775
14725.0,-1.223904013633728
14730.0,-1.2237257957458496
14735.0,-1.2233648300170898
14740.0,-1.2302734851837158
14745.0,-1.2182376384735107
14750.0,-1.237343430519104
14755.0,-1.256393313407898
14760.0,-1.2295769453048706
14765.0,-1.231332540512085
14770.0,-1.2417736053466797
14775.0,-1.214790940284729
14780.0,-1.2339997291564941
14785.0,-1.2271673679351807
14790.0,-1.2059435844421387
14795.0,-1.235260009765625
14800.0,-1.2194228172302246
14805.0,-1.2159631252288818
14810.0,-1.2411547899246216
14815.0,-1.233957052230835
14820.0,-1.2258477210998535
14825.0,-1.2339134216308594
14830.0,-1.2225288152694702
14835.0,-1.2379688024520874
14840.0,-1.2138903141021729
14845.0,-1.244930386543274
14850.0,-1.2287251949310303
14855.0,-1.2110865116119385
14860.0,-1.2538578510284424
14865.0,-1.2371306419372559
14870.0,-1.2314387559890747
14875.0,-1.251101016998291
14880.0,-1.2276732921600342
14885.0,-1.2050952911376953
14890.0,-1.2346086502075195
14895.0,-1.2298915386199951
14900.0,-1.2179319858551025
14905.0,-1.237208604812622
14910.0,-1.2198448181152344
14915.0,-1.1822900772094727
14920.0,-1.226004958152771
14925.0,-1.233683466911316
14930.0,-1.231245994567871
14935.0,-1.2133976221084595
14940.0,-1.2088119983673096
14945.0,-1.2471774816513062
14950.0,-1.2329870462417603
14955.0,-1.2083473205566406
14960.0,-1.2428115606307983
14965.0,-1.2205102443695068
14970.0,-1.1995378732681274
14975.0,-1.214434266090393
14980.0,-1.226867914199829
14985.0,-1.2051303386688232
14990.0,-1.2116459608078003
14995.0,-1.2174696922302246
15000.0,-1.2443130016326904
15005.0,-1.2535607814788818
15010.0,-1.2046449184417725
15015.0,-1.240886926651001
15020.0,-1.236782193183899
15025.0,-1.2227625846862793
15030.0,-1.2256824970245361
15035.0,-1.2322522401809692
15040.0,-1.2129710912704468
15045.0,-1.2135043144226074
15050.0,-1.2361187934875488
15055.0,-1.2277147769927979
15060.0,-1.2050302028656006
15065.0,-1.229978084564209
15070.0,-1.2362828254699707
15075.0,-1.2337381839752197
15080.0,-1.236641526222229
15085.0,-1.2330220937728882
15090.0,-1.2259374856948853
15095.0,-1.226630449295044
15100.0,-1.2390044927597046
15105.0,-1.2486917972564697
15110.0,-1.2283326387405396
15115.0,-1.2386927604675293
15120.0,-1.2141457796096802
15125.0,-1.2402088642120361
15130.0,-1.2337942123413086
15135.0,-1.2287521362304688
15140.0,-1.2396049499511719
15145.0,-1.208238124847412
15150.0,-1.218937873840332
15155.0,-1.250042200088501
15160.0,-1.2361564636230469
15165.0,-1.2396959066390991
15170.0,-1.248321294784546
15175.0,-1.22716224193573
15180.0,-1.2199511528015137
15185.0,-1.2398126125335693
15190.0,-1.2241134643554688
15195.0,-1.2265777587890625
15200.0,-1.2383865118026733
15205.0,-1.2117366790771484
15210.0,-1.23809814453125
15215.0,-1.2416245937347412
15220.0,-1.2295942306518555
15225.0,-1.2178376913070679
15230.0,-1.2243252992630005
15235.0,-1.245316505432129
15240.0,-1.2281522750854492
15245.0,-1.2122769355773926
15250.0,-1.2616454362869263
15255.0,-1.2075401544570923
15260.0,-1.2139135599136353
15265.0,-1.254265546798706
15270.0,-1.2408223152160645
15275.0,-1.2383077144622803
15280.0,-1.2339146137237549
15285.0,-1.2169222831726074
15290.0,-1.225618839263916
15295.0,-1.2256479263305664
15300.0,-1.1997785568237305
15305.0,-1.2272722721099854
15310.0,-1.2172105312347412
15315.0,-1.1987731456756592
15320.0,-1.233621597290039
15325.0,-1.2320760488510132
15330.0,-1.203754186630249
15335.0,-1.242022156715393
15340.0,-1.2280253171920776
15345.0,-1.2242155075073242
15350.0,-1.2363728284835815
15355.0,-1.2328927516937256
15360.0,-1.2240370512008667
15365.0,-1.2292418479919434
15370.0,-1.2334736585617065
15375.0,-1.241288185119629
15380.0,-1.2300212383270264
15385.0,-1.2293455600738525
15390.0,-1.229880928993225
15395.0,-1.2236030101776123
15400.0,-1.2436765432357788
15405.0,-1.2377815246582031
15410.0,-1.2381978034973145
15415.0,-1.237654447555542
15420.0,-1.2423224449157715
15425.0,-1.2360578775405884
15430.0,-1.2400600910186768
15435.0,-1.2173579931259155
15440.0,-1.2310030460357666
15445.0,-1.2038674354553223
15450.0,-1.224401593208313
15455.0,-1.2539470195770264
15460.0,-1.2030675411224365
15465.0,-1.236867904663086
15470.0,-1.2095372676849365
15475.0,-1.2366909980773926
15480.0,-1.2537909746170044
15485.0,-1.2105631828308105
15490.0,-1.2532302141189575
15495.0,-1.2387006282806396
15500.0,-1.200119972229004
15505.0,-1.256957769393921
15510.0,-1.2316932678222656
15515.0,-1.2151374816894531
15520.0,-1.259645700454712
15525.0,-1.205151081085205
15530.0,-1.2290490865707397
15535.0,-1.276513934135437
15540.0,-1.2239947319030762
15545.0,-1.2351696491241455
15550.0,-1.2673046588897705
15555.0,-1.2220174074172974
15560.0,-1.2572702169418335
15565.0,-1.223495364189148
15570.0,-1.2247724533081055
15575.0,-1.23982572555542
15580.0,-1.2113821506500244
15585.0,-1.221266746520996
15590.0,-1.2461178302764893
15595.0,-1.2291598320007324
15600.0,-1.218733787536621
15605.0,-1.2389063835144043
15610.0,-1.2147760391235352
15615.0,-1.2244031429290771
15620.0,-1.2188228368759155
15625.0,-1.2175108194351196
15630.0,-1.2292075157165527
15635.0,-1.2314977645874023
15640.0,-1.2045230865478516
15645.0,-1.2324832677841187
15650.0,-1.2688157558441162
15655.0,-1.205765724182129
15660.0,-1.2312743663787842
15665.0,-1.2675800323486328
15670.0,-1.2054190635681152
15675.0,-1.2280809879302979
15680.0,-1.2434897422790527
15685.0,-1.2301054000854492
15690.0,-1.2355326414108276
15695.0,-1.253943681716919
15700.0,-1.224212884902954
15705.0,-1.2441554069519043
15710.0,-1.2463810443878174
15715.0,-1.2246558666229248
15720.0,-1.2413396835327148
15725.0,-1.2291420698165894
15730.0,-1.216125726699829
15735.0,-1.239363193511963
15740.0,-1.2278684377670288
15745.0,-1.2203733921051025
15750.0,-1.2289657592773438
15755.0,-1.2181859016418457
15760.0,-1.2299602031707764
15765.0,-1.2054648399353027
15770.0,-1.2407658100128174
15775.0,-1.2297351360321045
15780.0,-1.2039077281951904
15785.0,-1.237343430519104
15790.0,-1.219638705253601
15795.0,-1.2423532009124756
15800.0,-1.2380053997039795
15805.0,-1.224738359451294
15810.0,-1.2355937957763672
15815.0,-1.2224721908569336
15820.0,-1.208482027053833
15825.0,-1.2506318092346191
15830.0,-1.2362439632415771
15835.0,-1.2373216152191162
15840.0,-1.2392204999923706
15845.0,-1.2256320714950562
15850.0,-1.2381007671356201
15855.0,-1.2350271940231323
15860.0,-1.2236701250076294
15865.0,-1.24587082862854
15870.0,-1.2142058610916138
15875.0,-1.2051819562911987
15880.0,-1.245813250541687
15885.0,-1.2311934232711792
15890.0,-1.2141144275665283
15895.0,-1.230499505996704
15900.0,-1.2347462177276611
15905.0,-1.2325797080993652
15910.0,-1.2285547256469727
15915.0,-1.219917893409729
15920.0,-1.2414144277572632
15925.0,-1.2254610061645508
15930.0,-1.2342641353607178
15935.0,-1.2435439825057983
15940.0,-1.2461707592010498
15945.0,-1.2364907264709473
15950.0,-1.2309513092041016
15955.0,-1.2303749322891235
15960.0,-1.2373027801513672
15965.0,-1.223308801651001
15970.0,-1.22434401512146
15975.0,-1.229975700378418
15980.0,-1.2234156131744385
15985.0,-1.2456834316253662
15990.0,-1.2391197681427002
15995.0,-1.2220362424850464
16000.0,-1.2483389377593994
16005.0,-1.2408452033996582
16010.0,-1.2198824882507324
16015.0,-1.2373557090759277
16020.0,-1.2248493432998657
16025.0,-1.2198638916015625
16030.0,-1.2070541381835938
16035.0,-1.2266963720321655
16040.0,-1.2523270845413208
16045.0,-1.224587321281433
16050.0,-1.2342760562896729
16055.0,-1.2303816080093384
16060.0,-1.2216905355453491
16065.0,-1.2186050415039062
16070.0,-1.2299368381500244
16075.0,-1.245121955871582
16080.0,-1.2230734825134277
16085.0,-1.2262827157974243
16090.0,-1.2475461959838867
16095.0,-1.232611060142517
16100.0,-1.2407386302947998
16105.0,-1.2514256238937378
16110.0,-1.2255886793136597
16115.0,-1.2201977968215942
16120.0,-1.2330336570739746
16125.0,-1.2226234674453735
16130.0,-1.1923158168792725
16135.0,-1.2346436977386475
16140.0,-1.2323861122131348
16145.0,-1.201473355293274
16150.0,-1.237065315246582
16155.0,-1.2490499019622803
16160.0,-1.22267484664917
16165.0,-1.2306277751922607
16170.0,-1.2259970903396606
16175.0,-1.227445125579834
16180.0,-1.2113690376281738
16185.0,-1.192389726638794
16190.0,-1.2321585416793823
16195.0,-1.251214861869812
16200.0,-1.2252976894378662
16205.0,-1.2360566854476929
16210.0,-1.2425484657287598
16215.0,-1.2438833713531494
16220.0,-1.2424163818359375
16225.0,-1.239342212677002
16230.0,-1.2496099472045898
16235.0,-1.2214802503585815
16240.0,-1.2231042385101318
16245.0,-1.2213809490203857
16250.0,-1.2202261686325073
16255.0,-1.231135368347168
16260.0,-1.2121942043304443
16265.0,-1.2201707363128662
16270.0,-1.2565538883209229
16275.0,-1.2122228145599365
16280.0,-1.2146809101104736
16285.0,-1.2478957176208496
16290.0,-1.2354488372802734
16295.0,-1.2247134447097778
16300.0,-1.2386348247528076
16305.0,-1.231255292892456
16310.0,-1.2146090269088745
16315.0,-1.2507530450820923
16320.0,-1.2187179327011108
16325.0,-1.2448713779449463
16330.0,-1.2446959018707275
16335.0,-1.2213249206542969
16340.0,-1.2413206100463867
16345.0,-1.238996982574463
16350.0,-1.2405757904052734
16355.0,-1.2481313943862915
16360.0,-1.2310009002685547
16365.0,-1.2466986179351807
16370.0,-1.2547575235366821
16375.0,-1.2368309497833252
16380.0,-1.253608226776123
16385.0,-1.248378038406372
16390.0,-1.2408381700515747
16395.0,-1.2281417846679688
16400.0,-1.221650242805481
16405.0,-1.2346400022506714
16410.0,-1.2278724908828735
16415.0,-1.2354929447174072
16420.0,-1.2245540618896484
16425.0,-1.217867136001587
16430.0,-1.2573243379592896
16435.0,-1.2215731143951416
16440.0,-1.2327170372009277
16445.0,-1.2477736473083496
16450.0,-1.20945405960083
16455.0,-1.2059789896011353
16460.0,-1.2583304643630981
16465.0,-1.210742473602295
16470.0,-1.2297770977020264
16475.0,-1.235047459602356
16480.0,-1.2035385370254517
16485.0,-1.2540168762207031
16490.0,-1.2602190971374512
16495.0,-1.2094483375549316
16500.0,-1.2338968515396118
16505.0,-1.2272180318832397
16510.0,-1.2212193012237549
16515.0,-1.2586852312088013
16520.0,-1.236663579940796
16525.0,-1.2404990196228027
16530.0,-1.254307746887207
16535.0,-1.224784255027771
16540.0,-1.222625970840454
16545.0,-1.2498204708099365
16550.0,-1.2345683574676514
16555.0,-1.2201772928237915
16560.0,-1.2027819156646729
16565.0,-1.2345085144042969
16570.0,-1.2257786989212036
16575.0,-1.2205158472061157
16580.0,-1.2366111278533936
16585.0,-1.2447744607925415
16590.0,-1.2075692415237427
16595.0,-1.250840187072754
16600.0,-1.2215369939804077
16605.0,-1.214824914932251
16610.0,-1.2561324834823608
16615.0,-1.2254070043563843
16620.0,-1.2075077295303345
16625.0,-1.2554130554199219
16630.0,-1.2538079023361206
16635.0,-1.2201778888702393
16640.0,-1.2444584369659424
16645.0,-1.2516487836837769
16650.0,-1.2349330186843872
16655.0,-1.2189981937408447
16660.0,-1.242917776107788
16665.0,-1.2214422225952148
16670.0,-1.2411373853683472
16675.0,-1.205552339553833
16680.0,-1.2379603385925293
16685.0,-1.2135231494903564
16690.0,-1.206364393234253
16695.0,-1.2411372661590576
16700.0,-1.2263994216918945
16705.0,-1.2161818742752075
16710.0,-1.223508596420288
16715.0,-1.2151648998260498
16720.0,-1.2287187576293945
16725.0,-1.223260760307312
16730.0,-1.2300682067871094
16735.0,-1.2177478075027466
16740.0,-1.2113044261932373
16745.0,-1.2295019626617432
16750.0,-1.2404170036315918
16755.0,-1.2268304824829102
16760.0,-1.2216806411743164
16765.0,-1.2442524433135986
16770.0,-1.2176599502563477
16775.0,-1.2385897636413574
16780.0,-1.249617576599121
16785.0,-1.2440521717071533
16790.0,-1.229042649269104
16795.0,-1.2594338655471802
16800.0,-1.2367758750915527
16805.0,-1.2133300304412842
16810.0,-1.2410845756530762
16815.0,-1.2397598028182983
16820.0,-1.2050139904022217
16825.0,-1.2266334295272827
16830.0,-1.2449301481246948
16835.0,-1.2146199941635132
16840.0,-1.2155733108520508
16845.0,-1.2482006549835205
16850.0,-1.209040641784668
16855.0,-1.2189321517944336
16860.0,-1.2347869873046875
16865.0,-1.2223663330078125
16870.0,-1.2144393920898438
16875.0,-1.2412525415420532
16880.0,-1.2210298776626587
16885.0,-1.197633981704712
16890.0,-1.2513591051101685
16895.0,-1.2236230373382568
16900.0,-1.199275255203247
16905.0,-1.2427806854248047
16910.0,-1.230646014213562
16915.0,-1.2028493881225586
16920.0,-1.2412309646606445
16925.0,-1.2423374652862549
16930.0,-1.2226182222366333
16935.0,-1.2340410947799683
16940.0,-1.2482225894927979
16945.0,-1.2097347974777222
16950.0,-1.2403427362442017
16955.0,-1.2620618343353271
16960.0,-1.2431814670562744
16965.0,-1.2305290699005127
16970.0,-1.2529232501983643
16975.0,-1.240861177444458
16980.0,-1.218092679977417
16985.0,-1.2469768524169922
16990.0,-1.2269961833953857
16995.0,-1.2036302089691162
17000.0,-1.227139949798584
17005.0,-1.2347540855407715
17010.0,-1.22873854637146
17015.0,-1.2337559461593628
17020.0,-1.2231361865997314
17025.0,-1.2247285842895508
17030.0,-1.2123329639434814
17035.0,-1.228257179260254
17040.0,-1.2301498651504517
17045.0,-1.2181583642959595
17050.0,-1.2181026935577393
17055.0,-1.2245123386383057
17060.0,-1.2241193056106567
17065.0,-1.2243659496307373
17070.0,-1.2449214458465576
17075.0,-1.2313520908355713
17080.0,-1.2073109149932861
17085.0,-1.233138918876648
17090.0,-1.2274913787841797
17095.0,-1.2333042621612549
17100.0,-1.2390044927597046
17105.0,-1.2275174856185913
17110.0,-1.2307767868041992
17115.0,-1.2286436557769775
17120.0,-1.233018398284912
17125.0,-1.227429747581482
17130.0,-1.2275471687316895
17135.0,-1.2343956232070923
17140.0,-1.2197492122650146
17145.0,-1.2360903024673462
17150.0,-1.2364413738250732
17155.0,-1.2197206020355225
17160.0,-1.2393239736557007
17165.0,-1.2461163997650146
17170.0,-1.2197943925857544
17175.0,-1.2342033386230469
17180.0,-1.2419142723083496
17185.0,-1.219160556793213
17190.0,-1.2199803590774536
17195.0,-1.2229037284851074
17200.0,-1.2031409740447998
17205.0,-1.2223278284072876
17210.0,-1.2163639068603516
17215.0,-1.2387111186981201
17220.0,-1.2307147979736328
17225.0,-1.2222034931182861
17230.0,-1.2446799278259277
17235.0,-1.2160104513168335
17240.0,-1.2249373197555542
17245.0,-1.2320170402526855
17250.0,-1.2086758613586426
17255.0,-1.2407758235931396
17260.0,-1.211128830909729
17265.0,-1.212218165397644
17270.0,-1.2662891149520874
17275.0,-1.2312908172607422
17280.0,-1.217031717300415
17285.0,-1.2521264553070068
17290.0,-1.2212363481521606
17295.0,-1.2202534675598145
17300.0,-1.2470529079437256
17305.0,-1.2261691093444824
17310.0,-1.236424207687378
17315.0,-1.2286571264266968
17320.0,-1.2191615104675293
17325.0,-1.2444435358047485
17330.0,-1.256824254989624
17335.0,-1.2224445343017578
17340.0,-1.2518033981323242
17345.0,-1.2493482828140259
17350.0,-1.2146153450012207
17355.0,-1.2298696041107178
17360.0,-1.2491064071655273
17365.0,-1.210900068283081
17370.0,-1.2185981273651123
17375.0,-1.2287793159484863
17380.0,-1.2267905473709106
17385.0,-1.231337308883667
17390.0,-1.2437052726745605
17395.0,-1.2204645872116089
17400.0,-1.2280099391937256
17405.0,-1.2379070520401
17410.0,-1.2162749767303467
17415.0,-1.2555432319641113
17420.0,-1.2388818264007568
17425.0,-1.2287505865097046
17430.0,-1.2195932865142822
17435.0,-1.227197289466858
17440.0,-1.230842113494873
17445.0,-1.2215099334716797
17450.0,-1.2472670078277588
17455.0,-1.226211428642273
17460.0,-1.208172082901001
17465.0,-1.2466340065002441
17470.0,-1.226396918296814
17475.0,-1.2169654369354248
17480.0,-1.2464407682418823
17485.0,-1.2351980209350586
17490.0,-1.1983062028884888
17495.0,-1.2317943572998047
17500.0,-1.2426109313964844
17505.0,-1.219751000404358
17510.0,-1.2478981018066406
17515.0,-1.255815863609314
17520.0,-1.215895652770996
17525.0,-1.220139503479004
17530.0,-1.26766836643219
17535.0,-1.2194178104400635
17540.0,-1.2084487676620483
17545.0,-1.251119613647461
17550.0,-1.223776936531067
17555.0,-1.2234828472137451
17560.0,-1.248425841331482
17565.0,-1.2119221687316895
17570.0,-1.2258174419403076
17575.0,-1.238160252571106
17580.0,-1.2215265035629272
17585.0,-1.2140634059906006
17590.0,-1.2541029453277588
17595.0,-1.1980948448181152
17600.0,-1.2170723676681519
17605.0,-1.2580959796905518
17610.0,-1.2266676425933838
17615.0,-1.2053172588348389
17620.0,-1.2654495239257812
17625.0,-1.2259531021118164
17630.0,-1.229849934577942
17635.0,-1.2599754333496094
17640.0,-1.2255048751831055
17645.0,-1.2472116947174072
17650.0,-1.2434602975845337
17655.0,-1.2149971723556519
17660.0,-1.237231731414795
17665.0,-1.246161699295044
17670.0,-1.2050561904907227
17675.0,-1.2279462814331055
17680.0,-1.2208936214447021
17685.0,-1.222640872001648
17690.0,-1.2390294075012207
17695.0,-1.232130527496338
17700.0,-1.2366809844970703
17705.0,-1.2371318340301514
17710.0,-1.2140254974365234
17715.0,-1.2341094017028809
17720.0,-1.2526096105575562
17725.0,-1.2167620658874512
17730.0,-1.2305335998535156
17735.0,-1.2282063961029053
17740.0,-1.2257357835769653
17745.0,-1.2303581237792969
17750.0,-1.252219319343567
17755.0,-1.2243214845657349
17760.0,-1.2352054119110107
17765.0,-1.2393611669540405
17770.0,-1.2298387289047241
17775.0,-1.2494215965270996
17780.0,-1.2504879236221313
17785.0,-1.2374165058135986
17790.0,-1.2270175218582153
17795.0,-1.2474802732467651
17800.0,-1.226922869682312
17805.0,-1.22383451461792
17810.0,-1.241947889328003
17815.0,-1.2164292335510254
17820.0,-1.2126076221466064
17825.0,-1.24072265625
17830.0,-1.2315430641174316
17835.0,-1.2161036729812622
17840.0,-1.2417482137680054
17845.0,-1.2146509885787964
17850.0,-1.2219643592834473
17855.0,-1.2540582418441772
17860.0,-1.2182923555374146
17865.0,-1.2253984212875366
17870.0,-1.2414500713348389
17875.0,-1.21876859664917
17880.0,-1.2299946546554565
17885.0,-1.2512561082839966
17890.0,-1.2153068780899048
17895.0,-1.2353386878967285
17900.0,-1.228776216506958
17905.0,-1.228200912475586
17910.0,-1.2372970581054688
17915.0,-1.239762544631958
17920.0,-1.2365676164627075
17925.0,-1.2453408241271973
17930.0,-1.226583480834961
17935.0,-1.230351209640503
17940.0,-1.2490683794021606
17945.0,-1.1903905868530273
17950.0,-1.217663049697876
17955.0,-1.2306172847747803
17960.0,-1.1932417154312134
17965.0,-1.2340245246887207
17970.0,-1.2612090110778809
17975.0,-1.2062196731567383
17980.0,-1.2159428596496582
17985.0,-1.2500566244125366
17990.0,-1.219900369644165
17995.0,-1.2067235708236694
18000.0,-1.2461018562316895
18005.0,-1.2344675064086914
18010.0,-1.1736021041870117
18015.0,-1.2339041233062744
18020.0,-1.2582882642745972
18025.0,-1.2360327243804932
18030.0,-1.2267755270004272
18035.0,-1.25050687789917
18040.0,-1.2372328042984009
18045.0,-1.2370011806488037
18050.0,-1.2430229187011719
18055.0,-1.235427737236023
18060.0,-1.2294912338256836
18065.0,-1.2317578792572021
18070.0,-1.221632957458496
18075.0,-1.2114733457565308
18080.0,-1.2377424240112305
18085.0,-1.2039462327957153
18090.0,-1.2057058811187744
18095.0,-1.2485008239746094
18100.0,-1.2389901876449585
18105.0,-1.1988718509674072
18110.0,-1.2283837795257568
18115.0,-1.2481995820999146
18120.0,-1.2066764831542969
18125.0,-1.2397217750549316
18130.0,-1.254077672958374
18135.0,-1.2222484350204468
18140.0,-1.2072008848190308
18145.0,-1.2264721393585205
18150.0,-1.2531192302703857
18155.0,-1.2050888538360596
18160.0,-1.2384154796600342
18165.0,-1.2397899627685547
18170.0,-1.2129905223846436
18175.0,-1.2389734983444214
18180.0,-1.2505159378051758
18185.0,-1.2236685752868652
18190.0,-1.2476035356521606
18195.0,-1.2461316585540771
18200.0,-1.2074792385101318
18205.0,-1.2098467350006104
18210.0,-1.2423803806304932
18215.0,-1.1996358633041382
18220.0,-1.2165465354919434
18225.0,-1.2322418689727783
18230.0,-1.2076555490493774
18235.0,-1.217574954032898
18240.0,-1.2340290546417236
18245.0,-1.2401823997497559
18250.0,-1.230492353439331
18255.0,-1.1896324157714844
18260.0,-1.2549526691436768
18265.0,-1.2252397537231445
18270.0,-1.166039228439331
18275.0,-1.2547138929367065
18280.0,-1.2456238269805908
18285.0,-1.2027865648269653
18290.0,-1.2314765453338623
18295.0,-1.2360737323760986
18300.0,-1.2307276725769043
18305.0,-1.2528663873672485
18310.0,-1.2547444105148315
18315.0,-1.232407569885254
18320.0,-1.2344555854797363
18325.0,-1.2380969524383545
18330.0,-1.2361652851104736
18335.0,-1.2415070533752441
18340.0,-1.2198532819747925
18345.0,-1.209786057472229
18350.0,-1.2228565216064453
18355.0,-1.2155115604400635
18360.0,-1.2181905508041382
18365.0,-1.225018858909607
18370.0,-1.2386122941970825
18375.0,-1.219064712524414
18380.0,-1.2298494577407837
18385.0,-1.2398760318756104
18390.0,-1.210599660873413
18395.0,-1.2321836948394775
18400.0,-1.230018973350525
18405.0,-1.2317981719970703
18410.0,-1.2325465679168701
18415.0,-1.2290773391723633
18420.0,-1.2154446840286255
18425.0,-1.2327892780303955
18430.0,-1.2456231117248535
18435.0,-1.2108018398284912
18440.0,-1.2210028171539307
18445.0,-1.248763084411621
18450.0,-1.2018569707870483
18455.0,-1.2177194356918335
18460.0,-1.2747573852539062
18465.0,-1.2068700790405273
18470.0,-1.2172330617904663
18475.0,-1.2546106576919556
18480.0,-1.211692214012146
18485.0,-1.2237772941589355
18490.0,-1.2684096097946167
18495.0,-1.2106115818023682
18500.0,-1.22884202003479
18505.0,-1.2624582052230835
18510.0,-1.2076385021209717
18515.0,-1.238904356956482
18520.0,-1.236865758895874
18525.0,-1.208764672279358
18530.0,-1.2334487438201904
18535.0,-1.234283447265625
18540.0,-1.226288914680481
18545.0,-1.2559406757354736
18550.0,-1.241189956665039
18555.0,-1.2198587656021118
18560.0,-1.2450242042541504
18565.0,-1.237162470817566
18570.0,-1.2178552150726318
18575.0,-1.2387213706970215
18580.0,-1.238525390625
18585.0,-1.2048273086547852
18590.0,-1.2367842197418213
18595.0,-1.2108333110809326
18600.0,-1.2207993268966675
18605.0,-1.2623395919799805
18610.0,-1.2114351987838745
18615.0,-1.2265253067016602
18620.0,-1.2386465072631836
18625.0,-1.2357615232467651
18630.0,-1.2559521198272705
18635.0,-1.2397840023040771
18640.0,-1.238455891609192
18645.0,-1.2509708404541016
18650.0,-1.2295162677764893
18655.0,-1.2205524444580078
18660.0,-1.2270045280456543
18665.0,-1.226196527481079
18670.0,-1.2363429069519043
18675.0,-1.2052075862884521
18680.0,-1.2429311275482178
18685.0,-1.2483282089233398
18690.0,-1.2120592594146729
18695.0,-1.2185003757476807
18700.0,-1.2466847896575928
18705.0,-1.2180465459823608
18710.0,-1.2406991720199585
18715.0,-1.2267942428588867
18720.0,-1.2223320007324219
18725.0,-1.2231556177139282
18730.0,-1.2055768966674805
18735.0,-1.2452507019042969
18740.0,-1.2356764078140259
18745.0,-1.2201950550079346
18750.0,-1.2408959865570068
18755.0,-1.2201154232025146
18760.0,-1.2104480266571045
18765.0,-1.2638299465179443
18770.0,-1.2298033237457275
18775.0,-1.2306997776031494
18780.0,-1.2504260540008545
18785.0,-1.2389938831329346
18790.0,-1.2139911651611328
18795.0,-1.213876724243164
18800.0,-1.2317625284194946
18805.0,-1.2165298461914062
18810.0,-1.2038109302520752
18815.0,-1.2209821939468384
18820.0,-1.2434676885604858
18825.0,-1.2017617225646973
18830.0,-1.2349896430969238
18835.0,-1.2471528053283691
18840.0,-1.2139737606048584
18845.0,-1.225925087928772
18850.0,-1.2215828895568848
18855.0,-1.2092903852462769
18860.0,-1.2380502223968506
18865.0,-1.2049041986465454
18870.0,-1.2285685539245605
18875.0,-1.2363333702087402
18880.0,-1.1992223262786865
18885.0,-1.2251025438308716
18890.0,-1.2469576597213745
18895.0,-1.2245163917541504
18900.0,-1.2165591716766357
18905.0,-1.2308133840560913
18910.0,-1.2240996360778809
18915.0,-1.2278918027877808
18920.0,-1.2511119842529297
18925.0,-1.2462202310562134
18930.0,-1.235939621925354
18935.0,-1.236778736114502
18940.0,-1.2263424396514893
18945.0,-1.2304545640945435
18950.0,-1.230056643486023
18955.0,-1.2203519344329834
18960.0,-1.2200425863265991
18965.0,-1.2230448722839355
18970.0,-1.213135004043579
18975.0,-1.2306700944900513
18980.0,-1.2351105213165283
18985.0,-1.2445049285888672
18990.0,-1.216531753540039
18995.0,-1.215559482574463
19000.0,-1.2330920696258545
19005.0,-1.2144765853881836
19010.0,-1.2138420343399048
19015.0,-1.238791584968567
19020.0,-1.2146058082580566
19025.0,-1.2292574644088745
19030.0,-1.2314821481704712
19035.0,-1.2067850828170776
19040.0,-1.2462379932403564
19045.0,-1.2381227016448975
19050.0,-1.212153434753418
19055.0,-1.2512010335922241
19060.0,-1.2367085218429565
19065.0,-1.2281147241592407
19070.0,-1.2579443454742432
19075.0,-1.2301101684570312
19080.0,-1.2362234592437744
19085.0,-1.2328749895095825
19090.0,-1.2454419136047363
19095.0,-1.2141450643539429
19100.0,-1.2183822393417358
19105.0,-1.2101373672485352
19110.0,-1.2329490184783936
19115.0,-1.2062044143676758
19120.0,-1.2194513082504272
19125.0,-1.255429983139038
19130.0,-1.2250902652740479
19135.0,-1.2229512929916382
19140.0,-1.2522914409637451
19145.0,-1.2234145402908325
19150.0,-1.208863377571106
19155.0,-1.2554905414581299
19160.0,-1.2052137851715088
19165.0,-1.222901701927185
19170.0,-1.2108711004257202
19175.0,-1.1921944618225098
19180.0,-1.253720998764038
19185.0,-1.23689603805542
19190.0,-1.212013840675354
19195.0,-1.2508773803710938
19200.0,-1.206155776977539
19205.0,-1.2153780460357666
19210.0,-1.240836262702942
19215.0,-1.226858377456665
19220.0,-1.2456247806549072
19225.0,-1.238985300064087
19230.0,-1.225966215133667
19235.0,-1.2551072835922241
19240.0,-1.2490477561950684
19245.0,-1.2271723747253418
19250.0,-1.2468247413635254
19255.0,-1.2303886413574219
19260.0,-1.217177391052246
19265.0,-1.228860855102539
19270.0,-1.214856743812561
19275.0,-1.216662883758545
19280.0,-1.2311692237854004
19285.0,-1.2185249328613281
19290.0,-1.228121280670166
19295.0,-1.237648367881775
19300.0,-1.2372071743011475
19305.0,-1.213714838027954
19310.0,-1.242542028427124
19315.0,-1.2268524169921875
19320.0,-1.225372314453125
19325.0,-1.2543889284133911
19330.0,-1.216315746307373
19335.0,-1.227079153060913
19340.0,-1.256453037261963
19345.0,-1.1947108507156372
19350.0,-1.2302141189575195
19355.0,-1.2537975311279297
19360.0,-1.2054270505905151
19365.0,-1.2357523441314697
19370.0,-1.221548080444336
19375.0,-1.211418867111206
19380.0,-1.2385332584381104
19385.0,-1.2234644889831543
19390.0,-1.2041032314300537
19395.0,-1.2579832077026367
19400.0,-1.2257797718048096
19405.0,-1.2283110618591309
19410.0,-1.2409940958023071
19415.0,-1.2536077499389648
19420.0,-1.2341153621673584
19425.0,-1.2330423593521118
19430.0,-1.2381802797317505
19435.0,-1.242189645767212
19440.0,-1.2156249284744263
19445.0,-1.2322101593017578
19450.0,-1.2251936197280884
19455.0,-1.2323763370513916
19460.0,-1.2388947010040283
19465.0,-1.199209451675415
19470.0,-1.2432630062103271
19475.0,-1.2672357559204102
19480.0,-1.2029170989990234
19485.0,-1.22111177444458
19490.0,-1.2337125539779663
19495.0,-1.2286808490753174
19500.0,-1.221125841140747
19505.0,-1.221777081489563
19510.0,-1.236191987991333
19515.0,-1.206050992012024
19520.0,-1.2117648124694824
19525.0,-1.2303546667099
19530.0,-1.2348823547363281
19535.0,-1.2211709022521973
19540.0,-1.2054145336151123
19545.0,-1.2197391986846924
19550.0,-1.2231725454330444
19555.0,-1.2249836921691895
19560.0,-1.243168830871582
19565.0,-1.2457795143127441
19570.0,-1.215442419052124
19575.0,-1.2313036918640137
19580.0,-1.234773874282837
19585.0,-1.2234249114990234
19590.0,-1.2351800203323364
19595.0,-1.226613163948059
19600.0,-1.21675705909729
19605.0,-1.2500823736190796
19610.0,-1.2108532190322876
19615.0,-1.2364343404769897
19620.0,-1.2514722347259521
19625.0,-1.2053533792495728
19630.0,-1.232848882675171
19635.0,-1.2454122304916382
19640.0,-1.2373348474502563
19645.0,-1.2500276565551758
19650.0,-1.2390488386154175
19655.0,-1.2371370792388916
19660.0,-1.2333261966705322
19665.0,-1.2259982824325562
19670.0,-1.2212347984313965
19675.0,-1.2286746501922607
19680.0,-1.217370867729187
19685.0,-1.2183239459991455
19690.0,-1.2283732891082764
19695.0,-1.231934666633606
19700.0,-1.2002238035202026
19705.0,-1.257473349571228
19710.0,-1.2319587469100952
19715.0,-1.2237141132354736
19720.0,-1.2490144968032837
19725.0,-1.2213234901428223
19730.0,-1.2234071493148804
19735.0,-1.2445032596588135
19740.0,-1.2207953929901123
19745.0,-1.2493066787719727
19750.0,-1.2276582717895508
19755.0,-1.2075141668319702
19760.0,-1.2506741285324097
19765.0,-1.2302241325378418
19770.0,-1.2256487607955933
19775.0,-1.2503639459609985
19780.0,-1.240939974784851
19785.0,-1.235945701599121
19790.0,-1.2500487565994263
19795.0,-1.2430205345153809
19800.0,-1.2351981401443481
19805.0,-1.2336628437042236
19810.0,-1.2396726608276367
19815.0,-1.2339533567428589
19820.0,-1.2170424461364746
19825.0,-1.2284621000289917
19830.0,-1.2217862606048584
19835.0,-1.2200219631195068
19840.0,-1.2220609188079834
19845.0,-1.2111728191375732
19850.0,-1.243048906326294
19855.0,-1.2246578931808472
19860.0,-1.2279667854309082
19865.0,-1.2348928451538086
19870.0,-1.2306076288223267
19875.0,-1.23121178150177
19880.0,-1.2143239974975586
19885.0,-1.2411469221115112
19890.0,-1.2340164184570312
19895.0,-1.2094906568527222
19900.0,-1.2393602132797241
19905.0,-1.2173963785171509
19910.0,-1.2120952606201172
19915.0,-1.2536821365356445
19920.0,-1.242967963218689
19925.0,-1.2105745077133179
19930.0,-1.249755859375
19935.0,-1.2275545597076416
19940.0,-1.214599609375
19945.0,-1.2479090690612793
19950.0,-1.2232147455215454
19955.0,-1.2405009269714355
19960.0,-1.2529090642929077
19965.0,-1.2405211925506592
19970.0,-1.2452962398529053
19975.0,-1.2359060049057007
19980.0,-1.2415390014648438
19985.0,-1.2464288473129272
19990.0,-1.243240237236023
19995.0,-1.236965537071228
20000.0,-1.2152175903320312
20005.0,-1.2189159393310547
20010.0,-1.2230476140975952
20015.0,-1.2042217254638672
20020.0,-1.227128267288208
20025.0,-1.256496787071228
20030.0,-1.2227460145950317
20035.0,-1.2271384000778198
20040.0,-1.2309324741363525
20045.0,-1.2203768491744995
20050.0,-1.210136890411377
20055.0,-1.2309869527816772
20060.0,-1.2303448915481567
20065.0,-1.200585126876831
20070.0,-1.2258176803588867
20075.0,-1.2152067422866821
20080.0,-1.222407579421997
20085.0,-1.2539722919464111
20090.0,-1.2158154249191284
20095.0,-1.2366094589233398
20100.0,-1.2281155586242676
20105.0,-1.2165056467056274
20110.0,-1.2424273490905762
20115.0,-1.2508506774902344
20120.0,-1.2320408821105957
20125.0,-1.2452551126480103
20130.0,-1.2440392971038818
20135.0,-1.2350002527236938
20140.0,-1.2530988454818726
20145.0,-1.2357690334320068
20150.0,-1.2280490398406982
20155.0,-1.2376632690429688
20160.0,-1.2264208793640137
20165.0,-1.1988377571105957
20170.0,-1.2272956371307373
20175.0,-1.2266136407852173
20180.0,-1.2042269706726074
20185.0,-1.2237582206726074
20190.0,-1.2414147853851318
20195.0,-1.2359895706176758
20200.0,-1.212453007698059
20205.0,-1.227612018585205
20210.0,-1.2160727977752686
20215.0,-1.2267588376998901
20220.0,-1.2249279022216797
20225.0,-1.2345664501190186
20230.0,-1.2343803644180298
20235.0,-1.2249135971069336
20240.0,-1.217118263244629
20245.0,-1.2424875497817993
20250.0,-1.232695460319519
20255.0,-1.2235723733901978
20260.0,-1.2386839389801025
20265.0,-1.245651364326477
20270.0,-1.2328429222106934
20275.0,-1.243309736251831
20280.0,-1.2526519298553467
20285.0,-1.2353624105453491
20290.0,-1.2535032033920288
20295.0,-1.233642578125
20300.0,-1.2218234539031982
20305.0,-1.2326858043670654
20310.0,-1.207932710647583
20315.0,-1.2255069017410278
20320.0,-1.2396996021270752
20325.0,-1.216325044631958
20330.0,-1.235583782196045
20335.0,-1.2482744455337524
20340.0,-1.2132306098937988
20345.0,-1.2278999090194702
20350.0,-1.2359001636505127
20355.0,-1.2046973705291748
20360.0,-1.2320749759674072
20365.0,-1.2343111038208008
20370.0,-1.2161486148834229
20375.0,-1.2251958847045898
20380.0,-1.2211562395095825
20385.0,-1.211914300918579
20390.0,-1.242595911026001
20395.0,-1.2322770357131958
20400.0,-1.228135347366333
20405.0,-1.211167812347412
20410.0,-1.2151087522506714
20415.0,-1.2265558242797852
20420.0,-1.2217152118682861
20425.0,-1.221299648284912
20430.0,-1.2302238941192627
20435.0,-1.2265961170196533
20440.0,-1.2257773876190186
20445.0,-1.216692328453064
20450.0,-1.2552584409713745
20455.0,-1.2337453365325928
20460.0,-1.224764108657837
20465.0,-1.2506747245788574
20470.0,-1.2330795526504517
20475.0,-1.229551911354065
20480.0,-1.2145211696624756
20485.0,-1.2374622821807861
20490.0,-1.2273306846618652
20495.0,-1.2223517894744873
20500.0,-1.2264442443847656
20505.0,-1.2246379852294922
20510.0,-1.2289180755615234
20515.0,-1.2284188270568848
20520.0,-1.2257368564605713
20525.0,-1.2428479194641113
20530.0,-1.219649076461792
20535.0,-1.2226215600967407
20540.0,-1.2485535144805908
20545.0,-1.236816167831421
20550.0,-1.2152882814407349
20555.0,-1.238435983657837
20560.0,-1.2322237491607666
20565.0,-1.2058372497558594
20570.0,-1.2492960691452026
20575.0,-1.229271650314331
20580.0,-1.2189931869506836
20585.0,-1.2151957750320435
20590.0,-1.2152825593948364
20595.0,-1.2246938943862915
20600.0,-1.2262382507324219
20605.0,-1.1909732818603516
20610.0,-1.2406806945800781
20615.0,-1.249986171722412
20620.0,-1.2143477201461792
20625.0,-1.228377103805542
20630.0,-1.2410199642181396
20635.0,-1.2086989879608154
20640.0,-1.2182276248931885
20645.0,-1.2405580282211304
20650.0,-1.2141982316970825
20655.0,-1.2125087976455688
20660.0,-1.2313154935836792
20665.0,-1.228168249130249
20670.0,-1.2314774990081787
20675.0,-1.2221906185150146
20680.0,-1.2237873077392578
20685.0,-1.225113868713379
20690.0,-1.2198050022125244
20695.0,-1.243488073348999
20700.0,-1.2314831018447876
20705.0,-1.2433698177337646
20710.0,-1.222800612449646
20715.0,-1.2306780815124512
20720.0,-1.246279001235962
20725.0,-1.2271339893341064
20730.0,-1.2460532188415527
20735.0,-1.2254936695098877
20740.0,-1.236202597618103
20745.0,-1.2338428497314453
20750.0,-1.2338167428970337
20755.0,-1.2169337272644043
20760.0,-1.2196884155273438
20765.0,-1.2174631357192993
20770.0,-1.2190566062927246
20775.0,-1.22034752368927
20780.0,-1.2316166162490845
20785.0,-1.2147622108459473
20790.0,-1.2251852750778198
20795.0,-1.227616310119629
20800.0,-1.2364084720611572
20805.0,-1.2490291595458984
20810.0,-1.2133389711380005
20815.0,-1.2212940454483032
20820.0,-1.2457598447799683
20825.0,-1.2080881595611572
20830.0,-1.2471837997436523
20835.0,-1.2371366024017334
20840.0,-1.2224277257919312
20845.0,-1.2167637348175049
20850.0,-1.227840781211853
20855.0,-1.2336275577545166
20860.0,-1.228653907775879
20865.0,-1.2187061309814453
20870.0,-1.232023000717163
20875.0,-1.2232486009597778
20880.0,-1.2227696180343628
20885.0,-1.2511266469955444
20890.0,-1.2453429698944092
20895.0,-1.2182679176330566
20900.0,-1.2396867275238037
20905.0,-1.2304695844650269
20910.0,-1.2187594175338745
20915.0,-1.2427291870117188
20920.0,-1.2474678754806519
20925.0,-1.237853765487671
20930.0,-1.232067584991455
20935.0,-1.2424813508987427
20940.0,-1.2334102392196655
20945.0,-1.2350269556045532
20950.0,-1.2273746728897095
20955.0,-1.2338238954544067
20960.0,-1.2116241455078125
20965.0,-1.2409850358963013
20970.0,-1.2346141338348389
20975.0,-1.2221544981002808
20980.0,-1.2196522951126099
20985.0,-1.220960021018982
20990.0,-1.234975814819336
20995.0,-1.2177339792251587
21000.0,-1.2353050708770752
21005.0,-1.2260048389434814
21010.0,-1.2209893465042114
21015.0,-1.2243163585662842
21020.0,-1.2250887155532837
21025.0,-1.2380154132843018
21030.0,-1.2144132852554321
21035.0,-1.2261781692504883
21040.0,-1.2205278873443604
21045.0,-1.2213311195373535
21050.0,-1.2196893692016602
21055.0,-1.2176971435546875
21060.0,-1.243214726448059
21065.0,-1.2223249673843384
21070.0,-1.2207764387130737
21075.0,-1.2406234741210938
21080.0,-1.2226765155792236
21085.0,-1.2506916522979736
21090.0,-1.2585711479187012
21095.0,-1.2300363779067993
21100.0,-1.2534968852996826
21105.0,-1.2389535903930664
21110.0,-1.2122045755386353
21115.0,-1.2537983655929565
21120.0,-1.227668285369873
21125.0,-1.2123584747314453
21130.0,-1.2347410917282104
21135.0,-1.23195219039917
21140.0,-1.227099061012268
21145.0,-1.2453380823135376
21150.0,-1.2090240716934204
21155.0,-1.2439239025115967
21160.0,-1.2301404476165771
21165.0,-1.2171642780303955
21170.0,-1.242110013961792
21175.0,-1.2392445802688599
21180.0,-1.2023873329162598
21185.0,-1.24037766456604
21190.0,-1.2439013719558716
21195.0,-1.2340196371078491
21200.0,-1.232379674911499
21205.0,-1.2298431396484375
21210.0,-1.2316516637802124
21215.0,-1.2287876605987549
21220.0,-1.2521274089813232
21225.0,-1.2263630628585815
21230.0,-1.2422773838043213
21235.0,-1.240031123161316
21240.0,-1.2369728088378906
21245.0,-1.2444803714752197
21250.0,-1.2448439598083496
21255.0,-1.2247233390808105
21260.0,-1.2358723878860474
21265.0,-1.2183456420898438
21270.0,-1.227237582206726
21275.0,-1.2179878950119019
21280.0,-1.2287788391113281
21285.0,-1.2252689599990845
21290.0,-1.207187533378601
21295.0,-1.2490026950836182
21300.0,-1.2423183917999268
21305.0,-1.2099664211273193
21310.0,-1.238862156867981
21315.0,-1.2310832738876343
21320.0,-1.205167293548584
21325.0,-1.2389183044433594
21330.0,-1.226647973060608
21335.0,-1.2127909660339355
21340.0,-1.2245850563049316
21345.0,-1.228512167930603
21350.0,-1.2260411977767944
21355.0,-1.2386744022369385
21360.0,-1.2413634061813354
21365.0,-1.2382755279541016
21370.0,-1.245612382888794
21375.0,-1.2357052564620972
21380.0,-1.2391765117645264
21385.0,-1.2472732067108154
21390.0,-1.2430360317230225
21395.0,-1.236872911453247
21400.0,-1.216569423675537
21405.0,-1.2248311042785645
21410.0,-1.2143964767456055
21415.0,-1.2332111597061157
21420.0,-1.2020771503448486
21425.0,-1.2397513389587402
21430.0,-1.2295820713043213
21435.0,-1.2176142930984497
21440.0,-1.2530477046966553
21445.0,-1.2254703044891357
21450.0,-1.2196555137634277
21455.0,-1.23163640499115
21460.0,-1.231633186340332
21465.0,-1.2154260873794556
21470.0,-1.2356367111206055
21475.0,-1.2156858444213867
21480.0,-1.2141671180725098
21485.0,-1.2229872941970825
21490.0,-1.2297953367233276
21495.0,-1.2293026447296143
21500.0,-1.2529757022857666
21505.0,-1.2349121570587158
21510.0,-1.2414827346801758
21515.0,-1.2537263631820679
21520.0,-1.2418380975723267
21525.0,-1.239717960357666
21530.0,-1.2453289031982422
21535.0,-1.2379509210586548
21540.0,-1.218726396560669
21545.0,-1.218611717224121
21550.0,-1.2307984828948975
21555.0,-1.2287871837615967
21560.0,-1.2272682189941406
21565.0,-1.2404319047927856
21570.0,-1.2144641876220703
21575.0,-1.2327276468276978
21580.0,-1.2258121967315674
21585.0,-1.243309497833252
21590.0,-1.2292964458465576
21595.0,-1.2177941799163818
21600.0,-1.252479076385498
21605.0,-1.2311556339263916
21610.0,-1.2312943935394287
21615.0,-1.2330992221832275
21620.0,-1.2279930114746094
21625.0,-1.2329919338226318
21630.0,-1.2553155422210693
21635.0,-1.2541742324829102
21640.0,-1.2483758926391602
21645.0,-1.253295660018921
21650.0,-1.233603596687317
21655.0,-1.2417941093444824
21660.0,-1.224565029144287
21665.0,-1.2340435981750488
21670.0,-1.229647159576416
21675.0,-1.2082370519638062
21680.0,-1.226957082748413
21685.0,-1.2308428287506104
21690.0,-1.2230925559997559
21695.0,-1.2240633964538574
21700.0,-1.2379004955291748
21705.0,-1.2248125076293945
21710.0,-1.2138652801513672
21715.0,-1.2295849323272705
21720.0,-1.2304472923278809
21725.0,-1.2159862518310547
21730.0,-1.2141826152801514
21735.0,-1.2486335039138794
21740.0,-1.2187730073928833
21745.0,-1.2257051467895508
21750.0,-1.2343467473983765
21755.0,-1.2218403816223145
21760.0,-1.2385116815567017
21765.0,-1.237656831741333
21770.0,-1.2293262481689453
21775.0,-1.237034797668457
21780.0,-1.2370364665985107
21785.0,-1.2108486890792847
21790.0,-1.2144496440887451
21795.0,-1.2492918968200684
21800.0,-1.223750352859497
21805.0,-1.224656343460083
21810.0,-1.2352615594863892
21815.0,-1.200535535812378
21820.0,-1.2056677341461182
21825.0,-1.2429819107055664
21830.0,-1.2223045825958252
21835.0,-1.20037841796875
21840.0,-1.2359988689422607
21845.0,-1.205297589302063
21850.0,-1.2026985883712769
21855.0,-1.2561895847320557
21860.0,-1.2199633121490479
21865.0,-1.2120964527130127
21870.0,-1.2495391368865967
21875.0,-1.2157083749771118
21880.0,-1.2361522912979126
21885.0,-1.256752371788025
21890.0,-1.2347933053970337
21895.0,-1.232032299041748
21900.0,-1.2564780712127686
21905.0,-1.2318495512008667
21910.0,-1.243467926979065
21915.0,-1.2453246116638184
21920.0,-1.2381165027618408
21925.0,-1.215933918952942
21930.0,-1.249324083328247
21935.0,-1.2264484167099
21940.0,-1.2335128784179688
21945.0,-1.2368720769882202
21950.0,-1.209545612335205
21955.0,-1.205859899520874
21960.0,-1.2313835620880127
21965.0,-1.240615963935852
21970.0,-1.2132325172424316
21975.0,-1.2445528507232666
21980.0,-1.236752986907959
21985.0,-1.2255326509475708
21990.0,-1.2204334735870361
21995.0,-1.2395086288452148
22000.0,-1.2224009037017822
22005.0,-1.2348601818084717
22010.0,-1.2339198589324951
22015.0,-1.2222436666488647
22020.0,-1.224945068359375
22025.0,-1.240297555923462
22030.0,-1.2362614870071411
22035.0,-1.2332957983016968
22040.0,-1.2507199048995972
22045.0,-1.2412279844284058
22050.0,-1.2156896591186523
22055.0,-1.226021409034729
22060.0,-1.2375407218933105
22065.0,-1.2170501947402954
22070.0,-1.2150766849517822
22075.0,-1.2430063486099243
22080.0,-1.2167963981628418
22085.0,-1.2221829891204834
22090.0,-1.2417041063308716
22095.0,-1.2229375839233398
22100.0,-1.230515480041504
22105.0,-1.2305961847305298
22110.0,-1.2452399730682373
22115.0,-1.2440203428268433
22120.0,-1.2396531105041504
22125.0,-1.2444485425949097
22130.0,-1.234707236289978
22135.0,-1.2233836650848389
22140.0,-1.241408348083496
22145.0,-1.2311898469924927
22150.0,-1.2190265655517578
22155.0,-1.2327011823654175
22160.0,-1.227218747138977
22165.0,-1.223832607269287
22170.0,-1.239698052406311
22175.0,-1.2328319549560547
22180.0,-1.2203832864761353
22185.0,-1.2402114868164062
22190.0,-1.2368483543395996
22195.0,-1.2335492372512817
22200.0,-1.2345668077468872
22205.0,-1.2249269485473633
22210.0,-1.2204698324203491
22215.0,-1.234425663948059
22220.0,-1.2318637371063232
22225.0,-1.2347729206085205
22230.0,-1.2264291048049927
22235.0,-1.2283928394317627
22240.0,-1.2204816341400146
22245.0,-1.2243685722351074
22250.0,-1.2313834428787231
22255.0,-1.2281017303466797
22260.0,-1.2259972095489502
22265.0,-1.2111437320709229
22270.0,-1.2307113409042358
22275.0,-1.244051456451416
22280.0,-1.2370431423187256
22285.0,-1.2406494617462158
22290.0,-1.2366982698440552
22295.0,-1.2206310033798218
22300.0,-1.2506048679351807
22305.0,-1.2532427310943604
22310.0,-1.2220427989959717
22315.0,-1.2295840978622437
22320.0,-1.2378807067871094
22325.0,-1.2208843231201172
22330.0,-1.241753101348877
22335.0,-1.2700762748718262
22340.0,-1.2317721843719482
22345.0,-1.2389625310897827
22350.0,-1.242130160331726
22355.0,-1.2188165187835693
22360.0,-1.2562289237976074
22365.0,-1.2627778053283691
22370.0,-1.2115415334701538
22375.0,-1.2242133617401123
22380.0,-1.23397958278656
22385.0,-1.2128033638000488
22390.0,-1.2329697608947754
22395.0,-1.240500569343567
22400.0,-1.2424588203430176
22405.0,-1.2153229713439941
22410.0,-1.2267968654632568
22415.0,-1.2463006973266602
22420.0,-1.2402008771896362
22425.0,-1.2222869396209717
22430.0,-1.2199068069458008
22435.0,-1.2340703010559082
22440.0,-1.2348666191101074
22445.0,-1.2188570499420166
22450.0,-1.2334922552108765
22455.0,-1.2296888828277588
22460.0,-1.2135647535324097
22465.0,-1.2287979125976562
22470.0,-1.2373461723327637
22475.0,-1.2562999725341797
22480.0,-1.227739930152893
22485.0,-1.2381786108016968
22490.0,-1.2282297611236572
22495.0,-1.234295129776001
22500.0,-1.2462403774261475
22505.0,-1.225860834121704
22510.0,-1.2206484079360962
22515.0,-1.2358318567276
22520.0,-1.222682237625122
22525.0,-1.2103476524353027
22530.0,-1.2243921756744385
22535.0,-1.2137956619262695
22540.0,-1.2192867994308472
22545.0,-1.2218854427337646
22550.0,-1.2221759557724
22555.0,-1.2385495901107788
22560.0,-1.2078700065612793
22565.0,-1.2426167726516724
22570.0,-1.24467134475708
22575.0,-1.2087128162384033
22580.0,-1.2340803146362305
22585.0,-1.2361047267913818
22590.0,-1.1957019567489624
22595.0,-1.23708176612854
22600.0,-1.2415800094604492
22605.0,-1.2270517349243164
22610.0,-1.2424249649047852
22615.0,-1.2333531379699707
22620.0,-1.2265914678573608
22625.0,-1.2451810836791992
22630.0,-1.2491862773895264
22635.0,-1.2566759586334229
22640.0,-1.227028250694275
22645.0,-1.2278172969818115
22650.0,-1.2328941822052002
22655.0,-1.2096354961395264
22660.0,-1.224050760269165
22665.0,-1.2254397869110107
22670.0,-1.2240381240844727
22675.0,-1.2114970684051514
22680.0,-1.2366595268249512
22685.0,-1.2307677268981934
22690.0,-1.237141489982605
22695.0,-1.267053484916687
22700.0,-1.2326912879943848
22705.0,-1.229737401008606
22710.0,-1.247570276260376
22715.0,-1.2437644004821777
22720.0,-1.2369565963745117
22725.0,-1.256445050239563
22730.0,-1.221299409866333
22735.0,-1.229904294013977
22740.0,-1.230995774269104
22745.0,-1.2318291664123535
22750.0,-1.2268635034561157
22755.0,-1.2633256912231445
22760.0,-1.1971304416656494
22765.0,-1.2256057262420654
22770.0,-1.2409474849700928
22775.0,-1.2267508506774902
22780.0,-1.237542986869812
22785.0,-1.2208447456359863
22790.0,-1.2323343753814697
22795.0,-1.2192349433898926
22800.0,-1.2198058366775513
22805.0,-1.238263726234436
22810.0,-1.2524582147598267
22815.0,-1.2325067520141602
22820.0,-1.2438455820083618
22825.0,-1.2255938053131104
22830.0,-1.23850679397583
22835.0,-1.2444713115692139
22840.0,-1.238058090209961
22845.0,-1.2448670864105225
22850.0,-1.2395286560058594
22855.0,-1.2237467765808105
22860.0,-1.238653540611267
22865.0,-1.243484377861023
22870.0,-1.2258440256118774
22875.0,-1.2537634372711182
22880.0,-1.2264955043792725
22885.0,-1.2066305875778198
22890.0,-1.2323737144470215
22895.0,-1.234039068222046
22900.0,-1.229355812072754
22905.0,-1.2132757902145386
22910.0,-1.237058162689209
22915.0,-1.2356613874435425
22920.0,-1.2121515274047852
22925.0,-1.227260947227478
22930.0,-1.2211412191390991
22935.0,-1.2320524454116821
22940.0,-1.2188897132873535
22945.0,-1.2405047416687012
22950.0,-1.2325377464294434
22955.0,-1.2072508335113525
22960.0,-1.2198283672332764
22965.0,-1.2404851913452148
22970.0,-1.24100661277771
22975.0,-1.246482014656067
22980.0,-1.2370281219482422
22985.0,-1.2369284629821777
22990.0,-1.239844560623169
22995.0,-1.2348384857177734
23000.0,-1.243521809577942
23005.0,-1.2528862953186035
23010.0,-1.2418259382247925
23015.0,-1.2010849714279175
23020.0,-1.2331815958023071
23025.0,-1.2357673645019531
23030.0,-1.2159817218780518
23035.0,-1.2290565967559814
23040.0,-1.2284932136535645
23045.0,-1.2400041818618774
23050.0,-1.2267166376113892
23055.0,-1.2351080179214478
23060.0,-1.2400157451629639
23065.0,-1.2419110536575317
23070.0,-1.2304174900054932
23075.0,-1.2356736660003662
23080.0,-1.24445641040802
23085.0,-1.2438284158706665
23090.0,-1.2289752960205078
23095.0,-1.2333228588104248
23100.0,-1.2398570775985718
23105.0,-1.216248869895935
23110.0,-1.238433837890625
23115.0,-1.2255098819732666
23120.0,-1.21628737449646
23125.0,-1.2161469459533691
23130.0,-1.249699592590332
23135.0,-1.210927128791809
23140.0,-1.2275962829589844
23145.0,-1.2371679544448853
23150.0,-1.2236931324005127
23155.0,-1.2484536170959473
23160.0,-1.2215675115585327
23165.0,-1.2328293323516846
23170.0,-1.228158712387085
23175.0,-1.214287281036377
23180.0,-1.2191882133483887
23185.0,-1.2427747249603271
23190.0,-1.2493128776550293
23195.0,-1.2424921989440918
23200.0,-1.2213504314422607
23205.0,-1.232762336730957
23210.0,-1.239835262298584
23215.0,-1.2371630668640137
23220.0,-1.2431232929229736
23225.0,-1.23589289188385
23230.0,-1.2145720720291138
23235.0,-1.2478959560394287
23240.0,-1.223227620124817
23245.0,-1.2051817178726196
23250.0,-1.2488818168640137
23255.0,-1.2413201332092285
23260.0,-1.2087018489837646
23265.0,-1.2396578788757324
23270.0,-1.2319676876068115
23275.0,-1.2262399196624756
23280.0,-1.2511265277862549
23285.0,-1.2173633575439453
23290.0,-1.2424814701080322
23295.0,-1.2249679565429688
23300.0,-1.2262160778045654
23305.0,-1.2402822971343994
23310.0,-1.2501938343048096
23315.0,-1.2467097043991089
23320.0,-1.2301105260849
23325.0,-1.2347925901412964
23330.0,-1.238168478012085
23335.0,-1.2262961864471436
23340.0,-1.2289860248565674
23345.0,-1.235027551651001
23350.0,-1.2052562236785889
23355.0,-1.2209727764129639
23360.0,-1.2365069389343262
23365.0,-1.2037557363510132
23370.0,-1.216165542602539
23375.0,-1.2278800010681152
23380.0,-1.2367641925811768
23385.0,-1.2348777055740356
23390.0,-1.2188830375671387
23395.0,-1.2308447360992432
23400.0,-1.2252404689788818
23405.0,-1.227936029434204
23410.0,-1.2405757904052734
23415.0,-1.2524981498718262
23420.0,-1.2377943992614746
23425.0,-1.2247471809387207
23430.0,-1.2286063432693481
23435.0,-1.2630910873413086
23440.0,-1.2304655313491821
23445.0,-1.2454776763916016
23450.0,-1.2452239990234375
23455.0,-1.2216486930847168
23460.0,-1.2154334783554077
23465.0,-1.2438057661056519
23470.0,-1.2352666854858398
23475.0,-1.1965887546539307
23480.0,-1.2273951768875122
23485.0,-1.2274317741394043
23490.0,-1.2025052309036255
23495.0,-1.2393354177474976
23500.0,-1.2450950145721436
23505.0,-1.223915934562683
23510.0,-1.2077476978302002
23515.0,-1.2364940643310547
23520.0,-1.227813720703125
23525.0,-1.227778673171997
23530.0,-1.2268333435058594
23535.0,-1.242244005203247
23540.0,-1.2338281869888306
23545.0,-1.2410764694213867
23550.0,-1.2504374980926514
23555.0,-1.2500237226486206
23560.0,-1.2360069751739502
23565.0,-1.2325679063796997
23570.0,-1.2336064577102661
23575.0,-1.2280062437057495
23580.0,-1.2385987043380737
23585.0,-1.2303847074508667
23590.0,-1.2250959873199463
23595.0,-1.2130995988845825
23600.0,-1.2318065166473389
23605.0,-1.2252094745635986
23610.0,-1.2282145023345947
23615.0,-1.2198803424835205
23620.0,-1.2137010097503662
23625.0,-1.2205642461776733
23630.0,-1.2423038482666016
23635.0,-1.2031731605529785
23640.0,-1.2170672416687012
23645.0,-1.2203800678253174
23650.0,-1.2049676179885864
23655.0,-1.2321604490280151
23660.0,-1.216312050819397
23665.0,-1.220199704170227
23670.0,-1.2306264638900757
23675.0,-1.2511309385299683
23680.0,-1.2416119575500488
23685.0,-1.2341862916946411
23690.0,-1.247392177581787
23695.0,-1.23469078540802
23700.0,-1.2381188869476318
23705.0,-1.2327215671539307
23710.0,-1.2144761085510254
23715.0,-1.2118921279907227
23720.0,-1.2141069173812866
23725.0,-1.2183470726013184
23730.0,-1.2173843383789062
23735.0,-1.238560438156128
23740.0,-1.2215803861618042
23745.0,-1.2086336612701416
23750.0,-1.220264196395874
23755.0,-1.2295080423355103
23760.0,-1.2294236421585083
23765.0,-1.234968662261963
23770.0,-1.2343299388885498
23775.0,-1.2250950336456299
23780.0,-1.2151812314987183
23785.0,-1.2281556129455566
23790.0,-1.2517448663711548
23795.0,-1.2458091974258423
23800.0,-1.2246627807617188
23805.0,-1.232290506362915
23810.0,-1.2167173624038696
23815.0,-1.2356674671173096
23820.0,-1.2484855651855469
23825.0,-1.2344555854797363
23830.0,-1.2386213541030884
23835.0,-1.2542974948883057
23840.0,-1.2412431240081787
23845.0,-1.2272913455963135
23850.0,-1.229572057723999
23855.0,-1.2272814512252808
23860.0,-1.2155396938323975
23865.0,-1.2170873880386353
23870.0,-1.2292919158935547
23875.0,-1.2240381240844727
23880.0,-1.2321667671203613
23885.0,-1.2307097911834717
23890.0,-1.2281240224838257
23895.0,-1.2357407808303833
23900.0,-1.2477972507476807
23905.0,-1.2522525787353516
23910.0,-1.2497978210449219
23915.0,-1.2319755554199219
23920.0,-1.2190544605255127
23925.0,-1.2231615781784058
23930.0,-1.2333147525787354
23935.0,-1.2260041236877441
23940.0,-1.2274670600891113
23945.0,-1.2173242568969727
23950.0,-1.2224957942962646
23955.0,-1.2254812717437744
23960.0,-1.2272051572799683
23965.0,-1.2487220764160156
23970.0,-1.2393264770507812
23975.0,-1.237012505531311
23980.0,-1.2348283529281616
23985.0,-1.2229220867156982
23990.0,-1.2367496490478516
23995.0,-1.2286300659179688
24000.0,-1.2294390201568604
24005.0,-1.216291904449463
24010.0,-1.2273387908935547
24015.0,-1.2318921089172363
24020.0,-1.226931095123291
24025.0,-1.2430570125579834
24030.0,-1.2320704460144043
24035.0,-1.2301836013793945
24040.0,-1.2353172302246094
24045.0,-1.2234392166137695
24050.0,-1.2476437091827393
24055.0,-1.228640079498291
24060.0,-1.2324378490447998
24065.0,-1.2137136459350586
24070.0,-1.2153897285461426
24075.0,-1.2615094184875488
24080.0,-1.2337603569030762
24085.0,-1.2305394411087036
24090.0,-1.2302851676940918
24095.0,-1.2410186529159546
24100.0,-1.2290953397750854
24105.0,-1.2421261072158813
24110.0,-1.2296338081359863
24115.0,-1.2181172370910645
24120.0,-1.2148377895355225
24125.0,-1.2299809455871582
24130.0,-1.2284858226776123
24135.0,-1.2363770008087158
24140.0,-1.2239936590194702
24145.0,-1.2093546390533447
24150.0,-1.2258657217025757
24155.0,-1.2335760593414307
24160.0,-1.226206660270691
24165.0,-1.2274806499481201
24170.0,-1.2409131526947021
24175.0,-1.2045992612838745
24180.0,-1.2361184358596802
24185.0,-1.259941577911377
24190.0,-1.237148642539978
24195.0,-1.2162604331970215
24200.0,-1.2510883808135986
24205.0,-1.2275817394256592
24210.0,-1.2278962135314941
24215.0,-1.2437584400177002
24220.0,-1.2327935695648193
24225.0,-1.2413620948791504
24230.0,-1.2331105470657349
24235.0,-1.2061890363693237
24240.0,-1.24501633644104
24245.0,-1.2356771230697632
24250.0,-1.2046289443969727
24255.0,-1.24247145652771
24260.0,-1.2480494976043701
24265.0,-1.228154182434082
24270.0,-1.2279400825500488
24275.0,-1.2421648502349854
24280.0,-1.2267754077911377
24285.0,-1.215083122253418
24290.0,-1.2527644634246826
24295.0,-1.2302403450012207
24300.0,-1.2157342433929443
24305.0,-1.2408576011657715
24310.0,-1.2395613193511963
24315.0,-1.222586750984192
24320.0,-1.2589823007583618
24325.0,-1.2385125160217285
24330.0,-1.2399406433105469
24335.0,-1.2381854057312012
24340.0,-1.215822696685791
24345.0,-1.2206497192382812
24350.0,-1.2243428230285645
24355.0,-1.2254278659820557
24360.0,-1.208694577217102
24365.0,-1.2471131086349487
24370.0,-1.2211085557937622
24375.0,-1.229239583015442
24380.0,-1.2183102369308472
24385.0,-1.2213225364685059
24390.0,-1.2473942041397095
24395.0,-1.2290380001068115
24400.0,-1.2186698913574219
24405.0,-1.225258469581604
24410.0,-1.2204878330230713
24415.0,-1.218268871307373
24420.0,-1.2403507232666016
24425.0,-1.2510297298431396
24430.0,-1.2234489917755127
24435.0,-1.2351218461990356
24440.0,-1.2200337648391724
24445.0,-1.2268650531768799
24450.0,-1.2438225746154785
24455.0,-1.236653208732605
24460.0,-1.2316800355911255
24465.0,-1.2234234809875488
24470.0,-1.236706018447876
24475.0,-1.2372033596038818
24480.0,-1.2332563400268555
24485.0,-1.2299110889434814
24490.0,-1.2280874252319336
24495.0,-1.2122808694839478
24500.0,-1.2346504926681519
24505.0,-1.2301733493804932
24510.0,-1.2244369983673096
24515.0,-1.2344231605529785
24520.0,-1.2232813835144043
24525.0,-1.2200169563293457
24530.0,-1.2581770420074463
24535.0,-1.2419073581695557
24540.0,-1.2211799621582031
24545.0,-1.2310824394226074
24550.0,-1.2099485397338867
24555.0,-1.2381964921951294
24560.0,-1.2363141775131226
24565.0,-1.2300020456314087
24570.0,-1.2496390342712402
24575.0,-1.2126970291137695
24580.0,-1.2281581163406372
24585.0,-1.2667853832244873
24590.0,-1.2435810565948486
24595.0,-1.2320092916488647
24600.0,-1.24405837059021
24605.0,-1.2242724895477295
24610.0,-1.23622727394104
24615.0,-1.248729944229126
24620.0,-1.2338992357254028
24625.0,-1.2431721687316895
24630.0,-1.2293791770935059
24635.0,-1.2302380800247192
24640.0,-1.2512837648391724
24645.0,-1.2492693662643433
24650.0,-1.2217028141021729
24655.0,-1.2397783994674683
24660.0,-1.2318426370620728
24665.0,-1.2271629571914673
24670.0,-1.2184702157974243
24675.0,-1.239249348640442
24680.0,-1.2343531847000122
24685.0,-1.2035911083221436
24690.0,-1.2291918992996216
24695.0,-1.233996868133545
24700.0,-1.215162754058838
24705.0,-1.2201895713806152
24710.0,-1.2240257263183594
24715.0,-1.2198725938796997
24720.0,-1.2347371578216553
24725.0,-1.2364959716796875
24730.0,-1.21781325340271
24735.0,-1.2320197820663452
24740.0,-1.2325549125671387
24745.0,-1.2003978490829468
24750.0,-1.2339942455291748
24755.0,-1.2382161617279053
24760.0,-1.2392239570617676
24765.0,-1.21129310131073
24770.0,-1.2311781644821167
24775.0,-1.2399160861968994
24780.0,-1.2522608041763306
24785.0,-1.215768814086914
24790.0,-1.239984393119812
24795.0,-1.2486824989318848
24800.0,-1.2099494934082031
24805.0,-1.224478840827942
24810.0,-1.2478322982788086
24815.0,-1.2212780714035034
24820.0,-1.231107473373413
24825.0,-1.220626950263977
24830.0,-1.220022201538086
24835.0,-1.2220407724380493
24840.0,-1.2238895893096924
24845.0,-1.240516185760498
24850.0,-1.2235643863677979
24855.0,-1.2261853218078613
24860.0,-1.2249114513397217
24865.0,-1.2384432554244995
24870.0,-1.2367849349975586
24875.0,-1.2298471927642822
24880.0,-1.2322906255722046
24885.0,-1.2462698221206665
24890.0,-1.225704550743103
24895.0,-1.216220736503601
24900.0,-1.2355005741119385
24905.0,-1.232340931892395
24910.0,-1.2142395973205566
24915.0,-1.2284009456634521
24920.0,-1.2453193664550781
24925.0,-1.2203552722930908
24930.0,-1.2233819961547852
24935.0,-1.2388174533843994
24940.0,-1.2352079153060913
24945.0,-1.2363064289093018
24950.0,-1.2279958724975586
24955.0,-1.2072861194610596
24960.0,-1.2322558164596558
24965.0,-1.226906180381775
24970.0,-1.2100019454956055
24975.0,-1.224593162536621
24980.0,-1.202178716659546
24985.0,-1.2128711938858032
24990.0,-1.2268054485321045
24995.0,-1.2369825839996338
25000.0,-1.2365589141845703
25005.0,-1.2311382293701172
25010.0,-1.2382283210754395
25015.0,-1.243373990058899
25020.0,-1.234073519706726
25025.0,-1.2508797645568848
25030.0,-1.228784203529358
25035.0,-1.2246900796890259
25040.0,-1.2369853258132935
25045.0,-1.227817177772522
25050.0,-1.2445783615112305
25055.0,-1.242208480834961
25060.0,-1.2377851009368896
25065.0,-1.2569376230239868
25070.0,-1.230012059211731
25075.0,-1.2269651889801025
25080.0,-1.225635051727295
25085.0,-1.228229284286499
25090.0,-1.234488606452942
25095.0,-1.2276638746261597
25100.0,-1.230594277381897
25105.0,-1.252274990081787
25110.0,-1.2197396755218506
25115.0,-1.2159485816955566
25120.0,-1.2387709617614746
25125.0,-1.2145228385925293
25130.0,-1.2229721546173096
25135.0,-1.230719804763794
25140.0,-1.2178006172180176
25145.0,-1.220293402671814
25150.0,-1.226269006729126
25155.0,-1.2335143089294434
25160.0,-1.2450172901153564
25165.0,-1.2296119928359985
25170.0,-1.2304917573928833
25175.0,-1.2273979187011719
25180.0,-1.2205810546875
25185.0,-1.2541528940200806
25190.0,-1.2095625400543213
25195.0,-1.2308446168899536
25200.0,-1.2480785846710205
25205.0,-1.222809076309204
25210.0,-1.225804090499878
25215.0,-1.2541985511779785
25220.0,-1.2360814809799194
25225.0,-1.2024073600769043
25230.0,-1.2312719821929932
25235.0,-1.2471750974655151
25240.0,-1.2414216995239258
25245.0,-1.2270963191986084
25250.0,-1.2542396783828735
25255.0,-1.2388137578964233
25260.0,-1.2329142093658447
25265.0,-1.2317867279052734
25270.0,-1.242109775543213
25275.0,-1.2137783765792847
25280.0,-1.2214086055755615
25285.0,-1.2304699420928955
25290.0,-1.2245186567306519
25295.0,-1.2319941520690918
25300.0,-1.231048345565796
25305.0,-1.2425453662872314
25310.0,-1.213517665863037
25315.0,-1.2544348239898682
25320.0,-1.2319642305374146
25325.0,-1.233043909072876
25330.0,-1.2364544868469238
25335.0,-1.227030873298645
25340.0,-1.211897611618042
25345.0,-1.2388193607330322
25350.0,-1.2268974781036377
25355.0,-1.2467559576034546
25360.0,-1.2469223737716675
25365.0,-1.2269744873046875
25370.0,-1.2261877059936523
25375.0,-1.2327487468719482
25380.0,-1.2133386135101318
25385.0,-1.2520793676376343
25390.0,-1.2333788871765137
25395.0,-1.2452794313430786
25400.0,-1.2360937595367432
25405.0,-1.22215735912323
25410.0,-1.233365535736084
25415.0,-1.2538983821868896
25420.0,-1.2408974170684814
25425.0,-1.2276685237884521
25430.0,-1.2464113235473633
25435.0,-1.2443432807922363
25440.0,-1.2185032367706299
25445.0,-1.2213256359100342
25450.0,-1.2494453191757202
25455.0,-1.2001001834869385
25460.0,-1.224663496017456
25465.0,-1.2254817485809326
25470.0,-1.2293343544006348
25475.0,-1.2565295696258545
25480.0,-1.1980810165405273
25485.0,-1.227186679840088
25490.0,-1.2413686513900757
25495.0,-1.2323616743087769
25500.0,-1.2407246828079224
25505.0,-1.2414100170135498
25510.0,-1.236093521118164
25515.0,-1.2373415231704712
25520.0,-1.2086970806121826
25525.0,-1.230716347694397
25530.0,-1.267366647720337
25535.0,-1.2188818454742432
25540.0,-1.2416880130767822
25545.0,-1.2239770889282227
25550.0,-1.2331689596176147
25555.0,-1.2373874187469482
25560.0,-1.2307850122451782
25565.0,-1.2475342750549316
25570.0,-1.239561915397644
25575.0,-1.2231693267822266
25580.0,-1.240257978439331
25585.0,-1.2354836463928223
25590.0,-1.2473458051681519
25595.0,-1.2494417428970337
25600.0,-1.2174113988876343
25605.0,-1.232901930809021
25610.0,-1.2345372438430786
25615.0,-1.2426831722259521
25620.0,-1.2452738285064697
25625.0,-1.2370707988739014
25630.0,-1.250645637512207
25635.0,-1.2491756677627563
25640.0,-1.2113335132598877
25645.0,-1.2405836582183838
25650.0,-1.2392776012420654
25655.0,-1.2184114456176758
25660.0,-1.215512990951538
25665.0,-1.2234578132629395
25670.0,-1.222545862197876
25675.0,-1.239991545677185
25680.0,-1.228037714958191
25685.0,-1.2322686910629272
25690.0,-1.2400490045547485
25695.0,-1.2115408182144165
25700.0,-1.241206407546997
25705.0,-1.254953384399414
25710.0,-1.2238452434539795
25715.0,-1.2383569478988647
25720.0,-1.211740493774414
25725.0,-1.231384038925171
25730.0,-1.232653021812439
25735.0,-1.2245032787322998
25740.0,-1.2343454360961914
25745.0,-1.229426383972168
25750.0,-1.2168740034103394
25755.0,-1.22022545337677
25760.0,-1.225655198097229
25765.0,-1.2502861022949219
25770.0,-1.228150486946106
25775.0,-1.219639539718628
25780.0,-1.236696481704712
25785.0,-1.223193645477295
25790.0,-1.2203786373138428
25795.0,-1.2292046546936035
25800.0,-1.2345985174179077
25805.0,-1.2373745441436768
25810.0,-1.219196081161499
25815.0,-1.2238749265670776
25820.0,-1.2581515312194824
25825.0,-1.2305082082748413
25830.0,-1.2388010025024414
25835.0,-1.2509971857070923
25840.0,-1.2297930717468262
25845.0,-1.228262186050415
25850.0,-1.242240071296692
25855.0,-1.2240848541259766
25860.0,-1.2280523777008057
25865.0,-1.222057580947876
25870.0,-1.2134599685668945
25875.0,-1.2244644165039062
25880.0,-1.2308642864227295
25885.0,-1.2283461093902588
25890.0,-1.2405540943145752
25895.0,-1.2380958795547485
25900.0,-1.22816002368927
25905.0,-1.227116346359253
25910.0,-1.2307077646255493
25915.0,-1.2312766313552856
25920.0,-1.2237070798873901
25925.0,-1.2226581573486328
25930.0,-1.2447454929351807
25935.0,-1.2303274869918823
25940.0,-1.2078949213027954
25945.0,-1.2360167503356934
25950.0,-1.2375156879425049
25955.0,-1.2274973392486572
25960.0,-1.2169992923736572
25965.0,-1.238835096359253
25970.0,-1.2320876121520996
25975.0,-1.1780396699905396
25980.0,-1.2270454168319702
25985.0,-1.228097677230835
25990.0,-1.2087377309799194
25995.0,-1.2197781801223755
26000.0,-1.2230210304260254
26005.0,-1.2103991508483887
26010.0,-1.2248793840408325
26015.0,-1.2198030948638916
26020.0,-1.2364943027496338
26025.0,-1.2259465456008911
26030.0,-1.2250807285308838
26035.0,-1.2222723960876465
26040.0,-1.221816897392273
26045.0,-1.2439002990722656
26050.0,-1.248414158821106
26055.0,-1.2122693061828613
26060.0,-1.2360512018203735
26065.0,-1.24118173122406
26070.0,-1.1941735744476318
26075.0,-1.2242624759674072
26080.0,-1.236140251159668
26085.0,-1.1848292350769043
26090.0,-1.2100756168365479
26095.0,-1.2279555797576904
26100.0,-1.219881296157837
26105.0,-1.2207756042480469
26110.0,-1.2192909717559814
26115.0,-1.2321758270263672
26120.0,-1.2268669605255127
26125.0,-1.2282145023345947
26130.0,-1.227308988571167
26135.0,-1.2188528776168823
26140.0,-1.2326133251190186
26145.0,-1.2238742113113403
26150.0,-1.230525016784668
26155.0,-1.230909824371338
26160.0,-1.2250279188156128
26165.0,-1.225123643875122
26170.0,-1.2267378568649292
26175.0,-1.2397434711456299
26180.0,-1.2377772331237793
26185.0,-1.2480978965759277
26190.0,-1.2325177192687988
26195.0,-1.2310351133346558
26200.0,-1.243596076965332
26205.0,-1.2512978315353394
26210.0,-1.2486920356750488
26215.0,-1.221919059753418
26220.0,-1.2240893840789795
26225.0,-1.2186353206634521
26230.0,-1.2150018215179443
26235.0,-1.2106208801269531
26240.0,-1.235224962234497
26245.0,-1.2427904605865479
26250.0,-1.2173856496810913
26255.0,-1.2261018753051758
26260.0,-1.2346999645233154
26265.0,-1.220858097076416
26270.0,-1.2303192615509033
26275.0,-1.238847017288208
26280.0,-1.2477364540100098
26285.0,-1.2176721096038818
26290.0,-1.2184607982635498
26295.0,-1.2204651832580566
26300.0,-1.224435806274414
26305.0,-1.252042531967163
26310.0,-1.2132848501205444
26315.0,-1.228392243385315
26320.0,-1.2410882711410522
26325.0,-1.2058537006378174
26330.0,-1.23580002784729
26335.0,-1.2406368255615234
26340.0,-1.2248878479003906
26345.0,-1.2563443183898926
26350.0,-1.232893466949463
26355.0,-1.235511302947998
26360.0,-1.250671148300171
26365.0,-1.2379869222640991
26370.0,-1.2362881898880005
26375.0,-1.2465393543243408
26380.0,-1.2131160497665405
26385.0,-1.235262155532837
26390.0,-1.2379674911499023
26395.0,-1.2193853855133057
26400.0,-1.2432148456573486
26405.0,-1.2413663864135742
26410.0,-1.2130379676818848
26415.0,-1.2332618236541748
26420.0,-1.2460991144180298
26425.0,-1.222687840461731
26430.0,-1.2452476024627686
26435.0,-1.2433363199234009
26440.0,-1.2182557582855225
26445.0,-1.231796383857727
26450.0,-1.2418625354766846
26455.0,-1.2367966175079346
26460.0,-1.232264518737793
26465.0,-1.2111742496490479
26470.0,-1.248374342918396
26475.0,-1.2188233137130737
26480.0,-1.211235523223877
26485.0,-1.2519677877426147
26490.0,-1.2277755737304688
26495.0,-1.2256503105163574
26500.0,-1.2413781881332397
26505.0,-1.2341705560684204
26510.0,-1.2270100116729736
26515.0,-1.2181117534637451
26520.0,-1.2316385507583618
26525.0,-1.231232762336731
26530.0,-1.2121930122375488
26535.0,-1.2425212860107422
26540.0,-1.2385153770446777
26545.0,-1.2233325242996216
26550.0,-1.2307515144348145
26555.0,-1.2287324666976929
26560.0,-1.2239309549331665
26565.0,-1.2242920398712158
26570.0,-1.2316029071807861
26575.0,-1.2213870286941528
26580.0,-1.2335305213928223
26585.0,-1.2220830917358398
26590.0,-1.2203962802886963
26595.0,-1.239227056503296
26600.0,-1.220658302307129
26605.0,-1.2384631633758545
26610.0,-1.2295012474060059
26615.0,-1.2222175598144531
26620.0,-1.2563942670822144
26625.0,-1.2502455711364746
26630.0,-1.2282688617706299
26635.0,-1.2586702108383179
26640.0,-1.2520095109939575
26645.0,-1.2274833917617798
26650.0,-1.2581335306167603
26655.0,-1.2358952760696411
26660.0,-1.2140830755233765
26665.0,-1.2174077033996582
26670.0,-1.2218925952911377
26675.0,-1.2302314043045044
26680.0,-1.2357033491134644
26685.0,-1.2394294738769531
26690.0,-1.234442949295044
26695.0,-1.2315889596939087
26700.0,-1.2350177764892578
26705.0,-1.2322384119033813
26710.0,-1.233637809753418
26715.0,-1.2279512882232666
26720.0,-1.2156507968902588
26725.0,-1.2283875942230225
26730.0,-1.2214794158935547
26735.0,-1.220317006111145
26740.0,-1.2590956687927246
26745.0,-1.2347259521484375
26750.0,-1.2317187786102295
26755.0,-1.221794605255127
26760.0,-1.2328928709030151
26765.0,-1.2407660484313965
26770.0,-1.2169386148452759
26775.0,-1.2324731349945068
26780.0,-1.2399837970733643
26785.0,-1.2313272953033447
26790.0,-1.2248536348342896
26795.0,-1.2266943454742432
26800.0,-1.2345777750015259
26805.0,-1.233332633972168
26810.0,-1.2444674968719482
26815.0,-1.2436479330062866
26820.0,-1.2217228412628174
26825.0,-1.2441564798355103
26830.0,-1.2238380908966064
26835.0,-1.2233734130859375
26840.0,-1.203173279762268
26845.0,-1.2490174770355225
26850.0,-1.2216562032699585
26855.0,-1.2104430198669434
26860.0,-1.247235894203186
26865.0,-1.2007420063018799
26870.0,-1.2051446437835693
26875.0,-1.253745675086975
26880.0,-1.239735722541809
26885.0,-1.2224518060684204
26890.0,-1.2431691884994507
26895.0,-1.2248719930648804
26900.0,-1.2392140626907349
26905.0,-1.2345991134643555
26910.0,-1.2176167964935303
26915.0,-1.2221829891204834
26920.0,-1.2234020233154297
26925.0,-1.2052791118621826
26930.0,-1.2299219369888306
26935.0,-1.2493665218353271
26940.0,-1.2355303764343262
26945.0,-1.2186295986175537
26950.0,-1.2254276275634766
26955.0,-1.2356418371200562
26960.0,-1.2066421508789062
26965.0,-1.2473866939544678
26970.0,-1.234066128730774
26975.0,-1.2035880088806152
26980.0,-1.209416389465332
26985.0,-1.2230008840560913
26990.0,-1.2401361465454102
26995.0,-1.239595890045166
27000.0,-1.2402894496917725
27005.0,-1.2349812984466553
27010.0,-1.2323815822601318
27015.0,-1.2388535737991333
27020.0,-1.2441515922546387
27025.0,-1.2418100833892822
27030.0,-1.228670597076416
27035.0,-1.224170446395874
27040.0,-1.2056844234466553
27045.0,-1.2224359512329102
27050.0,-1.2310831546783447
27055.0,-1.2372127771377563
27060.0,-1.230768084526062
27065.0,-1.233659267425537
27070.0,-1.2313082218170166
27075.0,-1.224938154220581
27080.0,-1.2335045337677002
27085.0,-1.2214062213897705
27090.0,-1.2306904792785645
27095.0,-1.2300008535385132
27100.0,-1.2194125652313232
27105.0,-1.2389620542526245
27110.0,-1.261789321899414
27115.0,-1.232612133026123
27120.0,-1.2551419734954834
27125.0,-1.2674916982650757
27130.0,-1.2397847175598145
27135.0,-1.2389814853668213
27140.0,-1.2485921382904053
27145.0,-1.2195873260498047
27150.0,-1.2169573307037354
27155.0,-1.2512876987457275
27160.0,-1.2162641286849976
27165.0,-1.2108826637268066
27170.0,-1.2397016286849976
27175.0,-1.2023109197616577
27180.0,-1.20643150806427
27185.0,-1.2376153469085693
27190.0,-1.2187238931655884
27195.0,-1.2363630533218384
27200.0,-1.2197680473327637
27205.0,-1.2247979640960693
27210.0,-1.2344309091567993
27215.0,-1.2303788661956787
27220.0,-1.2401275634765625
27225.0,-1.2359256744384766
27230.0,-1.2453529834747314
27235.0,-1.223219871520996
27240.0,-1.2354755401611328
27245.0,-1.245689868927002
27250.0,-1.2228014469146729
27255.0,-1.2337656021118164
27260.0,-1.2210414409637451
27265.0,-1.2092387676239014
27270.0,-1.2174484729766846
27275.0,-1.2250216007232666
27280.0,-1.2180566787719727
27285.0,-1.2381823062896729
27290.0,-1.2419477701187134
27295.0,-1.2167373895645142
27300.0,-1.2455124855041504
27305.0,-1.2239712476730347
27310.0,-1.210482120513916
27315.0,-1.2521452903747559
27320.0,-1.2299408912658691
27325.0,-1.2078251838684082
27330.0,-1.2175679206848145
27335.0,-1.2104523181915283
27340.0,-1.2396018505096436
27345.0,-1.2510669231414795
27350.0,-1.2251951694488525
27355.0,-1.2279644012451172
27360.0,-1.2222352027893066
27365.0,-1.228607177734375
27370.0,-1.2371177673339844
27375.0,-1.2369681596755981
27380.0,-1.2500944137573242
27385.0,-1.232818365097046
27390.0,-1.2278515100479126
27395.0,-1.241492509841919
27400.0,-1.236869215965271
27405.0,-1.2453372478485107
27410.0,-1.238017201423645
27415.0,-1.2232357263565063
27420.0,-1.2360398769378662
27425.0,-1.2373192310333252
27430.0,-1.2059342861175537
27435.0,-1.2269257307052612
27440.0,-1.2402515411376953
27445.0,-1.2300301790237427
27450.0,-1.2213122844696045
27455.0,-1.2365976572036743
27460.0,-1.2194702625274658
27465.0,-1.216833472251892
27470.0,-1.2572163343429565
27475.0,-1.2109867334365845
27480.0,-1.233375906944275
27485.0,-1.2407450675964355
27490.0,-1.2100874185562134
27495.0,-1.2454769611358643
27500.0,-1.2461187839508057
27505.0,-1.217356562614441
27510.0,-1.227879524230957
27515.0,-1.255427360534668
27520.0,-1.2186353206634521
27525.0,-1.2491099834442139
27530.0,-1.2364697456359863
27535.0,-1.2082445621490479
27540.0,-1.2282259464263916
27545.0,-1.2275722026824951
27550.0,-1.237950325012207
27555.0,-1.2393985986709595
27560.0,-1.2408455610275269
27565.0,-1.2330882549285889
27570.0,-1.2277910709381104
27575.0,-1.2285709381103516
27580.0,-1.2252094745635986
27585.0,-1.2219116687774658
27590.0,-1.2386611700057983
27595.0,-1.2132432460784912
27600.0,-1.2203744649887085
27605.0,-1.263148546218872
27610.0,-1.2141038179397583
27615.0,-1.2196773290634155
27620.0,-1.247399091720581
27625.0,-1.2047322988510132
27630.0,-1.2105542421340942
27635.0,-1.2301418781280518
27640.0,-1.2369372844696045
27645.0,-1.2157459259033203
27650.0,-1.232318639755249
27655.0,-1.2254384756088257
27660.0,-1.2268180847167969
27665.0,-1.2367308139801025
27670.0,-1.2383472919464111
27675.0,-1.2217562198638916
27680.0,-1.2194920778274536
27685.0,-1.2188935279846191
27690.0,-1.239743709564209
27695.0,-1.2445638179779053
27700.0,-1.224828839302063
27705.0,-1.2496960163116455
27710.0,-1.225354552268982
27715.0,-1.2279077768325806
27720.0,-1.2552590370178223
27725.0,-1.2309069633483887
27730.0,-1.2197213172912598
27735.0,-1.244327425956726
27740.0,-1.2149488925933838
27745.0,-1.2177801132202148
27750.0,-1.241098165512085
27755.0,-1.2186224460601807
27760.0,-1.2275465726852417
27765.0,-1.2389118671417236
27770.0,-1.2262859344482422
27775.0,-1.2323980331420898
27780.0,-1.253948450088501
27785.0,-1.2326377630233765
27790.0,-1.2258436679840088
27795.0,-1.2409355640411377
27800.0,-1.2436776161193848
27805.0,-1.218355655670166
27810.0,-1.2274751663208008
27815.0,-1.2155840396881104
27820.0,-1.2192177772521973
27825.0,-1.22662353515625
27830.0,-1.2242567539215088
27835.0,-1.2297680377960205
27840.0,-1.2245979309082031
27845.0,-1.2159136533737183
27850.0,-1.240797519683838
27855.0,-1.2327419519424438
27860.0,-1.2179408073425293
27865.0,-1.2346045970916748
27870.0,-1.2313547134399414
27875.0,-1.233231782913208
27880.0,-1.2465806007385254
27885.0,-1.2345058917999268
27890.0,-1.231416940689087
27895.0,-1.2237385511398315
27900.0,-1.2020320892333984
27905.0,-1.2402212619781494
27910.0,-1.2179018259048462
27915.0,-1.197371006011963
27920.0,-1.2463486194610596
27925.0,-1.2272651195526123
27930.0,-1.1789515018463135
27935.0,-1.2646286487579346
27940.0,-1.2322431802749634
27945.0,-1.2038402557373047
27950.0,-1.2565419673919678
27955.0,-1.2337660789489746
27960.0,-1.2177711725234985
27965.0,-1.2648669481277466
27970.0,-1.2316884994506836
27975.0,-1.227174997329712
27980.0,-1.2544673681259155
27985.0,-1.2235331535339355
27990.0,-1.2455179691314697
27995.0,-1.2427101135253906
28000.0,-1.2363600730895996
28005.0,-1.21754789352417
28010.0,-1.2236335277557373
28015.0,-1.2292317152023315
28020.0,-1.224085807800293
28025.0,-1.2358002662658691
28030.0,-1.2429313659667969
28035.0,-1.2468433380126953
28040.0,-1.212786316871643
28045.0,-1.2175252437591553
28050.0,-1.2391960620880127
28055.0,-1.2242984771728516
28060.0,-1.2202112674713135
28065.0,-1.2408127784729004
28070.0,-1.228083848953247
28075.0,-1.2181570529937744
28080.0,-1.2339544296264648
28085.0,-1.236687421798706
28090.0,-1.2581909894943237
28095.0,-1.2227776050567627
28100.0,-1.2313392162322998
28105.0,-1.2276870012283325
28110.0,-1.2333370447158813
28115.0,-1.250794529914856
28120.0,-1.2257368564605713
28125.0,-1.2353585958480835
28130.0,-1.2417947053909302
28135.0,-1.2128297090530396
28140.0,-1.2443393468856812
28145.0,-1.2174841165542603
28150.0,-1.2103711366653442
28155.0,-1.236340045928955
28160.0,-1.214215636253357
28165.0,-1.2209947109222412
28170.0,-1.2573908567428589
28175.0,-1.2209967374801636
28180.0,-1.2321733236312866
28185.0,-1.241631269454956
28190.0,-1.2263392210006714
28195.0,-1.241135835647583
28200.0,-1.2274094820022583
28205.0,-1.2313768863677979
28210.0,-1.207668423652649
28215.0,-1.2224936485290527
28220.0,-1.2230756282806396
28225.0,-1.2611321210861206
28230.0,-1.2388793230056763
28235.0,-1.2238932847976685
28240.0,-1.250161051750183
28245.0,-1.235750675201416
28250.0,-1.2134559154510498
28255.0,-1.2571148872375488
28260.0,-1.2442121505737305
28265.0,-1.2184860706329346
28270.0,-1.2339024543762207
28275.0,-1.231635570526123
28280.0,-1.219558596611023
28285.0,-1.2457624673843384
28290.0,-1.2411634922027588
28295.0,-1.2326607704162598
28300.0,-1.2397373914718628
28305.0,-1.2376477718353271
28310.0,-1.228869915008545
28315.0,-1.2540044784545898
28320.0,-1.2514874935150146
28325.0,-1.2314271926879883
28330.0,-1.2115166187286377
28335.0,-1.2450281381607056
28340.0,-1.226944088935852
28345.0,-1.229268193244934
28350.0,-1.2384519577026367
28355.0,-1.2015753984451294
28360.0,-1.2393839359283447
28365.0,-1.246983528137207
28370.0,-1.2224887609481812
28375.0,-1.2265706062316895
28380.0,-1.2462029457092285
28385.0,-1.2011828422546387
28390.0,-1.2354156970977783
28395.0,-1.2528913021087646
28400.0,-1.2188076972961426
28405.0,-1.2160618305206299
28410.0,-1.2321877479553223
28415.0,-1.2331068515777588
28420.0,-1.246443748474121
28425.0,-1.2301826477050781
28430.0,-1.2337889671325684
28435.0,-1.2387492656707764
28440.0,-1.2163200378417969
28445.0,-1.2463569641113281
28450.0,-1.2511529922485352
28455.0,-1.2121692895889282
28460.0,-1.2404708862304688
28465.0,-1.2244824171066284
28470.0,-1.215575933456421
28475.0,-1.2552763223648071
28480.0,-1.2254302501678467
28485.0,-1.2318310737609863
28490.0,-1.220273494720459
28495.0,-1.2157487869262695
28500.0,-1.2345502376556396
28505.0,-1.2303578853607178
28510.0,-1.231389045715332
28515.0,-1.2126985788345337
28520.0,-1.2261061668395996
28525.0,-1.219313621520996
28530.0,-1.2471541166305542
28535.0,-1.2393096685409546
28540.0,-1.2276380062103271
28545.0,-1.2313982248306274
28550.0,-1.2410924434661865
28555.0,-1.221665382385254
28560.0,-1.2266814708709717
28565.0,-1.2300078868865967
28570.0,-1.2231757640838623
28575.0,-1.2128984928131104
28580.0,-1.2166686058044434
28585.0,-1.2640750408172607
28590.0,-1.2265413999557495
28595.0,-1.217903733253479
28600.0,-1.2429921627044678
28605.0,-1.2407104969024658
28610.0,-1.2047007083892822
28615.0,-1.2505943775177002
28620.0,-1.2552717924118042
28625.0,-1.2060505151748657
28630.0,-1.2234537601470947
28635.0,-1.2425962686538696
28640.0,-1.2284959554672241
28645.0,-1.247888445854187
28650.0,-1.2271640300750732
28655.0,-1.2243132591247559
28660.0,-1.225895881652832
28665.0,-1.2280113697052002
28670.0,-1.2514936923980713
28675.0,-1.2227864265441895
28680.0,-1.2326502799987793
28685.0,-1.2396109104156494
28690.0,-1.2289081811904907
28695.0,-1.2387640476226807
28700.0,-1.252856969833374
28705.0,-1.2222349643707275
28710.0,-1.2477836608886719
28715.0,-1.2363312244415283
28720.0,-1.2318453788757324
28725.0,-1.2355430126190186
28730.0,-1.2128715515136719
28735.0,-1.2315998077392578
28740.0,-1.2229268550872803
28745.0,-1.2150390148162842
28750.0,-1.2315428256988525
28755.0,-1.2349634170532227
28760.0,-1.208463430404663
28765.0,-1.2489875555038452
28770.0,-1.2378779649734497
28775.0,-1.2394789457321167
28780.0,-1.2331018447875977
28785.0,-1.2350760698318481
28790.0,-1.234657645225525
28795.0,-1.2259373664855957
28800.0,-1.2433574199676514
28805.0,-1.2438791990280151
28810.0,-1.2264753580093384
28815.0,-1.229289174079895
28820.0,-1.223547339439392
28825.0,-1.240523099899292
28830.0,-1.2565574645996094
28835.0,-1.2102856636047363
28840.0,-1.2340433597564697
28845.0,-1.2529066801071167
28850.0,-1.2044585943222046
28855.0,-1.2248047590255737
28860.0,-1.262342095375061
28865.0,-1.2036305665969849
28870.0,-1.2361150979995728
28875.0,-1.2311835289001465
28880.0,-1.2207446098327637
28885.0,-1.240885615348816
28890.0,-1.244248390197754
28895.0,-1.2308684587478638
28900.0,-1.2292977571487427
28905.0,-1.2317118644714355
28910.0,-1.2321140766143799
28915.0,-1.2361581325531006
28920.0,-1.2362356185913086
28925.0,-1.2219310998916626
28930.0,-1.2208690643310547
28935.0,-1.2206776142120361
28940.0,-1.2347362041473389
28945.0,-1.2330801486968994
28950.0,-1.2289619445800781
28955.0,-1.2329620122909546
28960.0,-1.2304508686065674
28965.0,-1.24172043800354
28970.0,-1.2410733699798584
28975.0,-1.2439510822296143
28980.0,-1.2200891971588135
28985.0,-1.2292295694351196
28990.0,-1.223878264427185
28995.0,-1.2343814373016357
29000.0,-1.2474926710128784
29005.0,-1.2253926992416382
29010.0,-1.2221441268920898
29015.0,-1.219242811203003
29020.0,-1.2350971698760986
29025.0,-1.2316683530807495
29030.0,-1.2137287855148315
29035.0,-1.2310998439788818
29040.0,-1.2238436937332153
29045.0,-1.2244715690612793
29050.0,-1.2300440073013306
29055.0,-1.2451401948928833
29060.0,-1.2105488777160645
29065.0,-1.242393136024475
29070.0,-1.2376881837844849
29075.0,-1.2412948608398438
29080.0,-1.2292708158493042
29085.0,-1.226482629776001
29090.0,-1.227300763130188
29095.0,-1.230729341506958
29100.0,-1.2339969873428345
29105.0,-1.2340006828308105
29110.0,-1.2272759675979614
29115.0,-1.2016785144805908
29120.0,-1.2415919303894043
29125.0,-1.244586706161499
29130.0,-1.219892978668213
29135.0,-1.2318017482757568
29140.0,-1.2507781982421875
29145.0,-1.2205898761749268
29150.0,-1.2251527309417725
29155.0,-1.2584762573242188
29160.0,-1.2309025526046753
29165.0,-1.2055957317352295
29170.0,-1.248948335647583
29175.0,-1.235239028930664
29180.0,-1.214805006980896
29185.0,-1.2620997428894043
29190.0,-1.2305289506912231
29195.0,-1.2245280742645264
29200.0,-1.2408392429351807
29205.0,-1.2394273281097412
29210.0,-1.244606852531433
29215.0,-1.2290925979614258
29220.0,-1.2409093379974365
29225.0,-1.2481775283813477
29230.0,-1.219230055809021
29235.0,-1.2321654558181763
29240.0,-1.2424938678741455
29245.0,-1.2103297710418701
29250.0,-1.229849100112915
29255.0,-1.2203609943389893
29260.0,-1.2301011085510254
29265.0,-1.238340973854065
29270.0,-1.2175395488739014
29275.0,-1.220163345336914
29280.0,-1.2269947528839111
29285.0,-1.2223825454711914
29290.0,-1.242088794708252
29295.0,-1.2289625406265259
29300.0,-1.2303701639175415
29305.0,-1.218935489654541
29310.0,-1.226396083831787
29315.0,-1.2355756759643555
29320.0,-1.2312381267547607
29325.0,-1.2425943613052368
29330.0,-1.219599962234497
29335.0,-1.22548508644104
29340.0,-1.2495213747024536
29345.0,-1.2411139011383057
29350.0,-1.2396860122680664
29355.0,-1.2367327213287354
29360.0,-1.2168395519256592
29365.0,-1.227479100227356
29370.0,-1.2469900846481323
29375.0,-1.2174510955810547
29380.0,-1.2388767004013062
29385.0,-1.2166123390197754
29390.0,-1.2252521514892578
29395.0,-1.2452210187911987
29400.0,-1.2337737083435059
29405.0,-1.2485578060150146
29410.0,-1.2344567775726318
29415.0,-1.2123758792877197
29420.0,-1.2437498569488525
29425.0,-1.2398089170455933
29430.0,-1.2258878946304321
29435.0,-1.2423912286758423
29440.0,-1.2354369163513184
29445.0,-1.2165796756744385
29450.0,-1.2506791353225708
29455.0,-1.2451717853546143
29460.0,-1.2307829856872559
29465.0,-1.2359191179275513
29470.0,-1.2396063804626465
29475.0,-1.2358587980270386
29480.0,-1.2430964708328247
29485.0,-1.255594253540039
29490.0,-1.2257978916168213
29495.0,-1.2434297800064087
29500.0,-1.2509229183197021
29505.0,-1.234144687652588
29510.0,-1.2481791973114014
29515.0,-1.2500591278076172
29520.0,-1.2417187690734863
29525.0,-1.2434775829315186
29530.0,-1.201305866241455
29535.0,-1.2215497493743896
29540.0,-1.2239491939544678
29545.0,-1.2094426155090332
29550.0,-1.2304761409759521
29555.0,-1.2362961769104004
29560.0,-1.2178223133087158
29565.0,-1.2349848747253418
29570.0,-1.2329343557357788
29575.0,-1.2291864156723022
29580.0,-1.2306556701660156
29585.0,-1.2142727375030518
29590.0,-1.2445242404937744
29595.0,-1.2245395183563232
29600.0,-1.2130697965621948
29605.0,-1.23142409324646
29610.0,-1.2162249088287354
29615.0,-1.214131236076355
29620.0,-1.2524981498718262
29625.0,-1.2272354364395142
29630.0,-1.208055019378662
29635.0,-1.2438653707504272
29640.0,-1.2276097536087036
29645.0,-1.2015541791915894
29650.0,-1.2498645782470703
29655.0,-1.229006052017212
29660.0,-1.2201294898986816
29665.0,-1.2481876611709595
29670.0,-1.2237849235534668
29675.0,-1.224400281906128
29680.0,-1.2618660926818848
29685.0,-1.2172142267227173
29690.0,-1.2414765357971191
29695.0,-1.2444396018981934
29700.0,-1.232586145401001
29705.0,-1.2307714223861694
29710.0,-1.2652955055236816
29715.0,-1.230764627456665
29720.0,-1.2241849899291992
29725.0,-1.2440851926803589
29730.0,-1.2282800674438477
29735.0,-1.225116491317749
29740.0,-1.2652009725570679
29745.0,-1.226657748222351
29750.0,-1.234022855758667
29755.0,-1.2411611080169678
29760.0,-1.2250573635101318
29765.0,-1.2322124242782593
29770.0,-1.2502663135528564
29775.0,-1.2318165302276611
29780.0,-1.215484857559204
29785.0,-1.2482718229293823
29790.0,-1.2330245971679688
29795.0,-1.2071959972381592
29800.0,-1.2439075708389282
29805.0,-1.2376253604888916
29810.0,-1.2156414985656738
29815.0,-1.2512409687042236
29820.0,-1.227038860321045
29825.0,-1.2190940380096436
29830.0,-1.2424588203430176
29835.0,-1.214606761932373
29840.0,-1.2447737455368042
29845.0,-1.2436959743499756
29850.0,-1.226682186126709
29855.0,-1.2274682521820068
29860.0,-1.2268805503845215
29865.0,-1.2367068529129028
29870.0,-1.2151058912277222
29875.0,-1.2391576766967773
29880.0,-1.245432734489441
29885.0,-1.2262904644012451
29890.0,-1.221226692199707
29895.0,-1.2524644136428833
29900.0,-1.249382734298706
29905.0,-1.2317272424697876
29910.0,-1.249100685119629
29915.0,-1.2375190258026123
29920.0,-1.2173887491226196
29925.0,-1.2461282014846802
29930.0,-1.22175133228302
29935.0,-1.2299787998199463
29940.0,-1.227062463760376
29945.0,-1.222102165222168
29950.0,-1.2524436712265015
29955.0,-1.2368578910827637
29960.0,-1.211305856704712
29965.0,-1.2481759786605835
29970.0,-1.2273207902908325
29975.0,-1.2249618768692017
29980.0,-1.2395282983779907
29985.0,-1.22245454788208
29990.0,-1.2302287817001343
29995.0,-1.2269434928894043
30000.0,-1.2037550210952759
30005.0,-1.2325143814086914
30010.0,-1.2317733764648438
30015.0,-1.2159394025802612
30020.0,-1.2397651672363281
30025.0,-1.2272905111312866
30030.0,-1.2236217260360718
30035.0,-1.233919382095337
30040.0,-1.244504690170288
30045.0,-1.242095947265625
30050.0,-1.2275147438049316
30055.0,-1.242671251296997
30060.0,-1.2272599935531616
30065.0,-1.2306052446365356
30070.0,-1.2408008575439453
30075.0,-1.219966173171997
30080.0,-1.230358600616455
30085.0,-1.224371314048767
30090.0,-1.2264983654022217
30095.0,-1.2250630855560303
30100.0,-1.2411471605300903
30105.0,-1.2294843196868896
30110.0,-1.2376075983047485
30115.0,-1.2288538217544556
30120.0,-1.2233948707580566
30125.0,-1.2539317607879639
30130.0,-1.2358051538467407
30135.0,-1.2293031215667725
30140.0,-1.2408983707427979
30145.0,-1.2373863458633423
30150.0,-1.2130577564239502
30155.0,-1.2379707098007202
30160.0,-1.2258362770080566
30165.0,-1.215925693511963
30170.0,-1.2409977912902832
30175.0,-1.2089622020721436
30180.0,-1.2414019107818604
30185.0,-1.2466797828674316
30190.0,-1.2190680503845215
30195.0,-1.233343482017517
30200.0,-1.2554136514663696
30205.0,-1.2110874652862549
30210.0,-1.249218463897705
30215.0,-1.238134503364563
30220.0,-1.2359037399291992
30225.0,-1.2356185913085938
30230.0,-1.2265009880065918
30235.0,-1.2353914976119995
30240.0,-1.2445054054260254
30245.0,-1.2346057891845703
30250.0,-1.2279009819030762
30255.0,-1.2119512557983398
30260.0,-1.2451099157333374
30265.0,-1.2510292530059814
30270.0,-1.189592719078064
30275.0,-1.2419756650924683
30280.0,-1.246547818183899
30285.0,-1.203837513923645
30290.0,-1.2460994720458984
30295.0,-1.2406971454620361
30300.0,-1.2243517637252808
30305.0,-1.2383042573928833
30310.0,-1.236889123916626
30315.0,-1.2144914865493774
30320.0,-1.2566874027252197
30325.0,-1.2266552448272705
30330.0,-1.2261452674865723
30335.0,-1.2519710063934326
30340.0,-1.224156379699707
30345.0,-1.2420191764831543
30350.0,-1.2359974384307861
30355.0,-1.2282534837722778
30360.0,-1.224605679512024
30365.0,-1.256136417388916
30370.0,-1.2243075370788574
30375.0,-1.237374186515808
30380.0,-1.233668327331543
30385.0,-1.2470663785934448
30390.0,-1.2172001600265503
30395.0,-1.2334930896759033
30400.0,-1.2472659349441528
30405.0,-1.2310727834701538
30410.0,-1.2383406162261963
30415.0,-1.2214341163635254
30420.0,-1.2300007343292236
30425.0,-1.2486079931259155
30430.0,-1.229217767715454
30435.0,-1.240752935409546
30440.0,-1.235830307006836
30445.0,-1.2202609777450562
30450.0,-1.2471843957901
30455.0,-1.2201751470565796
30460.0,-1.2281960248947144
30465.0,-1.2199738025665283
30470.0,-1.2169694900512695
30475.0,-1.2448718547821045
30480.0,-1.2275646924972534
30485.0,-1.2271454334259033
30490.0,-1.2520065307617188
30495.0,-1.2165400981903076
30500.0,-1.225182294845581
30505.0,-1.2617816925048828
30510.0,-1.2193652391433716
30515.0,-1.2380770444869995
30520.0,-1.224279761314392
30525.0,-1.224590539932251
30530.0,-1.249309778213501
30535.0,-1.2066669464111328
30540.0,-1.23404860496521
30545.0,-1.2368240356445312
30550.0,-1.214201807975769
30555.0,-1.2453601360321045
30560.0,-1.244607925415039
30565.0,-1.216556429862976
30570.0,-1.2379258871078491
30575.0,-1.221910834312439
30580.0,-1.2099862098693848
30585.0,-1.2405445575714111
30590.0,-1.2305294275283813
30595.0,-1.211561679840088
30600.0,-1.24254310131073
30605.0,-1.24282968044281
30610.0,-1.205087661743164
30615.0,-1.2340233325958252
30620.0,-1.2469699382781982
30625.0,-1.208011269569397
30630.0,-1.2470402717590332
30635.0,-1.2384610176086426
30640.0,-1.2064319849014282
30645.0,-1.2364976406097412
30650.0,-1.215335726737976
30655.0,-1.2179924249649048
30660.0,-1.2468347549438477
30665.0,-1.2237440347671509
30670.0,-1.2385408878326416
30675.0,-1.2309236526489258
30680.0,-1.2327338457107544
30685.0,-1.2266912460327148
30690.0,-1.242946743965149
30695.0,-1.2358834743499756
30700.0,-1.2399804592132568
30705.0,-1.2274450063705444
30710.0,-1.2436257600784302
30715.0,-1.2239458560943604
30720.0,-1.2315434217453003
30725.0,-1.2425386905670166
30730.0,-1.2155104875564575
30735.0,-1.2238696813583374
30740.0,-1.2461674213409424
30745.0,-1.2132158279418945
30750.0,-1.2245457172393799
30755.0,-1.2603172063827515
30760.0,-1.210789680480957
30765.0,-1.2365254163742065
30770.0,-1.2577104568481445
30775.0,-1.206200361251831
30780.0,-1.243298053741455
30785.0,-1.2388726472854614
30790.0,-1.211550235748291
30795.0,-1.2409119606018066
30800.0,-1.2149516344070435
30805.0,-1.2382615804672241
30810.0,-1.239175796508789
30815.0,-1.2089052200317383
30820.0,-1.2391176223754883
30825.0,-1.229573130607605
30830.0,-1.2123222351074219
30835.0,-1.2525770664215088
30840.0,-1.225856065750122
30845.0,-1.214385986328125
30850.0,-1.2269935607910156
30855.0,-1.2218451499938965
30860.0,-1.238274335861206
30865.0,-1.2252051830291748
30870.0,-1.223146915435791
30875.0,-1.2526134252548218
30880.0,-1.215773105621338
30885.0,-1.2272696495056152
30890.0,-1.2605353593826294
30895.0,-1.2157368659973145
30900.0,-1.2415893077850342
30905.0,-1.242157220840454
30910.0,-1.212146282196045
30915.0,-1.2417259216308594
30920.0,-1.232875108718872
30925.0,-1.2190041542053223
30930.0,-1.2431349754333496
30935.0,-1.2325239181518555
30940.0,-1.2138407230377197
30945.0,-1.241048812866211
30950.0,-1.244254469871521
30955.0,-1.2157403230667114
30960.0,-1.2617515325546265
30965.0,-1.2370929718017578
30970.0,-1.217994213104248
30975.0,-1.2484052181243896
30980.0,-1.2383395433425903
30985.0,-1.2196543216705322
30990.0,-1.2576072216033936
30995.0,-1.2300843000411987
31000.0,-1.2180399894714355
31005.0,-1.2442193031311035
31010.0,-1.2232671976089478
31015.0,-1.232010006904602
31020.0,-1.2523943185806274
31025.0,-1.2191150188446045
31030.0,-1.2320841550827026
31035.0,-1.2270194292068481
31040.0,-1.2122373580932617
31045.0,-1.2382457256317139
31050.0,-1.2233550548553467
31055.0,-1.222540020942688
31060.0,-1.2380926609039307
31065.0,-1.2331609725952148
31070.0,-1.2251272201538086
31075.0,-1.2461589574813843
31080.0,-1.2344907522201538
31085.0,-1.245140790939331
31090.0,-1.2216002941131592
31095.0,-1.2428547143936157
31100.0,-1.2295482158660889
31105.0,-1.2287240028381348
31110.0,-1.2215890884399414
31115.0,-1.231671929359436
31120.0,-1.2411205768585205
31125.0,-1.2249138355255127
31130.0,-1.2379937171936035
31135.0,-1.2419153451919556
31140.0,-1.2216368913650513
31145.0,-1.2431292533874512
31150.0,-1.249594807624817
31155.0,-1.2241663932800293
31160.0,-1.2413687705993652
31165.0,-1.2319080829620361
31170.0,-1.2260425090789795
31175.0,-1.2538880109786987
31180.0,-1.2230770587921143
31185.0,-1.2352890968322754
31190.0,-1.246072769165039
31195.0,-1.2210638523101807
31200.0,-1.2294124364852905
31205.0,-1.2406046390533447
31210.0,-1.209682583808899
31215.0,-1.2352114915847778
31220.0,-1.2226920127868652
31225.0,-1.2193092107772827
31230.0,-1.2444548606872559
31235.0,-1.2183293104171753
31240.0,-1.2171822786331177
31245.0,-1.2413408756256104
31250.0,-1.233803391456604
31255.0,-1.2304277420043945
31260.0,-1.2478699684143066
31265.0,-1.223070502281189
31270.0,-1.2449328899383545
31275.0,-1.2291191816329956
31280.0,-1.2180242538452148
31285.0,-1.256420373916626
31290.0,-1.2209951877593994
31295.0,-1.209091067314148
31300.0,-1.2187834978103638
31305.0,-1.2356040477752686
31310.0,-1.2244899272918701
31315.0,-1.2351875305175781
31320.0,-1.2409332990646362
31325.0,-1.2263474464416504
31330.0,-1.2270534038543701
31335.0,-1.2288804054260254
31340.0,-1.2322313785552979
31345.0,-1.2161319255828857
31350.0,-1.2316808700561523
31355.0,-1.226492166519165
31360.0,-1.213787317276001
31365.0,-1.239443063735962
31370.0,-1.2537109851837158
31375.0,-1.213436484336853
31380.0,-1.2334908246994019
31385.0,-1.2460339069366455
31390.0,-1.2124488353729248
31395.0,-1.229993462562561
31400.0,-1.2292437553405762
31405.0,-1.2251453399658203
31410.0,-1.2136995792388916
31415.0,-1.245943546295166
31420.0,-1.2405388355255127
31425.0,-1.2356698513031006
31430.0,-1.232811450958252
31435.0,-1.234429121017456
31440.0,-1.2219091653823853
31445.0,-1.2385812997817993
31450.0,-1.2272586822509766
31455.0,-1.2315807342529297
31460.0,-1.2195062637329102
31465.0,-1.2276644706726074
31470.0,-1.2400071620941162
31475.0,-1.2183178663253784
31480.0,-1.2391846179962158
31485.0,-1.239412546157837
31490.0,-1.216024398803711
31495.0,-1.2471400499343872
31500.0,-1.2490746974945068
31505.0,-1.2213623523712158
31510.0,-1.2326390743255615
31515.0,-1.2322514057159424
31520.0,-1.2380391359329224
31525.0,-1.2314814329147339
31530.0,-1.222055435180664
31535.0,-1.2368415594100952
31540.0,-1.2121665477752686
31545.0,-1.2235902547836304
31550.0,-1.2429049015045166
31555.0,-1.2431635856628418
31560.0,-1.234152913093567
31565.0,-1.2408493757247925
31570.0,-1.2321484088897705
31575.0,-1.2358338832855225
31580.0,-1.2296757698059082
31585.0,-1.236510992050171
31590.0,-1.2265390157699585
31595.0,-1.2345532178878784
31600.0,-1.245893955230713
31605.0,-1.22846257686615
31610.0,-1.2268874645233154
31615.0,-1.2447484731674194
31620.0,-1.2251904010772705
31625.0,-1.2231446504592896
31630.0,-1.2514307498931885
31635.0,-1.2236329317092896
31640.0,-1.2372987270355225
31645.0,-1.203946828842163
31650.0,-1.2211540937423706
31655.0,-1.2585184574127197
31660.0,-1.203840732574463
31665.0,-1.231680154800415
31670.0,-1.2457547187805176
31675.0,-1.200899362564087
31680.0,-1.2355589866638184
31685.0,-1.2544224262237549
31690.0,-1.2173113822937012
31695.0,-1.2420275211334229
31700.0,-1.2326610088348389
31705.0,-1.224095344543457
31710.0,-1.2433741092681885
31715.0,-1.234352946281433
31720.0,-1.2396454811096191
31725.0,-1.2250298261642456
31730.0,-1.230900764465332
31735.0,-1.2495797872543335
31740.0,-1.22721266746521
31745.0,-1.2385587692260742
31750.0,-1.2315521240234375
31755.0,-1.2130084037780762
31760.0,-1.2427036762237549
31765.0,-1.247909665107727
31770.0,-1.2140898704528809
31775.0,-1.2389178276062012
31780.0,-1.2467074394226074
31785.0,-1.2046003341674805
31790.0,-1.2459404468536377
31795.0,-1.2497286796569824
31800.0,-1.2180593013763428
31805.0,-1.244690179824829
31810.0,-1.242417812347412
31815.0,-1.212408185005188
31820.0,-1.2427657842636108
31825.0,-1.2175692319869995
31830.0,-1.2186436653137207
31835.0,-1.2347121238708496
31840.0,-1.2202227115631104
31845.0,-1.2235116958618164
31850.0,-1.2476783990859985
31855.0,-1.2313222885131836
31860.0,-1.2222272157669067
31865.0,-1.2490506172180176
31870.0,-1.2296313047409058
31875.0,-1.235889196395874
31880.0,-1.230638027191162
31885.0,-1.23624587059021
31890.0,-1.2314255237579346
31895.0,-1.2222647666931152
31900.0,-1.2217507362365723
31905.0,-1.247570276260376
31910.0,-1.228046178817749
31915.0,-1.2207121849060059
31920.0,-1.2501869201660156
31925.0,-1.2202224731445312
31930.0,-1.2372188568115234
31935.0,-1.2252233028411865
31940.0,-1.2100725173950195
31945.0,-1.2263298034667969
31950.0,-1.2245692014694214
31955.0,-1.2200098037719727
31960.0,-1.2534987926483154
31965.0,-1.231783151626587
31970.0,-1.2273660898208618
31975.0,-1.2258594036102295
31980.0,-1.2389217615127563
31985.0,-1.253645658493042
31990.0,-1.2241685390472412
31995.0,-1.2220251560211182
32000.0,-1.2605304718017578
32005.0,-1.229072093963623
32010.0,-1.2304391860961914
32015.0,-1.263075828552246
32020.0,-1.2237211465835571
32025.0,-1.2118754386901855
32030.0,-1.242429494857788
32035.0,-1.2208106517791748
32040.0,-1.22296142578125
32045.0,-1.2338941097259521
32050.0,-1.2408134937286377
32055.0,-1.2356688976287842
32060.0,-1.2262897491455078
32065.0,-1.2490971088409424
32070.0,-1.2492135763168335
32075.0,-1.2274601459503174
32080.0,-1.241403341293335
32085.0,-1.2088075876235962
32090.0,-1.2368489503860474
32095.0,-1.2155582904815674
32100.0,-1.2283234596252441
32105.0,-1.24971342086792
32110.0,-1.206399917602539
32115.0,-1.2304437160491943
32120.0,-1.249487042427063
32125.0,-1.2240134477615356
32130.0,-1.2283780574798584
32135.0,-1.243262529373169
32140.0,-1.2029309272766113
32145.0,-1.2488491535186768
32150.0,-1.2404513359069824
32155.0,-1.2171809673309326
32160.0,-1.2341017723083496
32165.0,-1.218421220779419
32170.0,-1.2409031391143799
32175.0,-1.2556968927383423
32180.0,-1.2189502716064453
32185.0,-1.2493122816085815
32190.0,-1.2380560636520386
32195.0,-1.2233768701553345
32200.0,-1.2414729595184326
32205.0,-1.2490664720535278
32210.0,-1.2153196334838867
32215.0,-1.2381659746170044
32220.0,-1.2333807945251465
32225.0,-1.2236151695251465
32230.0,-1.2580255270004272
32235.0,-1.2162553071975708
32240.0,-1.227970004081726
32245.0,-1.242014765739441
32250.0,-1.2137802839279175
32255.0,-1.2518794536590576
32260.0,-1.224625587463379
32265.0,-1.2096045017242432
32270.0,-1.2450894117355347
32275.0,-1.2033169269561768
32280.0,-1.2389812469482422
32285.0,-1.2550876140594482
32290.0,-1.2229666709899902
32295.0,-1.2390105724334717
32300.0,-1.242562174797058
32305.0,-1.2272567749023438
32310.0,-1.2369694709777832
32315.0,-1.2276067733764648
32320.0,-1.2303682565689087
32325.0,-1.220656156539917
32330.0,-1.220412254333496
32335.0,-1.2470030784606934
32340.0,-1.2285261154174805
32345.0,-1.2330740690231323
32350.0,-1.2325067520141602
32355.0,-1.237977147102356
32360.0,-1.231842041015625
32365.0,-1.2367534637451172
32370.0,-1.236562728881836
32375.0,-1.2212812900543213
32380.0,-1.2158751487731934
32385.0,-1.2350306510925293
32390.0,-1.2454848289489746
32395.0,-1.2394704818725586
32400.0,-1.231218934059143
32405.0,-1.2394309043884277
32410.0,-1.234494686126709
32415.0,-1.2312145233154297
32420.0,-1.2450828552246094
32425.0,-1.2345588207244873
32430.0,-1.2369931936264038
32435.0,-1.232968807220459
32440.0,-1.216111421585083
32445.0,-1.2470653057098389
32450.0,-1.229175329208374
32455.0,-1.2160125970840454
32460.0,-1.2433431148529053
32465.0,-1.2043803930282593
32470.0,-1.2218232154846191
32475.0,-1.2559928894042969
32480.0,-1.2087775468826294
32485.0,-1.2250046730041504
32490.0,-1.2244789600372314
32495.0,-1.2190864086151123
32500.0,-1.2312034368515015
32505.0,-1.2368135452270508
32510.0,-1.2317872047424316
32515.0,-1.2220724821090698
32520.0,-1.2329111099243164
32525.0,-1.2374417781829834
32530.0,-1.2405695915222168
32535.0,-1.2333074808120728
32540.0,-1.2274141311645508
32545.0,-1.2295488119125366
32550.0,-1.2331386804580688
32555.0,-1.2216020822525024
32560.0,-1.2367011308670044
32565.0,-1.234864592552185
32570.0,-1.2278437614440918
32575.0,-1.249542236328125
32580.0,-1.2248730659484863
32585.0,-1.2168700695037842
32590.0,-1.2396843433380127
32595.0,-1.2142809629440308
32600.0,-1.2400825023651123
32605.0,-1.226022481918335
32610.0,-1.2209973335266113
32615.0,-1.236731767654419
32620.0,-1.2130165100097656
32625.0,-1.2376068830490112
32630.0,-1.2460041046142578
32635.0,-1.2202982902526855
32640.0,-1.2248001098632812
32645.0,-1.2418463230133057
32650.0,-1.2224913835525513
32655.0,-1.2324559688568115
32660.0,-1.2290196418762207
32665.0,-1.2377933263778687
32670.0,-1.2553125619888306
32675.0,-1.2145631313323975
32680.0,-1.239500641822815
32685.0,-1.2347180843353271
32690.0,-1.2428473234176636
32695.0,-1.229011058807373
32700.0,-1.2431010007858276
32705.0,-1.2507648468017578
32710.0,-1.2301182746887207
32715.0,-1.2223045825958252
32720.0,-1.2347534894943237
32725.0,-1.2462992668151855
32730.0,-1.2182035446166992
32735.0,-1.2370107173919678
32740.0,-1.2487308979034424
32745.0,-1.2422841787338257
32750.0,-1.225581169128418
32755.0,-1.241346836090088
32760.0,-1.2266604900360107
32765.0,-1.2265287637710571
32770.0,-1.257919430732727
32775.0,-1.2289303541183472
32780.0,-1.2401574850082397
32785.0,-1.2332539558410645
32790.0,-1.228123426437378
32795.0,-1.2356191873550415
32800.0,-1.2397172451019287
32805.0,-1.240271806716919
32810.0,-1.2424054145812988
32815.0,-1.227813720703125
32820.0,-1.2339084148406982
32825.0,-1.2469723224639893
32830.0,-1.2259230613708496
32835.0,-1.2310917377471924
32840.0,-1.2323464155197144
32845.0,-1.2285211086273193
32850.0,-1.225036382675171
32855.0,-1.2320302724838257
32860.0,-1.233351707458496
32865.0,-1.2223389148712158
32870.0,-1.2481865882873535
32875.0,-1.230625867843628
32880.0,-1.225330114364624
32885.0,-1.234454870223999
32890.0,-1.2196762561798096
32895.0,-1.2339675426483154
32900.0,-1.2409040927886963
32905.0,-1.2329882383346558
32910.0,-1.2141458988189697
32915.0,-1.2446341514587402
32920.0,-1.2151925563812256
32925.0,-1.2284929752349854
32930.0,-1.264245867729187
32935.0,-1.2126965522766113
32940.0,-1.2331680059432983
32945.0,-1.2493579387664795
32950.0,-1.211798906326294
32955.0,-1.2328097820281982
32960.0,-1.2470664978027344
32965.0,-1.2161943912506104
32970.0,-1.2403496503829956
32975.0,-1.2225887775421143
32980.0,-1.223231315612793
32985.0,-1.2406196594238281
32990.0,-1.2311748266220093
32995.0,-1.2331576347351074
33000.0,-1.2387428283691406
33005.0,-1.2344659566879272
33010.0,-1.2265372276306152
33015.0,-1.237044334411621
33020.0,-1.2339472770690918
33025.0,-1.2190810441970825
33030.0,-1.2362263202667236
33035.0,-1.2066936492919922
33040.0,-1.2101516723632812
33045.0,-1.2461779117584229
33050.0,-1.2315905094146729
33055.0,-1.2391637563705444
33060.0,-1.2432764768600464
33065.0,-1.217470407485962
33070.0,-1.2300949096679688
33075.0,-1.248617172241211
33080.0,-1.2241138219833374
33085.0,-1.2244577407836914
33090.0,-1.2273213863372803
33095.0,-1.2361093759536743
33100.0,-1.2315552234649658
33105.0,-1.2437186241149902
33110.0,-1.2315924167633057
33115.0,-1.2379411458969116
33120.0,-1.2155957221984863
33125.0,-1.2443779706954956
33130.0,-1.2468105554580688
33135.0,-1.2164031267166138
33140.0,-1.227696418762207
33145.0,-1.2490291595458984
33150.0,-1.2026162147521973
33155.0,-1.2382652759552002
33160.0,-1.2542604207992554
33165.0,-1.225163459777832
33170.0,-1.226847529411316
33175.0,-1.2293524742126465
33180.0,-1.2496534585952759
33185.0,-1.2483171224594116
33190.0,-1.218590259552002
33195.0,-1.2588965892791748
33200.0,-1.2367796897888184
33205.0,-1.2147136926651
33210.0,-1.2398486137390137
33215.0,-1.2273080348968506
33220.0,-1.219468593597412
33225.0,-1.2245230674743652
33230.0,-1.219559669494629
33235.0,-1.2367722988128662
33240.0,-1.2379481792449951
33245.0,-1.2190335988998413
33250.0,-1.2356879711151123
33255.0,-1.229203462600708
33260.0,-1.2087483406066895
33265.0,-1.241205096244812
33270.0,-1.2295825481414795
33275.0,-1.2128236293792725
33280.0,-1.2449891567230225
33285.0,-1.2131807804107666
33290.0,-1.2159245014190674
33295.0,-1.2605712413787842
33300.0,-1.2332367897033691
33305.0,-1.214355707168579
33310.0,-1.2537161111831665
33315.0,-1.209784984588623
33320.0,-1.2355618476867676
33325.0,-1.236478567123413
33330.0,-1.2173840999603271
33335.0,-1.2245335578918457
33340.0,-1.225467324256897
33345.0,-1.2301748991012573
33350.0,-1.2417011260986328
33355.0,-1.2286518812179565
33360.0,-1.218834638595581
33365.0,-1.2342828512191772
33370.0,-1.2356133460998535
33375.0,-1.2371845245361328
33380.0,-1.2297194004058838
33385.0,-1.2336523532867432
33390.0,-1.2108142375946045
33395.0,-1.2414054870605469
33400.0,-1.2442632913589478
33405.0,-1.220031976699829
33410.0,-1.2523514032363892
33415.0,-1.2330074310302734
33420.0,-1.2301857471466064
33425.0,-1.2521889209747314
33430.0,-1.229756474494934
33435.0,-1.2276952266693115
33440.0,-1.2324302196502686
33445.0,-1.2392898797988892
33450.0,-1.2499302625656128
33455.0,-1.2485138177871704
33460.0,-1.2207739353179932
33465.0,-1.209211826324463
33470.0,-1.2179908752441406
33475.0,-1.2156192064285278
33480.0,-1.2165555953979492
33485.0,-1.2117301225662231
33490.0,-1.2104618549346924
33495.0,-1.2151283025741577
33500.0,-1.2269877195358276
33505.0,-1.2397923469543457
33510.0,-1.2249094247817993
33515.0,-1.2405996322631836
33520.0,-1.2353085279464722
33525.0,-1.2454025745391846
33530.0,-1.2486119270324707
33535.0,-1.2423059940338135
33540.0,-1.2295515537261963
33545.0,-1.219368577003479
33550.0,-1.2259684801101685
33555.0,-1.2468928098678589
33560.0,-1.2344244718551636
33565.0,-1.2065379619598389
33570.0,-1.22845458984375
33575.0,-1.2262556552886963
33580.0,-1.2203106880187988
33585.0,-1.226855993270874
33590.0,-1.2189462184906006
33595.0,-1.219222068786621
33600.0,-1.2217769622802734
33605.0,-1.2391467094421387
33610.0,-1.2285089492797852
33615.0,-1.2200205326080322
33620.0,-1.2318450212478638
33625.0,-1.2027711868286133
33630.0,-1.220973014831543
33635.0,-1.2410979270935059
33640.0,-1.2174458503723145
33645.0,-1.2275099754333496
33650.0,-1.2135215997695923
33655.0,-1.2246689796447754
33660.0,-1.2263962030410767
33665.0,-1.227548599243164
33670.0,-1.2105462551116943
33675.0,-1.2503509521484375
33680.0,-1.2399526834487915
33685.0,-1.2594611644744873
33690.0,-1.2230613231658936
33695.0,-1.2423803806304932
33700.0,-1.2615907192230225
33705.0,-1.2361268997192383
33710.0,-1.2263493537902832
33715.0,-1.253523826599121
33720.0,-1.2172908782958984
33725.0,-1.2012314796447754
33730.0,-1.241929054260254
33735.0,-1.2293903827667236
33740.0,-1.2137986421585083
33745.0,-1.2255827188491821
33750.0,-1.2200772762298584
33755.0,-1.2401330471038818
33760.0,-1.2515422105789185
33765.0,-1.2161016464233398
33770.0,-1.2242424488067627
33775.0,-1.2320691347122192
33780.0,-1.208695650100708
33785.0,-1.22165846824646
33790.0,-1.2396464347839355
33795.0,-1.2212557792663574
33800.0,-1.2146940231323242
33805.0,-1.2336270809173584
33810.0,-1.2282463312149048
33815.0,-1.2367711067199707
33820.0,-1.2407666444778442
33825.0,-1.2237703800201416
33830.0,-1.2309513092041016
33835.0,-1.2215778827667236
33840.0,-1.240084171295166
33845.0,-1.239879846572876
33850.0,-1.2158561944961548
33855.0,-1.2203028202056885
33860.0,-1.2264225482940674
33865.0,-1.23417329788208
33870.0,-1.2340863943099976
33875.0,-1.2246968746185303
33880.0,-1.2212815284729004
33885.0,-1.2230199575424194
33890.0,-1.2206335067749023
33895.0,-1.2423553466796875
33900.0,-1.2315700054168701
33905.0,-1.2218314409255981
33910.0,-1.217917799949646
33915.0,-1.2176281213760376
33920.0,-1.2351353168487549
33925.0,-1.2524149417877197
33930.0,-1.2330602407455444
33935.0,-1.2399710416793823
33940.0,-1.2413322925567627
33945.0,-1.226047158241272
33950.0,-1.246207594871521
33955.0,-1.2445788383483887
33960.0,-1.2250645160675049
33965.0,-1.2225357294082642
33970.0,-1.2373812198638916
33975.0,-1.206141471862793
33980.0,-1.2375625371932983
33985.0,-1.2343127727508545
33990.0,-1.2242286205291748
33995.0,-1.2232080698013306
34000.0,-1.2384735345840454
34005.0,-1.2243916988372803
34010.0,-1.2346323728561401
34015.0,-1.2546963691711426
34020.0,-1.2340824604034424
34025.0,-1.2378413677215576
34030.0,-1.2259774208068848
34035.0,-1.2232868671417236
34040.0,-1.244072437286377
34045.0,-1.2401859760284424
34050.0,-1.2257084846496582
34055.0,-1.245581865310669
34060.0,-1.2275056838989258
34065.0,-1.2294929027557373
34070.0,-1.2302165031433105
34075.0,-1.2217223644256592
34080.0,-1.2275398969650269
34085.0,-1.2240352630615234
34090.0,-1.2354003190994263
34095.0,-1.238491415977478
34100.0,-1.223792314529419
34105.0,-1.2170648574829102
34110.0,-1.2295418977737427
34115.0,-1.213801622390747
34120.0,-1.248537540435791
34125.0,-1.2004023790359497
34130.0,-1.234435796737671
34135.0,-1.2273855209350586
34140.0,-1.2246501445770264
34145.0,-1.234142780303955
34150.0,-1.2477517127990723
34155.0,-1.228859782218933
34160.0,-1.2353711128234863
34165.0,-1.2318246364593506
34170.0,-1.245737075805664
34175.0,-1.2260985374450684
34180.0,-1.226855993270874
34185.0,-1.2466830015182495
34190.0,-1.2244118452072144
34195.0,-1.240861177444458
34200.0,-1.2384977340698242
34205.0,-1.2248412370681763
34210.0,-1.2411588430404663
34215.0,-1.2362509965896606
34220.0,-1.232033133506775
34225.0,-1.237900733947754
34230.0,-1.2055397033691406
34235.0,-1.2364130020141602
34240.0,-1.2149455547332764
34245.0,-1.2221393585205078
34250.0,-1.2459731101989746
34255.0,-1.2414259910583496
34260.0,-1.2013652324676514
34265.0,-1.2319355010986328
34270.0,-1.224921464920044
34275.0,-1.236241340637207
34280.0,-1.2330958843231201
34285.0,-1.227052092552185
34290.0,-1.22702956199646
34295.0,-1.2146785259246826
34300.0,-1.2379587888717651
34305.0,-1.2440073490142822
34310.0,-1.253432273864746
34315.0,-1.219293475151062
34320.0,-1.222251296043396
34325.0,-1.2262561321258545
34330.0,-1.2231240272521973
34335.0,-1.2322633266448975
34340.0,-1.2462722063064575
34345.0,-1.1911412477493286
34350.0,-1.2418200969696045
34355.0,-1.2443466186523438
34360.0,-1.2224358320236206
34365.0,-1.2577955722808838
34370.0,-1.2459845542907715
34375.0,-1.2133724689483643
34380.0,-1.2424275875091553
34385.0,-1.235368013381958
34390.0,-1.2146475315093994
34395.0,-1.2510440349578857
34400.0,-1.233672857284546
34405.0,-1.2421213388442993
34410.0,-1.2368539571762085
34415.0,-1.2322674989700317
34420.0,-1.2343130111694336
34425.0,-1.2355074882507324
34430.0,-1.2265366315841675
34435.0,-1.238582730293274
34440.0,-1.2358477115631104
34445.0,-1.2149925231933594
34450.0,-1.233405351638794
34455.0,-1.2382899522781372
34460.0,-1.2430975437164307
34465.0,-1.2397651672363281
34470.0,-1.2528467178344727
34475.0,-1.2473152875900269
34480.0,-1.231823444366455
34485.0,-1.2308666706085205
34490.0,-1.2380666732788086
34495.0,-1.2256872653961182
34500.0,-1.2208774089813232
34505.0,-1.2374587059020996
34510.0,-1.2192275524139404
34515.0,-1.2281666994094849
34520.0,-1.2437630891799927
34525.0,-1.2072173357009888
34530.0,-1.2232215404510498
34535.0,-1.2243013381958008
34540.0,-1.2239370346069336
34545.0,-1.2292211055755615
34550.0,-1.2110084295272827
34555.0,-1.187825322151184
34560.0,-1.232936143875122
34565.0,-1.2036755084991455
34570.0,-1.234736442565918
34575.0,-1.2467948198318481
34580.0,-1.2266905307769775
34585.0,-1.232551097869873
34590.0,-1.2300686836242676
34595.0,-1.2403243780136108
34600.0,-1.2468461990356445
34605.0,-1.2204844951629639
34610.0,-1.2431244850158691
34615.0,-1.2284387350082397
34620.0,-1.2244527339935303
34625.0,-1.241139531135559
34630.0,-1.2406069040298462
34635.0,-1.21189284324646
34640.0,-1.2488665580749512
34645.0,-1.2257919311523438
34650.0,-1.2307472229003906
34655.0,-1.238363265991211
34660.0,-1.2363812923431396
34665.0,-1.2469630241394043
34670.0,-1.2291460037231445
34675.0,-1.226413607597351
34680.0,-1.2316261529922485
34685.0,-1.2093734741210938
34690.0,-1.232458472251892
34695.0,-1.2262107133865356
34700.0,-1.2300090789794922
34705.0,-1.232374668121338
34710.0,-1.2258224487304688
34715.0,-1.2147135734558105
34720.0,-1.2307672500610352
34725.0,-1.2295893430709839
34730.0,-1.220393180847168
34735.0,-1.210301160812378
34740.0,-1.2091094255447388
34745.0,-1.227919578552246
34750.0,-1.2246413230895996
34755.0,-1.2499144077301025
34760.0,-1.2387453317642212
34765.0,-1.2376837730407715
34770.0,-1.226677656173706
34775.0,-1.236775517463684
34780.0,-1.2484736442565918
34785.0,-1.2323955297470093
34790.0,-1.2443137168884277
34795.0,-1.2295444011688232
34800.0,-1.217775583267212
34805.0,-1.2473342418670654
34810.0,-1.2478103637695312
34815.0,-1.215897798538208
34820.0,-1.2369070053100586
34825.0,-1.2457915544509888
34830.0,-1.224104881286621
34835.0,-1.2536571025848389
34840.0,-1.228304147720337
34845.0,-1.2342042922973633
34850.0,-1.2257490158081055
34855.0,-1.2242553234100342
34860.0,-1.2427852153778076
34865.0,-1.2086710929870605
34870.0,-1.2312569618225098
34875.0,-1.2197481393814087
34880.0,-1.2170661687850952
34885.0,-1.2462849617004395
34890.0,-1.2413544654846191
34895.0,-1.221601963043213
34900.0,-1.2511533498764038
34905.0,-1.2281913757324219
34910.0,-1.2344812154769897
34915.0,-1.270491123199463
34920.0,-1.224935531616211
34925.0,-1.2378084659576416
34930.0,-1.234250545501709
34935.0,-1.2393898963928223
34940.0,-1.212827205657959
34945.0,-1.2449818849563599
34950.0,-1.2235487699508667
34955.0,-1.2184396982192993
34960.0,-1.2375171184539795
34965.0,-1.237738847732544
34970.0,-1.2370715141296387
34975.0,-1.227757453918457
34980.0,-1.2514302730560303
34985.0,-1.210867166519165
34990.0,-1.2356663942337036
34995.0,-1.2318856716156006
35000.0,-1.2289316654205322
35005.0,-1.241324543952942
35010.0,-1.2274861335754395
35015.0,-1.2290470600128174
35020.0,-1.2170588970184326
35025.0,-1.2300591468811035
35030.0,-1.2350653409957886
35035.0,-1.2336734533309937
35040.0,-1.2308590412139893
35045.0,-1.2483032941818237
35050.0,-1.2383084297180176
35055.0,-1.2445991039276123
35060.0,-1.2181895971298218
35065.0,-1.2478492259979248
35070.0,-1.232992172241211
35075.0,-1.2096278667449951
35080.0,-1.2231119871139526
35085.0,-1.2230228185653687
35090.0,-1.2146685123443604
35095.0,-1.227815866470337
35100.0,-1.2277278900146484
35105.0,-1.2311453819274902
35110.0,-1.2288775444030762
35115.0,-1.2335870265960693
35120.0,-1.2379324436187744
35125.0,-1.2326338291168213
35130.0,-1.238170862197876
35135.0,-1.2320992946624756
35140.0,-1.2524595260620117
35145.0,-1.2267318964004517
35150.0,-1.2571382522583008
35155.0,-1.2280070781707764
35160.0,-1.2365877628326416
35165.0,-1.2367377281188965
35170.0,-1.244827151298523
35175.0,-1.2304091453552246
35180.0,-1.239151954650879
35185.0,-1.2308790683746338
35190.0,-1.2297112941741943
35195.0,-1.24709153175354
35200.0,-1.2341243028640747
35205.0,-1.2279419898986816
35210.0,-1.2472565174102783
35215.0,-1.242208480834961
35220.0,-1.2159702777862549
35225.0,-1.2324248552322388
35230.0,-1.2303972244262695
35235.0,-1.2158102989196777
35240.0,-1.2137497663497925
35245.0,-1.2379119396209717
35250.0,-1.2316148281097412
35255.0,-1.2331771850585938
35260.0,-1.2528470754623413
35265.0,-1.2146143913269043
35270.0,-1.2398333549499512
35275.0,-1.2445068359375
35280.0,-1.2350695133209229
35285.0,-1.247330904006958
35290.0,-1.2314642667770386
35295.0,-1.217871904373169
35300.0,-1.2244430780410767
35305.0,-1.2467750310897827
35310.0,-1.2525389194488525
35315.0,-1.2374329566955566
35320.0,-1.2320549488067627
35325.0,-1.2204320430755615
35330.0,-1.2220666408538818
35335.0,-1.2367873191833496
35340.0,-1.251500129699707
35345.0,-1.2367291450500488
35350.0,-1.22675359249115
35355.0,-1.237865924835205
35360.0,-1.2133396863937378
35365.0,-1.2506722211837769
35370.0,-1.2437388896942139
35375.0,-1.2138105630874634
35380.0,-1.2089698314666748
35385.0,-1.2070392370224
35390.0,-1.221351981163025
35395.0,-1.2231078147888184
35400.0,-1.2318999767303467
35405.0,-1.234167456626892
35410.0,-1.2310895919799805
35415.0,-1.2336751222610474
35420.0,-1.246277928352356
35425.0,-1.2434138059616089
35430.0,-1.2362948656082153
35435.0,-1.2224218845367432
35440.0,-1.2343500852584839
35445.0,-1.248486042022705
35450.0,-1.2266985177993774
35455.0,-1.22911536693573
35460.0,-1.2232909202575684
35465.0,-1.2137372493743896
35470.0,-1.2542762756347656
35475.0,-1.2257298231124878
35480.0,-1.2154426574707031
35485.0,-1.229886770248413
35490.0,-1.2274153232574463
35495.0,-1.2262187004089355
35500.0,-1.2518043518066406
35505.0,-1.2212152481079102
35510.0,-1.249144196510315
35515.0,-1.2483692169189453
35520.0,-1.2203564643859863
35525.0,-1.2389978170394897
35530.0,-1.249582290649414
35535.0,-1.2147562503814697
35540.0,-1.2159061431884766
35545.0,-1.2269426584243774
35550.0,-1.2378242015838623
35555.0,-1.2529795169830322
35560.0,-1.2162532806396484
35565.0,-1.2454192638397217
35570.0,-1.220919132232666
35575.0,-1.2368258237838745
35580.0,-1.2138252258300781
35585.0,-1.2250912189483643
35590.0,-1.2571702003479004
35595.0,-1.2096062898635864
35600.0,-1.2022504806518555
35605.0,-1.2527096271514893
35610.0,-1.2261621952056885
35615.0,-1.2292799949645996
35620.0,-1.2245762348175049
35625.0,-1.2426743507385254
35630.0,-1.2496578693389893
35635.0,-1.2241398096084595
35640.0,-1.238202691078186
35645.0,-1.2449774742126465
35650.0,-1.2193825244903564
35655.0,-1.247705101966858
35660.0,-1.2238903045654297
35665.0,-1.2281146049499512
35670.0,-1.232219934463501
35675.0,-1.2020307779312134
35680.0,-1.2288304567337036
35685.0,-1.2305002212524414
35690.0,-1.2211977243423462
35695.0,-1.2289903163909912
35700.0,-1.2194058895111084
35705.0,-1.2148586511611938
35710.0,-1.2283191680908203
35715.0,-1.2219215631484985
35720.0,-1.2438594102859497
35725.0,-1.2349343299865723
35730.0,-1.234304666519165
35735.0,-1.2101459503173828
35740.0,-1.2147514820098877
35745.0,-1.232484221458435
35750.0,-1.1931533813476562
35755.0,-1.2212198972702026
35760.0,-1.2196497917175293
35765.0,-1.2019424438476562
35770.0,-1.2150111198425293
35775.0,-1.2398059368133545
35780.0,-1.210336685180664
35785.0,-1.237619161605835
35790.0,-1.2144709825515747
35795.0,-1.2303707599639893
35800.0,-1.246294617652893
35805.0,-1.2322105169296265
35810.0,-1.1963847875595093
35815.0,-1.248628854751587
35820.0,-1.2334589958190918
35825.0,-1.225208044052124
35830.0,-1.230462908744812
35835.0,-1.2334578037261963
35840.0,-1.2252416610717773
35845.0,-1.2218282222747803
35850.0,-1.2178008556365967
35855.0,-1.2327848672866821
35860.0,-1.2191078662872314
35865.0,-1.2337497472763062
35870.0,-1.2327436208724976
35875.0,-1.2289358377456665
35880.0,-1.2348216772079468
35885.0,-1.2257630825042725
35890.0,-1.2244338989257812
35895.0,-1.2346696853637695
35900.0,-1.2405176162719727
35905.0,-1.2362312078475952
35910.0,-1.2308731079101562
35915.0,-1.2303513288497925
35920.0,-1.255744218826294
35925.0,-1.2439664602279663
35930.0,-1.2342345714569092
35935.0,-1.253051996231079
35940.0,-1.2376463413238525
35945.0,-1.2267402410507202
35950.0,-1.2412290573120117
35955.0,-1.2237342596054077
35960.0,-1.2152514457702637
35965.0,-1.2200820446014404
35970.0,-1.2279143333435059
35975.0,-1.217038869857788
35980.0,-1.2450493574142456
35985.0,-1.2207942008972168
35990.0,-1.2240021228790283
35995.0,-1.2394660711288452
36000.0,-1.1954395771026611
36005.0,-1.2341339588165283
36010.0,-1.2369276285171509
36015.0,-1.1922178268432617
36020.0,-1.2286220788955688
36025.0,-1.2203172445297241
36030.0,-1.2229044437408447
36035.0,-1.2507960796356201
36040.0,-1.2217656373977661
36045.0,-1.2215296030044556
36050.0,-1.2311158180236816
36055.0,-1.2358427047729492
36060.0,-1.2477190494537354
36065.0,-1.2147431373596191
36070.0,-1.2435989379882812
36075.0,-1.2416660785675049
36080.0,-1.2226808071136475
36085.0,-1.2415871620178223
36090.0,-1.249044418334961
36095.0,-1.2109017372131348
36100.0,-1.2244089841842651
36105.0,-1.23110830783844
36110.0,-1.2423313856124878
36115.0,-1.2250216007232666
36120.0,-1.242983341217041
36125.0,-1.2381399869918823
36130.0,-1.2168723344802856
36135.0,-1.2376270294189453
36140.0,-1.2419939041137695
36145.0,-1.224433183670044
36150.0,-1.2471166849136353
36155.0,-1.2130677700042725
36160.0,-1.2121566534042358
36165.0,-1.235987901687622
36170.0,-1.211925983428955
36175.0,-1.2423347234725952
36180.0,-1.2223094701766968
36185.0,-1.2157819271087646
36190.0,-1.2280701398849487
36195.0,-1.2368104457855225
36200.0,-1.2362899780273438
36205.0,-1.2303924560546875
36210.0,-1.2063995599746704
36215.0,-1.226615071296692
36220.0,-1.2439665794372559
36225.0,-1.2186155319213867
36230.0,-1.2308770418167114
36235.0,-1.2257275581359863
36240.0,-1.2121303081512451
36245.0,-1.2165412902832031
36250.0,-1.2456059455871582
36255.0,-1.233180284500122
36260.0,-1.2173542976379395
36265.0,-1.2406706809997559
36270.0,-1.2385143041610718
36275.0,-1.2298940420150757
36280.0,-1.2203707695007324
36285.0,-1.2474960088729858
36290.0,-1.2267732620239258
36295.0,-1.2402063608169556
36300.0,-1.2335160970687866
36305.0,-1.2299400568008423
36310.0,-1.2369332313537598
36315.0,-1.2333322763442993
36320.0,-1.2425482273101807
36325.0,-1.2217681407928467
36330.0,-1.2286708354949951
36335.0,-1.2201812267303467
36340.0,-1.2084038257598877
36345.0,-1.2325512170791626
36350.0,-1.234607458114624
36355.0,-1.2137168645858765
36360.0,-1.2402527332305908
36365.0,-1.235529899597168
36370.0,-1.2214820384979248
36375.0,-1.2585666179656982
36380.0,-1.2207679748535156
36385.0,-1.2312777042388916
36390.0,-1.2450909614562988
36395.0,-1.2423763275146484
36400.0,-1.2468016147613525
36405.0,-1.2427843809127808
36410.0,-1.2498910427093506
36415.0,-1.2403666973114014
36420.0,-1.2265695333480835
36425.0,-1.2329638004302979
36430.0,-1.22200608253479
36435.0,-1.2120691537857056
36440.0,-1.233006477355957
36445.0,-1.2233237028121948
36450.0,-1.2330491542816162
36455.0,-1.2285231351852417
36460.0,-1.2134544849395752
36465.0,-1.229339599609375
36470.0,-1.2364004850387573
36475.0,-1.2407429218292236
36480.0,-1.244786262512207
36485.0,-1.2135443687438965
36490.0,-1.2178385257720947
36495.0,-1.2336232662200928
36500.0,-1.2429769039154053
36505.0,-1.2387880086898804
36510.0,-1.25564444065094
36515.0,-1.239487886428833
36520.0,-1.218285083770752
36525.0,-1.2466599941253662
36530.0,-1.2417267560958862
36535.0,-1.210326910018921
36540.0,-1.2378865480422974
36545.0,-1.2117705345153809
36550.0,-1.2290090322494507
36555.0,-1.2351534366607666
36560.0,-1.2251062393188477
36565.0,-1.2208019495010376
36570.0,-1.226613998413086
36575.0,-1.2356458902359009
36580.0,-1.249809741973877
36585.0,-1.2207835912704468
36590.0,-1.23593270778656
36595.0,-1.2513751983642578
36600.0,-1.2131751775741577
36605.0,-1.2569212913513184
36610.0,-1.2359426021575928
36615.0,-1.2292696237564087
36620.0,-1.2200614213943481
36625.0,-1.2297346591949463
36630.0,-1.228427529335022
36635.0,-1.2383089065551758
36640.0,-1.230736494064331
36645.0,-1.2251399755477905
36650.0,-1.2398273944854736
36655.0,-1.235544204711914
36660.0,-1.2268667221069336
36665.0,-1.222814917564392
36670.0,-1.2449026107788086
36675.0,-1.21455717086792
36680.0,-1.2005764245986938
36685.0,-1.254936695098877
36690.0,-1.2280441522598267
36695.0,-1.221200942993164
36700.0,-1.2372504472732544
36705.0,-1.2349989414215088
36710.0,-1.226269245147705
36715.0,-1.2332775592803955
36720.0,-1.2173264026641846
36725.0,-1.2415788173675537
36730.0,-1.2164089679718018
36735.0,-1.211022138595581
36740.0,-1.2363581657409668
36745.0,-1.217482566833496
36750.0,-1.2190985679626465
36755.0,-1.2438894510269165
36760.0,-1.218198537826538
36765.0,-1.230790615081787
36770.0,-1.224674940109253
36775.0,-1.258631944656372
36780.0,-1.2446885108947754
36785.0,-1.2195252180099487
36790.0,-1.2511372566223145
36795.0,-1.2345616817474365
36800.0,-1.2013481855392456
36805.0,-1.2576779127120972
36810.0,-1.2512853145599365
36815.0,-1.2275539636611938
36820.0,-1.24184250831604
36825.0,-1.2159650325775146
36830.0,-1.2381545305252075
36835.0,-1.2335522174835205
36840.0,-1.2219181060791016
36845.0,-1.2417478561401367
36850.0,-1.220897912979126
36855.0,-1.2047173976898193
36860.0,-1.2633821964263916
36865.0,-1.2323535680770874
36870.0,-1.2311058044433594
36875.0,-1.245732307434082
36880.0,-1.2279139757156372
36885.0,-1.225839614868164
36890.0,-1.2304983139038086
36895.0,-1.2151801586151123
36900.0,-1.2345588207244873
36905.0,-1.2353535890579224
36910.0,-1.2183862924575806
36915.0,-1.2443023920059204
36920.0,-1.238764762878418
36925.0,-1.2220287322998047
36930.0,-1.2327501773834229
36935.0,-1.2348034381866455
36940.0,-1.2310609817504883
36945.0,-1.2212882041931152
36950.0,-1.2256898880004883
36955.0,-1.2342901229858398
36960.0,-1.2198340892791748
36965.0,-1.2146670818328857
36970.0,-1.2255966663360596
36975.0,-1.2313960790634155
36980.0,-1.2228246927261353
36985.0,-1.214156985282898
36990.0,-1.2250275611877441
36995.0,-1.2085933685302734
37000.0,-1.2121033668518066
37005.0,-1.2494621276855469
37010.0,-1.2159059047698975
37015.0,-1.2132967710494995
37020.0,-1.2481553554534912
37025.0,-1.214550256729126
37030.0,-1.2340941429138184
37035.0,-1.2472259998321533
37040.0,-1.2153115272521973
37045.0,-1.2193235158920288
37050.0,-1.2218763828277588
37055.0,-1.2330734729766846
37060.0,-1.2538448572158813
37065.0,-1.218116283416748
37070.0,-1.2165288925170898
37075.0,-1.2061035633087158
37080.0,-1.224338412284851
37085.0,-1.2180325984954834
37090.0,-1.2132576704025269
37095.0,-1.201088547706604
37100.0,-1.2257721424102783
37105.0,-1.2148998975753784
37110.0,-1.2220755815505981
37115.0,-1.2359322309494019
37120.0,-1.23282790184021
37125.0,-1.2324687242507935
37130.0,-1.222454309463501
37135.0,-1.2392789125442505
37140.0,-1.2035152912139893
37145.0,-1.213966727256775
37150.0,-1.2278809547424316
37155.0,-1.2271023988723755
37160.0,-1.20668363571167
37165.0,-1.2109670639038086
37170.0,-1.2069789171218872
37175.0,-1.2187693119049072
37180.0,-1.2363930940628052
37185.0,-1.2498266696929932
37190.0,-1.2487720251083374
37195.0,-1.197838306427002
37200.0,-1.2362470626831055
37205.0,-1.2412558794021606
37210.0,-1.2041165828704834
37215.0,-1.2356715202331543
37220.0,-1.2410552501678467
37225.0,-1.219439148902893
37230.0,-1.2266123294830322
37235.0,-1.234943151473999
37240.0,-1.2310750484466553
37245.0,-1.219942569732666
37250.0,-1.2200478315353394
37255.0,-1.2251315116882324
37260.0,-1.2190722227096558
37265.0,-1.2485520839691162
37270.0,-1.2304811477661133
37275.0,-1.2343484163284302
37280.0,-1.2534594535827637
37285.0,-1.2276806831359863
37290.0,-1.2422285079956055
37295.0,-1.2370953559875488
37300.0,-1.2230381965637207
37305.0,-1.2262529134750366
37310.0,-1.2239304780960083
37315.0,-1.2456281185150146
37320.0,-1.2397452592849731
37325.0,-1.1974668502807617
37330.0,-1.2506502866744995
37335.0,-1.2287921905517578
37340.0,-1.2106361389160156
37345.0,-1.2174079418182373
37350.0,-1.2297163009643555
37355.0,-1.2116426229476929
37360.0,-1.223268985748291
37365.0,-1.238694667816162
37370.0,-1.2271342277526855
37375.0,-1.2212023735046387
37380.0,-1.2332128286361694
37385.0,-1.2253522872924805
37390.0,-1.2374851703643799
37395.0,-1.245080590248108
37400.0,-1.2175607681274414
37405.0,-1.228151798248291
37410.0,-1.2505733966827393
37415.0,-1.2296109199523926
37420.0,-1.2326674461364746
37425.0,-1.2406964302062988
37430.0,-1.2242052555084229
37435.0,-1.237372875213623
37440.0,-1.2516275644302368
37445.0,-1.233381986618042
37450.0,-1.2366548776626587
37455.0,-1.2460688352584839
37460.0,-1.219285249710083
37465.0,-1.2316055297851562
37470.0,-1.224670171737671
37475.0,-1.2178157567977905
37480.0,-1.226047158241272
37485.0,-1.228543996810913
37490.0,-1.2177846431732178
37495.0,-1.2548282146453857
37500.0,-1.22279953956604
37505.0,-1.2062339782714844
37510.0,-1.2508331537246704
37515.0,-1.2079284191131592
37520.0,-1.2245526313781738
37525.0,-1.2264423370361328
37530.0,-1.2136362791061401
37535.0,-1.2031253576278687
37540.0,-1.2176320552825928
37545.0,-1.2323001623153687
37550.0,-1.2400223016738892
37555.0,-1.2489912509918213
37560.0,-1.2340120077133179
37565.0,-1.245408296585083
37570.0,-1.2443368434906006
37575.0,-1.237269401550293
37580.0,-1.2433245182037354
37585.0,-1.2358012199401855
37590.0,-1.2298325300216675
37595.0,-1.219281554222107
37600.0,-1.2426555156707764
37605.0,-1.2180873155593872
37610.0,-1.2049283981323242
37615.0,-1.2255651950836182
37620.0,-1.2361907958984375
37625.0,-1.2383205890655518
37630.0,-1.2205913066864014
37635.0,-1.2469443082809448
37640.0,-1.2208142280578613
37645.0,-1.2248947620391846
37650.0,-1.2445660829544067
37655.0,-1.2373661994934082
37660.0,-1.2373011112213135
37665.0,-1.216060996055603
37670.0,-1.2098935842514038
37675.0,-1.2673050165176392
37680.0,-1.2202088832855225
37685.0,-1.238680124282837
37690.0,-1.2623436450958252
37695.0,-1.2158182859420776
37700.0,-1.2356109619140625
37705.0,-1.2686465978622437
37710.0,-1.1990242004394531
37715.0,-1.2375171184539795
37720.0,-1.2228984832763672
37725.0,-1.2033460140228271
37730.0,-1.2391374111175537
37735.0,-1.2066190242767334
37740.0,-1.217666506767273
37745.0,-1.2368181943893433
37750.0,-1.2131216526031494
37755.0,-1.2303133010864258
37760.0,-1.2266802787780762
37765.0,-1.2340259552001953
37770.0,-1.198580026626587
37775.0,-1.2331827878952026
37780.0,-1.234531044960022
37785.0,-1.2346316576004028
37790.0,-1.213308334350586
37795.0,-1.242098331451416
37800.0,-1.2053951025009155
37805.0,-1.2115060091018677
37810.0,-1.2367936372756958
37815.0,-1.2079089879989624
37820.0,-1.2050917148590088
37825.0,-1.2122026681900024
37830.0,-1.2025315761566162
37835.0,-1.245622992515564
37840.0,-1.235512375831604
37845.0,-1.2114007472991943
37850.0,-1.2295403480529785
37855.0,-1.2371947765350342
37860.0,-1.2396304607391357
37865.0,-1.232682704925537
37870.0,-1.2208876609802246
37875.0,-1.2230583429336548
37880.0,-1.2166602611541748
37885.0,-1.228114128112793
37890.0,-1.2196056842803955
37895.0,-1.2444038391113281
37900.0,-1.2313203811645508
37905.0,-1.2137237787246704
37910.0,-1.2378934621810913
37915.0,-1.2127654552459717
37920.0,-1.1779812574386597
37925.0,-1.2334856986999512
37930.0,-1.2262111902236938
37935.0,-1.1984984874725342
37940.0,-1.2283010482788086
37945.0,-1.223078966140747
37950.0,-1.2045681476593018
37955.0,-1.259168028831482
37960.0,-1.2329691648483276
37965.0,-1.2304959297180176
37970.0,-1.2244666814804077
37975.0,-1.2300817966461182
37980.0,-1.2241140604019165
37985.0,-1.2551238536834717
37990.0,-1.2295838594436646
37995.0,-1.2417465448379517
38000.0,-1.2409255504608154
38005.0,-1.234299898147583
38010.0,-1.2287479639053345
38015.0,-1.248531460762024
38020.0,-1.2116200923919678
38025.0,-1.2255346775054932
38030.0,-1.224976658821106
38035.0,-1.2023499011993408
38040.0,-1.2427412271499634
38045.0,-1.2424046993255615
38050.0,-1.207930326461792
38055.0,-1.2399568557739258
38060.0,-1.229946255683899
38065.0,-1.203498125076294
38070.0,-1.2505600452423096
38075.0,-1.2312610149383545
38080.0,-1.21090567111969
38085.0,-1.2324960231781006
38090.0,-1.2264394760131836
38095.0,-1.208993673324585
38100.0,-1.2405951023101807
38105.0,-1.2378571033477783
38110.0,-1.2285630702972412
38115.0,-1.2099575996398926
38120.0,-1.224362850189209
38125.0,-1.217663049697876
38130.0,-1.202083706855774
38135.0,-1.2103296518325806
38140.0,-1.2105284929275513
38145.0,-1.194514274597168
38150.0,-1.230139136314392
38155.0,-1.2448266744613647
38160.0,-1.2189851999282837
38165.0,-1.228734016418457
38170.0,-1.2224349975585938
38175.0,-1.2031135559082031
38180.0,-1.2366366386413574
38185.0,-1.248595118522644
38190.0,-1.2238070964813232
38195.0,-1.2256054878234863
38200.0,-1.228637456893921
38205.0,-1.216566562652588
38210.0,-1.229154109954834
38215.0,-1.224905252456665
38220.0,-1.2127816677093506
38225.0,-1.2059370279312134
38230.0,-1.2262482643127441
38235.0,-1.2378723621368408
38240.0,-1.2233574390411377
38245.0,-1.2218644618988037
38250.0,-1.2351102828979492
38255.0,-1.2061094045639038
38260.0,-1.2225580215454102
38265.0,-1.2351948022842407
38270.0,-1.2197338342666626
38275.0,-1.2183929681777954
38280.0,-1.2214407920837402
38285.0,-1.2240301370620728
38290.0,-1.2487308979034424
38295.0,-1.2133539915084839
38300.0,-1.231949806213379
38305.0,-1.216238021850586
38310.0,-1.2472310066223145
38315.0,-1.2121174335479736
38320.0,-1.2213085889816284
38325.0,-1.2423456907272339
38330.0,-1.2285575866699219
38335.0,-1.210846185684204
38340.0,-1.2389466762542725
38345.0,-1.2301037311553955
38350.0,-1.2412583827972412
38355.0,-1.2309008836746216
38360.0,-1.2309582233428955
38365.0,-1.2619941234588623
38370.0,-1.244920253753662
38375.0,-1.2320882081985474
38380.0,-1.2554686069488525
38385.0,-1.235568642616272
38390.0,-1.203779697418213
38395.0,-1.2344202995300293
38400.0,-1.220751404762268
38405.0,-1.2044427394866943
38410.0,-1.2559434175491333
38415.0,-1.215274453163147
38420.0,-1.2072609663009644
38425.0,-1.2475364208221436
38430.0,-1.2255076169967651
38435.0,-1.2203131914138794
38440.0,-1.2545294761657715
38445.0,-1.221097707748413
38450.0,-1.242152452468872
38455.0,-1.2284560203552246
38460.0,-1.2178937196731567
38465.0,-1.2455720901489258
38470.0,-1.2310905456542969
38475.0,-1.2245986461639404
38480.0,-1.24552321434021
38485.0,-1.2299951314926147
38490.0,-1.243591547012329
38495.0,-1.2389750480651855
38500.0,-1.2114053964614868
38505.0,-1.2414321899414062
38510.0,-1.2154908180236816
38515.0,-1.238316535949707
38520.0,-1.2508916854858398
38525.0,-1.2128993272781372
38530.0,-1.2342286109924316
38535.0,-1.2425979375839233
38540.0,-1.213558316230774
38545.0,-1.235576868057251
38550.0,-1.2624247074127197
38555.0,-1.2152960300445557
38560.0,-1.2294471263885498
38565.0,-1.2271397113800049
38570.0,-1.2362624406814575
38575.0,-1.2307019233703613
38580.0,-1.2303756475448608
38585.0,-1.2155414819717407
38590.0,-1.2121739387512207
38595.0,-1.2404698133468628
38600.0,-1.2244657278060913
38605.0,-1.2400071620941162
38610.0,-1.2579035758972168
38615.0,-1.2304315567016602
38620.0,-1.2183315753936768
38625.0,-1.2400691509246826
38630.0,-1.233757495880127
38635.0,-1.2271630764007568
38640.0,-1.2275090217590332
38645.0,-1.2267638444900513
38650.0,-1.2255713939666748
38655.0,-1.2291003465652466
38660.0,-1.2404639720916748
38665.0,-1.2373905181884766
38670.0,-1.243286371231079
38675.0,-1.2167637348175049
38680.0,-1.2210946083068848
38685.0,-1.2488352060317993
38690.0,-1.2358896732330322
38695.0,-1.240917444229126
38700.0,-1.2348933219909668
38705.0,-1.2124443054199219
38710.0,-1.2245385646820068
38715.0,-1.2510113716125488
38720.0,-1.2514508962631226
38725.0,-1.2380101680755615
38730.0,-1.220828652381897
38735.0,-1.210738182067871
38740.0,-1.2191405296325684
38745.0,-1.2104873657226562
38750.0,-1.2186229228973389
38755.0,-1.22762131690979
38760.0,-1.1940935850143433
38765.0,-1.2228641510009766
38770.0,-1.2397880554199219
38775.0,-1.2152166366577148
38780.0,-1.235177993774414
38785.0,-1.2326854467391968
38790.0,-1.232039213180542
38795.0,-1.238208532333374
38800.0,-1.2316702604293823
38805.0,-1.216662049293518
38810.0,-1.2225507497787476
38815.0,-1.2281512022018433
38820.0,-1.2311257123947144
38825.0,-1.2491952180862427
38830.0,-1.241307258605957
38835.0,-1.2182974815368652
38840.0,-1.2328611612319946
38845.0,-1.2481839656829834
38850.0,-1.2493109703063965
38855.0,-1.2297269105911255
38860.0,-1.2469520568847656
38865.0,-1.2419224977493286
38870.0,-1.2204785346984863
38875.0,-1.2198901176452637
38880.0,-1.2269219160079956
38885.0,-1.216064453125
38890.0,-1.225860357284546
38895.0,-1.2367982864379883
38900.0,-1.249035358428955
38905.0,-1.2295860052108765
38910.0,-1.2369260787963867
38915.0,-1.2311508655548096
38920.0,-1.22825026512146
38925.0,-1.2376997470855713
38930.0,-1.245908498764038
38935.0,-1.2034718990325928
38940.0,-1.2302446365356445
38945.0,-1.228419303894043
38950.0,-1.2009570598602295
38955.0,-1.2468856573104858
38960.0,-1.2532432079315186
38965.0,-1.226807951927185
38970.0,-1.2513372898101807
38975.0,-1.2566218376159668
38980.0,-1.233149528503418
38985.0,-1.2340272665023804
38990.0,-1.2553025484085083
38995.0,-1.2443127632141113
39000.0,-1.229962706565857
39005.0,-1.2232756614685059
39010.0,-1.2332874536514282
39015.0,-1.2202526330947876
39020.0,-1.2267699241638184
39025.0,-1.2305140495300293
39030.0,-1.255359411239624
39035.0,-1.2210640907287598
39040.0,-1.2430862188339233
39045.0,-1.2425227165222168
39050.0,-1.2378730773925781
39055.0,-1.2303850650787354
39060.0,-1.2359403371810913
39065.0,-1.2285817861557007
39070.0,-1.2213780879974365
39075.0,-1.2370686531066895
39080.0,-1.228383183479309
39085.0,-1.22757887840271
39090.0,-1.2398985624313354
39095.0,-1.248476505279541
39100.0,-1.2434108257293701
39105.0,-1.2470149993896484
39110.0,-1.237247347831726
39115.0,-1.2190990447998047
39120.0,-1.2307419776916504
39125.0,-1.2287020683288574
39130.0,-1.2370325326919556
39135.0,-1.2252050638198853
39140.0,-1.2416476011276245
39145.0,-1.2308385372161865
39150.0,-1.2312437295913696
39155.0,-1.2182949781417847
39160.0,-1.2211568355560303
39165.0,-1.2399392127990723
39170.0,-1.221670150756836
39175.0,-1.204974889755249
39180.0,-1.2350355386734009
39185.0,-1.2358801364898682
39190.0,-1.225834608078003
39195.0,-1.2522201538085938
39200.0,-1.253544569015503
39205.0,-1.2589212656021118
39210.0,-1.2557814121246338
39215.0,-1.2397446632385254
39220.0,-1.2436515092849731
39225.0,-1.2434985637664795
39230.0,-1.23069167137146
39235.0,-1.2111817598342896
39240.0,-1.2085912227630615
39245.0,-1.2112829685211182
39250.0,-1.2169080972671509
39255.0,-1.2141311168670654
39260.0,-1.2454071044921875
39265.0,-1.2104305028915405
39270.0,-1.2359815835952759
39275.0,-1.2305552959442139
39280.0,-1.2001264095306396
39285.0,-1.2299555540084839
39290.0,-1.2321808338165283
39295.0,-1.199781894683838
39300.0,-1.232287049293518
39305.0,-1.2228589057922363
39310.0,-1.2208924293518066
39315.0,-1.2390878200531006
39320.0,-1.2200068235397339
39325.0,-1.2410979270935059
39330.0,-1.246108055114746
39335.0,-1.2420014142990112
39340.0,-1.2351007461547852
39345.0,-1.2374341487884521
39350.0,-1.2184431552886963
39355.0,-1.2302708625793457
39360.0,-1.2365930080413818
39365.0,-1.2256346940994263
39370.0,-1.2417817115783691
39375.0,-1.2184807062149048
39380.0,-1.2155288457870483
39385.0,-1.2426233291625977
39390.0,-1.2601577043533325
39395.0,-1.2279222011566162
39400.0,-1.2334957122802734
39405.0,-1.237001895904541
39410.0,-1.2172595262527466
39415.0,-1.2276053428649902
39420.0,-1.2347086668014526
39425.0,-1.2249119281768799
39430.0,-1.2039015293121338
39435.0,-1.233132243156433
39440.0,-1.227539300918579
39445.0,-1.2274231910705566
39450.0,-1.2429068088531494
39455.0,-1.2295080423355103
39460.0,-1.2342106103897095
39465.0,-1.2447195053100586
39470.0,-1.2296866178512573
39475.0,-1.2337923049926758
39480.0,-1.2426724433898926
39485.0,-1.237059235572815
39490.0,-1.232832908630371
39495.0,-1.2205262184143066
39500.0,-1.2367606163024902
39505.0,-1.2364628314971924
39510.0,-1.2236485481262207
39515.0,-1.2504677772521973
39520.0,-1.2272242307662964
39525.0,-1.2158806324005127
39530.0,-1.2335968017578125
39535.0,-1.2158784866333008
39540.0,-1.232461929321289
39545.0,-1.2171248197555542
39550.0,-1.2153655290603638
39555.0,-1.2448890209197998
39560.0,-1.2312023639678955
39565.0,-1.2272059917449951
39570.0,-1.2402070760726929
39575.0,-1.2315893173217773
39580.0,-1.2196035385131836
39585.0,-1.264191746711731
39590.0,-1.215651035308838
39595.0,-1.2302262783050537
39600.0,-1.2464812994003296
39605.0,-1.2201762199401855
39610.0,-1.2323722839355469
39615.0,-1.250366449356079
39620.0,-1.214479684829712
39625.0,-1.221759557723999
39630.0,-1.2431851625442505
39635.0,-1.22407865524292
39640.0,-1.2202578783035278
39645.0,-1.232377529144287
39650.0,-1.2172212600708008
39655.0,-1.229903221130371
39660.0,-1.242077112197876
39665.0,-1.2352064847946167
39670.0,-1.2369332313537598
39675.0,-1.2468645572662354
39680.0,-1.2082041501998901
39685.0,-1.2262078523635864
39690.0,-1.2468773126602173
39695.0,-1.2501424551010132
39700.0,-1.2253252267837524
39705.0,-1.2364047765731812
39710.0,-1.2198805809020996
39715.0,-1.2279984951019287
39720.0,-1.251408576965332
39725.0,-1.2463629245758057
39730.0,-1.2331539392471313
39735.0,-1.2521730661392212
39740.0,-1.2418766021728516
39745.0,-1.234816074371338
39750.0,-1.2483705282211304
39755.0,-1.244483470916748
39760.0,-1.2404632568359375
39765.0,-1.2419995069503784
39770.0,-1.2183454036712646
39775.0,-1.2283121347427368
39780.0,-1.2351092100143433
39785.0,-1.2132956981658936
39790.0,-1.2385468482971191
39795.0,-1.247053861618042
39800.0,-1.2252763509750366
39805.0,-1.2324696779251099
39810.0,-1.2236605882644653
39815.0,-1.239833950996399
39820.0,-1.2305010557174683
39825.0,-1.2274523973464966
39830.0,-1.2173566818237305
39835.0,-1.223775863647461
39840.0,-1.2232978343963623
39845.0,-1.2048667669296265
39850.0,-1.218385934829712
39855.0,-1.2501424551010132
39860.0,-1.2414391040802002
39865.0,-1.2175778150558472
39870.0,-1.22499680519104
39875.0,-1.2308521270751953
39880.0,-1.228657603263855
39885.0,-1.2345885038375854
39890.0,-1.2405604124069214
39895.0,-1.2332199811935425
39900.0,-1.2221229076385498
39905.0,-1.21805739402771
39910.0,-1.2318177223205566
39915.0,-1.2482424974441528
39920.0,-1.2335587739944458
39925.0,-1.2201476097106934
39930.0,-1.204662561416626
39935.0,-1.2226682901382446
39940.0,-1.2273591756820679
39945.0,-1.2134184837341309
39950.0,-1.2314043045043945
39955.0,-1.2318483591079712
39960.0,-1.2113479375839233
39965.0,-1.2183427810668945
39970.0,-1.2382508516311646
39975.0,-1.2420635223388672
39980.0,-1.235154151916504
39985.0,-1.227707862854004
39990.0,-1.2372004985809326
39995.0,-1.2170010805130005
40000.0,-1.2197964191436768
40005.0,-1.2457695007324219
40010.0,-1.2157002687454224
40015.0,-1.2247707843780518
40020.0,-1.2446799278259277
40025.0,-1.2236355543136597
40030.0,-1.2107837200164795
40035.0,-1.2314585447311401
40040.0,-1.2158677577972412
40045.0,-1.2191380262374878
40050.0,-1.2169556617736816
40055.0,-1.234788417816162
40060.0,-1.2416547536849976
40065.0,-1.2356884479522705
40070.0,-1.2398793697357178
40075.0,-1.2342292070388794
40080.0,-1.2336746454238892
40085.0,-1.2297834157943726
40090.0,-1.2351117134094238
40095.0,-1.2358460426330566
40100.0,-1.216399908065796
40105.0,-1.2030842304229736
40110.0,-1.2295746803283691
40115.0,-1.2199510335922241
40120.0,-1.2405927181243896
40125.0,-1.2380447387695312
40130.0,-1.2484498023986816
40135.0,-1.242650032043457
40140.0,-1.245985746383667
40145.0,-1.2427655458450317
40150.0,-1.2384639978408813
40155.0,-1.2434715032577515
40160.0,-1.2484972476959229
40165.0,-1.235511302947998
40170.0,-1.2256441116333008
40175.0,-1.2129768133163452
40180.0,-1.215660810470581
40185.0,-1.2238810062408447
40190.0,-1.2281739711761475
40195.0,-1.2048466205596924
40200.0,-1.2368459701538086
40205.0,-1.2340350151062012
40210.0,-1.22390615940094
40215.0,-1.2379955053329468
40220.0,-1.2516244649887085
40225.0,-1.235269546508789
40230.0,-1.2128574848175049
40235.0,-1.234606146812439
40240.0,-1.2442500591278076
40245.0,-1.2176802158355713
40250.0,-1.229467749595642
40255.0,-1.2177070379257202
40260.0,-1.2231230735778809
40265.0,-1.227997899055481
40270.0,-1.2482454776763916
40275.0,-1.2479753494262695
40280.0,-1.234909176826477
40285.0,-1.2426183223724365
40290.0,-1.2364764213562012
40295.0,-1.2344189882278442
40300.0,-1.2351750135421753
40305.0,-1.2387975454330444
40310.0,-1.254582405090332
40315.0,-1.2113447189331055
40320.0,-1.2244151830673218
40325.0,-1.2592577934265137
40330.0,-1.2151241302490234
40335.0,-1.214719533920288
40340.0,-1.2596920728683472
40345.0,-1.2130086421966553
40350.0,-1.2371268272399902
40355.0,-1.226762056350708
40360.0,-1.222429871559143
40365.0,-1.2463165521621704
40370.0,-1.2280638217926025
40375.0,-1.2246607542037964
40380.0,-1.2423977851867676
40385.0,-1.2143181562423706
40390.0,-1.2233972549438477
40395.0,-1.22902250289917
40400.0,-1.2365663051605225
40405.0,-1.2410366535186768
40410.0,-1.2460732460021973
40415.0,-1.2336820363998413
40420.0,-1.2431588172912598
40425.0,-1.240818738937378
40430.0,-1.2434533834457397
40435.0,-1.2413272857666016
40440.0,-1.2354267835617065
40445.0,-1.20710027217865
40450.0,-1.209078311920166
40455.0,-1.237372636795044
40460.0,-1.2304047346115112
40465.0,-1.2270185947418213
40470.0,-1.2362585067749023
40475.0,-1.2261513471603394
40480.0,-1.216101050376892
40485.0,-1.2136054039001465
40490.0,-1.2385708093643188
40495.0,-1.225963830947876
40500.0,-1.2115341424942017
40505.0,-1.2169296741485596
40510.0,-1.2385584115982056
40515.0,-1.2064255475997925
40520.0,-1.24422287940979
40525.0,-1.2549471855163574
40530.0,-1.216078758239746
40535.0,-1.2279093265533447
40540.0,-1.2380828857421875
40545.0,-1.242672085762024
40550.0,-1.2380629777908325
40555.0,-1.238425850868225
40560.0,-1.2515190839767456
40565.0,-1.235352873802185
40570.0,-1.222017526626587
40575.0,-1.2186622619628906
40580.0,-1.2385458946228027
40585.0,-1.224860429763794
40590.0,-1.2256195545196533
40595.0,-1.2490230798721313
40600.0,-1.2509424686431885
40605.0,-1.1994699239730835
40610.0,-1.2449216842651367
40615.0,-1.2379153966903687
40620.0,-1.233382225036621
40625.0,-1.2458698749542236
40630.0,-1.2338166236877441
40635.0,-1.1928129196166992
40640.0,-1.2370686531066895
40645.0,-1.228593349456787
40650.0,-1.2226601839065552
40655.0,-1.26570725440979
40660.0,-1.2121152877807617
40665.0,-1.2002359628677368
40670.0,-1.2552521228790283
40675.0,-1.2261300086975098
40680.0,-1.213653564453125
40685.0,-1.2475194931030273
40690.0,-1.226339340209961
40695.0,-1.2341177463531494
40700.0,-1.2362228631973267
40705.0,-1.2305829524993896
40710.0,-1.2389538288116455
40715.0,-1.2184981107711792
40720.0,-1.2110826969146729
40725.0,-1.2271853685379028
40730.0,-1.2211132049560547
40735.0,-1.2128236293792725
40740.0,-1.22978675365448
40745.0,-1.2396249771118164
40750.0,-1.2328014373779297
40755.0,-1.2287421226501465
40760.0,-1.238145112991333
40765.0,-1.221684217453003
40770.0,-1.2402006387710571
40775.0,-1.2447528839111328
40780.0,-1.214547038078308
40785.0,-1.2262611389160156
40790.0,-1.2210527658462524
40795.0,-1.2099298238754272
40800.0,-1.2320045232772827
40805.0,-1.2157517671585083
40810.0,-1.2131644487380981
40815.0,-1.2426143884658813
40820.0,-1.218614101409912
40825.0,-1.2332181930541992
40830.0,-1.2608275413513184
40835.0,-1.2156099081039429
40840.0,-1.2292289733886719
40845.0,-1.2629649639129639
40850.0,-1.2405580282211304
40855.0,-1.231986165046692
40860.0,-1.2386949062347412
40865.0,-1.2245497703552246
40870.0,-1.201833963394165
40875.0,-1.2283610105514526
40880.0,-1.2263298034667969
40885.0,-1.2231485843658447
40890.0,-1.2458467483520508
40895.0,-1.2271091938018799
40900.0,-1.1996095180511475
40905.0,-1.2370952367782593
40910.0,-1.231535792350769
40915.0,-1.2251150608062744
40920.0,-1.2282798290252686
40925.0,-1.2365458011627197
40930.0,-1.204727292060852
40935.0,-1.2102174758911133
40940.0,-1.2414336204528809
40945.0,-1.2210960388183594
40950.0,-1.235013723373413
40955.0,-1.2554914951324463
40960.0,-1.2360684871673584
40965.0,-1.2179348468780518
40970.0,-1.2534162998199463
40975.0,-1.2326984405517578
40980.0,-1.2280254364013672
40985.0,-1.260307788848877
40990.0,-1.2256994247436523
40995.0,-1.2119734287261963
41000.0,-1.2576038837432861
41005.0,-1.2306559085845947
41010.0,-1.2183667421340942
41015.0,-1.2450225353240967
41020.0,-1.2430036067962646
41025.0,-1.2250055074691772
41030.0,-1.237019658088684
41035.0,-1.2551921606063843
41040.0,-1.227020025253296
41045.0,-1.232088327407837
41050.0,-1.2108807563781738
41055.0,-1.223017930984497
41060.0,-1.237439751625061
41065.0,-1.241065263748169
41070.0,-1.228240728378296
41075.0,-1.230482816696167
41080.0,-1.2273566722869873
41085.0,-1.2438350915908813
41090.0,-1.2122611999511719
41095.0,-1.2466025352478027
41100.0,-1.2526227235794067
41105.0,-1.2372217178344727
41110.0,-1.2404518127441406
41115.0,-1.2378573417663574
41120.0,-1.2357194423675537
41125.0,-1.2450028657913208
41130.0,-1.2375856637954712
41135.0,-1.234773874282837
41140.0,-1.221483826637268
41145.0,-1.2217659950256348
41150.0,-1.2261855602264404
41155.0,-1.226477026939392
41160.0,-1.2386527061462402
41165.0,-1.2462977170944214
41170.0,-1.229001522064209
41175.0,-1.2413654327392578
41180.0,-1.2250142097473145
41185.0,-1.2372117042541504
41190.0,-1.2495334148406982
41195.0,-1.223471760749817
41200.0,-1.2265584468841553
41205.0,-1.2377642393112183
41210.0,-1.2229351997375488
41215.0,-1.2260348796844482
41220.0,-1.2364163398742676
41225.0,-1.2387139797210693
41230.0,-1.2248700857162476
41235.0,-1.216052532196045
41240.0,-1.22576904296875
41245.0,-1.2291293144226074
41250.0,-1.2196402549743652
41255.0,-1.2343730926513672
41260.0,-1.2352604866027832
41265.0,-1.2470180988311768
41270.0,-1.229722261428833
41275.0,-1.2497303485870361
41280.0,-1.2359015941619873
41285.0,-1.2405829429626465
41290.0,-1.2356925010681152
41295.0,-1.237147569656372
41300.0,-1.243138074874878
41305.0,-1.2425988912582397
41310.0,-1.209479570388794
41315.0,-1.2369811534881592
41320.0,-1.2662153244018555
41325.0,-1.2144861221313477
41330.0,-1.2072246074676514
41335.0,-1.2397990226745605
41340.0,-1.2175966501235962
41345.0,-1.2178188562393188
41350.0,-1.242866039276123
41355.0,-1.2332192659378052
41360.0,-1.2184793949127197
41365.0,-1.2247287034988403
41370.0,-1.2181200981140137
41375.0,-1.227677822113037
41380.0,-1.2352068424224854
41385.0,-1.1963696479797363
41390.0,-1.2204028367996216
41395.0,-1.2261148691177368
41400.0,-1.2148706912994385
41405.0,-1.2304420471191406
41410.0,-1.2089922428131104
41415.0,-1.2439414262771606
41420.0,-1.2249033451080322
41425.0,-1.2302322387695312
41430.0,-1.228818655014038
41435.0,-1.2488034963607788
41440.0,-1.2347161769866943
41445.0,-1.2340519428253174
41450.0,-1.2510552406311035
41455.0,-1.2596853971481323
41460.0,-1.211456060409546
41465.0,-1.2270052433013916
41470.0,-1.2442210912704468
41475.0,-1.2238686084747314
41480.0,-1.224300503730774
41485.0,-1.2421120405197144
41490.0,-1.2029168605804443
41495.0,-1.2223684787750244
41500.0,-1.2362945079803467
41505.0,-1.22150456905365
41510.0,-1.2328728437423706
41515.0,-1.2148189544677734
41520.0,-1.2233332395553589
41525.0,-1.2315549850463867
41530.0,-1.2390625476837158
41535.0,-1.2347575426101685
41540.0,-1.2099509239196777
41545.0,-1.2167829275131226
41550.0,-1.23356032371521
41555.0,-1.2316555976867676
41560.0,-1.2256349325180054
41565.0,-1.2351324558258057
41570.0,-1.227994441986084
41575.0,-1.2377463579177856
41580.0,-1.246018886566162
41585.0,-1.245776653289795
41590.0,-1.2263569831848145
41595.0,-1.2402660846710205
41600.0,-1.248674988746643
41605.0,-1.2314872741699219
41610.0,-1.2210590839385986
41615.0,-1.2349722385406494
41620.0,-1.2133153676986694
41625.0,-1.219573736190796
41630.0,-1.2290681600570679
41635.0,-1.2409770488739014
41640.0,-1.2197368144989014
41645.0,-1.2296415567398071
41650.0,-1.228467345237732
41655.0,-1.2223020792007446
41660.0,-1.2196605205535889
41665.0,-1.2293529510498047
41670.0,-1.2116518020629883
41675.0,-1.231543779373169
41680.0,-1.2362096309661865
41685.0,-1.2171975374221802
41690.0,-1.250103235244751
41695.0,-1.2441574335098267
41700.0,-1.2371714115142822
41705.0,-1.2438201904296875
41710.0,-1.238027572631836
41715.0,-1.2365182638168335
41720.0,-1.2309147119522095
41725.0,-1.2180073261260986
41730.0,-1.21540367603302
41735.0,-1.2315502166748047
41740.0,-1.2129265069961548
41745.0,-1.2298866510391235
41750.0,-1.250563621520996
41755.0,-1.2056530714035034
41760.0,-1.2131848335266113
41765.0,-1.2468042373657227
41770.0,-1.2504431009292603
41775.0,-1.2297091484069824
41780.0,-1.2281423807144165
41785.0,-1.2244176864624023
41790.0,-1.2290229797363281
41795.0,-1.234398603439331
41800.0,-1.2271242141723633
41805.0,-1.2263398170471191
41810.0,-1.2245450019836426
41815.0,-1.2251813411712646
41820.0,-1.2310696840286255
41825.0,-1.2037910223007202
41830.0,-1.2436366081237793
41835.0,-1.22028386592865
41840.0,-1.2094752788543701
41845.0,-1.2469156980514526
41850.0,-1.2336115837097168
41855.0,-1.2296640872955322
41860.0,-1.2365074157714844
41865.0,-1.2347491979599
41870.0,-1.242053747177124
41875.0,-1.2342106103897095
41880.0,-1.2159079313278198
41885.0,-1.211706280708313
41890.0,-1.2354655265808105
41895.0,-1.2171716690063477
41900.0,-1.2223279476165771
41905.0,-1.2419579029083252
41910.0,-1.2264404296875
41915.0,-1.2394001483917236
41920.0,-1.2274457216262817
41925.0,-1.2158613204956055
41930.0,-1.2301843166351318
41935.0,-1.211431860923767
41940.0,-1.1972500085830688
41945.0,-1.228837251663208
41950.0,-1.226266622543335
41955.0,-1.1853511333465576
41960.0,-1.2337779998779297
41965.0,-1.2240724563598633
41970.0,-1.213620662689209
41975.0,-1.2375988960266113
41980.0,-1.2269649505615234
41985.0,-1.2169973850250244
41990.0,-1.2315137386322021
41995.0,-1.2261295318603516
42000.0,-1.2324674129486084
42005.0,-1.2454841136932373
42010.0,-1.245703935623169
42015.0,-1.2395119667053223
42020.0,-1.2465258836746216
42025.0,-1.21198570728302
42030.0,-1.2283846139907837
42035.0,-1.2369434833526611
42040.0,-1.2306448221206665
42045.0,-1.2352925539016724
42050.0,-1.2343472242355347
42055.0,-1.2179310321807861
42060.0,-1.2417343854904175
42065.0,-1.2268714904785156
42070.0,-1.2074068784713745
42075.0,-1.2359764575958252
42080.0,-1.2212224006652832
42085.0,-1.2191580533981323
42090.0,-1.240647315979004
42095.0,-1.239499807357788
42100.0,-1.2436093091964722
42105.0,-1.234065294265747
42110.0,-1.2250593900680542
42115.0,-1.2087613344192505
42120.0,-1.2378044128417969
42125.0,-1.2186698913574219
42130.0,-1.2025630474090576
42135.0,-1.2094814777374268
42140.0,-1.2248293161392212
42145.0,-1.2109999656677246
42150.0,-1.2305926084518433
42155.0,-1.2265422344207764
42160.0,-1.2346839904785156
42165.0,-1.2262576818466187
42170.0,-1.2188243865966797
42175.0,-1.2299457788467407
42180.0,-1.2179545164108276
42185.0,-1.2322418689727783
42190.0,-1.247063398361206
42195.0,-1.247675895690918
42200.0,-1.2343672513961792
42205.0,-1.2383430004119873
42210.0,-1.2405141592025757
42215.0,-1.2311270236968994
42220.0,-1.2464569807052612
42225.0,-1.2399284839630127
42230.0,-1.2255942821502686
42235.0,-1.21864914894104
42240.0,-1.2202200889587402
42245.0,-1.2261810302734375
42250.0,-1.2528904676437378
42255.0,-1.2232089042663574
42260.0,-1.2406609058380127
42265.0,-1.218153715133667
42270.0,-1.223933458328247
42275.0,-1.2416439056396484
42280.0,-1.230048656463623
42285.0,-1.20945143699646
42290.0,-1.224022626876831
42295.0,-1.2063934803009033
42300.0,-1.2171297073364258
42305.0,-1.2265629768371582
42310.0,-1.218446135520935
42315.0,-1.2303428649902344
42320.0,-1.2186176776885986
42325.0,-1.231561541557312
42330.0,-1.2287732362747192
42335.0,-1.2325961589813232
42340.0,-1.236957311630249
42345.0,-1.2240256071090698
42350.0,-1.2360560894012451
42355.0,-1.2417186498641968
42360.0,-1.2186756134033203
42365.0,-1.2399673461914062
42370.0,-1.2422902584075928
42375.0,-1.2193951606750488
42380.0,-1.2479796409606934
42385.0,-1.2440133094787598
42390.0,-1.236389398574829
42395.0,-1.2238457202911377
42400.0,-1.2359470129013062
42405.0,-1.2416032552719116
42410.0,-1.227399468421936
42415.0,-1.2247936725616455
42420.0,-1.228020191192627
42425.0,-1.2042570114135742
42430.0,-1.2199349403381348
42435.0,-1.2440147399902344
42440.0,-1.2422103881835938
42445.0,-1.223073124885559
42450.0,-1.2417352199554443
42455.0,-1.2175490856170654
42460.0,-1.2218533754348755
42465.0,-1.2369850873947144
42470.0,-1.2368701696395874
42475.0,-1.2208151817321777
42480.0,-1.2047935724258423
42485.0,-1.205066442489624
42490.0,-1.2297921180725098
42495.0,-1.223440408706665
42500.0,-1.2285093069076538
42505.0,-1.2237160205841064
42510.0,-1.2395583391189575
42515.0,-1.2227641344070435
42520.0,-1.2207927703857422
42525.0,-1.2353465557098389
42530.0,-1.2451560497283936
42535.0,-1.2157961130142212
42540.0,-1.2187139987945557
42545.0,-1.2279003858566284
42550.0,-1.22465181350708
42555.0,-1.2466721534729004
42560.0,-1.2387323379516602
42565.0,-1.2270623445510864
42570.0,-1.2477061748504639
42575.0,-1.23831045627594
42580.0,-1.2280460596084595
42585.0,-1.2497215270996094
42590.0,-1.2332110404968262
42595.0,-1.2166738510131836
42600.0,-1.2274037599563599
42605.0,-1.215799331665039
42610.0,-1.230851411819458
42615.0,-1.249763011932373
42620.0,-1.2272554636001587
42625.0,-1.2346115112304688
42630.0,-1.2258362770080566
42635.0,-1.2256300449371338
42640.0,-1.239384412765503
42645.0,-1.2279914617538452
42650.0,-1.2405880689620972
42655.0,-1.216749906539917
42660.0,-1.2091031074523926
42665.0,-1.22223699092865
42670.0,-1.2312188148498535
42675.0,-1.2149155139923096
42680.0,-1.240485668182373
42685.0,-1.2289320230484009
42690.0,-1.2306292057037354
42695.0,-1.2232489585876465
42700.0,-1.2361562252044678
42705.0,-1.2364403009414673
42710.0,-1.2388807535171509
42715.0,-1.2422294616699219
42720.0,-1.2261052131652832
42725.0,-1.2531367540359497
42730.0,-1.235041856765747
42735.0,-1.224562406539917
42740.0,-1.2344236373901367
42745.0,-1.2414954900741577
42750.0,-1.2124900817871094
42755.0,-1.227421760559082
42760.0,-1.2022507190704346
42765.0,-1.221959114074707
42770.0,-1.2104485034942627
42775.0,-1.21427583694458
42780.0,-1.2445356845855713
42785.0,-1.2398840188980103
42790.0,-1.2169902324676514
42795.0,-1.2400660514831543
42800.0,-1.2559250593185425
42805.0,-1.2061939239501953
42810.0,-1.227962613105774
42815.0,-1.2491612434387207
42820.0,-1.210207223892212
42825.0,-1.2218477725982666
42830.0,-1.2327587604522705
42835.0,-1.2149760723114014
42840.0,-1.229005217552185
42845.0,-1.2319071292877197
42850.0,-1.2408018112182617
42855.0,-1.2376844882965088
42860.0,-1.2140111923217773
42865.0,-1.236972689628601
42870.0,-1.231596827507019
42875.0,-1.227198600769043
42880.0,-1.2343976497650146
42885.0,-1.241586685180664
42890.0,-1.2338128089904785
42895.0,-1.2302254438400269
42900.0,-1.2400414943695068
42905.0,-1.2454777956008911
42910.0,-1.2170535326004028
42915.0,-1.2415000200271606
42920.0,-1.2332534790039062
42925.0,-1.2256007194519043
42930.0,-1.214266300201416
42935.0,-1.2146852016448975
42940.0,-1.2198714017868042
42945.0,-1.237647294998169
42950.0,-1.212355136871338
42955.0,-1.2388063669204712
42960.0,-1.2522766590118408
42965.0,-1.2073190212249756
42970.0,-1.2336400747299194
42975.0,-1.244797706604004
42980.0,-1.2232515811920166
42985.0,-1.2459683418273926
42990.0,-1.225989818572998
42995.0,-1.214738368988037
43000.0,-1.2237861156463623
43005.0,-1.2315748929977417
43010.0,-1.2176926136016846
43015.0,-1.2389768362045288
43020.0,-1.2339494228363037
43025.0,-1.2266945838928223
43030.0,-1.2275304794311523
43035.0,-1.219641089439392
43040.0,-1.2253687381744385
43045.0,-1.228623867034912
43050.0,-1.2135858535766602
43055.0,-1.2367908954620361
43060.0,-1.2289750576019287
43065.0,-1.2275002002716064
43070.0,-1.226409673690796
43075.0,-1.2321455478668213
43080.0,-1.2402681112289429
43085.0,-1.2444276809692383
43090.0,-1.2126892805099487
43095.0,-1.2442431449890137
43100.0,-1.2148250341415405
43105.0,-1.2321208715438843
43110.0,-1.2296993732452393
43115.0,-1.2253530025482178
43120.0,-1.2271264791488647
43125.0,-1.2311065196990967
43130.0,-1.2234461307525635
43135.0,-1.2384512424468994
43140.0,-1.2337145805358887
43145.0,-1.2049145698547363
43150.0,-1.237046241760254
43155.0,-1.2355177402496338
43160.0,-1.224351167678833
43165.0,-1.2278590202331543
43170.0,-1.228797435760498
43175.0,-1.2208302021026611
43180.0,-1.2397737503051758
43185.0,-1.2243582010269165
43190.0,-1.2283084392547607
43195.0,-1.23887038230896
43200.0,-1.218629002571106
43205.0,-1.232980728149414
43210.0,-1.2490265369415283
43215.0,-1.2229068279266357
43220.0,-1.2344485521316528
43225.0,-1.2140913009643555
43230.0,-1.221863031387329
43235.0,-1.2595065832138062
43240.0,-1.2288360595703125
43245.0,-1.2339646816253662
43250.0,-1.2341769933700562
43255.0,-1.2146698236465454
43260.0,-1.236830234527588
43265.0,-1.2511628866195679
43270.0,-1.212900161743164
43275.0,-1.238809585571289
43280.0,-1.2395269870758057
43285.0,-1.2111713886260986
43290.0,-1.225463628768921
43295.0,-1.2345552444458008
43300.0,-1.2146540880203247
43305.0,-1.2248198986053467
43310.0,-1.231760859489441
43315.0,-1.2358143329620361
43320.0,-1.2274643182754517
43325.0,-1.2334610223770142
43330.0,-1.2262147665023804
43335.0,-1.2631486654281616
43340.0,-1.2259557247161865
43345.0,-1.2456213235855103
43350.0,-1.2347733974456787
43355.0,-1.2202869653701782
43360.0,-1.2208257913589478
43365.0,-1.236376166343689
43370.0,-1.2248332500457764
43375.0,-1.2166523933410645
43380.0,-1.2210330963134766
43385.0,-1.2349090576171875
43390.0,-1.2309491634368896
43395.0,-1.222712516784668
43400.0,-1.2551214694976807
43405.0,-1.2265706062316895
43410.0,-1.2296397686004639
43415.0,-1.2344050407409668
43420.0,-1.240011215209961
43425.0,-1.2419060468673706
43430.0,-1.2297582626342773
43435.0,-1.216387152671814
43440.0,-1.2304449081420898
43445.0,-1.2347341775894165
43450.0,-1.2323071956634521
43455.0,-1.2206758260726929
43460.0,-1.2400709390640259
43465.0,-1.2287087440490723
43470.0,-1.236626386642456
43475.0,-1.2464594841003418
43480.0,-1.2339954376220703
43485.0,-1.228392243385315
43490.0,-1.2228899002075195
43495.0,-1.2359116077423096
43500.0,-1.2395344972610474
43505.0,-1.2316497564315796
43510.0,-1.2255916595458984
43515.0,-1.2056615352630615
43520.0,-1.2233392000198364
43525.0,-1.226335883140564
43530.0,-1.236652135848999
43535.0,-1.2462761402130127
43540.0,-1.2172785997390747
43545.0,-1.2198314666748047
43550.0,-1.2337040901184082
43555.0,-1.2155065536499023
43560.0,-1.237593412399292
43565.0,-1.2144324779510498
43570.0,-1.230952501296997
43575.0,-1.225219964981079
43580.0,-1.2078559398651123
43585.0,-1.2238976955413818
43590.0,-1.2195637226104736
43595.0,-1.2161171436309814
43600.0,-1.2366266250610352
43605.0,-1.2237541675567627
43610.0,-1.224912405014038
43615.0,-1.1962742805480957
43620.0,-1.22866690158844
43625.0,-1.247984528541565
43630.0,-1.2188441753387451
43635.0,-1.2244722843170166
43640.0,-1.242568016052246
43645.0,-1.2025437355041504
43650.0,-1.2437748908996582
43655.0,-1.2490317821502686
43660.0,-1.2360775470733643
43665.0,-1.2408180236816406
43670.0,-1.2585985660552979
43675.0,-1.2324963808059692
43680.0,-1.2447774410247803
43685.0,-1.237405776977539
43690.0,-1.2438606023788452
43695.0,-1.2392393350601196
43700.0,-1.2379367351531982
43705.0,-1.2225534915924072
43710.0,-1.2146939039230347
43715.0,-1.2213795185089111
43720.0,-1.2297834157943726
43725.0,-1.221999168395996
43730.0,-1.239856481552124
43735.0,-1.2360987663269043
43740.0,-1.2294487953186035
43745.0,-1.2393999099731445
43750.0,-1.2611384391784668
43755.0,-1.234559416770935
43760.0,-1.2406814098358154
43765.0,-1.2279748916625977
43770.0,-1.2208306789398193
43775.0,-1.213643193244934
43780.0,-1.2274771928787231
43785.0,-1.2041250467300415
43790.0,-1.218823790550232
43795.0,-1.244678020477295
43800.0,-1.2181023359298706
43805.0,-1.23015296459198
43810.0,-1.2313538789749146
43815.0,-1.232466220855713
43820.0,-1.2164931297302246
43825.0,-1.239079236984253
43830.0,-1.246751070022583
43835.0,-1.2193882465362549
43840.0,-1.2310090065002441
43845.0,-1.2423282861709595
43850.0,-1.2180814743041992
43855.0,-1.243147611618042
43860.0,-1.2385120391845703
43865.0,-1.2218677997589111
43870.0,-1.2579889297485352
43875.0,-1.2148990631103516
43880.0,-1.2438859939575195
43885.0,-1.235323429107666
43890.0,-1.2091401815414429
43895.0,-1.2247586250305176
43900.0,-1.2502278089523315
43905.0,-1.2129124402999878
43910.0,-1.2439002990722656
43915.0,-1.2408125400543213
43920.0,-1.227196455001831
43925.0,-1.2276428937911987
43930.0,-1.234318733215332
43935.0,-1.2127987146377563
43940.0,-1.2211620807647705
43945.0,-1.2158763408660889
43950.0,-1.2324550151824951
43955.0,-1.2273244857788086
43960.0,-1.2357587814331055
43965.0,-1.2367432117462158
43970.0,-1.2460455894470215
43975.0,-1.2289204597473145
43980.0,-1.2211027145385742
43985.0,-1.2352116107940674
43990.0,-1.2176234722137451
43995.0,-1.2255473136901855
44000.0,-1.2223081588745117
44005.0,-1.2228950262069702
44010.0,-1.2182806730270386
44015.0,-1.23028564453125
44020.0,-1.2390210628509521
44025.0,-1.223311185836792
44030.0,-1.2346876859664917
44035.0,-1.2396339178085327
44040.0,-1.2439906597137451
44045.0,-1.2199658155441284
44050.0,-1.2303125858306885
44055.0,-1.2257682085037231
44060.0,-1.2379812002182007
44065.0,-1.2486977577209473
44070.0,-1.2495396137237549
44075.0,-1.2305800914764404
44080.0,-1.2496752738952637
44085.0,-1.2363626956939697
44090.0,-1.2369556427001953
44095.0,-1.242781162261963
44100.0,-1.2275328636169434
44105.0,-1.21449613571167
44110.0,-1.23586106300354
44115.0,-1.2325507402420044
44120.0,-1.2344272136688232
44125.0,-1.2359120845794678
44130.0,-1.228851079940796
44135.0,-1.2392444610595703
44140.0,-1.2349646091461182
44145.0,-1.2356877326965332
44150.0,-1.2461533546447754
44155.0,-1.2122712135314941
44160.0,-1.2063932418823242
44165.0,-1.225104570388794
44170.0,-1.2312712669372559
44175.0,-1.2191858291625977
44180.0,-1.2214057445526123
44185.0,-1.2376048564910889
44190.0,-1.229083776473999
44195.0,-1.233194351196289
44200.0,-1.24674391746521
44205.0,-1.2329691648483276
44210.0,-1.241912603378296
44215.0,-1.2348610162734985
44220.0,-1.2426798343658447
44225.0,-1.2156779766082764
44230.0,-1.2376635074615479
44235.0,-1.2189357280731201
44240.0,-1.2388439178466797
44245.0,-1.2197074890136719
44250.0,-1.2298496961593628
44255.0,-1.206996202468872
44260.0,-1.2163161039352417
44265.0,-1.2057130336761475
44270.0,-1.2148116827011108
44275.0,-1.1962645053863525
44280.0,-1.231149435043335
44285.0,-1.217923879623413
44290.0,-1.2011127471923828
44295.0,-1.2180078029632568
44300.0,-1.2362306118011475
44305.0,-1.21494722366333
44310.0,-1.226945161819458
44315.0,-1.2265005111694336
44320.0,-1.218810796737671
44325.0,-1.206343412399292
44330.0,-1.2392382621765137
44335.0,-1.2284493446350098
44340.0,-1.2191519737243652
44345.0,-1.2200905084609985
44350.0,-1.231486201286316
44355.0,-1.2148711681365967
44360.0,-1.2505578994750977
44365.0,-1.2390549182891846
44370.0,-1.2210296392440796
44375.0,-1.226868748664856
44380.0,-1.2446790933609009
44385.0,-1.241291880607605
44390.0,-1.2552356719970703
44395.0,-1.2291759252548218
44400.0,-1.2423322200775146
44405.0,-1.2436838150024414
44410.0,-1.2324713468551636
44415.0,-1.2223950624465942
44420.0,-1.228316068649292
44425.0,-1.2141411304473877
44430.0,-1.227304220199585
44435.0,-1.2314046621322632
44440.0,-1.23673677444458
44445.0,-1.242274284362793
44450.0,-1.231683373451233
44455.0,-1.2343236207962036
44460.0,-1.2493176460266113
44465.0,-1.2577048540115356
44470.0,-1.2377114295959473
44475.0,-1.229309320449829
44480.0,-1.2173881530761719
44485.0,-1.206945538520813
44490.0,-1.2175318002700806
44495.0,-1.2269595861434937
44500.0,-1.2165838479995728
44505.0,-1.2288333177566528
44510.0,-1.2331689596176147
44515.0,-1.2196985483169556
44520.0,-1.232068657875061
44525.0,-1.2220253944396973
44530.0,-1.2341933250427246
44535.0,-1.2480906248092651
44540.0,-1.2291967868804932
44545.0,-1.2269527912139893
44550.0,-1.238592267036438
44555.0,-1.2393841743469238
44560.0,-1.2387231588363647
44565.0,-1.230865716934204
44570.0,-1.209773063659668
44575.0,-1.2277425527572632
44580.0,-1.2280185222625732
44585.0,-1.2410874366760254
44590.0,-1.2398167848587036
44595.0,-1.2163283824920654
44600.0,-1.2118289470672607
44605.0,-1.2246736288070679
44610.0,-1.232125997543335
44615.0,-1.2263236045837402
44620.0,-1.238824725151062
44625.0,-1.2434438467025757
44630.0,-1.2277138233184814
44635.0,-1.2219367027282715
44640.0,-1.2334113121032715
44645.0,-1.2453351020812988
44650.0,-1.209656834602356
44655.0,-1.2328543663024902
44660.0,-1.2253800630569458
44665.0,-1.2235366106033325
44670.0,-1.2140703201293945
44675.0,-1.231431007385254
44680.0,-1.2207469940185547
44685.0,-1.2411296367645264
44690.0,-1.234663724899292
44695.0,-1.216001033782959
44700.0,-1.227020502090454
44705.0,-1.2313296794891357
44710.0,-1.2198519706726074
44715.0,-1.2357993125915527
44720.0,-1.235037088394165
44725.0,-1.2072608470916748
44730.0,-1.2258492708206177
44735.0,-1.2196617126464844
44740.0,-1.223170518875122
44745.0,-1.2441647052764893
44750.0,-1.2139947414398193
44755.0,-1.2289432287216187
44760.0,-1.2177385091781616
44765.0,-1.2399637699127197
44770.0,-1.231077790260315
44775.0,-1.2240090370178223
44780.0,-1.2425847053527832
44785.0,-1.2366474866867065
44790.0,-1.2204675674438477
44795.0,-1.2260087728500366
44800.0,-1.2276045083999634
44805.0,-1.215295433998108
44810.0,-1.2305755615234375
44815.0,-1.2197076082229614
44820.0,-1.2237522602081299
44825.0,-1.2337406873703003
44830.0,-1.2394077777862549
44835.0,-1.2343642711639404
44840.0,-1.239944577217102
44845.0,-1.2322999238967896
44850.0,-1.2364311218261719
44855.0,-1.2131595611572266
44860.0,-1.2174923419952393
44865.0,-1.2255237102508545
44870.0,-1.209737777709961
44875.0,-1.2226464748382568
44880.0,-1.2346185445785522
44885.0,-1.2249195575714111
44890.0,-1.2268733978271484
44895.0,-1.2341856956481934
44900.0,-1.2134575843811035
44905.0,-1.2445790767669678
44910.0,-1.2254350185394287
44915.0,-1.2177331447601318
44920.0,-1.2480388879776
44925.0,-1.233627200126648
44930.0,-1.2214442491531372
44935.0,-1.2498853206634521
44940.0,-1.2374484539031982
44945.0,-1.2229702472686768
44950.0,-1.2472856044769287
44955.0,-1.2316864728927612
44960.0,-1.2291784286499023
44965.0,-1.24122953414917
44970.0,-1.2314543724060059
44975.0,-1.2251147031784058
44980.0,-1.2415673732757568
44985.0,-1.241896390914917
44990.0,-1.2148510217666626
44995.0,-1.2281885147094727
45000.0,-1.2367196083068848
45005.0,-1.2216922044754028
45010.0,-1.2026088237762451
45015.0,-1.2291624546051025
45020.0,-1.2215940952301025
45025.0,-1.2255334854125977
45030.0,-1.2276930809020996
45035.0,-1.2304356098175049
45040.0,-1.2393112182617188
45045.0,-1.210263967514038
45050.0,-1.2345377206802368
45055.0,-1.238302230834961
45060.0,-1.207763433456421
45065.0,-1.2078461647033691
45070.0,-1.2067101001739502
45075.0,-1.2282887697219849
45080.0,-1.2262623310089111
45085.0,-1.2258573770523071
45090.0,-1.252894401550293
45095.0,-1.2351996898651123
45100.0,-1.2200798988342285
45105.0,-1.255333662033081
45110.0,-1.2377779483795166
45115.0,-1.2300691604614258
45120.0,-1.248366355895996
45125.0,-1.2384209632873535
45130.0,-1.2149851322174072
45135.0,-1.2368828058242798
45140.0,-1.2157657146453857
45145.0,-1.2394239902496338
45150.0,-1.2329448461532593
45155.0,-1.2270257472991943
45160.0,-1.2260053157806396
45165.0,-1.2234411239624023
45170.0,-1.1997731924057007
45175.0,-1.2599074840545654
45180.0,-1.2186957597732544
45185.0,-1.229301929473877
45190.0,-1.2483534812927246
45195.0,-1.2384417057037354
45200.0,-1.2412965297698975
45205.0,-1.2457964420318604
45210.0,-1.235180377960205
45215.0,-1.2494386434555054
45220.0,-1.2366607189178467
45225.0,-1.2209938764572144
45230.0,-1.2308584451675415
45235.0,-1.2146927118301392
45240.0,-1.2234309911727905
45245.0,-1.2242555618286133
45250.0,-1.2336241006851196
45255.0,-1.2416316270828247
45260.0,-1.2109068632125854
45265.0,-1.2293771505355835
45270.0,-1.232858419418335
45275.0,-1.2242435216903687
45280.0,-1.2361702919006348
45285.0,-1.241300344467163
45290.0,-1.2062561511993408
45295.0,-1.2251496315002441
45300.0,-1.2481372356414795
45305.0,-1.242966890335083
45310.0,-1.2502487897872925
45315.0,-1.247167944908142
45320.0,-1.2108569145202637
45325.0,-1.2365261316299438
45330.0,-1.226462960243225
45335.0,-1.2332687377929688
45340.0,-1.221501350402832
45345.0,-1.2338330745697021
45350.0,-1.2135134935379028
45355.0,-1.2303979396820068
45360.0,-1.2474075555801392
45365.0,-1.2441463470458984
45370.0,-1.2345422506332397
45375.0,-1.2378937005996704
45380.0,-1.2334253787994385
45385.0,-1.2316104173660278
45390.0,-1.2375720739364624
45395.0,-1.2443236112594604
45400.0,-1.2217271327972412
45405.0,-1.2255916595458984
45410.0,-1.243349313735962
45415.0,-1.2222976684570312
45420.0,-1.2156660556793213
45425.0,-1.235395908355713
45430.0,-1.220658779144287
45435.0,-1.2339138984680176
45440.0,-1.2158887386322021
45445.0,-1.234128713607788
45450.0,-1.2380449771881104
45455.0,-1.2230844497680664
45460.0,-1.2334922552108765
45465.0,-1.2306244373321533
45470.0,-1.2271283864974976
45475.0,-1.2461992502212524
45480.0,-1.204355239868164
45485.0,-1.2225209474563599
45490.0,-1.240232229232788
45495.0,-1.2284696102142334
45500.0,-1.2296546697616577
45505.0,-1.2382744550704956
45510.0,-1.2419342994689941
45515.0,-1.2257754802703857
45520.0,-1.2404987812042236
45525.0,-1.2247945070266724
45530.0,-1.2151834964752197
45535.0,-1.2575962543487549
45540.0,-1.2290215492248535
45545.0,-1.210627794265747
45550.0,-1.2299530506134033
45555.0,-1.2287144660949707
45560.0,-1.2129672765731812
45565.0,-1.2535203695297241
45570.0,-1.2222495079040527
45575.0,-1.2095627784729004
45580.0,-1.2169380187988281
45585.0,-1.229733943939209
45590.0,-1.2263046503067017
45595.0,-1.2444748878479004
45600.0,-1.2341556549072266
45605.0,-1.2450981140136719
45610.0,-1.2116283178329468
45615.0,-1.227823257446289
45620.0,-1.2569888830184937
45625.0,-1.2149395942687988
45630.0,-1.2302653789520264
45635.0,-1.2427477836608887
45640.0,-1.2157468795776367
45645.0,-1.2347153425216675
45650.0,-1.2495527267456055
45655.0,-1.2410329580307007
45660.0,-1.2299023866653442
45665.0,-1.2359123229980469
45670.0,-1.2272210121154785
45675.0,-1.2301063537597656
45680.0,-1.238315224647522
45685.0,-1.2242366075515747
45690.0,-1.2293436527252197
45695.0,-1.220357060432434
45700.0,-1.2206705808639526
45705.0,-1.2345175743103027
45710.0,-1.2421983480453491
45715.0,-1.221268892288208
45720.0,-1.2324885129928589
45725.0,-1.23263680934906
45730.0,-1.21245276927948
45735.0,-1.2294962406158447
45740.0,-1.2348884344100952
45745.0,-1.2217226028442383
45750.0,-1.2114627361297607
45755.0,-1.2228691577911377
45760.0,-1.243752360343933
45765.0,-1.220128059387207
45770.0,-1.219771385192871
45775.0,-1.2258882522583008
45780.0,-1.2026121616363525
45785.0,-1.219701886177063
45790.0,-1.2406811714172363
45795.0,-1.1993588209152222
45800.0,-1.2156649827957153
45805.0,-1.2041504383087158
45810.0,-1.2126414775848389
45815.0,-1.2525994777679443
45820.0,-1.2232770919799805
45825.0,-1.2136164903640747
45830.0,-1.2290223836898804
45835.0,-1.2220584154129028
45840.0,-1.2215805053710938
45845.0,-1.234947919845581
45850.0,-1.2272087335586548
45855.0,-1.2275285720825195
45860.0,-1.212327480316162
45865.0,-1.215382695198059
45870.0,-1.2554136514663696
45875.0,-1.2391562461853027
45880.0,-1.234604835510254
45885.0,-1.250571846961975
45890.0,-1.2465605735778809
45895.0,-1.2124778032302856
45900.0,-1.2230288982391357
45905.0,-1.229774832725525
45910.0,-1.2218976020812988
45915.0,-1.224259376525879
45920.0,-1.2371306419372559
45925.0,-1.2341068983078003
45930.0,-1.243314504623413
45935.0,-1.2239543199539185
45940.0,-1.2218700647354126
45945.0,-1.2458174228668213
45950.0,-1.2471916675567627
45955.0,-1.227065086364746
45960.0,-1.2176371812820435
45965.0,-1.2211710214614868
45970.0,-1.2125091552734375
45975.0,-1.2275522947311401
45980.0,-1.2593467235565186
45985.0,-1.223495602607727
45990.0,-1.2382540702819824
45995.0,-1.2372320890426636
46000.0,-1.2095953226089478
46005.0,-1.2415976524353027
46010.0,-1.2591739892959595
46015.0,-1.1986746788024902
46020.0,-1.226083517074585
46025.0,-1.2223002910614014
46030.0,-1.2087461948394775
46035.0,-1.238631010055542
46040.0,-1.226630687713623
46045.0,-1.2211360931396484
46050.0,-1.239209771156311
46055.0,-1.202979564666748
46060.0,-1.235037088394165
46065.0,-1.2440344095230103
46070.0,-1.1866893768310547
46075.0,-1.2178916931152344
46080.0,-1.239633560180664
46085.0,-1.2008442878723145
46090.0,-1.2485065460205078
46095.0,-1.236707091331482
46100.0,-1.207883358001709
46105.0,-1.2378883361816406
46110.0,-1.2175633907318115
46115.0,-1.2322702407836914
46120.0,-1.2351804971694946
46125.0,-1.21420156955719
46130.0,-1.2292860746383667
46135.0,-1.2231903076171875
46140.0,-1.232242226600647
46145.0,-1.2490348815917969
46150.0,-1.2187645435333252
46155.0,-1.226884126663208
46160.0,-1.2445425987243652
46165.0,-1.225152850151062
46170.0,-1.2536216974258423
46175.0,-1.2420679330825806
46180.0,-1.2399407625198364
46185.0,-1.2292661666870117
46190.0,-1.2286376953125
46195.0,-1.230186939239502
46200.0,-1.234388828277588
46205.0,-1.2310538291931152
46210.0,-1.2275972366333008
46215.0,-1.2196719646453857
46220.0,-1.2367708683013916
46225.0,-1.2348902225494385
46230.0,-1.214341163635254
46235.0,-1.219239592552185
46240.0,-1.2226052284240723
46245.0,-1.2347259521484375
46250.0,-1.23090398311615
46255.0,-1.213153600692749
46260.0,-1.2301356792449951
46265.0,-1.2117562294006348
46270.0,-1.2427139282226562
46275.0,-1.228102684020996
46280.0,-1.2299193143844604
46285.0,-1.2255651950836182
46290.0,-1.2039117813110352
46295.0,-1.2158360481262207
46300.0,-1.2673285007476807
46305.0,-1.222062349319458
46310.0,-1.2055392265319824
46315.0,-1.240344524383545
46320.0,-1.224192500114441
46325.0,-1.2219698429107666
46330.0,-1.2447565793991089
46335.0,-1.2149564027786255
46340.0,-1.202850580215454
46345.0,-1.2200965881347656
46350.0,-1.2318360805511475
46355.0,-1.224684238433838
46360.0,-1.2268718481063843
46365.0,-1.2236924171447754
46370.0,-1.207441806793213
46375.0,-1.2276012897491455
46380.0,-1.2641692161560059
46385.0,-1.2239155769348145
46390.0,-1.2218852043151855
46395.0,-1.2229243516921997
46400.0,-1.2164901494979858
46405.0,-1.2134137153625488
46410.0,-1.2316124439239502
46415.0,-1.2328797578811646
46420.0,-1.224895715713501
46425.0,-1.2075273990631104
46430.0,-1.2287824153900146
46435.0,-1.2243537902832031
46440.0,-1.2381173372268677
46445.0,-1.2489895820617676
46450.0,-1.224735975265503
46455.0,-1.2102957963943481
46460.0,-1.2321972846984863
46465.0,-1.2156397104263306
46470.0,-1.227413535118103
46475.0,-1.2365500926971436
46480.0,-1.22868013381958
46485.0,-1.2183047533035278
46490.0,-1.217105507850647
46495.0,-1.2181239128112793
46500.0,-1.2522979974746704
46505.0,-1.2300478219985962
46510.0,-1.2215116024017334
46515.0,-1.2285068035125732
46520.0,-1.2243930101394653
46525.0,-1.235166072845459
46530.0,-1.2408111095428467
46535.0,-1.233804702758789
46540.0,-1.2354475259780884
46545.0,-1.2396360635757446
46550.0,-1.222012996673584
46555.0,-1.2483311891555786
46560.0,-1.2485181093215942
46565.0,-1.2217912673950195
46570.0,-1.2431985139846802
46575.0,-1.2307522296905518
46580.0,-1.2185227870941162
46585.0,-1.2455793619155884
46590.0,-1.2176846265792847
46595.0,-1.2245051860809326
46600.0,-1.2325608730316162
46605.0,-1.2159876823425293
46610.0,-1.252503514289856
46615.0,-1.2512574195861816
46620.0,-1.2095649242401123
46625.0,-1.2341599464416504
46630.0,-1.2539167404174805
46635.0,-1.2109893560409546
46640.0,-1.2422661781311035
46645.0,-1.2348928451538086
46650.0,-1.2216001749038696
46655.0,-1.2282488346099854
46660.0,-1.2170336246490479
46665.0,-1.238470196723938
46670.0,-1.23614501953125
46675.0,-1.2146281003952026
46680.0,-1.2348843812942505
46685.0,-1.2322125434875488
46690.0,-1.194439172744751
46695.0,-1.25155508518219
46700.0,-1.251387357711792
46705.0,-1.2119431495666504
46710.0,-1.2440359592437744
46715.0,-1.2261362075805664
46720.0,-1.1995372772216797
46725.0,-1.2510366439819336
46730.0,-1.232860803604126
46735.0,-1.2220252752304077
46740.0,-1.233778476715088
46745.0,-1.2132354974746704
46750.0,-1.2201730012893677
46755.0,-1.2531051635742188
46760.0,-1.2297232151031494
46765.0,-1.206235647201538
46770.0,-1.2299001216888428
46775.0,-1.2303107976913452
46780.0,-1.2158262729644775
46785.0,-1.2141872644424438
46790.0,-1.2459113597869873
46795.0,-1.2266550064086914
46800.0,-1.2303309440612793
46805.0,-1.2464131116867065
46810.0,-1.2524778842926025
46815.0,-1.2265613079071045
46820.0,-1.2401114702224731
46825.0,-1.2440314292907715
46830.0,-1.242275357246399
46835.0,-1.2161637544631958
46840.0,-1.2212920188903809
46845.0,-1.2075883150100708
46850.0,-1.2207871675491333
46855.0,-1.2269718647003174
46860.0,-1.2143970727920532
46865.0,-1.2314372062683105
46870.0,-1.2326282262802124
46875.0,-1.2090396881103516
46880.0,-1.2249484062194824
46885.0,-1.2403919696807861
46890.0,-1.1945126056671143
46895.0,-1.2405929565429688
46900.0,-1.2257168292999268
46905.0,-1.2043790817260742
46910.0,-1.2170568704605103
46915.0,-1.2197768688201904
46920.0,-1.2140061855316162
46925.0,-1.2416778802871704
46930.0,-1.2235479354858398
46935.0,-1.224060297012329
46940.0,-1.2291754484176636
46945.0,-1.200583577156067
46950.0,-1.2361966371536255
46955.0,-1.2415708303451538
46960.0,-1.2018303871154785
46965.0,-1.2230886220932007
46970.0,-1.2361960411071777
46975.0,-1.1967082023620605
46980.0,-1.2437758445739746
46985.0,-1.240261197090149
46990.0,-1.2152619361877441
46995.0,-1.2211095094680786
47000.0,-1.2210195064544678
47005.0,-1.2295172214508057
47010.0,-1.2468340396881104
47015.0,-1.2291752099990845
47020.0,-1.224045753479004
47025.0,-1.2318676710128784
47030.0,-1.2152618169784546
47035.0,-1.2463335990905762
47040.0,-1.2431864738464355
47045.0,-1.2139396667480469
47050.0,-1.2323139905929565
47055.0,-1.2266364097595215
47060.0,-1.2145564556121826
47065.0,-1.2443362474441528
47070.0,-1.2398030757904053
47075.0,-1.2317200899124146
47080.0,-1.2163689136505127
47085.0,-1.2325901985168457
47090.0,-1.2237350940704346
47095.0,-1.2219233512878418
47100.0,-1.2441179752349854
47105.0,-1.2379755973815918
47110.0,-1.2154109477996826
47115.0,-1.2263619899749756
47120.0,-1.2499275207519531
47125.0,-1.2271037101745605
47130.0,-1.2277038097381592
47135.0,-1.247730016708374
47140.0,-1.2250748872756958
47145.0,-1.2103157043457031
47150.0,-1.2377185821533203
47155.0,-1.2223206758499146
47160.0,-1.2171202898025513
47165.0,-1.2271161079406738
47170.0,-1.2148913145065308
47175.0,-1.24241042137146
47180.0,-1.2376964092254639
47185.0,-1.2172465324401855
47190.0,-1.2284693717956543
47195.0,-1.2464090585708618
47200.0,-1.2202640771865845
47205.0,-1.2331197261810303
47210.0,-1.2340728044509888
47215.0,-1.2172170877456665
47220.0,-1.2154051065444946
47225.0,-1.230825662612915
47230.0,-1.2377392053604126
47235.0,-1.225534200668335
47240.0,-1.2271616458892822
47245.0,-1.2279778718948364
47250.0,-1.2175421714782715
47255.0,-1.2359039783477783
47260.0,-1.2356566190719604
47265.0,-1.2277600765228271
47270.0,-1.2142366170883179
47275.0,-1.212825059890747
47280.0,-1.240230679512024
47285.0,-1.235166311264038
47290.0,-1.2126500606536865
47295.0,-1.2277765274047852
47300.0,-1.2106106281280518
47305.0,-1.2205179929733276
47310.0,-1.2403159141540527
47315.0,-1.2327265739440918
47320.0,-1.2162818908691406
47325.0,-1.2442078590393066
47330.0,-1.2196096181869507
47335.0,-1.2321288585662842
47340.0,-1.246983289718628
47345.0,-1.2304162979125977
47350.0,-1.2204089164733887
47355.0,-1.224303960800171
47360.0,-1.2055836915969849
47365.0,-1.256532073020935
47370.0,-1.234379529953003
47375.0,-1.217871904373169
47380.0,-1.2356072664260864
47385.0,-1.2249152660369873
47390.0,-1.222695231437683
47395.0,-1.2452685832977295
47400.0,-1.2202633619308472
47405.0,-1.220228910446167
47410.0,-1.2333956956863403
47415.0,-1.232487678527832
47420.0,-1.222733974456787
47425.0,-1.234351634979248
47430.0,-1.221617341041565
47435.0,-1.2350043058395386
47440.0,-1.2197792530059814
47445.0,-1.2364758253097534
47450.0,-1.2158875465393066
47455.0,-1.2082120180130005
47460.0,-1.234614610671997
47465.0,-1.24395751953125
47470.0,-1.2234041690826416
47475.0,-1.2218708992004395
47480.0,-1.2392823696136475
47485.0,-1.215360403060913
47490.0,-1.238503098487854
47495.0,-1.2248798608779907
47500.0,-1.2307404279708862
47505.0,-1.2337135076522827
47510.0,-1.203246831893921
47515.0,-1.2513357400894165
47520.0,-1.2588008642196655
47525.0,-1.1941149234771729
47530.0,-1.2347347736358643
47535.0,-1.2507283687591553
47540.0,-1.205271601676941
47545.0,-1.2574998140335083
47550.0,-1.225435495376587
47555.0,-1.2332425117492676
47560.0,-1.214964509010315
47565.0,-1.2119860649108887
47570.0,-1.241786241531372
47575.0,-1.2416162490844727
47580.0,-1.206528902053833
47585.0,-1.2456588745117188
47590.0,-1.2067296504974365
47595.0,-1.2219953536987305
47600.0,-1.2479097843170166
47605.0,-1.228197693824768
47610.0,-1.2144228219985962
47615.0,-1.2285685539245605
47620.0,-1.2309257984161377
47625.0,-1.2418582439422607
47630.0,-1.2267054319381714
47635.0,-1.2458595037460327
47640.0,-1.2170395851135254
47645.0,-1.208639144897461
47650.0,-1.242684006690979
47655.0,-1.2406055927276611
47660.0,-1.2327239513397217
47665.0,-1.2367010116577148
47670.0,-1.2185786962509155
47675.0,-1.2324609756469727
47680.0,-1.2415895462036133
47685.0,-1.2309150695800781
47690.0,-1.2480504512786865
47695.0,-1.2240784168243408
47700.0,-1.2171752452850342
47705.0,-1.2362526655197144
47710.0,-1.231557846069336
47715.0,-1.208411693572998
47720.0,-1.2286317348480225
47725.0,-1.2333524227142334
47730.0,-1.2369849681854248
47735.0,-1.2196621894836426
47740.0,-1.2314822673797607
47745.0,-1.2207350730895996
47750.0,-1.2051188945770264
47755.0,-1.2391068935394287
47760.0,-1.2257080078125
47765.0,-1.2063651084899902
47770.0,-1.2189040184020996
47775.0,-1.2173840999603271
47780.0,-1.2125508785247803
47785.0,-1.2539221048355103
47790.0,-1.2490389347076416
47795.0,-1.2236335277557373
47800.0,-1.222237229347229
47805.0,-1.2352614402770996
47810.0,-1.2203922271728516
47815.0,-1.2549978494644165
47820.0,-1.2379660606384277
47825.0,-1.2078968286514282
47830.0,-1.2231508493423462
47835.0,-1.2263062000274658
47840.0,-1.2265510559082031
47845.0,-1.242828607559204
47850.0,-1.236374855041504
47855.0,-1.2209004163742065
47860.0,-1.231696605682373
47865.0,-1.2115858793258667
47870.0,-1.2404587268829346
47875.0,-1.232299566268921
47880.0,-1.2088074684143066
47885.0,-1.2272555828094482
47890.0,-1.2162466049194336
47895.0,-1.2307847738265991
47900.0,-1.2457951307296753
47905.0,-1.2252272367477417
47910.0,-1.2395339012145996
47915.0,-1.2568962574005127
47920.0,-1.2231372594833374
47925.0,-1.2399803400039673
47930.0,-1.242519497871399
47935.0,-1.2219574451446533
47940.0,-1.2273895740509033
47945.0,-1.2143348455429077
47950.0,-1.203299641609192
47955.0,-1.2164424657821655
47960.0,-1.220306396484375
47965.0,-1.195932388305664
47970.0,-1.2325924634933472
47975.0,-1.2330777645111084
47980.0,-1.2212438583374023
47985.0,-1.2314037084579468
47990.0,-1.2339471578598022
47995.0,-1.185152530670166
48000.0,-1.237950086593628
48005.0,-1.2305073738098145
48010.0,-1.2022242546081543
48015.0,-1.227057933807373
48020.0,-1.2176244258880615
48025.0,-1.2053558826446533
48030.0,-1.2508790493011475
48035.0,-1.2220405340194702
48040.0,-1.2250237464904785
48045.0,-1.219130039215088
48050.0,-1.2167158126831055
48055.0,-1.2386709451675415
48060.0,-1.2339186668395996
48065.0,-1.2075421810150146
48070.0,-1.2329543828964233
48075.0,-1.2197353839874268
48080.0,-1.2299606800079346
48085.0,-1.2519022226333618
48090.0,-1.22257661819458
48095.0,-1.2380932569503784
48100.0,-1.2278995513916016
48105.0,-1.2315266132354736
48110.0,-1.241443157196045
48115.0,-1.2131876945495605
48120.0,-1.2361735105514526
48125.0,-1.2375516891479492
48130.0,-1.209598422050476
48135.0,-1.255053997039795
48140.0,-1.2601978778839111
48145.0,-1.2013226747512817
48150.0,-1.2352269887924194
48155.0,-1.2401273250579834
48160.0,-1.2272701263427734
48165.0,-1.2276254892349243
48170.0,-1.2384095191955566
48175.0,-1.2201703786849976
48180.0,-1.225453495979309
48185.0,-1.216596007347107
48190.0,-1.2330198287963867
48195.0,-1.2575128078460693
48200.0,-1.2193299531936646
48205.0,-1.228023886680603
48210.0,-1.2425709962844849
48215.0,-1.215470314025879
48220.0,-1.246079683303833
48225.0,-1.2307162284851074
48230.0,-1.2321054935455322
48235.0,-1.2202728986740112
48240.0,-1.2288343906402588
48245.0,-1.236720323562622
48250.0,-1.2274866104125977
48255.0,-1.196899652481079
48260.0,-1.2273362874984741
48265.0,-1.214056134223938
48270.0,-1.233025312423706
48275.0,-1.2335166931152344
48280.0,-1.251599907875061
48285.0,-1.2245454788208008
48290.0,-1.2400072813034058
48295.0,-1.2488878965377808
48300.0,-1.2344260215759277
48305.0,-1.2337695360183716
48310.0,-1.2398308515548706
48315.0,-1.2214394807815552
48320.0,-1.2266303300857544
48325.0,-1.2226167917251587
48330.0,-1.2257916927337646
48335.0,-1.2303428649902344
48340.0,-1.2197532653808594
48345.0,-1.2311402559280396
48350.0,-1.2421499490737915
48355.0,-1.2184946537017822
48360.0,-1.2331664562225342
48365.0,-1.2341580390930176
48370.0,-1.2527738809585571
48375.0,-1.2331726551055908
48380.0,-1.2354686260223389
48385.0,-1.2257128953933716
48390.0,-1.218131184577942
48395.0,-1.2259854078292847
48400.0,-1.2546579837799072
48405.0,-1.2345373630523682
48410.0,-1.222461462020874
48415.0,-1.2106750011444092
48420.0,-1.2352805137634277
48425.0,-1.2410039901733398
48430.0,-1.2188465595245361
48435.0,-1.237797737121582
48440.0,-1.2343600988388062
48445.0,-1.2144584655761719
48450.0,-1.244606614112854
48455.0,-1.2271690368652344
48460.0,-1.215287446975708
48465.0,-1.2438983917236328
48470.0,-1.220055103302002
48475.0,-1.2360575199127197
48480.0,-1.2453787326812744
48485.0,-1.2097516059875488
48490.0,-1.2425646781921387
48495.0,-1.236435890197754
48500.0,-1.2323908805847168
48505.0,-1.2396869659423828
48510.0,-1.2260968685150146
48515.0,-1.2017078399658203
48520.0,-1.2225029468536377
48525.0,-1.2298588752746582
48530.0,-1.2401528358459473
48535.0,-1.2220168113708496
48540.0,-1.2277140617370605
48545.0,-1.2196168899536133
48550.0,-1.21406888961792
48555.0,-1.2167959213256836
48560.0,-1.2401535511016846
48565.0,-1.2294809818267822
48570.0,-1.2156580686569214
48575.0,-1.2209997177124023
48580.0,-1.2454376220703125
48585.0,-1.2251160144805908
48590.0,-1.2212989330291748
48595.0,-1.2335397005081177
48600.0,-1.2287440299987793
48605.0,-1.2103360891342163
48610.0,-1.2450790405273438
48615.0,-1.2404546737670898
48620.0,-1.2187540531158447
48625.0,-1.2372053861618042
48630.0,-1.223778247833252
48635.0,-1.2215895652770996
48640.0,-1.261887550354004
48645.0,-1.2235066890716553
48650.0,-1.236902117729187
48655.0,-1.224977731704712
48660.0,-1.2211754322052002
48665.0,-1.2459802627563477
48670.0,-1.251186490058899
48675.0,-1.2314878702163696
48680.0,-1.231926441192627
48685.0,-1.227739930152893
48690.0,-1.2213084697723389
48695.0,-1.2311244010925293
48700.0,-1.220315933227539
48705.0,-1.2341886758804321
48710.0,-1.2176381349563599
48715.0,-1.2132809162139893
48720.0,-1.2331032752990723
48725.0,-1.228372573852539
48730.0,-1.2238779067993164
48735.0,-1.2327296733856201
48740.0,-1.2339004278182983
48745.0,-1.2382400035858154
48750.0,-1.230035662651062
48755.0,-1.2336935997009277
48760.0,-1.2325763702392578
48765.0,-1.2261300086975098
48770.0,-1.2205904722213745
48775.0,-1.2368907928466797
48780.0,-1.215787649154663
48785.0,-1.2242878675460815
48790.0,-1.2131658792495728
48795.0,-1.2243428230285645
48800.0,-1.2310619354248047
48805.0,-1.214662790298462
48810.0,-1.2315256595611572
48815.0,-1.239558458328247
48820.0,-1.211334466934204
48825.0,-1.2285773754119873
48830.0,-1.2549165487289429
48835.0,-1.224036455154419
48840.0,-1.217986822128296
48845.0,-1.2445728778839111
48850.0,-1.2105777263641357
48855.0,-1.2216949462890625
48860.0,-1.2519443035125732
48865.0,-1.226710557937622
48870.0,-1.2353637218475342
48875.0,-1.2355148792266846
48880.0,-1.2109934091567993
48885.0,-1.244465708732605
48890.0,-1.2435884475708008
48895.0,-1.2170779705047607
48900.0,-1.231080174446106
48905.0,-1.223693609237671
48910.0,-1.22030770778656
48915.0,-1.2485604286193848
48920.0,-1.2156250476837158
48925.0,-1.2218005657196045
48930.0,-1.2245092391967773
48935.0,-1.2065322399139404
48940.0,-1.2299882173538208
48945.0,-1.2378613948822021
48950.0,-1.2093640565872192
48955.0,-1.2273077964782715
48960.0,-1.2162773609161377
48965.0,-1.2058782577514648
48970.0,-1.247898817062378
48975.0,-1.2257306575775146
48980.0,-1.2209270000457764
48985.0,-1.2403721809387207
48990.0,-1.2423945665359497
48995.0,-1.2411061525344849
49000.0,-1.2376418113708496
49005.0,-1.242139220237732
49010.0,-1.2373632192611694
49015.0,-1.2253215312957764
49020.0,-1.2218132019042969
49025.0,-1.2344028949737549
49030.0,-1.2089354991912842
49035.0,-1.2307031154632568
49040.0,-1.225205898284912
49045.0,-1.2302335500717163
49050.0,-1.2312166690826416
49055.0,-1.2260568141937256
49060.0,-1.2162096500396729
49065.0,-1.2351726293563843
49070.0,-1.2348474264144897
49075.0,-1.2344377040863037
49080.0,-1.2086108922958374
49085.0,-1.2307686805725098
49090.0,-1.2216697931289673
49095.0,-1.226735234260559
49100.0,-1.2289247512817383
49105.0,-1.2265559434890747
49110.0,-1.2182912826538086
49115.0,-1.2159955501556396
49120.0,-1.2251579761505127
49125.0,-1.2560772895812988
49130.0,-1.2206411361694336
49135.0,-1.2197949886322021
49140.0,-1.2348923683166504
49145.0,-1.2252435684204102
49150.0,-1.2298320531845093
49155.0,-1.256700038909912
49160.0,-1.224534511566162
49165.0,-1.2131534814834595
49170.0,-1.2494451999664307
49175.0,-1.223020076751709
49180.0,-1.2290639877319336
49185.0,-1.2574082612991333
49190.0,-1.221221923828125
49195.0,-1.2180733680725098
49200.0,-1.233211636543274
49205.0,-1.2559772729873657
49210.0,-1.2307186126708984
49215.0,-1.227613091468811
49220.0,-1.2379399538040161
49225.0,-1.2256346940994263
49230.0,-1.2170448303222656
49235.0,-1.2578781843185425
49240.0,-1.2407997846603394
49245.0,-1.2221887111663818
49250.0,-1.227220058441162
49255.0,-1.2270623445510864
49260.0,-1.232001543045044
49265.0,-1.248998999595642
49270.0,-1.2090243101119995
49275.0,-1.228410005569458
49280.0,-1.2240742444992065
49285.0,-1.2193942070007324
49290.0,-1.246627688407898
49295.0,-1.2312273979187012
49300.0,-1.2170289754867554
49305.0,-1.2369623184204102
49310.0,-1.2286924123764038
49315.0,-1.2193083763122559
49320.0,-1.2456097602844238
49325.0,-1.2247459888458252
49330.0,-1.2378047704696655
49335.0,-1.2401034832000732
49340.0,-1.2372785806655884
49345.0,-1.254081130027771
49350.0,-1.2370295524597168
49355.0,-1.2584196329116821
49360.0,-1.233201026916504
49365.0,-1.2490943670272827
49370.0,-1.2372575998306274
49375.0,-1.2297985553741455
49380.0,-1.2199970483779907
49385.0,-1.2288391590118408
49390.0,-1.2152529954910278
49395.0,-1.2257847785949707
49400.0,-1.2322901487350464
49405.0,-1.2183122634887695
49410.0,-1.2437143325805664
49415.0,-1.2258068323135376
49420.0,-1.2186627388000488
49425.0,-1.2400727272033691
49430.0,-1.2287614345550537
49435.0,-1.2496272325515747
49440.0,-1.2252765893936157
49445.0,-1.2375552654266357
49450.0,-1.2170398235321045
49455.0,-1.2288058996200562
49460.0,-1.25449800491333
49465.0,-1.23227059841156
49470.0,-1.2182426452636719
49475.0,-1.2491341829299927
49480.0,-1.2014344930648804
49485.0,-1.2296442985534668
49490.0,-1.2410228252410889
49495.0,-1.2076090574264526
49500.0,-1.2307853698730469
49505.0,-1.242759108543396
49510.0,-1.225610613822937
49515.0,-1.236864447593689
49520.0,-1.2270123958587646
49525.0,-1.2363269329071045
49530.0,-1.231336236000061
49535.0,-1.2324877977371216
49540.0,-1.2363641262054443
49545.0,-1.2201027870178223
49550.0,-1.2295358180999756
49555.0,-1.2286159992218018
49560.0,-1.2285923957824707
49565.0,-1.2292455434799194
49570.0,-1.2346971035003662
49575.0,-1.2280278205871582
49580.0,-1.230683445930481
49585.0,-1.2551934719085693
49590.0,-1.2298977375030518
49595.0,-1.2251901626586914
49600.0,-1.232554316520691
49605.0,-1.2420459985733032
49610.0,-1.2317174673080444
49615.0,-1.2485350370407104
49620.0,-1.2242467403411865
49625.0,-1.2146925926208496
49630.0,-1.2256370782852173
49635.0,-1.2476087808609009
49640.0,-1.212973952293396
49645.0,-1.2294518947601318
49650.0,-1.2276654243469238
49655.0,-1.2089674472808838
49660.0,-1.2458245754241943
49665.0,-1.2349255084991455
49670.0,-1.213730812072754
49675.0,-1.232917308807373
49680.0,-1.239005446434021
49685.0,-1.2268497943878174
49690.0,-1.2509576082229614
49695.0,-1.2119548320770264
49700.0,-1.2263377904891968
49705.0,-1.2401535511016846
49710.0,-1.232354998588562
49715.0,-1.2444872856140137
49720.0,-1.242677927017212
49725.0,-1.2396243810653687
49730.0,-1.2384939193725586
49735.0,-1.2403303384780884
49740.0,-1.2330808639526367
49745.0,-1.236898422241211
49750.0,-1.2290308475494385
49755.0,-1.2264306545257568
49760.0,-1.2468926906585693
49765.0,-1.2229392528533936
49770.0,-1.2171308994293213
49775.0,-1.2339555025100708
49780.0,-1.2148690223693848
49785.0,-1.2434827089309692
49790.0,-1.2622733116149902
49795.0,-1.2027294635772705
49800.0,-1.2436034679412842
49805.0,-1.231967806816101
49810.0,-1.2042490243911743
49815.0,-1.2433960437774658
49820.0,-1.2343621253967285
49825.0,-1.2153962850570679
49830.0,-1.2193198204040527
49835.0,-1.1984177827835083
49840.0,-1.2415523529052734
49845.0,-1.2388427257537842
49850.0,-1.2142066955566406
49855.0,-1.2420704364776611
49860.0,-1.2257051467895508
49865.0,-1.2243726253509521
49870.0,-1.2308549880981445
49875.0,-1.2378939390182495
49880.0,-1.2304555177688599
49885.0,-1.2133431434631348
49890.0,-1.227750301361084
49895.0,-1.2482236623764038
49900.0,-1.2256836891174316
49905.0,-1.2152822017669678
49910.0,-1.231053113937378
49915.0,-1.2110798358917236
49920.0,-1.2561383247375488
49925.0,-1.2265511751174927
49930.0,-1.229635238647461
49935.0,-1.226245403289795
49940.0,-1.2148897647857666
49945.0,-1.2302801609039307
49950.0,-1.24418306350708
49955.0,-1.2209495306015015
49960.0,-1.2347218990325928
49965.0,-1.2219699621200562
49970.0,-1.2164201736450195
49975.0,-1.2384004592895508
49980.0,-1.2257064580917358
49985.0,-1.2131903171539307
49990.0,-1.2318947315216064
49995.0,-1.224144458770752
50000.0,-1.236160159111023
50005.0,-1.2469677925109863
50010.0,-1.2315014600753784
50015.0,-1.2177655696868896
50020.0,-1.231602668762207
50025.0,-1.2334895133972168
50030.0,-1.2373485565185547
50035.0,-1.2202022075653076
50040.0,-1.2290529012680054
50045.0,-1.2045236825942993
50050.0,-1.217907190322876
50055.0,-1.247069239616394
50060.0,-1.2385317087173462
50065.0,-1.2319912910461426
50070.0,-1.234584093093872
50075.0,-1.228180170059204
50080.0,-1.235797643661499
50085.0,-1.2202825546264648
50090.0,-1.2308464050292969
50095.0,-1.2381666898727417
50100.0,-1.228869915008545
50105.0,-1.207972526550293
50110.0,-1.2332427501678467
50115.0,-1.2421278953552246
50120.0,-1.2394003868103027
50125.0,-1.2440418004989624
50130.0,-1.255615472793579
50135.0,-1.244477391242981
50140.0,-1.233688235282898
50145.0,-1.248046636581421
50150.0,-1.256833791732788
50155.0,-1.2190704345703125
50160.0,-1.217421293258667
50165.0,-1.2286194562911987
50170.0,-1.2250158786773682
50175.0,-1.2138248682022095
50180.0,-1.2430038452148438
50185.0,-1.2201358079910278
50190.0,-1.2078526020050049
50195.0,-1.2335693836212158
50200.0,-1.2230628728866577
50205.0,-1.2352763414382935
50210.0,-1.2324140071868896
50215.0,-1.2190035581588745
50220.0,-1.2407208681106567
50225.0,-1.2370920181274414
50230.0,-1.226776361465454
50235.0,-1.231642484664917
50240.0,-1.2333954572677612
50245.0,-1.2071044445037842
50250.0,-1.254689335823059
50255.0,-1.2296388149261475
50260.0,-1.2234385013580322
50265.0,-1.2348031997680664
50270.0,-1.230873465538025
50275.0,-1.2255048751831055
50280.0,-1.2502154111862183
50285.0,-1.2348114252090454
50290.0,-1.2248468399047852
50295.0,-1.2162730693817139
50300.0,-1.2278510332107544
50305.0,-1.2338066101074219
50310.0,-1.2325170040130615
50315.0,-1.2468773126602173
50320.0,-1.2131822109222412
50325.0,-1.2272733449935913
50330.0,-1.2338680028915405
50335.0,-1.2416349649429321
50340.0,-1.2309874296188354
50345.0,-1.2482939958572388
50350.0,-1.208411693572998
50355.0,-1.2247437238693237
50360.0,-1.2371684312820435
50365.0,-1.2377140522003174
50370.0,-1.2189342975616455
50375.0,-1.2319937944412231
50380.0,-1.2320191860198975
50385.0,-1.2146985530853271
50390.0,-1.231024146080017
50395.0,-1.2440149784088135
50400.0,-1.215409755706787
50405.0,-1.2242916822433472
50410.0,-1.2503236532211304
50415.0,-1.2367397546768188
50420.0,-1.2285149097442627
50425.0,-1.258007526397705
50430.0,-1.2399787902832031
50435.0,-1.2328258752822876
50440.0,-1.249713659286499
50445.0,-1.2269798517227173
50450.0,-1.2197978496551514
50455.0,-1.2400352954864502
50460.0,-1.2032909393310547
50465.0,-1.2257678508758545
50470.0,-1.2222344875335693
50475.0,-1.2276175022125244
50480.0,-1.2289687395095825
50485.0,-1.2145047187805176
50490.0,-1.2437810897827148
50495.0,-1.2314300537109375
50500.0,-1.2099125385284424
50505.0,-1.2555204629898071
50510.0,-1.2287853956222534
50515.0,-1.2086243629455566
50520.0,-1.2297022342681885
50525.0,-1.2440369129180908
50530.0,-1.2279958724975586
50535.0,-1.2217473983764648
50540.0,-1.2314518690109253
50545.0,-1.232280969619751
50550.0,-1.2169923782348633
50555.0,-1.2381951808929443
50560.0,-1.237555980682373
50565.0,-1.2364975214004517
50570.0,-1.2305667400360107
50575.0,-1.2262541055679321
50580.0,-1.2221596240997314
50585.0,-1.2542812824249268
50590.0,-1.205855369567871
50595.0,-1.2287623882293701
50600.0,-1.232779622077942
50605.0,-1.210913896560669
50610.0,-1.241277813911438
50615.0,-1.244824767112732
50620.0,-1.2090954780578613
50625.0,-1.2298600673675537
50630.0,-1.2498761415481567
50635.0,-1.2291210889816284
50640.0,-1.2466988563537598
50645.0,-1.2320897579193115
50650.0,-1.2203376293182373
50655.0,-1.2243094444274902
50660.0,-1.2280720472335815
50665.0,-1.2215300798416138
50670.0,-1.2493057250976562
50675.0,-1.2164016962051392
50680.0,-1.208513617515564
50685.0,-1.239993691444397
50690.0,-1.233751654624939
50695.0,-1.2344826459884644
50700.0,-1.2375041246414185
50705.0,-1.208580493927002
50710.0,-1.2239832878112793
50715.0,-1.251053810119629
50720.0,-1.2271045446395874
50725.0,-1.2299323081970215
50730.0,-1.2327221632003784
50735.0,-1.2101852893829346
50740.0,-1.2209179401397705
50745.0,-1.2473119497299194
50750.0,-1.2324154376983643
50755.0,-1.2368645668029785
50760.0,-1.234117865562439
50765.0,-1.2345116138458252
50770.0,-1.242384672164917
50775.0,-1.2282130718231201
50780.0,-1.2341179847717285
50785.0,-1.2399711608886719
50790.0,-1.2142558097839355
50795.0,-1.2144163846969604
50800.0,-1.2286806106567383
50805.0,-1.2278534173965454
50810.0,-1.2171239852905273
50815.0,-1.2214579582214355
50820.0,-1.2255473136901855
50825.0,-1.2568325996398926
50830.0,-1.2253100872039795
50835.0,-1.2200746536254883
50840.0,-1.229609489440918
50845.0,-1.2372862100601196
50850.0,-1.2310264110565186
50855.0,-1.2130358219146729
50860.0,-1.236129879951477
50865.0,-1.2118515968322754
50870.0,-1.2022508382797241
50875.0,-1.2449276447296143
50880.0,-1.2346405982971191
50885.0,-1.2007137537002563
50890.0,-1.205501914024353
50895.0,-1.2058913707733154
50900.0,-1.2276443243026733
50905.0,-1.245214819908142
50910.0,-1.2462859153747559
50915.0,-1.2285254001617432
50920.0,-1.2395660877227783
50925.0,-1.232956886291504
50930.0,-1.2528314590454102
50935.0,-1.232128620147705
50940.0,-1.23709237575531
50945.0,-1.2259109020233154
50950.0,-1.2218189239501953
50955.0,-1.233190894126892
50960.0,-1.227858543395996
50965.0,-1.2327286005020142
50970.0,-1.2159278392791748
50975.0,-1.2226556539535522
50980.0,-1.223025918006897
50985.0,-1.2143688201904297
50990.0,-1.2349733114242554
50995.0,-1.2177307605743408
51000.0,-1.217613935470581
51005.0,-1.2302569150924683
51010.0,-1.226093053817749
51015.0,-1.2301238775253296
51020.0,-1.2298097610473633
51025.0,-1.230605125427246
51030.0,-1.2595819234848022
51035.0,-1.237231969833374
51040.0,-1.2193859815597534
51045.0,-1.2340893745422363
51050.0,-1.2103632688522339
51055.0,-1.2234618663787842
51060.0,-1.2527124881744385
51065.0,-1.2119301557540894
51070.0,-1.2280049324035645
51075.0,-1.2259244918823242
51080.0,-1.2173948287963867
51085.0,-1.2446690797805786
51090.0,-1.2252511978149414
51095.0,-1.2329542636871338
51100.0,-1.2423261404037476
51105.0,-1.1964819431304932
51110.0,-1.2411494255065918
51115.0,-1.237239956855774
51120.0,-1.2024707794189453
51125.0,-1.2414392232894897
51130.0,-1.2135553359985352
51135.0,-1.1955058574676514
51140.0,-1.265864372253418
51145.0,-1.22586989402771
51150.0,-1.2223296165466309
51155.0,-1.2509665489196777
51160.0,-1.2299542427062988
51165.0,-1.2295384407043457
51170.0,-1.2639141082763672
51175.0,-1.2280480861663818
51180.0,-1.2387642860412598
51185.0,-1.2284587621688843
51190.0,-1.2222797870635986
51195.0,-1.2436788082122803
51200.0,-1.2183036804199219
51205.0,-1.22971773147583
51210.0,-1.2379372119903564
51215.0,-1.2225995063781738
51220.0,-1.2465006113052368
51225.0,-1.2262980937957764
51230.0,-1.2338933944702148
51235.0,-1.2416634559631348
51240.0,-1.2255760431289673
51245.0,-1.2391297817230225
51250.0,-1.2460383176803589
51255.0,-1.2157944440841675
51260.0,-1.2202301025390625
51265.0,-1.2147266864776611
51270.0,-1.2196083068847656
51275.0,-1.23259437084198
51280.0,-1.2097558975219727
51285.0,-1.227780818939209
51290.0,-1.225057601928711
51295.0,-1.207716941833496
51300.0,-1.2444629669189453
51305.0,-1.2296653985977173
51310.0,-1.2049928903579712
51315.0,-1.232317328453064
51320.0,-1.2196111679077148
51325.0,-1.2230194807052612
51330.0,-1.2310192584991455
51335.0,-1.21626877784729
51340.0,-1.2213562726974487
51345.0,-1.228218674659729
51350.0,-1.2433571815490723
51355.0,-1.2257174253463745
51360.0,-1.2515013217926025
51365.0,-1.2191965579986572
51370.0,-1.209911823272705
51375.0,-1.263577938079834
51380.0,-1.2331392765045166
51385.0,-1.2042415142059326
51390.0,-1.2594211101531982
51395.0,-1.215003252029419
51400.0,-1.2120773792266846
51405.0,-1.2427372932434082
51410.0,-1.2164223194122314
51415.0,-1.2057043313980103
51420.0,-1.2339990139007568
51425.0,-1.2274284362792969
51430.0,-1.257983922958374
51435.0,-1.2189404964447021
51440.0,-1.2207846641540527
51445.0,-1.2423326969146729
51450.0,-1.2247509956359863
51455.0,-1.2438924312591553
51460.0,-1.2339814901351929
51465.0,-1.2394144535064697
51470.0,-1.2406160831451416
51475.0,-1.2255706787109375
51480.0,-1.2461657524108887
51485.0,-1.2563787698745728
51490.0,-1.243612289428711
51495.0,-1.2379114627838135
51500.0,-1.2517755031585693
51505.0,-1.2448570728302002
51510.0,-1.228922724723816
51515.0,-1.240988850593567
51520.0,-1.2282040119171143
51525.0,-1.2170308828353882
51530.0,-1.2317543029785156
51535.0,-1.2251667976379395
51540.0,-1.232546329498291
51545.0,-1.2181675434112549
51550.0,-1.2144136428833008
51555.0,-1.2650851011276245
51560.0,-1.2202188968658447
51565.0,-1.2362796068191528
51570.0,-1.2646441459655762
51575.0,-1.2303823232650757
51580.0,-1.2171432971954346
51585.0,-1.2324670553207397
51590.0,-1.229351282119751
51595.0,-1.2282671928405762
51600.0,-1.2224119901657104
51605.0,-1.204624056816101
51610.0,-1.2315778732299805
51615.0,-1.2327991724014282
51620.0,-1.214579463005066
51625.0,-1.2454928159713745
51630.0,-1.235145092010498
51635.0,-1.226189136505127
51640.0,-1.2106010913848877
51645.0,-1.2371479272842407
51650.0,-1.2063957452774048
51655.0,-1.2223275899887085
51660.0,-1.2173359394073486
51665.0,-1.223341703414917
51670.0,-1.2447619438171387
51675.0,-1.223884105682373
51680.0,-1.2178235054016113
51685.0,-1.2538975477218628
51690.0,-1.2147841453552246
51695.0,-1.2212454080581665
51700.0,-1.2453830242156982
51705.0,-1.2004541158676147
51710.0,-1.2163926362991333
51715.0,-1.2381477355957031
51720.0,-1.226513147354126
51725.0,-1.2532217502593994
51730.0,-1.2047473192214966
51735.0,-1.226488709449768
51740.0,-1.2336890697479248
51745.0,-1.1894476413726807
51750.0,-1.2392487525939941
51755.0,-1.2310571670532227
51760.0,-1.193436861038208
51765.0,-1.2290089130401611
51770.0,-1.21005117893219
51775.0,-1.2400609254837036
51780.0,-1.2358858585357666
51785.0,-1.2369393110275269
51790.0,-1.239617943763733
51795.0,-1.2183055877685547
51800.0,-1.2340365648269653
51805.0,-1.246498465538025
51810.0,-1.2206591367721558
51815.0,-1.241334080696106
51820.0,-1.210918664932251
51825.0,-1.2332525253295898
51830.0,-1.2466825246810913
51835.0,-1.2080131769180298
51840.0,-1.2267457246780396
51845.0,-1.243238925933838
51850.0,-1.2076025009155273
51855.0,-1.2506740093231201
51860.0,-1.2208786010742188
51865.0,-1.2196073532104492
51870.0,-1.2205867767333984
51875.0,-1.2154438495635986
51880.0,-1.240199089050293
51885.0,-1.2360999584197998
51890.0,-1.2047016620635986
51895.0,-1.2408909797668457
51900.0,-1.2213795185089111
51905.0,-1.2286596298217773
51910.0,-1.2448996305465698
51915.0,-1.2289484739303589
51920.0,-1.2212705612182617
51925.0,-1.213910698890686
51930.0,-1.2272632122039795
51935.0,-1.2473969459533691
51940.0,-1.1781549453735352
51945.0,-1.233389139175415
51950.0,-1.2375833988189697
51955.0,-1.210433006286621
51960.0,-1.247624158859253
51965.0,-1.2514548301696777
51970.0,-1.215836763381958
51975.0,-1.2320752143859863
51980.0,-1.2527700662612915
51985.0,-1.234653115272522
51990.0,-1.228956699371338
51995.0,-1.2375472784042358
52000.0,-1.2188292741775513
52005.0,-1.2108415365219116
52010.0,-1.235282063484192
52015.0,-1.223260521888733
52020.0,-1.2097944021224976
52025.0,-1.224606990814209
52030.0,-1.2162973880767822
52035.0,-1.2186243534088135
52040.0,-1.22843599319458
52045.0,-1.2305816411972046
52050.0,-1.2443554401397705
52055.0,-1.2244817018508911
52060.0,-1.23235285282135
52065.0,-1.2150014638900757
52070.0,-1.209747552871704
52075.0,-1.2255806922912598
52080.0,-1.2178834676742554
52085.0,-1.2152023315429688
52090.0,-1.2286205291748047
52095.0,-1.2070999145507812
52100.0,-1.2034069299697876
52105.0,-1.2488176822662354
52110.0,-1.2492172718048096
52115.0,-1.208986520767212
52120.0,-1.2354485988616943
52125.0,-1.2258390188217163
52130.0,-1.2122315168380737
52135.0,-1.2310316562652588
52140.0,-1.2343225479125977
52145.0,-1.2086997032165527
52150.0,-1.219874620437622
52155.0,-1.218458652496338
52160.0,-1.2320445775985718
52165.0,-1.2443488836288452
52170.0,-1.230102300643921
52175.0,-1.2249224185943604
52180.0,-1.2365670204162598
52185.0,-1.232961654663086
52190.0,-1.2321115732192993
52195.0,-1.2414108514785767
52200.0,-1.2264599800109863
52205.0,-1.2189502716064453
52210.0,-1.218402624130249
52215.0,-1.2421908378601074
52220.0,-1.233017086982727
52225.0,-1.2228147983551025
52230.0,-1.2273492813110352
52235.0,-1.2209945917129517
52240.0,-1.2333964109420776
52245.0,-1.2248361110687256
52250.0,-1.2217825651168823
52255.0,-1.2365291118621826
52260.0,-1.2131357192993164
52265.0,-1.2348270416259766
52270.0,-1.2653236389160156
52275.0,-1.2114067077636719
52280.0,-1.245345115661621
52285.0,-1.2387890815734863
52290.0,-1.2224256992340088
52295.0,-1.2415540218353271
52300.0,-1.2321007251739502
52305.0,-1.2100257873535156
52310.0,-1.2364609241485596
52315.0,-1.2240393161773682
52320.0,-1.2325334548950195
52325.0,-1.2410600185394287
52330.0,-1.227995753288269
52335.0,-1.2241291999816895
52340.0,-1.224287748336792
52345.0,-1.2304707765579224
52350.0,-1.2402358055114746
52355.0,-1.2172472476959229
52360.0,-1.2191437482833862
52365.0,-1.2223670482635498
52370.0,-1.234616756439209
52375.0,-1.2281314134597778
52380.0,-1.2208948135375977
52385.0,-1.2337391376495361
52390.0,-1.233188509941101
52395.0,-1.2205321788787842
52400.0,-1.2544522285461426
52405.0,-1.2275563478469849
52410.0,-1.204066514968872
52415.0,-1.2234209775924683
52420.0,-1.2333498001098633
52425.0,-1.23451828956604
52430.0,-1.2168002128601074
52435.0,-1.2302414178848267
52440.0,-1.23200523853302
52445.0,-1.2164888381958008
52450.0,-1.250643014907837
52455.0,-1.2315912246704102
52460.0,-1.2307299375534058
52465.0,-1.2497103214263916
52470.0,-1.2375506162643433
52475.0,-1.2376692295074463
52480.0,-1.2396490573883057
52485.0,-1.2251825332641602
52490.0,-1.2275488376617432
52495.0,-1.2236504554748535
52500.0,-1.208425521850586
52505.0,-1.2151390314102173
52510.0,-1.2172658443450928
52515.0,-1.2274129390716553
52520.0,-1.2085133790969849
52525.0,-1.2212719917297363
52530.0,-1.2293723821640015
52535.0,-1.2042384147644043
52540.0,-1.25411057472229
52545.0,-1.2470476627349854
52550.0,-1.2180101871490479
52555.0,-1.231827974319458
52560.0,-1.2190418243408203
52565.0,-1.222975254058838
52570.0,-1.2264020442962646
52575.0,-1.2305570840835571
52580.0,-1.2232017517089844
52585.0,-1.2063602209091187
52590.0,-1.2053601741790771
52595.0,-1.2399179935455322
52600.0,-1.2297006845474243
52605.0,-1.2168279886245728
52610.0,-1.2182819843292236
52615.0,-1.219034194946289
52620.0,-1.23200523853302
52625.0,-1.2242302894592285
52630.0,-1.2313876152038574
52635.0,-1.2402441501617432
52640.0,-1.2098124027252197
52645.0,-1.2266343832015991
52650.0,-1.2646770477294922
52655.0,-1.2115691900253296
52660.0,-1.233973503112793
52665.0,-1.2533303499221802
52670.0,-1.198685646057129
52675.0,-1.2332384586334229
52680.0,-1.2419774532318115
52685.0,-1.2076947689056396
52690.0,-1.22188401222229
52695.0,-1.2389779090881348
52700.0,-1.2079858779907227
52705.0,-1.2282519340515137
52710.0,-1.2366312742233276
52715.0,-1.2181482315063477
52720.0,-1.2337045669555664
52725.0,-1.2444043159484863
52730.0,-1.2096471786499023
52735.0,-1.2424087524414062
52740.0,-1.225787878036499
52745.0,-1.2117576599121094
52750.0,-1.2259583473205566
52755.0,-1.254684329032898
52760.0,-1.2343368530273438
52765.0,-1.2382373809814453
52770.0,-1.2341649532318115
52775.0,-1.2207117080688477
52780.0,-1.2323286533355713
52785.0,-1.2332369089126587
52790.0,-1.2231864929199219
52795.0,-1.2239625453948975
52800.0,-1.2275739908218384
52805.0,-1.2355669736862183
52810.0,-1.2141621112823486
52815.0,-1.216675877571106
52820.0,-1.244422197341919
52825.0,-1.2649519443511963
52830.0,-1.196467638015747
52835.0,-1.2333498001098633
52840.0,-1.2501540184020996
52845.0,-1.218071460723877
52850.0,-1.2451894283294678
52855.0,-1.2669901847839355
52860.0,-1.217824101448059
52865.0,-1.2211456298828125
52870.0,-1.2239410877227783
52875.0,-1.2362093925476074
52880.0,-1.2332823276519775
52885.0,-1.2222011089324951
52890.0,-1.2174482345581055
52895.0,-1.203445553779602
52900.0,-1.2242172956466675
52905.0,-1.2440435886383057
52910.0,-1.2254102230072021
52915.0,-1.2148957252502441
52920.0,-1.2301417589187622
52925.0,-1.237847089767456
52930.0,-1.2364253997802734
52935.0,-1.2188621759414673
52940.0,-1.2263579368591309
52945.0,-1.2149224281311035
52950.0,-1.2144927978515625
52955.0,-1.2475639581680298
52960.0,-1.2120174169540405
52965.0,-1.2271223068237305
52970.0,-1.2160370349884033
52975.0,-1.2012465000152588
52980.0,-1.2505484819412231
52985.0,-1.229825496673584
52990.0,-1.2313674688339233
52995.0,-1.2408263683319092
53000.0,-1.2177540063858032
53005.0,-1.2347986698150635
53010.0,-1.2370973825454712
53015.0,-1.219251275062561
53020.0,-1.2309305667877197
53025.0,-1.2095465660095215
53030.0,-1.2254512310028076
53035.0,-1.2409695386886597
53040.0,-1.1840697526931763
53045.0,-1.2454912662506104
53050.0,-1.2241086959838867
53055.0,-1.240439534187317
53060.0,-1.2502570152282715
53065.0,-1.2394957542419434
53070.0,-1.2481998205184937
53075.0,-1.2359298467636108
53080.0,-1.2123596668243408
53085.0,-1.244889736175537
53090.0,-1.222663402557373
53095.0,-1.2120550870895386
53100.0,-1.230278491973877
53105.0,-1.2272887229919434
53110.0,-1.2266526222229004
53115.0,-1.2111972570419312
53120.0,-1.233491063117981
53125.0,-1.2244853973388672
53130.0,-1.2177011966705322
53135.0,-1.2474756240844727
53140.0,-1.2311413288116455
53145.0,-1.2159520387649536
53150.0,-1.2321244478225708
53155.0,-1.2360285520553589
53160.0,-1.221930742263794
53165.0,-1.238936424255371
53170.0,-1.2420631647109985
53175.0,-1.211580753326416
53180.0,-1.2223305702209473
53185.0,-1.2448532581329346
53190.0,-1.2366836071014404
53195.0,-1.239964485168457
53200.0,-1.2185466289520264
53205.0,-1.2314764261245728
53210.0,-1.246405839920044
53215.0,-1.232477068901062
53220.0,-1.2217063903808594
53225.0,-1.2393569946289062
53230.0,-1.224827766418457
53235.0,-1.2402358055114746
53240.0,-1.2216683626174927
53245.0,-1.2410331964492798
53250.0,-1.2124580144882202
53255.0,-1.211804747581482
53260.0,-1.2619472742080688
53265.0,-1.215024471282959
53270.0,-1.2181912660598755
53275.0,-1.2279616594314575
53280.0,-1.2151381969451904
53285.0,-1.2176324129104614
53290.0,-1.2602943181991577
53295.0,-1.2290422916412354
53300.0,-1.2183829545974731
53305.0,-1.2427568435668945
53310.0,-1.2338306903839111
53315.0,-1.220386266708374
53320.0,-1.2345248460769653
53325.0,-1.221313714981079
53330.0,-1.2178175449371338
53335.0,-1.2529385089874268
53340.0,-1.211707592010498
53345.0,-1.2210968732833862
53350.0,-1.2456042766571045
53355.0,-1.2062278985977173
53360.0,-1.2320317029953003
53365.0,-1.2588765621185303
53370.0,-1.2150354385375977
53375.0,-1.2287824153900146
53380.0,-1.2317798137664795
53385.0,-1.2397382259368896
53390.0,-1.2570093870162964
53395.0,-1.2295053005218506
53400.0,-1.2423949241638184
53405.0,-1.2429747581481934
53410.0,-1.2351738214492798
53415.0,-1.2419662475585938
53420.0,-1.2492506504058838
53425.0,-1.23777174949646
53430.0,-1.2218581438064575
53435.0,-1.232092261314392
53440.0,-1.23443603515625
53445.0,-1.2464994192123413
53450.0,-1.2344365119934082
53455.0,-1.2209062576293945
53460.0,-1.240001916885376
53465.0,-1.232350468635559
53470.0,-1.2262381315231323
53475.0,-1.236598014831543
53480.0,-1.2255196571350098
53485.0,-1.213849663734436
53490.0,-1.2296063899993896
53495.0,-1.2159295082092285
53500.0,-1.2337400913238525
53505.0,-1.2506523132324219
53510.0,-1.2385103702545166
53515.0,-1.2462646961212158
53520.0,-1.2490382194519043
53525.0,-1.2344090938568115
53530.0,-1.2415683269500732
53535.0,-1.2355598211288452
53540.0,-1.236343264579773
53545.0,-1.2567180395126343
53550.0,-1.2172996997833252
53555.0,-1.2154552936553955
53560.0,-1.2545218467712402
53565.0,-1.224024772644043
53570.0,-1.2421904802322388
53575.0,-1.2706904411315918
53580.0,-1.2437329292297363
53585.0,-1.211647868156433
53590.0,-1.2251291275024414
53595.0,-1.2023308277130127
53600.0,-1.2204315662384033
53605.0,-1.2217285633087158
53610.0,-1.218303918838501
53615.0,-1.2139098644256592
53620.0,-1.2234429121017456
53625.0,-1.2330291271209717
53630.0,-1.2147142887115479
53635.0,-1.2348891496658325
53640.0,-1.2453778982162476
53645.0,-1.227880597114563
53650.0,-1.230932593345642
53655.0,-1.2187724113464355
53660.0,-1.2426236867904663
53665.0,-1.2439019680023193
53670.0,-1.2259633541107178
53675.0,-1.242069959640503
53680.0,-1.2454280853271484
53685.0,-1.2273955345153809
53690.0,-1.2369561195373535
53695.0,-1.2247179746627808
53700.0,-1.2280471324920654
53705.0,-1.2268073558807373
53710.0,-1.2326555252075195
53715.0,-1.2364819049835205
53720.0,-1.2217366695404053
53725.0,-1.2234861850738525
53730.0,-1.2421133518218994
53735.0,-1.2222024202346802
53740.0,-1.2590866088867188
53745.0,-1.240994930267334
53750.0,-1.2166969776153564
53755.0,-1.225955843925476
53760.0,-1.2188938856124878
53765.0,-1.2352585792541504
53770.0,-1.2598553895950317
53775.0,-1.224327802658081
53780.0,-1.22266685962677
53785.0,-1.2207894325256348
53790.0,-1.2221835851669312
53795.0,-1.2305562496185303
53800.0,-1.253919243812561
53805.0,-1.230341911315918
53810.0,-1.2452797889709473
53815.0,-1.2423604726791382
53820.0,-1.2348557710647583
53825.0,-1.2188935279846191
53830.0,-1.2596378326416016
53835.0,-1.243856430053711
53840.0,-1.2035975456237793
53845.0,-1.2379374504089355
53850.0,-1.2303961515426636
53855.0,-1.2061402797698975
53860.0,-1.2221767902374268
53865.0,-1.230831503868103
53870.0,-1.225485920906067
53875.0,-1.2295104265213013
53880.0,-1.2398260831832886
53885.0,-1.2363711595535278
53890.0,-1.2387202978134155
53895.0,-1.2214710712432861
53900.0,-1.2322652339935303
53905.0,-1.2423923015594482
53910.0,-1.2386043071746826
53915.0,-1.2372071743011475
53920.0,-1.237486720085144
53925.0,-1.2250235080718994
53930.0,-1.2203302383422852
53935.0,-1.2325658798217773
53940.0,-1.2492451667785645
53945.0,-1.2421468496322632
53950.0,-1.2273521423339844
53955.0,-1.2051644325256348
53960.0,-1.2449764013290405
53965.0,-1.2419841289520264
53970.0,-1.2324020862579346
53975.0,-1.2442758083343506
53980.0,-1.2440736293792725
53985.0,-1.2113122940063477
53990.0,-1.2564609050750732
53995.0,-1.239682674407959
54000.0,-1.2369365692138672
54005.0,-1.2421019077301025
54010.0,-1.2186388969421387
54015.0,-1.2187285423278809
54020.0,-1.234311819076538
54025.0,-1.2288143634796143
54030.0,-1.2110445499420166
54035.0,-1.2405149936676025
54040.0,-1.2302095890045166
54045.0,-1.2272484302520752
54050.0,-1.247756004333496
54055.0,-1.2226612567901611
54060.0,-1.2294222116470337
54065.0,-1.2156174182891846
54070.0,-1.2430264949798584
54075.0,-1.2249871492385864
54080.0,-1.2173084020614624
54085.0,-1.2337266206741333
54090.0,-1.2285397052764893
54095.0,-1.2122536897659302
54100.0,-1.234734296798706
54105.0,-1.2279419898986816
54110.0,-1.2141457796096802
54115.0,-1.2474114894866943
54120.0,-1.2384614944458008
54125.0,-1.241786241531372
54130.0,-1.2125226259231567
54135.0,-1.2330565452575684
54140.0,-1.2182495594024658
54145.0,-1.2301300764083862
54150.0,-1.2493069171905518
54155.0,-1.2394429445266724
54160.0,-1.2174915075302124
54165.0,-1.2223107814788818
54170.0,-1.2341357469558716
54175.0,-1.2362723350524902
54180.0,-1.2549588680267334
54185.0,-1.227425217628479
54190.0,-1.2108714580535889
54195.0,-1.213681697845459
54200.0,-1.223742961883545
54205.0,-1.2210166454315186
54210.0,-1.2463855743408203
54215.0,-1.2395954132080078
54220.0,-1.210911512374878
54225.0,-1.222130298614502
54230.0,-1.2463126182556152
54235.0,-1.2443162202835083
54240.0,-1.2454891204833984
54245.0,-1.2330951690673828
54250.0,-1.2222710847854614
54255.0,-1.2269607782363892
54260.0,-1.2340744733810425
54265.0,-1.2553808689117432
54270.0,-1.2415313720703125
54275.0,-1.2031570672988892
54280.0,-1.2160073518753052
54285.0,-1.2438716888427734
54290.0,-1.2398502826690674
54295.0,-1.2432317733764648
54300.0,-1.2289069890975952
54305.0,-1.227030873298645
54310.0,-1.2185418605804443
54315.0,-1.2481633424758911
54320.0,-1.2603120803833008
54325.0,-1.2418259382247925
54330.0,-1.2383246421813965
54335.0,-1.2266185283660889
54340.0,-1.225453495979309
54345.0,-1.2661031484603882
54350.0,-1.2553712129592896
54355.0,-1.2158379554748535
54360.0,-1.2357232570648193
54365.0,-1.2239890098571777
54370.0,-1.23188054561615
54375.0,-1.2672991752624512
54380.0,-1.2285726070404053
54385.0,-1.2067557573318481
54390.0,-1.2428665161132812
54395.0,-1.223829746246338
54400.0,-1.2372241020202637
54405.0,-1.2504322528839111
54410.0,-1.2169634103775024
54415.0,-1.2330211400985718
54420.0,-1.2362414598464966
54425.0,-1.239581823348999
54430.0,-1.2542787790298462
54435.0,-1.2288535833358765
54440.0,-1.2122507095336914
54445.0,-1.2257550954818726
54450.0,-1.2371522188186646
54455.0,-1.2370479106903076
54460.0,-1.2444682121276855
54465.0,-1.2402570247650146
54470.0,-1.2349475622177124
54475.0,-1.2262814044952393
54480.0,-1.2359092235565186
54485.0,-1.2416971921920776
54490.0,-1.2455040216445923
54495.0,-1.231837272644043
54500.0,-1.233047366142273
54505.0,-1.2425329685211182
54510.0,-1.2170219421386719
54515.0,-1.2270442247390747
54520.0,-1.2453441619873047
54525.0,-1.2314729690551758
54530.0,-1.2379833459854126
54535.0,-1.2422517538070679
54540.0,-1.2116963863372803
54545.0,-1.2310147285461426
54550.0,-1.2282845973968506
54555.0,-1.2187740802764893
54560.0,-1.245907187461853
54565.0,-1.2379404306411743
54570.0,-1.2090482711791992
54575.0,-1.224095344543457
54580.0,-1.2291903495788574
54585.0,-1.23360276222229
54590.0,-1.2441092729568481
54595.0,-1.2260552644729614
54600.0,-1.2105530500411987
54605.0,-1.2342827320098877
54610.0,-1.2367844581604004
54615.0,-1.2416729927062988
54620.0,-1.2332977056503296
54625.0,-1.2292726039886475
54630.0,-1.2181172370910645
54635.0,-1.232051134109497
54640.0,-1.2498263120651245
54645.0,-1.2323763370513916
54650.0,-1.216719388961792
54655.0,-1.236292839050293
54660.0,-1.2156636714935303
54665.0,-1.2365374565124512
54670.0,-1.2712950706481934
54675.0,-1.2195086479187012
54680.0,-1.230899691581726
54685.0,-1.2340943813323975
54690.0,-1.2280800342559814
54695.0,-1.2570645809173584
54700.0,-1.2532463073730469
54705.0,-1.231662392616272
54710.0,-1.2350492477416992
54715.0,-1.2271041870117188
54720.0,-1.2224806547164917
54725.0,-1.2597582340240479
54730.0,-1.2415943145751953
54735.0,-1.219510793685913
54740.0,-1.2443568706512451
54745.0,-1.2292728424072266
54750.0,-1.2242028713226318
54755.0,-1.2671741247177124
54760.0,-1.254738211631775
54765.0,-1.2344356775283813
54770.0,-1.2393401861190796
54775.0,-1.2100317478179932
54780.0,-1.2333552837371826
54785.0,-1.2645490169525146
54790.0,-1.2324081659317017
54795.0,-1.2449901103973389
54800.0,-1.2155898809432983
54805.0,-1.2089276313781738
54810.0,-1.2452714443206787
54815.0,-1.2449567317962646
54820.0,-1.234771966934204
54825.0,-1.2426040172576904
54830.0,-1.2181601524353027
54835.0,-1.2279194593429565
54840.0,-1.2481008768081665
54845.0,-1.243858814239502
54850.0,-1.2115854024887085
54855.0,-1.2176395654678345
54860.0,-1.2153236865997314
54865.0,-1.2293262481689453
54870.0,-1.2483314275741577
54875.0,-1.2373343706130981
54880.0,-1.228698968887329
54885.0,-1.237173080444336
54890.0,-1.2231063842773438
54895.0,-1.237442135810852
54900.0,-1.2604148387908936
54905.0,-1.2186071872711182
54910.0,-1.2261388301849365
54915.0,-1.2360376119613647
54920.0,-1.2186107635498047
54925.0,-1.263922929763794
54930.0,-1.255194902420044
54935.0,-1.2229547500610352
54940.0,-1.2290929555892944
54945.0,-1.2366995811462402
54950.0,-1.2370939254760742
54955.0,-1.255581259727478
54960.0,-1.2302463054656982
54965.0,-1.2207870483398438
54970.0,-1.2272981405258179
54975.0,-1.230041742324829
54980.0,-1.2483493089675903
54985.0,-1.2434594631195068
54990.0,-1.2155883312225342
54995.0,-1.2358806133270264
55000.0,-1.2260894775390625
55005.0,-1.2332406044006348
55010.0,-1.2553248405456543
55015.0,-1.2333492040634155
55020.0,-1.204862356185913
55025.0,-1.2481199502944946
55030.0,-1.2461278438568115
55035.0,-1.2343870401382446
55040.0,-1.244174599647522
55045.0,-1.2340223789215088
55050.0,-1.2243752479553223
55055.0,-1.2255185842514038
55060.0,-1.2586532831192017
55065.0,-1.2475504875183105
55070.0,-1.2133069038391113
55075.0,-1.2362372875213623
55080.0,-1.2170891761779785
55085.0,-1.2220234870910645
55090.0,-1.258435845375061
55095.0,-1.2392265796661377
55100.0,-1.205687403678894
55105.0,-1.245627760887146
55110.0,-1.2252033948898315
55115.0,-1.2191832065582275
55120.0,-1.2430548667907715
55125.0,-1.233709454536438
55130.0,-1.2045025825500488
55135.0,-1.2457019090652466
55140.0,-1.244832158088684
55145.0,-1.2314426898956299
55150.0,-1.2381471395492554
55155.0,-1.243708848953247
55160.0,-1.2231659889221191
55165.0,-1.2378844022750854
55170.0,-1.2525302171707153
55175.0,-1.2375797033309937
55180.0,-1.226161241531372
55185.0,-1.241631031036377
55190.0,-1.2282251119613647
55195.0,-1.2425076961517334
55200.0,-1.233682632446289
55205.0,-1.2254869937896729
55210.0,-1.2121467590332031
55215.0,-1.229679822921753
55220.0,-1.2451741695404053
55225.0,-1.229684829711914
55230.0,-1.2079298496246338
55235.0,-1.2334048748016357
55240.0,-1.2348082065582275
55245.0,-1.2187755107879639
55250.0,-1.236736536026001
55255.0,-1.239333987236023
55260.0,-1.2062947750091553
55265.0,-1.2127485275268555
55270.0,-1.2438944578170776
55275.0,-1.243851661682129
55280.0,-1.2222285270690918
55285.0,-1.2360267639160156
55290.0,-1.2288963794708252
55295.0,-1.2312554121017456
55300.0,-1.2546348571777344
55305.0,-1.2318789958953857
55310.0,-1.222765326499939
55315.0,-1.2525169849395752
55320.0,-1.228253722190857
55325.0,-1.244369626045227
55330.0,-1.262976050376892
55335.0,-1.2312941551208496
55340.0,-1.22129225730896
55345.0,-1.2323652505874634
55350.0,-1.2308778762817383
55355.0,-1.2491211891174316
55360.0,-1.2229981422424316
55365.0,-1.23222017288208
55370.0,-1.2240078449249268
55375.0,-1.2209147214889526
55380.0,-1.2520980834960938
55385.0,-1.2387709617614746
55390.0,-1.2190196514129639
55395.0,-1.2386723756790161
55400.0,-1.2258415222167969
55405.0,-1.2372863292694092
55410.0,-1.244736909866333
55415.0,-1.2193846702575684
55420.0,-1.2359358072280884
55425.0,-1.237823247909546
55430.0,-1.2364027500152588
55435.0,-1.247341275215149
55440.0,-1.2308520078659058
55445.0,-1.2404367923736572
55450.0,-1.2097293138504028
55455.0,-1.235420823097229
55460.0,-1.2586431503295898
55465.0,-1.2103285789489746
55470.0,-1.2294905185699463
55475.0,-1.2607066631317139
55480.0,-1.2159857749938965
55485.0,-1.2541065216064453
55490.0,-1.2559305429458618
55495.0,-1.225405216217041
55500.0,-1.2303578853607178
55505.0,-1.2290512323379517
55510.0,-1.2378062009811401
55515.0,-1.2415242195129395
55520.0,-1.226853370666504
55525.0,-1.2335766553878784
55530.0,-1.2249784469604492
55535.0,-1.2458995580673218
55540.0,-1.2487233877182007
55545.0,-1.2343761920928955
55550.0,-1.2314426898956299
55555.0,-1.2272917032241821
55560.0,-1.2336349487304688
55565.0,-1.2456395626068115
55570.0,-1.2485935688018799
55575.0,-1.2350857257843018
55580.0,-1.219298243522644
55585.0,-1.2389671802520752
55590.0,-1.2408244609832764
55595.0,-1.2417750358581543
55600.0,-1.234097957611084
55605.0,-1.223563551902771
55610.0,-1.2207136154174805
55615.0,-1.2483576536178589
55620.0,-1.2478125095367432
55625.0,-1.23508620262146
55630.0,-1.2351487874984741
55635.0,-1.2481093406677246
55640.0,-1.2296795845031738
55645.0,-1.2372426986694336
55650.0,-1.250898838043213
55655.0,-1.2263469696044922
55660.0,-1.2181614637374878
55665.0,-1.2298994064331055
55670.0,-1.2452564239501953
55675.0,-1.2537147998809814
55680.0,-1.2273685932159424
55685.0,-1.2315853834152222
55690.0,-1.224538803100586
55695.0,-1.2410309314727783
55700.0,-1.2467323541641235
55705.0,-1.2368874549865723
55710.0,-1.239745855331421
55715.0,-1.2389955520629883
55720.0,-1.2377833127975464
55725.0,-1.2387337684631348
55730.0,-1.2479448318481445
55735.0,-1.2431572675704956
55740.0,-1.2358417510986328
55745.0,-1.2220335006713867
55750.0,-1.2326385974884033
55755.0,-1.2468130588531494
55760.0,-1.2303216457366943
55765.0,-1.218154788017273
55770.0,-1.23189377784729
55775.0,-1.2480944395065308
55780.0,-1.236274003982544
55785.0,-1.231712818145752
55790.0,-1.2467100620269775
55795.0,-1.2495238780975342
55800.0,-1.2361688613891602
55805.0,-1.2456940412521362
55810.0,-1.249577522277832
55815.0,-1.2338329553604126
55820.0,-1.2392733097076416
55825.0,-1.2427278757095337
55830.0,-1.2456563711166382
55835.0,-1.242321252822876
55840.0,-1.2293593883514404
55845.0,-1.2203222513198853
55850.0,-1.2507635354995728
55855.0,-1.256166934967041
55860.0,-1.2218010425567627
55865.0,-1.2359282970428467
55870.0,-1.2303794622421265
55875.0,-1.2310757637023926
55880.0,-1.248770833015442
55885.0,-1.2261548042297363
55890.0,-1.2391936779022217
55895.0,-1.231745719909668
55900.0,-1.2423993349075317
55905.0,-1.25047767162323
55910.0,-1.241789698600769
55915.0,-1.2300176620483398
55920.0,-1.2437074184417725
55925.0,-1.2311784029006958
55930.0,-1.252223014831543
55935.0,-1.2502853870391846
55940.0,-1.2300992012023926
55945.0,-1.245307207107544
55950.0,-1.223043441772461
55955.0,-1.2268364429473877
55960.0,-1.2615442276000977
55965.0,-1.243619680404663
55970.0,-1.2188446521759033
55975.0,-1.2462950944900513
55980.0,-1.2268855571746826
55985.0,-1.223644733428955
55990.0,-1.26240074634552
55995.0,-1.2317514419555664
56000.0,-1.2308306694030762
56005.0,-1.2393944263458252
56010.0,-1.2133753299713135
56015.0,-1.2453752756118774
56020.0,-1.2449140548706055
56025.0,-1.2082178592681885
56030.0,-1.2569266557693481
56035.0,-1.2187763452529907
56040.0,-1.2189861536026
56045.0,-1.264091968536377
56050.0,-1.233252763748169
56055.0,-1.2173254489898682
56060.0,-1.2497353553771973
56065.0,-1.2214107513427734
56070.0,-1.235376000404358
56075.0,-1.2497198581695557
56080.0,-1.214988350868225
56085.0,-1.2278783321380615
56090.0,-1.2301419973373413
56095.0,-1.2295453548431396
56100.0,-1.2525157928466797
56105.0,-1.2251830101013184
56110.0,-1.2344245910644531
56115.0,-1.2267664670944214
56120.0,-1.2346436977386475
56125.0,-1.249159336090088
56130.0,-1.2230324745178223
56135.0,-1.22102952003479
56140.0,-1.2391257286071777
56145.0,-1.2215179204940796
56150.0,-1.238492727279663
56155.0,-1.2441067695617676
56160.0,-1.2193844318389893
56165.0,-1.2306175231933594
56170.0,-1.2357573509216309
56175.0,-1.229367971420288
56180.0,-1.2282195091247559
56185.0,-1.2341763973236084
56190.0,-1.2316664457321167
56195.0,-1.2267495393753052
56200.0,-1.2446503639221191
56205.0,-1.2297301292419434
56210.0,-1.2379751205444336
56215.0,-1.2357732057571411
56220.0,-1.211292028427124
56225.0,-1.2414984703063965
56230.0,-1.245201826095581
56235.0,-1.2075982093811035
56240.0,-1.2441227436065674
56245.0,-1.2343249320983887
56250.0,-1.2342665195465088
56255.0,-1.2343873977661133
56260.0,-1.2457191944122314
56265.0,-1.236138105392456
56270.0,-1.233820915222168
56275.0,-1.224696159362793
56280.0,-1.2591798305511475
56285.0,-1.2250913381576538
56290.0,-1.217461109161377
56295.0,-1.2126432657241821
56300.0,-1.2255913019180298
56305.0,-1.2407283782958984
56310.0,-1.2348217964172363
56315.0,-1.2229901552200317
56320.0,-1.2396578788757324
56325.0,-1.2237529754638672
56330.0,-1.2382620573043823
56335.0,-1.253768801689148
56340.0,-1.2327160835266113
56345.0,-1.2229262590408325
56350.0,-1.234937071800232
56355.0,-1.2391606569290161
56360.0,-1.250265121459961
56365.0,-1.2560842037200928
56370.0,-1.2238993644714355
56375.0,-1.2402102947235107
56380.0,-1.221269130706787
56385.0,-1.235023856163025
56390.0,-1.2624186277389526
56395.0,-1.2241401672363281
56400.0,-1.2329264879226685
56405.0,-1.232330560684204
56410.0,-1.2214605808258057
56415.0,-1.2355283498764038
56420.0,-1.248063564300537
56425.0,-1.2164095640182495
56430.0,-1.2390104532241821
56435.0,-1.2137727737426758
56440.0,-1.230252742767334
56445.0,-1.2390289306640625
56450.0,-1.2397977113723755
56455.0,-1.2197104692459106
56460.0,-1.2320561408996582
56465.0,-1.2309062480926514
56470.0,-1.2202229499816895
56475.0,-1.2356431484222412
56480.0,-1.226503849029541
56485.0,-1.2141704559326172
56490.0,-1.2373104095458984
56495.0,-1.2268590927124023
56500.0,-1.245834469795227
56505.0,-1.2383350133895874
56510.0,-1.2314554452896118
56515.0,-1.2418768405914307
56520.0,-1.228626012802124
56525.0,-1.236415147781372
56530.0,-1.2645924091339111
56535.0,-1.2178202867507935
56540.0,-1.2457406520843506
56545.0,-1.2217295169830322
56550.0,-1.221024990081787
56555.0,-1.2626919746398926
56560.0,-1.2165310382843018
56565.0,-1.2329907417297363
56570.0,-1.2432997226715088
56575.0,-1.2223386764526367
56580.0,-1.2464103698730469
56585.0,-1.254569411277771
56590.0,-1.2234737873077393
56595.0,-1.2359638214111328
56600.0,-1.236268162727356
56605.0,-1.2352354526519775
56610.0,-1.2588878870010376
56615.0,-1.2308690547943115
56620.0,-1.238131046295166
56625.0,-1.2176419496536255
56630.0,-1.238643765449524
56635.0,-1.2385454177856445
56640.0,-1.230505347251892
56645.0,-1.2265968322753906
56650.0,-1.2448660135269165
56655.0,-1.2121740579605103
56660.0,-1.2357289791107178
56665.0,-1.2575995922088623
56670.0,-1.205086588859558
56675.0,-1.231786847114563
56680.0,-1.2426536083221436
56685.0,-1.2142422199249268
56690.0,-1.249577283859253
56695.0,-1.246664047241211
56700.0,-1.2041573524475098
56705.0,-1.2372106313705444
56710.0,-1.2316031455993652
56715.0,-1.221755027770996
56720.0,-1.2435835599899292
56725.0,-1.230813980102539
56730.0,-1.2377638816833496
56735.0,-1.2251317501068115
56740.0,-1.2381012439727783
56745.0,-1.241477131843567
56750.0,-1.2198011875152588
56755.0,-1.239150047302246
56760.0,-1.2329481840133667
56765.0,-1.2243454456329346
56770.0,-1.254847526550293
56775.0,-1.2240453958511353
56780.0,-1.228599190711975
56785.0,-1.2492812871932983
56790.0,-1.2273074388504028
56795.0,-1.2381770610809326
56800.0,-1.246092677116394
56805.0,-1.237464427947998
56810.0,-1.2135663032531738
56815.0,-1.2460261583328247
56820.0,-1.2422494888305664
56825.0,-1.219114899635315
56830.0,-1.2335450649261475
56835.0,-1.2188985347747803
56840.0,-1.2365509271621704
56845.0,-1.240504503250122
56850.0,-1.213718295097351
56855.0,-1.232698917388916
56860.0,-1.2445464134216309
56865.0,-1.2050241231918335
56870.0,-1.2460007667541504
56875.0,-1.2285900115966797
56880.0,-1.221536636352539
56885.0,-1.2302772998809814
56890.0,-1.2312164306640625
56895.0,-1.2394437789916992
56900.0,-1.235793113708496
56905.0,-1.2264734506607056
56910.0,-1.2353367805480957
56915.0,-1.2444744110107422
56920.0,-1.2236944437026978
56925.0,-1.2312202453613281
56930.0,-1.2539973258972168
56935.0,-1.2255747318267822
56940.0,-1.2101131677627563
56945.0,-1.2575985193252563
56950.0,-1.2183629274368286
56955.0,-1.2209696769714355
56960.0,-1.2332186698913574
56965.0,-1.2277635335922241
56970.0,-1.2438095808029175
56975.0,-1.2341177463531494
56980.0,-1.2310937643051147
56985.0,-1.2397561073303223
56990.0,-1.2156949043273926
56995.0,-1.2296528816223145
57000.0,-1.261102557182312
57005.0,-1.2251918315887451
57010.0,-1.2292520999908447
57015.0,-1.2226450443267822
57020.0,-1.216549038887024
57025.0,-1.2461236715316772
57030.0,-1.2352933883666992
57035.0,-1.2201921939849854
57040.0,-1.2427586317062378
57045.0,-1.2121376991271973
57050.0,-1.2380799055099487
57055.0,-1.2488982677459717
57060.0,-1.217064619064331
57065.0,-1.2401251792907715
57070.0,-1.2300879955291748
57075.0,-1.2253918647766113
57080.0,-1.2542579174041748
57085.0,-1.2246439456939697
57090.0,-1.2338781356811523
57095.0,-1.237623691558838
57100.0,-1.2120424509048462
57105.0,-1.2378597259521484
57110.0,-1.2619515657424927
57115.0,-1.2072781324386597
57120.0,-1.2317543029785156
57125.0,-1.2342724800109863
57130.0,-1.2190814018249512
57135.0,-1.2403734922409058
57140.0,-1.233367681503296
57145.0,-1.2281298637390137
57150.0,-1.2289116382598877
57155.0,-1.218921184539795
57160.0,-1.2436854839324951
57165.0,-1.2444028854370117
57170.0,-1.2213760614395142
57175.0,-1.241417407989502
57180.0,-1.2268803119659424
57185.0,-1.2377692461013794
57190.0,-1.2617499828338623
57195.0,-1.2358063459396362
57200.0,-1.2260313034057617
57205.0,-1.2364274263381958
57210.0,-1.2165532112121582
57215.0,-1.233547568321228
57220.0,-1.2583065032958984
57225.0,-1.219413161277771
57230.0,-1.2281019687652588
57235.0,-1.2351047992706299
57240.0,-1.2364585399627686
57245.0,-1.2385194301605225
57250.0,-1.2391085624694824
57255.0,-1.2297197580337524
57260.0,-1.2427953481674194
57265.0,-1.209779143333435
57270.0,-1.2418866157531738
57275.0,-1.2548339366912842
57280.0,-1.208530306816101
57285.0,-1.2369921207427979
57290.0,-1.2263507843017578
57295.0,-1.2228254079818726
57300.0,-1.2447494268417358
57305.0,-1.239054799079895
57310.0,-1.2208445072174072
57315.0,-1.2395634651184082
57320.0,-1.2110731601715088
57325.0,-1.2273013591766357
57330.0,-1.2496222257614136
57335.0,-1.2300282716751099
57340.0,-1.2152987718582153
57345.0,-1.2399873733520508
57350.0,-1.219458818435669
57355.0,-1.2251874208450317
57360.0,-1.2461265325546265
57365.0,-1.2414249181747437
57370.0,-1.2134950160980225
57375.0,-1.2469435930252075
57380.0,-1.2524625062942505
57385.0,-1.2176690101623535
57390.0,-1.2424359321594238
57395.0,-1.2223405838012695
57400.0,-1.234283447265625
57405.0,-1.250130295753479
57410.0,-1.2359364032745361
57415.0,-1.2411826848983765
57420.0,-1.2260847091674805
57425.0,-1.2246569395065308
57430.0,-1.2499831914901733
57435.0,-1.2480745315551758
57440.0,-1.2175588607788086
57445.0,-1.257956624031067
57450.0,-1.218207597732544
57455.0,-1.2216359376907349
57460.0,-1.2596445083618164
57465.0,-1.2274152040481567
57470.0,-1.202211856842041
57475.0,-1.2449368238449097
57480.0,-1.240569829940796
57485.0,-1.2190814018249512
57490.0,-1.259277582168579
57495.0,-1.2242693901062012
57500.0,-1.2125484943389893
57505.0,-1.2395944595336914
57510.0,-1.227531909942627
57515.0,-1.224514365196228
57520.0,-1.235626459121704
57525.0,-1.2226231098175049
57530.0,-1.2214043140411377
57535.0,-1.2475063800811768
57540.0,-1.2359037399291992
57545.0,-1.227235198020935
57550.0,-1.243930459022522
57555.0,-1.2334389686584473
57560.0,-1.223831057548523
57565.0,-1.265291690826416
57570.0,-1.23955237865448
57575.0,-1.211206316947937
57580.0,-1.2504442930221558
57585.0,-1.2205283641815186
57590.0,-1.2286522388458252
57595.0,-1.2471563816070557
57600.0,-1.220116376876831
57605.0,-1.225082278251648
57610.0,-1.2283146381378174
57615.0,-1.2414387464523315
57620.0,-1.2334511280059814
57625.0,-1.2249176502227783
57630.0,-1.2386771440505981
57635.0,-1.2382956743240356
57640.0,-1.2239599227905273
57645.0,-1.2538937330245972
57650.0,-1.2220499515533447
57655.0,-1.2323780059814453
57660.0,-1.217407464981079
57665.0,-1.2317737340927124
57670.0,-1.2448844909667969
57675.0,-1.216019630432129
57680.0,-1.223318099975586
57685.0,-1.2369110584259033
57690.0,-1.2181931734085083
57695.0,-1.25272798538208
57700.0,-1.2294334173202515
57705.0,-1.2148090600967407
57710.0,-1.251466989517212
57715.0,-1.223645567893982
57720.0,-1.2346220016479492
57725.0,-1.2654616832733154
57730.0,-1.2325100898742676
57735.0,-1.2390905618667603
57740.0,-1.2262324094772339
57745.0,-1.2491176128387451
57750.0,-1.244471549987793
57755.0,-1.2117156982421875
57760.0,-1.2405720949172974
57765.0,-1.222132921218872
57770.0,-1.2214899063110352
57775.0,-1.259253740310669
57780.0,-1.2247140407562256
57785.0,-1.2236721515655518
57790.0,-1.245927095413208
57795.0,-1.2299230098724365
57800.0,-1.2382279634475708
57805.0,-1.2547311782836914
57810.0,-1.2164137363433838
57815.0,-1.2414031028747559
57820.0,-1.2361831665039062
57825.0,-1.240768551826477
57830.0,-1.2501202821731567
57835.0,-1.234664797782898
57840.0,-1.2331945896148682
57845.0,-1.2333570718765259
57850.0,-1.2350267171859741
57855.0,-1.2535483837127686
57860.0,-1.2381110191345215
57865.0,-1.2199541330337524
57870.0,-1.235598087310791
57875.0,-1.2222586870193481
57880.0,-1.2206981182098389
57885.0,-1.2615987062454224
57890.0,-1.2321577072143555
57895.0,-1.2261629104614258
57900.0,-1.2332528829574585
57905.0,-1.2234084606170654
57910.0,-1.2367717027664185
57915.0,-1.230221152305603
57920.0,-1.2240214347839355
57925.0,-1.2410764694213867
57930.0,-1.2431989908218384
57935.0,-1.2366032600402832
57940.0,-1.2536695003509521
57945.0,-1.239063024520874
57950.0,-1.2193355560302734
57955.0,-1.2252795696258545
57960.0,-1.23337721824646
57965.0,-1.2441396713256836
57970.0,-1.2111737728118896
57975.0,-1.222686767578125
57980.0,-1.2381649017333984
57985.0,-1.2338311672210693
57990.0,-1.2278473377227783
57995.0,-1.2491893768310547
58000.0,-1.2291133403778076
58005.0,-1.2225526571273804
58010.0,-1.2407416105270386
58015.0,-1.2485160827636719
58020.0,-1.2350715398788452
58025.0,-1.2249521017074585
58030.0,-1.244153380393982
58035.0,-1.2184467315673828
58040.0,-1.235514521598816
58045.0,-1.2462286949157715
58050.0,-1.2209407091140747
58055.0,-1.226208209991455
58060.0,-1.225224494934082
58065.0,-1.2265477180480957
58070.0,-1.241335391998291
58075.0,-1.238316297531128
58080.0,-1.2158246040344238
58085.0,-1.2387577295303345
58090.0,-1.2274062633514404
58095.0,-1.2259910106658936
58100.0,-1.2413489818572998
58105.0,-1.2375710010528564
58110.0,-1.234114170074463
58115.0,-1.2217037677764893
58120.0,-1.2225037813186646
58125.0,-1.2414004802703857
58130.0,-1.2442597150802612
58135.0,-1.2153257131576538
58140.0,-1.244236946105957
58145.0,-1.2274746894836426
58150.0,-1.2372548580169678
58155.0,-1.2462421655654907
58160.0,-1.234663724899292
58165.0,-1.233901858329773
58170.0,-1.2390224933624268
58175.0,-1.2182235717773438
58180.0,-1.2494752407073975
58185.0,-1.2396827936172485
58190.0,-1.2246208190917969
58195.0,-1.2299671173095703
58200.0,-1.2038919925689697
58205.0,-1.2424424886703491
58210.0,-1.2434430122375488
58215.0,-1.1985304355621338
58220.0,-1.2536476850509644
58225.0,-1.2287625074386597
58230.0,-1.2187116146087646
58235.0,-1.2575960159301758
58240.0,-1.2398581504821777
58245.0,-1.2240480184555054
58250.0,-1.2477850914001465
58255.0,-1.2305052280426025
58260.0,-1.2385576963424683
58265.0,-1.2579870223999023
58270.0,-1.22458016872406
58275.0,-1.237961769104004
58280.0,-1.2414772510528564
58285.0,-1.2336688041687012
58290.0,-1.2405033111572266
58295.0,-1.2525714635849
58300.0,-1.2213646173477173
58305.0,-1.2213983535766602
58310.0,-1.2284516096115112
58315.0,-1.2470701932907104
58320.0,-1.2320528030395508
58325.0,-1.2187309265136719
58330.0,-1.2508665323257446
58335.0,-1.2374457120895386
58340.0,-1.2317596673965454
58345.0,-1.2389492988586426
58350.0,-1.2392573356628418
58355.0,-1.2252129316329956
58360.0,-1.2231872081756592
58365.0,-1.2420988082885742
58370.0,-1.245319128036499
58375.0,-1.218956708908081
58380.0,-1.2338838577270508
58385.0,-1.2415351867675781
58390.0,-1.2344233989715576
58395.0,-1.233352541923523
58400.0,-1.2401607036590576
58405.0,-1.2295666933059692
58410.0,-1.2238857746124268
58415.0,-1.2449451684951782
58420.0,-1.2348511219024658
58425.0,-1.2138726711273193
58430.0,-1.24492609500885
58435.0,-1.2286157608032227
58440.0,-1.2254936695098877
58445.0,-1.2530802488327026
58450.0,-1.2241308689117432
58455.0,-1.2198443412780762
58460.0,-1.2547738552093506
58465.0,-1.2229561805725098
58470.0,-1.2447619438171387
58475.0,-1.2707630395889282
58480.0,-1.2049956321716309
58485.0,-1.244225263595581
58490.0,-1.2519726753234863
58495.0,-1.2115360498428345
58500.0,-1.2616087198257446
58505.0,-1.237159013748169
58510.0,-1.2300153970718384
58515.0,-1.2321457862854004
58520.0,-1.2156583070755005
58525.0,-1.2498202323913574
58530.0,-1.2442457675933838
58535.0,-1.2095357179641724
58540.0,-1.2498252391815186
58545.0,-1.2285724878311157
58550.0,-1.2131644487380981
58555.0,-1.2528388500213623
58560.0,-1.2310863733291626
58565.0,-1.193849802017212
58570.0,-1.2531540393829346
58575.0,-1.2391259670257568
58580.0,-1.2197191715240479
58585.0,-1.2563390731811523
58590.0,-1.2479082345962524
58595.0,-1.22505784034729
58600.0,-1.2543039321899414
58605.0,-1.2479987144470215
58610.0,-1.2347931861877441
58615.0,-1.230459213256836
58620.0,-1.2173703908920288
58625.0,-1.2224571704864502
58630.0,-1.2532577514648438
58635.0,-1.2271013259887695
58640.0,-1.2274389266967773
58645.0,-1.2418899536132812
58650.0,-1.232074499130249
58655.0,-1.2308772802352905
58660.0,-1.2605903148651123
58665.0,-1.2350038290023804
58670.0,-1.2310465574264526
58675.0,-1.2098174095153809
58680.0,-1.2417691946029663
58685.0,-1.2469463348388672
58690.0,-1.221756935119629
58695.0,-1.2399629354476929
58700.0,-1.2339997291564941
58705.0,-1.221191167831421
58710.0,-1.2549829483032227
58715.0,-1.2361726760864258
58720.0,-1.215254783630371
58725.0,-1.247215747833252
58730.0,-1.2133978605270386
58735.0,-1.24043869972229
58740.0,-1.254883885383606
58745.0,-1.2205455303192139
58750.0,-1.2344938516616821
58755.0,-1.2316408157348633
58760.0,-1.2302558422088623
58765.0,-1.2376134395599365
58770.0,-1.2381622791290283
58775.0,-1.230016827583313
58780.0,-1.2471513748168945
58785.0,-1.2139126062393188
58790.0,-1.2427706718444824
58795.0,-1.2600128650665283
58800.0,-1.2103993892669678
58805.0,-1.2366305589675903
58810.0,-1.2286717891693115
58815.0,-1.2321317195892334
58820.0,-1.2501640319824219
58825.0,-1.2245290279388428
58830.0,-1.2376148700714111
58835.0,-1.2335655689239502
58840.0,-1.2269625663757324
58845.0,-1.2386260032653809
58850.0,-1.2439658641815186
58855.0,-1.2275803089141846
58860.0,-1.235505223274231
58865.0,-1.2283759117126465
58870.0,-1.2460565567016602
58875.0,-1.2424571514129639
58880.0,-1.227862000465393
58885.0,-1.2533276081085205
58890.0,-1.2188303470611572
58895.0,-1.2375757694244385
58900.0,-1.2635891437530518
58905.0,-1.2181556224822998
58910.0,-1.2379798889160156
58915.0,-1.235319972038269
58920.0,-1.2365790605545044
58925.0,-1.2346285581588745
58930.0,-1.241476058959961
58935.0,-1.2321535348892212
58940.0,-1.235001802444458
58945.0,-1.2408026456832886
58950.0,-1.247916340827942
58955.0,-1.2242059707641602
58960.0,-1.219724178314209
58965.0,-1.2377818822860718
58970.0,-1.2286245822906494
58975.0,-1.2345227003097534
58980.0,-1.2422250509262085
58985.0,-1.234721064567566
58990.0,-1.2314167022705078
58995.0,-1.2291653156280518
59000.0,-1.2317934036254883
59005.0,-1.2356128692626953
59010.0,-1.2188761234283447
59015.0,-1.229212999343872
59020.0,-1.230431079864502
59025.0,-1.2379775047302246
59030.0,-1.2462475299835205
59035.0,-1.2190275192260742
59040.0,-1.2453179359436035
59045.0,-1.2363613843917847
59050.0,-1.2252757549285889
59055.0,-1.2333062887191772
59060.0,-1.2417305707931519
59065.0,-1.2174538373947144
59070.0,-1.2188687324523926
59075.0,-1.2552452087402344
59080.0,-1.238893747329712
59085.0,-1.215922474861145
59090.0,-1.2458443641662598
59095.0,-1.239782452583313
59100.0,-1.2008050680160522
59105.0,-1.2515575885772705
59110.0,-1.240234136581421
59115.0,-1.207795262336731
59120.0,-1.2469966411590576
59125.0,-1.2443103790283203
59130.0,-1.225975513458252
59135.0,-1.2452359199523926
59140.0,-1.232908010482788
59145.0,-1.2290759086608887
59150.0,-1.2238714694976807
59155.0,-1.2512019872665405
59160.0,-1.2273619174957275
59165.0,-1.226151704788208
59170.0,-1.237127423286438
59175.0,-1.2173490524291992
59180.0,-1.2479609251022339
59185.0,-1.2430026531219482
59190.0,-1.2139185667037964
59195.0,-1.2411469221115112
59200.0,-1.2411190271377563
59205.0,-1.2237377166748047
59210.0,-1.2492132186889648
59215.0,-1.2381528615951538
59220.0,-1.22605299949646
59225.0,-1.2383990287780762
59230.0,-1.2308197021484375
59235.0,-1.243079662322998
59240.0,-1.2489080429077148
59245.0,-1.2187352180480957
59250.0,-1.2363741397857666
59255.0,-1.2309385538101196
59260.0,-1.2319493293762207
59265.0,-1.2464392185211182
59270.0,-1.236814022064209
59275.0,-1.2224271297454834
59280.0,-1.2288501262664795
59285.0,-1.2262296676635742
59290.0,-1.2387655973434448
59295.0,-1.23090398311615
59300.0,-1.2216122150421143
59305.0,-1.2311707735061646
59310.0,-1.224831223487854
59315.0,-1.2421811819076538
59320.0,-1.2281830310821533
59325.0,-1.2366390228271484
59330.0,-1.224131464958191
59335.0,-1.2348352670669556
59340.0,-1.2417975664138794
59345.0,-1.2360305786132812
59350.0,-1.2292262315750122
59355.0,-1.2471778392791748
59360.0,-1.2204197645187378
59365.0,-1.2303035259246826
59370.0,-1.2470190525054932
59375.0,-1.2205946445465088
59380.0,-1.2232153415679932
59385.0,-1.2260079383850098
59390.0,-1.231201171875
59395.0,-1.2460490465164185
59400.0,-1.2341394424438477
59405.0,-1.2300679683685303
59410.0,-1.239902138710022
59415.0,-1.224169373512268
59420.0,-1.2408186197280884
59425.0,-1.2660572528839111
59430.0,-1.217031478881836
59435.0,-1.2376973628997803
59440.0,-1.222113847732544
59445.0,-1.2123922109603882
59450.0,-1.2395918369293213
59455.0,-1.2346267700195312
59460.0,-1.2163488864898682
59465.0,-1.232503056526184
59470.0,-1.2331204414367676
59475.0,-1.2332770824432373
59480.0,-1.2342543601989746
59485.0,-1.230428695678711
59490.0,-1.2341002225875854
59495.0,-1.2215614318847656
59500.0,-1.2385740280151367
59505.0,-1.2385503053665161
59510.0,-1.2153830528259277
59515.0,-1.251111626625061
59520.0,-1.216520071029663
59525.0,-1.2335492372512817
59530.0,-1.24693763256073
59535.0,-1.2281662225723267
59540.0,-1.2257583141326904
59545.0,-1.2491672039031982
59550.0,-1.2136166095733643
59555.0,-1.251612901687622
59560.0,-1.2517383098602295
59565.0,-1.2193326950073242
59570.0,-1.230498194694519
59575.0,-1.2220137119293213
59580.0,-1.245837688446045
59585.0,-1.2418897151947021
59590.0,-1.2164162397384644
59595.0,-1.2394968271255493
59600.0,-1.2227078676223755
59605.0,-1.2368520498275757
59610.0,-1.2382893562316895
59615.0,-1.233551263809204
59620.0,-1.2212963104248047
59625.0,-1.2242953777313232
59630.0,-1.2413923740386963
59635.0,-1.2487285137176514
59640.0,-1.2177131175994873
59645.0,-1.2489283084869385
59650.0,-1.2314015626907349
59655.0,-1.2270386219024658
59660.0,-1.2523696422576904
59665.0,-1.2337394952774048
59670.0,-1.2298388481140137
59675.0,-1.2405447959899902
59680.0,-1.2185449600219727
59685.0,-1.25713050365448
59690.0,-1.2402111291885376
59695.0,-1.2151185274124146
59700.0,-1.2565702199935913
59705.0,-1.2178349494934082
59710.0,-1.2240928411483765
59715.0,-1.2735843658447266
59720.0,-1.214965581893921
59725.0,-1.2288870811462402
59730.0,-1.2515895366668701
59735.0,-1.2111554145812988
59740.0,-1.2453341484069824
59745.0,-1.2587722539901733
59750.0,-1.2055670022964478
59755.0,-1.2521002292633057
59760.0,-1.2171324491500854
59765.0,-1.2263263463974
59770.0,-1.2626960277557373
59775.0,-1.2186888456344604
59780.0,-1.2198930978775024
59785.0,-1.2505944967269897
59790.0,-1.2246373891830444
59795.0,-1.2331922054290771
59800.0,-1.2594401836395264
59805.0,-1.2287486791610718
59810.0,-1.229996919631958
59815.0,-1.2264865636825562
59820.0,-1.2385941743850708
59825.0,-1.24589204788208
59830.0,-1.2221484184265137
59835.0,-1.2098840475082397
59840.0,-1.2170932292938232
59845.0,-1.2345739603042603
59850.0,-1.2129063606262207
59855.0,-1.253082513809204
59860.0,-1.2416547536849976
59865.0,-1.2301759719848633
59870.0,-1.2398087978363037
59875.0,-1.2453354597091675
59880.0,-1.234291434288025
59885.0,-1.2454442977905273
59890.0,-1.2385501861572266
59895.0,-1.2281181812286377
59900.0,-1.2204691171646118
59905.0,-1.237591028213501
59910.0,-1.2381393909454346
59915.0,-1.195382833480835
59920.0,-1.2471610307693481
59925.0,-1.2475864887237549
59930.0,-1.2155989408493042
59935.0,-1.229399561882019
59940.0,-1.2380998134613037
59945.0,-1.2188599109649658
59950.0,-1.2419705390930176
59955.0,-1.2467944622039795
59960.0,-1.2265061140060425
59965.0,-1.23858642578125
59970.0,-1.2153983116149902
59975.0,-1.2388708591461182
59980.0,-1.2421836853027344
59985.0,-1.214791178703308
59990.0,-1.2423875331878662
59995.0,-1.2406232357025146
60000.0,-1.2173997163772583
60005.0,-1.2529399394989014
60010.0,-1.2548902034759521
60015.0,-1.2096911668777466
60020.0,-1.2548168897628784
60025.0,-1.2344619035720825
60030.0,-1.2443643808364868
60035.0,-1.2527819871902466
60040.0,-1.2375502586364746
60045.0,-1.2216399908065796
60050.0,-1.2245286703109741
60055.0,-1.2303860187530518
60060.0,-1.2381513118743896
60065.0,-1.245445966720581
60070.0,-1.2281928062438965
60075.0,-1.243217945098877
60080.0,-1.2218718528747559
60085.0,-1.2496789693832397
60090.0,-1.2378191947937012
60095.0,-1.2383620738983154
60100.0,-1.2362897396087646
60105.0,-1.2243742942810059
60110.0,-1.2220772504806519
60115.0,-1.2420661449432373
60120.0,-1.2279326915740967
60125.0,-1.2196376323699951
60130.0,-1.2327396869659424
60135.0,-1.2041122913360596
60140.0,-1.2343453168869019
60145.0,-1.2351696491241455
60150.0,-1.213886022567749
60155.0,-1.2402434349060059
60160.0,-1.2298014163970947
60165.0,-1.2064189910888672
60170.0,-1.2484184503555298
60175.0,-1.2407805919647217
60180.0,-1.2172348499298096
60185.0,-1.248889684677124
60190.0,-1.214811086654663
60195.0,-1.234929084777832
60200.0,-1.2441208362579346
60205.0,-1.2184116840362549
60210.0,-1.2251274585723877
60215.0,-1.2212071418762207
60220.0,-1.2203369140625
60225.0,-1.2480603456497192
60230.0,-1.2258996963500977
60235.0,-1.2211072444915771
60240.0,-1.2396559715270996
60245.0,-1.2177839279174805
60250.0,-1.2382497787475586
60255.0,-1.2521806955337524
60260.0,-1.215925931930542
60265.0,-1.2329084873199463
60270.0,-1.229371428489685
60275.0,-1.2268321514129639
60280.0,-1.2512500286102295
60285.0,-1.235457181930542
60290.0,-1.2350327968597412
60295.0,-1.2463386058807373
60300.0,-1.2277964353561401
60305.0,-1.2434632778167725
60310.0,-1.2433137893676758
60315.0,-1.219354510307312
60320.0,-1.224836826324463
60325.0,-1.201650857925415
60330.0,-1.2367382049560547
60335.0,-1.2452067136764526
60340.0,-1.2442256212234497
60345.0,-1.2426902055740356
60350.0,-1.2276697158813477
60355.0,-1.2226543426513672
60360.0,-1.2487685680389404
60365.0,-1.2218940258026123
60370.0,-1.2431106567382812
60375.0,-1.2410694360733032
60380.0,-1.2089749574661255
60385.0,-1.2080624103546143
60390.0,-1.2348885536193848
60395.0,-1.239033579826355
60400.0,-1.2454732656478882
60405.0,-1.2230304479599
60410.0,-1.225398302078247
60415.0,-1.2292362451553345
60420.0,-1.2324202060699463
60425.0,-1.237553358078003
60430.0,-1.2196934223175049
60435.0,-1.2326527833938599
60440.0,-1.2371504306793213
60445.0,-1.21518874168396
60450.0,-1.2435662746429443
60455.0,-1.2344675064086914
60460.0,-1.2269001007080078
60465.0,-1.2233421802520752
60470.0,-1.2354642152786255
60475.0,-1.2385820150375366
60480.0,-1.2466511726379395
60485.0,-1.232574224472046
60490.0,-1.2436326742172241
60495.0,-1.2289924621582031
60500.0,-1.2438563108444214
60505.0,-1.2629705667495728
60510.0,-1.224238634109497
60515.0,-1.22515869140625
60520.0,-1.2158656120300293
60525.0,-1.224961280822754
60530.0,-1.2430192232131958
60535.0,-1.230649709701538
60540.0,-1.2412546873092651
60545.0,-1.2303786277770996
60550.0,-1.2201772928237915
60555.0,-1.2446818351745605
60560.0,-1.2434276342391968
60565.0,-1.2330303192138672
60570.0,-1.2329611778259277
60575.0,-1.2279975414276123
60580.0,-1.2464454174041748
60585.0,-1.2338650226593018
60590.0,-1.2314066886901855
60595.0,-1.233215093612671
60600.0,-1.2222079038619995
60605.0,-1.2336028814315796
60610.0,-1.250213861465454
60615.0,-1.2384791374206543
60620.0,-1.237176775932312
60625.0,-1.236183524131775
60630.0,-1.2361167669296265
60635.0,-1.234661340713501
60640.0,-1.2247214317321777
60645.0,-1.2348883152008057
60650.0,-1.2345571517944336
60655.0,-1.2462027072906494
60660.0,-1.2158362865447998
60665.0,-1.2336034774780273
60670.0,-1.2430968284606934
60675.0,-1.2261857986450195
60680.0,-1.2498204708099365
60685.0,-1.2505197525024414
60690.0,-1.2173963785171509
60695.0,-1.2350612878799438
60700.0,-1.2390313148498535
60705.0,-1.2391318082809448
60710.0,-1.2401978969573975
60715.0,-1.2236454486846924
60720.0,-1.2298601865768433
60725.0,-1.2052500247955322
60730.0,-1.2630807161331177
60735.0,-1.2196292877197266
60740.0,-1.207702875137329
60745.0,-1.2507083415985107
60750.0,-1.2072815895080566
60755.0,-1.2241781949996948
60760.0,-1.2621715068817139
60765.0,-1.216142177581787
60770.0,-1.2204697132110596
60775.0,-1.255916953086853
60780.0,-1.2302069664001465
60785.0,-1.2470535039901733
60790.0,-1.2318835258483887
60795.0,-1.2262831926345825
60800.0,-1.2350146770477295
60805.0,-1.2463479042053223
60810.0,-1.2530510425567627
60815.0,-1.2370212078094482
60820.0,-1.2311817407608032
60825.0,-1.2186052799224854
60830.0,-1.2310144901275635
60835.0,-1.2529346942901611
60840.0,-1.244369626045227
60845.0,-1.2179603576660156
60850.0,-1.2293034791946411
60855.0,-1.2171999216079712
60860.0,-1.2313491106033325
60865.0,-1.240919828414917
60870.0,-1.2209285497665405
60875.0,-1.2154514789581299
60880.0,-1.2411726713180542
60885.0,-1.2439875602722168
60890.0,-1.2195215225219727
60895.0,-1.2409112453460693
60900.0,-1.2530505657196045
60905.0,-1.2017441987991333
60910.0,-1.232236623764038
60915.0,-1.2647515535354614
60920.0,-1.225950002670288
60925.0,-1.2190821170806885
60930.0,-1.247667670249939
60935.0,-1.2260648012161255
60940.0,-1.2403380870819092
60945.0,-1.1890041828155518
60950.0,-1.2305349111557007
60955.0,-1.23345947265625
60960.0,-1.2252838611602783
60965.0,-1.2378242015838623
60970.0,-1.2279436588287354
60975.0,-1.198933720588684
60980.0,-1.2222248315811157
60985.0,-1.2489819526672363
60990.0,-1.230224847793579
60995.0,-1.2362797260284424
61000.0,-1.2429156303405762
61005.0,-1.2188962697982788
61010.0,-1.2354068756103516
61015.0,-1.2489655017852783
61020.0,-1.2382866144180298
61025.0,-1.222946047782898
61030.0,-1.244006872177124
61035.0,-1.224639654159546
61040.0,-1.2480212450027466
61045.0,-1.2315089702606201
61050.0,-1.2146073579788208
61055.0,-1.2338225841522217
61060.0,-1.2257964611053467
61065.0,-1.2437185049057007
61070.0,-1.2424216270446777
61075.0,-1.231898546218872
61080.0,-1.2180049419403076
61085.0,-1.2332524061203003
61090.0,-1.237317681312561
61095.0,-1.2421562671661377
61100.0,-1.2310212850570679
61105.0,-1.245713710784912
61110.0,-1.2275751829147339
61115.0,-1.241809606552124
61120.0,-1.2501533031463623
61125.0,-1.2371867895126343
61130.0,-1.2322092056274414
61135.0,-1.2188459634780884
61140.0,-1.2330348491668701
61145.0,-1.2521830797195435
61150.0,-1.2404228448867798
61155.0,-1.2165427207946777
61160.0,-1.2592335939407349
61165.0,-1.2247987985610962
61170.0,-1.2360129356384277
61175.0,-1.2577605247497559
61180.0,-1.240020990371704
61185.0,-1.2120635509490967
61190.0,-1.243127703666687
61195.0,-1.2292122840881348
61200.0,-1.2403695583343506
61205.0,-1.234302282333374
61210.0,-1.22195303440094
61215.0,-1.2235908508300781
61220.0,-1.2330089807510376
61225.0,-1.225731372833252
61230.0,-1.2367658615112305
61235.0,-1.2285263538360596
61240.0,-1.222887396812439
61245.0,-1.2377601861953735
61250.0,-1.2304000854492188
61255.0,-1.2263188362121582
61260.0,-1.2279629707336426
61265.0,-1.2404731512069702
61270.0,-1.2278341054916382
61275.0,-1.2351629734039307
61280.0,-1.2311673164367676
61285.0,-1.2322921752929688
61290.0,-1.222213625907898
61295.0,-1.2419018745422363
61300.0,-1.2567410469055176
61305.0,-1.226891279220581
61310.0,-1.2339401245117188
61315.0,-1.243897795677185
61320.0,-1.2192059755325317
61325.0,-1.2437710762023926
61330.0,-1.2483441829681396
61335.0,-1.2414395809173584
61340.0,-1.2021615505218506
61345.0,-1.2340635061264038
61350.0,-1.235931396484375
61355.0,-1.2028138637542725
61360.0,-1.2540502548217773
61365.0,-1.2395515441894531
61370.0,-1.2289836406707764
61375.0,-1.221283197402954
61380.0,-1.225028395652771
61385.0,-1.231456995010376
61390.0,-1.2381248474121094
61395.0,-1.2488375902175903
61400.0,-1.22520911693573
61405.0,-1.2234468460083008
61410.0,-1.2223856449127197
61415.0,-1.235986590385437
61420.0,-1.2407504320144653
61425.0,-1.2411088943481445
61430.0,-1.2226182222366333
61435.0,-1.2371158599853516
61440.0,-1.23745858669281
61445.0,-1.2416486740112305
61450.0,-1.2389742136001587
61455.0,-1.223120927810669
61460.0,-1.2291862964630127
61465.0,-1.2082277536392212
61470.0,-1.2464113235473633
61475.0,-1.2442103624343872
61480.0,-1.2090864181518555
61485.0,-1.2075245380401611
61490.0,-1.2336070537567139
61495.0,-1.2210314273834229
61500.0,-1.2182831764221191
61505.0,-1.2360917329788208
61510.0,-1.2210499048233032
61515.0,-1.2250399589538574
61520.0,-1.2418112754821777
61525.0,-1.2285346984863281
61530.0,-1.2311959266662598
61535.0,-1.2355809211730957
61540.0,-1.2256766557693481
61545.0,-1.2511258125305176
61550.0,-1.2435684204101562
61555.0,-1.2172037363052368
61560.0,-1.2299444675445557
61565.0,-1.229715347290039
61570.0,-1.241227626800537
61575.0,-1.2575387954711914
61580.0,-1.2291722297668457
61585.0,-1.2317339181900024
61590.0,-1.2198402881622314
61595.0,-1.2442773580551147
61600.0,-1.2478337287902832
61605.0,-1.229011058807373
61610.0,-1.2366788387298584
61615.0,-1.2288459539413452
61620.0,-1.232538104057312
61625.0,-1.2587594985961914
61630.0,-1.2546603679656982
61635.0,-1.2085092067718506
61640.0,-1.237609624862671
61645.0,-1.2368192672729492
61650.0,-1.2345929145812988
61655.0,-1.2553958892822266
61660.0,-1.2278635501861572
61665.0,-1.2139675617218018
61670.0,-1.2361387014389038
61675.0,-1.2513749599456787
61680.0,-1.2307655811309814
61685.0,-1.233973741531372
61690.0,-1.2402074337005615
61695.0,-1.22134530544281
61700.0,-1.2187689542770386
61705.0,-1.2320481538772583
61710.0,-1.2340526580810547
61715.0,-1.2193825244903564
61720.0,-1.2194023132324219
61725.0,-1.2511799335479736
61730.0,-1.2257544994354248
61735.0,-1.2250487804412842
61740.0,-1.237464189529419
61745.0,-1.2312638759613037
61750.0,-1.2471203804016113
61755.0,-1.2577016353607178
61760.0,-1.220016598701477
61765.0,-1.2261130809783936
61770.0,-1.2306427955627441
61775.0,-1.2278237342834473
61780.0,-1.2444322109222412
61785.0,-1.2319865226745605
61790.0,-1.2315641641616821
61795.0,-1.1923872232437134
61800.0,-1.2258727550506592
61805.0,-1.2552763223648071
61810.0,-1.2366995811462402
61815.0,-1.211631417274475
61820.0,-1.223832368850708
61825.0,-1.2313871383666992
61830.0,-1.2287943363189697
61835.0,-1.2308199405670166
61840.0,-1.2319890260696411
61845.0,-1.2311937808990479
61850.0,-1.236250638961792
61855.0,-1.236640453338623
61860.0,-1.243386149406433
61865.0,-1.2269399166107178
61870.0,-1.215261697769165
61875.0,-1.2353612184524536
61880.0,-1.2419853210449219
61885.0,-1.229801893234253
61890.0,-1.2184178829193115
61895.0,-1.230051875114441
61900.0,-1.2202633619308472
61905.0,-1.244544267654419
61910.0,-1.245082139968872
61915.0,-1.2315452098846436
61920.0,-1.2179924249649048
61925.0,-1.228914737701416
61930.0,-1.2362196445465088
61935.0,-1.2488305568695068
61940.0,-1.229911208152771
61945.0,-1.2432600259780884
61950.0,-1.2147209644317627
61955.0,-1.2261717319488525
61960.0,-1.2576912641525269
61965.0,-1.2294964790344238
61970.0,-1.213952660560608
61975.0,-1.2293012142181396
61980.0,-1.2238221168518066
61985.0,-1.2221400737762451
61990.0,-1.2622132301330566
61995.0,-1.2117515802383423
62000.0,-1.2227773666381836
62005.0,-1.2343671321868896
62010.0,-1.2301025390625
62015.0,-1.2281677722930908
62020.0,-1.2214218378067017
62025.0,-1.2453365325927734
62030.0,-1.2392613887786865
62035.0,-1.2275667190551758
62040.0,-1.2278398275375366
62045.0,-1.2283339500427246
62050.0,-1.2050950527191162
62055.0,-1.2183071374893188
62060.0,-1.2337509393692017
62065.0,-1.2233535051345825
62070.0,-1.2108256816864014
62075.0,-1.2268729209899902
62080.0,-1.2223448753356934
62085.0,-1.2239768505096436
62090.0,-1.2400087118148804
62095.0,-1.232729196548462
62100.0,-1.230126976966858
62105.0,-1.245066523551941
62110.0,-1.244452953338623
62115.0,-1.242113471031189
62120.0,-1.248319149017334
62125.0,-1.230494737625122
62130.0,-1.2424900531768799
62135.0,-1.2394068241119385
62140.0,-1.2499271631240845
62145.0,-1.2243373394012451
62150.0,-1.2196168899536133
62155.0,-1.2263035774230957
62160.0,-1.2257263660430908
62165.0,-1.215401530265808
62170.0,-1.219076156616211
62175.0,-1.2154459953308105
62180.0,-1.2048224210739136
62185.0,-1.2058075666427612
62190.0,-1.2428654432296753
62195.0,-1.2338258028030396
62200.0,-1.2190736532211304
62205.0,-1.2228305339813232
62210.0,-1.227247714996338
62215.0,-1.2255011796951294
62220.0,-1.2120686769485474
62225.0,-1.2401504516601562
62230.0,-1.2351449728012085
62235.0,-1.203413963317871
62240.0,-1.2404030561447144
62245.0,-1.2365100383758545
62250.0,-1.2240058183670044
62255.0,-1.2337795495986938
62260.0,-1.2260422706604004
62265.0,-1.2257198095321655
62270.0,-1.2279531955718994
62275.0,-1.2104753255844116
62280.0,-1.2483489513397217
62285.0,-1.2332258224487305
62290.0,-1.2189372777938843
62295.0,-1.2315843105316162
62300.0,-1.2441272735595703
62305.0,-1.2146060466766357
62310.0,-1.2572741508483887
62315.0,-1.2142356634140015
62320.0,-1.2386772632598877
62325.0,-1.2109286785125732
62330.0,-1.2367761135101318
62335.0,-1.2320159673690796
62340.0,-1.23903226852417
62345.0,-1.2235151529312134
62350.0,-1.2492343187332153
62355.0,-1.2097764015197754
62360.0,-1.2389249801635742
62365.0,-1.2392878532409668
62370.0,-1.2102386951446533
62375.0,-1.25266695022583
62380.0,-1.207613229751587
62385.0,-1.2250158786773682
62390.0,-1.2087135314941406
62395.0,-1.2399396896362305
62400.0,-1.2397737503051758
62405.0,-1.2490549087524414
62410.0,-1.2150163650512695
62415.0,-1.2335500717163086
62420.0,-1.2234992980957031
62425.0,-1.2317297458648682
62430.0,-1.2325206995010376
62435.0,-1.2467682361602783
62440.0,-1.2247999906539917
62445.0,-1.233433485031128
62450.0,-1.2272117137908936
62455.0,-1.2442851066589355
62460.0,-1.237779974937439
62465.0,-1.2267518043518066
62470.0,-1.2277010679244995
62475.0,-1.2547571659088135
62480.0,-1.2173733711242676
62485.0,-1.21589994430542
62490.0,-1.2585378885269165
62495.0,-1.2447474002838135
62500.0,-1.1965770721435547
62505.0,-1.2457191944122314
62510.0,-1.2275221347808838
62515.0,-1.2268896102905273
62520.0,-1.2378183603286743
62525.0,-1.224034070968628
62530.0,-1.2112200260162354
62535.0,-1.2391639947891235
62540.0,-1.2220573425292969
62545.0,-1.229626178741455
62550.0,-1.2490341663360596
62555.0,-1.2222399711608887
62560.0,-1.2216379642486572
62565.0,-1.2219938039779663
62570.0,-1.2270692586898804
62575.0,-1.2527276277542114
62580.0,-1.2185828685760498
62585.0,-1.245270848274231
62590.0,-1.2558947801589966
62595.0,-1.209097146987915
62600.0,-1.2317225933074951
62605.0,-1.2542328834533691
62610.0,-1.2189730405807495
62615.0,-1.242157220840454
62620.0,-1.2355149984359741
62625.0,-1.2262862920761108
62630.0,-1.253812313079834
62635.0,-1.22345769405365
62640.0,-1.2170696258544922
62645.0,-1.2435133457183838
62650.0,-1.226043939590454
62655.0,-1.2211792469024658
62660.0,-1.2218677997589111
62665.0,-1.243253231048584
62670.0,-1.2080750465393066
62675.0,-1.2022241353988647
62680.0,-1.237903356552124
62685.0,-1.2274587154388428
62690.0,-1.2162418365478516
62695.0,-1.231207013130188
62700.0,-1.2225818634033203
62705.0,-1.216274380683899
62710.0,-1.2281471490859985
62715.0,-1.234732985496521
62720.0,-1.2404217720031738
62725.0,-1.216249704360962
62730.0,-1.230348825454712
62735.0,-1.2293996810913086
62740.0,-1.2298369407653809
62745.0,-1.236345887184143
62750.0,-1.2311573028564453
62755.0,-1.2241871356964111
62760.0,-1.2344714403152466
62765.0,-1.2502440214157104
62770.0,-1.225190281867981
62775.0,-1.230809211730957
62780.0,-1.249518871307373
62785.0,-1.216101050376892
62790.0,-1.236750602722168
62795.0,-1.2449722290039062
62800.0,-1.2309139966964722
62805.0,-1.229475498199463
62810.0,-1.2273361682891846
62815.0,-1.2356526851654053
62820.0,-1.2242053747177124
62825.0,-1.2104136943817139
62830.0,-1.2414854764938354
62835.0,-1.2273449897766113
62840.0,-1.2403309345245361
62845.0,-1.2282763719558716
62850.0,-1.224693775177002
62855.0,-1.2231429815292358
62860.0,-1.2252931594848633
62865.0,-1.2168142795562744
62870.0,-1.2357795238494873
62875.0,-1.2039995193481445
62880.0,-1.2110099792480469
62885.0,-1.2097489833831787
62890.0,-1.2374472618103027
62895.0,-1.2413533926010132
62900.0,-1.2352995872497559
62905.0,-1.223933219909668
62910.0,-1.227340579032898
62915.0,-1.2290303707122803
62920.0,-1.2363497018814087
62925.0,-1.2192972898483276
62930.0,-1.2454811334609985
62935.0,-1.2123584747314453
62940.0,-1.210526943206787
62945.0,-1.2567319869995117
62950.0,-1.2355178594589233
62955.0,-1.2089009284973145
62960.0,-1.246834397315979
62965.0,-1.23826265335083
62970.0,-1.2303850650787354
62975.0,-1.2384577989578247
62980.0,-1.2382389307022095
62985.0,-1.2333804368972778
62990.0,-1.2249059677124023
62995.0,-1.2463209629058838
63000.0,-1.2288711071014404
63005.0,-1.2357372045516968
63010.0,-1.249916911125183
63015.0,-1.2250685691833496
63020.0,-1.2317498922348022
63025.0,-1.2579149007797241
63030.0,-1.216803789138794
63035.0,-1.2305872440338135
63040.0,-1.2436065673828125
63045.0,-1.2197530269622803
63050.0,-1.2375948429107666
63055.0,-1.2269428968429565
63060.0,-1.2199018001556396
63065.0,-1.2381377220153809
63070.0,-1.2343988418579102
63075.0,-1.244096279144287
63080.0,-1.2304202318191528
63085.0,-1.2201552391052246
63090.0,-1.228985071182251
63095.0,-1.2211339473724365
63100.0,-1.2328770160675049
63105.0,-1.2280064821243286
63110.0,-1.2332899570465088
63115.0,-1.2120516300201416
63120.0,-1.2252955436706543
63125.0,-1.2345874309539795
63130.0,-1.2475030422210693
63135.0,-1.219999074935913
63140.0,-1.2373621463775635
63145.0,-1.2300477027893066
63150.0,-1.2307603359222412
63155.0,-1.232740044593811
63160.0,-1.2111459970474243
63165.0,-1.2218928337097168
63170.0,-1.2354815006256104
63175.0,-1.2118151187896729
63180.0,-1.243274211883545
63185.0,-1.2338860034942627
63190.0,-1.211686611175537
63195.0,-1.2410640716552734
63200.0,-1.2355835437774658
63205.0,-1.2208536863327026
63210.0,-1.2472039461135864
63215.0,-1.2186723947525024
63220.0,-1.2273521423339844
63225.0,-1.2343895435333252
63230.0,-1.2311491966247559
63235.0,-1.242574691772461
63240.0,-1.2322852611541748
63245.0,-1.2335355281829834
63250.0,-1.2321226596832275
63255.0,-1.2260363101959229
63260.0,-1.2224555015563965
63265.0,-1.2320618629455566
63270.0,-1.2318565845489502
63275.0,-1.2379451990127563
63280.0,-1.2328004837036133
63285.0,-1.2263875007629395
63290.0,-1.234320878982544
63295.0,-1.2222706079483032
63300.0,-1.239992618560791
63305.0,-1.2343149185180664
63310.0,-1.226296067237854
63315.0,-1.2294237613677979
63320.0,-1.2162026166915894
63325.0,-1.2236874103546143
63330.0,-1.2414360046386719
63335.0,-1.2398014068603516
63340.0,-1.2082600593566895
63345.0,-1.2362635135650635
63350.0,-1.236837387084961
63355.0,-1.2280179262161255
63360.0,-1.236464262008667
63365.0,-1.2371501922607422
63370.0,-1.2148890495300293
63375.0,-1.2396923303604126
63380.0,-1.2352813482284546
63385.0,-1.2275011539459229
63390.0,-1.2350213527679443
63395.0,-1.2303993701934814
63400.0,-1.2182438373565674
63405.0,-1.2488889694213867
63410.0,-1.2422810792922974
63415.0,-1.2094402313232422
63420.0,-1.2533800601959229
63425.0,-1.2268295288085938
63430.0,-1.2065390348434448
63435.0,-1.258924126625061
63440.0,-1.2396960258483887
63445.0,-1.2298235893249512
63450.0,-1.2223913669586182
63455.0,-1.2427650690078735
63460.0,-1.228545904159546
63465.0,-1.223467230796814
63470.0,-1.2507729530334473
63475.0,-1.242976188659668
63480.0,-1.2359797954559326
63485.0,-1.224118709564209
63490.0,-1.2406680583953857
63495.0,-1.22920560836792
63500.0,-1.2270700931549072
63505.0,-1.2304352521896362
63510.0,-1.2102668285369873
63515.0,-1.2481719255447388
63520.0,-1.2121045589447021
63525.0,-1.2161160707473755
63530.0,-1.237913727760315
63535.0,-1.2353522777557373
63540.0,-1.214996337890625
63545.0,-1.2442638874053955
63550.0,-1.2213492393493652
63555.0,-1.2305351495742798
63560.0,-1.2289836406707764
63565.0,-1.236720085144043
63570.0,-1.242807149887085
63575.0,-1.2141869068145752
63580.0,-1.2432982921600342
63585.0,-1.2337020635604858
63590.0,-1.2156779766082764
63595.0,-1.2534644603729248
63600.0,-1.2312037944793701
63605.0,-1.2237353324890137
63610.0,-1.2296955585479736
63615.0,-1.226449966430664
63620.0,-1.2319163084030151
63625.0,-1.2346248626708984
63630.0,-1.2247531414031982
63635.0,-1.239850640296936
63640.0,-1.2233941555023193
63645.0,-1.2283377647399902
63650.0,-1.2320867776870728
63655.0,-1.2338457107543945
63660.0,-1.2327927350997925
63665.0,-1.2216254472732544
63670.0,-1.2228288650512695
63675.0,-1.240052580833435
63680.0,-1.2372111082077026
63685.0,-1.2215571403503418
63690.0,-1.2463665008544922
63695.0,-1.2339941263198853
63700.0,-1.2085895538330078
63705.0,-1.2524559497833252
63710.0,-1.229609489440918
63715.0,-1.2160305976867676
63720.0,-1.2410569190979004
63725.0,-1.2245354652404785
63730.0,-1.2219696044921875
63735.0,-1.261014461517334
63740.0,-1.2186543941497803
63745.0,-1.2210651636123657
63750.0,-1.2354333400726318
63755.0,-1.2328789234161377
63760.0,-1.2393289804458618
63765.0,-1.2227230072021484
63770.0,-1.2478227615356445
63775.0,-1.204667568206787
63780.0,-1.2217800617218018
63785.0,-1.2333523035049438
63790.0,-1.235630989074707
63795.0,-1.2236138582229614
63800.0,-1.2383320331573486
63805.0,-1.2101889848709106
63810.0,-1.2235960960388184
63815.0,-1.2448515892028809
63820.0,-1.2141313552856445
63825.0,-1.2242997884750366
63830.0,-1.2344536781311035
63835.0,-1.2172009944915771
63840.0,-1.2389495372772217
63845.0,-1.2429521083831787
63850.0,-1.2218515872955322
63855.0,-1.2379231452941895
63860.0,-1.2243655920028687
63865.0,-1.2282843589782715
63870.0,-1.2400741577148438
63875.0,-1.2017138004302979
63880.0,-1.2329518795013428
63885.0,-1.229954481124878
63890.0,-1.2195208072662354
63895.0,-1.2353214025497437
63900.0,-1.2450718879699707
63905.0,-1.2171906232833862
63910.0,-1.2351444959640503
63915.0,-1.2294623851776123
63920.0,-1.2444096803665161
63925.0,-1.2297325134277344
63930.0,-1.2425111532211304
63935.0,-1.2155039310455322
63940.0,-1.2488787174224854
63945.0,-1.2238624095916748
63950.0,-1.2247672080993652
63955.0,-1.2389546632766724
63960.0,-1.23857581615448
63965.0,-1.2116923332214355
63970.0,-1.24812650680542
63975.0,-1.234487533569336
63980.0,-1.2241195440292358
63985.0,-1.2234268188476562
63990.0,-1.2202939987182617
63995.0,-1.2423690557479858
64000.0,-1.209125280380249
64005.0,-1.2394206523895264
64010.0,-1.2380274534225464
64015.0,-1.2171006202697754
64020.0,-1.2351000308990479
64025.0,-1.2340642213821411
64030.0,-1.2213568687438965
64035.0,-1.2469761371612549
64040.0,-1.2127578258514404
64045.0,-1.2335400581359863
64050.0,-1.2572267055511475
64055.0,-1.2055662870407104
64060.0,-1.2337417602539062
64065.0,-1.2487208843231201
64070.0,-1.202937126159668
64075.0,-1.2423079013824463
64080.0,-1.2402317523956299
64085.0,-1.2251367568969727
64090.0,-1.2391284704208374
64095.0,-1.2208508253097534
64100.0,-1.2356748580932617
64105.0,-1.2448999881744385
64110.0,-1.2277779579162598
64115.0,-1.238661766052246
64120.0,-1.2419034242630005
64125.0,-1.2125170230865479
64130.0,-1.2455966472625732
64135.0,-1.215296745300293
64140.0,-1.227311134338379
64145.0,-1.2113356590270996
64150.0,-1.2276885509490967
64155.0,-1.2501814365386963
64160.0,-1.213042974472046
64165.0,-1.2217130661010742
64170.0,-1.2415776252746582
64175.0,-1.2127571105957031
64180.0,-1.2121083736419678
64185.0,-1.2589201927185059
64190.0,-1.215333342552185
64195.0,-1.2224161624908447
64200.0,-1.223501205444336
64205.0,-1.2318639755249023
64210.0,-1.2383203506469727
64215.0,-1.2322795391082764
64220.0,-1.2114790678024292
64225.0,-1.2437454462051392
64230.0,-1.209910273551941
64235.0,-1.2324422597885132
64240.0,-1.2500643730163574
64245.0,-1.2161868810653687
64250.0,-1.223853588104248
64255.0,-1.2478055953979492
64260.0,-1.2128273248672485
64265.0,-1.2432445287704468
64270.0,-1.2526919841766357
64275.0,-1.219411849975586
64280.0,-1.230391502380371
64285.0,-1.2392933368682861
64290.0,-1.2206062078475952
64295.0,-1.2451426982879639
64300.0,-1.2221598625183105
64305.0,-1.2365355491638184
64310.0,-1.2205818891525269
64315.0,-1.2207378149032593
64320.0,-1.2408995628356934
64325.0,-1.2304019927978516
64330.0,-1.2193553447723389
64335.0,-1.254123330116272
64340.0,-1.223954200744629
64345.0,-1.214064359664917
64350.0,-1.2480348348617554
64355.0,-1.2175986766815186
64360.0,-1.2278803586959839
64365.0,-1.2344776391983032
64370.0,-1.210902214050293
64375.0,-1.2429876327514648
64380.0,-1.2159219980239868
64385.0,-1.2221348285675049
64390.0,-1.2318229675292969
64395.0,-1.2192785739898682
64400.0,-1.2072014808654785
64405.0,-1.2617977857589722
64410.0,-1.2290520668029785
64415.0,-1.2223145961761475
64420.0,-1.238542079925537
64425.0,-1.2309155464172363
64430.0,-1.2104085683822632
64435.0,-1.263298749923706
64440.0,-1.230413794517517
64445.0,-1.2180896997451782
64450.0,-1.2434370517730713
64455.0,-1.2162915468215942
64460.0,-1.2330052852630615
64465.0,-1.22274649143219
64470.0,-1.2269792556762695
64475.0,-1.223302960395813
64480.0,-1.2226650714874268
64485.0,-1.2178242206573486
64490.0,-1.2429591417312622
64495.0,-1.231300950050354
64500.0,-1.2308881282806396
64505.0,-1.2223800420761108
64510.0,-1.229351282119751
64515.0,-1.2304848432540894
64520.0,-1.244150161743164
64525.0,-1.2079508304595947
64530.0,-1.23946213722229
64535.0,-1.233366847038269
64540.0,-1.209647297859192
64545.0,-1.2332992553710938
64550.0,-1.2478612661361694
64555.0,-1.2046825885772705
64560.0,-1.2323834896087646
64565.0,-1.2371485233306885
64570.0,-1.2230315208435059
64575.0,-1.245315670967102
64580.0,-1.2359099388122559
64585.0,-1.2396702766418457
64590.0,-1.2429571151733398
64595.0,-1.2343089580535889
64600.0,-1.225973129272461
64605.0,-1.2447125911712646
64610.0,-1.2194454669952393
64615.0,-1.212881088256836
64620.0,-1.227752447128296
64625.0,-1.235750675201416
64630.0,-1.2238354682922363
64635.0,-1.2267355918884277
64640.0,-1.2246856689453125
64645.0,-1.2350999116897583
64650.0,-1.2318685054779053
64655.0,-1.2238826751708984
64660.0,-1.237126111984253
64665.0,-1.2138351202011108
64670.0,-1.2073676586151123
64675.0,-1.250069260597229
64680.0,-1.2460625171661377
64685.0,-1.2048861980438232
64690.0,-1.2467610836029053
64695.0,-1.2287375926971436
64700.0,-1.2091224193572998
64705.0,-1.2487428188323975
64710.0,-1.217561960220337
64715.0,-1.215146541595459
64720.0,-1.2402873039245605
64725.0,-1.218597650527954
64730.0,-1.2299636602401733
64735.0,-1.2493739128112793
64740.0,-1.219057559967041
64745.0,-1.2236499786376953
64750.0,-1.2446906566619873
64755.0,-1.2244534492492676
64760.0,-1.2347668409347534
64765.0,-1.2354669570922852
64770.0,-1.2321661710739136
64775.0,-1.218790054321289
64780.0,-1.218613624572754
64785.0,-1.2370177507400513
64790.0,-1.236229419708252
64795.0,-1.218876600265503
64800.0,-1.2299383878707886
64805.0,-1.222806453704834
64810.0,-1.2239155769348145
64815.0,-1.2224586009979248
64820.0,-1.245406985282898
64825.0,-1.229001760482788
64830.0,-1.2237260341644287
64835.0,-1.2467180490493774
64840.0,-1.244836688041687
64845.0,-1.2307993173599243
64850.0,-1.241378664970398
64855.0,-1.245931625366211
64860.0,-1.2158282995224
64865.0,-1.246559977531433
64870.0,-1.2243033647537231
64875.0,-1.2213294506072998
64880.0,-1.2283204793930054
64885.0,-1.2054851055145264
64890.0,-1.242356777191162
64895.0,-1.231809139251709
64900.0,-1.22623610496521
64905.0,-1.2317228317260742
64910.0,-1.2337006330490112
64915.0,-1.2192504405975342
64920.0,-1.2365421056747437
64925.0,-1.2225779294967651
64930.0,-1.236725091934204
64935.0,-1.2363555431365967
64940.0,-1.2112548351287842
64945.0,-1.2600951194763184
64950.0,-1.2287023067474365
64955.0,-1.2108573913574219
64960.0,-1.2365810871124268
64965.0,-1.2206695079803467
64970.0,-1.233513355255127
64975.0,-1.2270946502685547
64980.0,-1.2257969379425049
64985.0,-1.2441083192825317
64990.0,-1.2078425884246826
64995.0,-1.2389744520187378
65000.0,-1.2417042255401611
65005.0,-1.2096394300460815
65010.0,-1.2473833560943604
65015.0,-1.2170138359069824
65020.0,-1.2179694175720215
65025.0,-1.2455568313598633
65030.0,-1.2131963968276978
65035.0,-1.236278772354126
65040.0,-1.224487066268921
65045.0,-1.2202364206314087
65050.0,-1.2536051273345947
65055.0,-1.214389443397522
65060.0,-1.229896068572998
65065.0,-1.2545580863952637
65070.0,-1.215345859527588
65075.0,-1.2402656078338623
65080.0,-1.2487695217132568
65085.0,-1.2337026596069336
65090.0,-1.2262042760849
65095.0,-1.2374485731124878
65100.0,-1.2407896518707275
65105.0,-1.210896372795105
65110.0,-1.2457752227783203
65115.0,-1.239748239517212
65120.0,-1.2071961164474487
65125.0,-1.245110034942627
65130.0,-1.2372926473617554
65135.0,-1.2241804599761963
65140.0,-1.226699948310852
65145.0,-1.2307710647583008
65150.0,-1.2314449548721313
65155.0,-1.2387155294418335
65160.0,-1.216200828552246
65165.0,-1.2399803400039673
65170.0,-1.2176622152328491
65175.0,-1.2071952819824219
65180.0,-1.2499189376831055
65185.0,-1.2406150102615356
65190.0,-1.2111425399780273
65195.0,-1.2304092645645142
65200.0,-1.2331862449645996
65205.0,-1.2202353477478027
65210.0,-1.2269370555877686
65215.0,-1.245733380317688
65220.0,-1.2211525440216064
65225.0,-1.2111636400222778
65230.0,-1.2514607906341553
65235.0,-1.2320408821105957
65240.0,-1.2307963371276855
65245.0,-1.2437875270843506
65250.0,-1.2113478183746338
65255.0,-1.231395959854126
65260.0,-1.253650426864624
65265.0,-1.2027051448822021
65270.0,-1.2396657466888428
65275.0,-1.2297784090042114
65280.0,-1.209472894668579
65285.0,-1.2419729232788086
65290.0,-1.2400258779525757
65295.0,-1.201024055480957
65300.0,-1.237778663635254
65305.0,-1.2128357887268066
65310.0,-1.2286359071731567
65315.0,-1.240281105041504
65320.0,-1.2198374271392822
65325.0,-1.22752046585083
65330.0,-1.2320263385772705
65335.0,-1.2175049781799316
65340.0,-1.249234914779663
65345.0,-1.2269079685211182
65350.0,-1.232456088066101
65355.0,-1.2348966598510742
65360.0,-1.2354965209960938
65365.0,-1.2398922443389893
65370.0,-1.2222663164138794
65375.0,-1.24338698387146
65380.0,-1.2366344928741455
65385.0,-1.2295304536819458
65390.0,-1.2463616132736206
65395.0,-1.242140769958496
65400.0,-1.2327522039413452
65405.0,-1.2459123134613037
65410.0,-1.242450475692749
65415.0,-1.2160136699676514
65420.0,-1.2261662483215332
65425.0,-1.2342073917388916
65430.0,-1.2136528491973877
65435.0,-1.2136969566345215
65440.0,-1.2457945346832275
65445.0,-1.1959805488586426
65450.0,-1.221402883529663
65455.0,-1.2388044595718384
65460.0,-1.226395606994629
65465.0,-1.2404096126556396
65470.0,-1.217964768409729
65475.0,-1.2217004299163818
65480.0,-1.2109897136688232
65485.0,-1.2262502908706665
65490.0,-1.2482068538665771
65495.0,-1.2116575241088867
65500.0,-1.2287921905517578
65505.0,-1.2204828262329102
65510.0,-1.2226104736328125
65515.0,-1.226267695426941
65520.0,-1.2309454679489136
65525.0,-1.2201381921768188
65530.0,-1.220292329788208
65535.0,-1.2239148616790771
65540.0,-1.2454339265823364
65545.0,-1.2279353141784668
65550.0,-1.212227702140808
65555.0,-1.2315483093261719
65560.0,-1.2365648746490479
65565.0,-1.2161946296691895
65570.0,-1.227602243423462
65575.0,-1.236250638961792
65580.0,-1.203265905380249
65585.0,-1.238861083984375
65590.0,-1.2448152303695679
65595.0,-1.2194838523864746
65600.0,-1.2372082471847534
65605.0,-1.2409946918487549
65610.0,-1.2165484428405762
65615.0,-1.2470085620880127
65620.0,-1.225829005241394
65625.0,-1.2383067607879639
65630.0,-1.228407382965088
65635.0,-1.2282330989837646
65640.0,-1.230355978012085
65645.0,-1.240382432937622
65650.0,-1.2326300144195557
65655.0,-1.2307713031768799
65660.0,-1.2030041217803955
65665.0,-1.2392804622650146
65670.0,-1.2433799505233765
65675.0,-1.2152036428451538
65680.0,-1.2353912591934204
65685.0,-1.2305015325546265
65690.0,-1.2078614234924316
65695.0,-1.2511630058288574
65700.0,-1.2252496480941772
65705.0,-1.2194628715515137
65710.0,-1.2436240911483765
65715.0,-1.2119762897491455
65720.0,-1.2288458347320557
65725.0,-1.2572005987167358
65730.0,-1.230270266532898
65735.0,-1.2250196933746338
65740.0,-1.2390096187591553
65745.0,-1.2310404777526855
65750.0,-1.226975440979004
65755.0,-1.2383719682693481
65760.0,-1.2322986125946045
65765.0,-1.2319681644439697
65770.0,-1.2234728336334229
65775.0,-1.2383898496627808
65780.0,-1.2345952987670898
65785.0,-1.2292531728744507
65790.0,-1.2341492176055908
65795.0,-1.2291700839996338
65800.0,-1.2372066974639893
65805.0,-1.2514514923095703
65810.0,-1.213653326034546
65815.0,-1.2321438789367676
65820.0,-1.2299082279205322
65825.0,-1.2145500183105469
65830.0,-1.2400023937225342
65835.0,-1.2403737306594849
65840.0,-1.2195239067077637
65845.0,-1.2373982667922974
65850.0,-1.228218674659729
65855.0,-1.240875005722046
65860.0,-1.233838438987732
65865.0,-1.2198373079299927
65870.0,-1.2518203258514404
65875.0,-1.204951524734497
65880.0,-1.2359097003936768
65885.0,-1.251211404800415
65890.0,-1.1982353925704956
65895.0,-1.2413028478622437
65900.0,-1.2416692972183228
65905.0,-1.2159290313720703
65910.0,-1.2422372102737427
65915.0,-1.229597806930542
65920.0,-1.2129955291748047
65925.0,-1.238450050354004
65930.0,-1.2406712770462036
65935.0,-1.2217423915863037
65940.0,-1.2137105464935303
65945.0,-1.2469823360443115
65950.0,-1.2169275283813477
65955.0,-1.2361654043197632
65960.0,-1.245740532875061
65965.0,-1.2223418951034546
65970.0,-1.225670337677002
65975.0,-1.216303825378418
65980.0,-1.2439329624176025
65985.0,-1.236878514289856
65990.0,-1.2074265480041504
65995.0,-1.235985517501831
66000.0,-1.2257680892944336
66005.0,-1.2186452150344849
66010.0,-1.2306640148162842
66015.0,-1.2194888591766357
66020.0,-1.2144813537597656
66025.0,-1.2186825275421143
66030.0,-1.2418855428695679
66035.0,-1.2313731908798218
66040.0,-1.2279335260391235
66045.0,-1.224820852279663
66050.0,-1.2348368167877197
66055.0,-1.2329630851745605
66060.0,-1.2290887832641602
66065.0,-1.2296364307403564
66070.0,-1.2496308088302612
66075.0,-1.2187639474868774
66080.0,-1.2430269718170166
66085.0,-1.2371110916137695
66090.0,-1.233572006225586
66095.0,-1.2287845611572266
66100.0,-1.2228989601135254
66105.0,-1.2367534637451172
66110.0,-1.2118607759475708
66115.0,-1.2239515781402588
66120.0,-1.2382280826568604
66125.0,-1.2076117992401123
66130.0,-1.2451534271240234
66135.0,-1.2500553131103516
66140.0,-1.2142972946166992
66145.0,-1.2360235452651978
66150.0,-1.2498564720153809
66155.0,-1.21670401096344
66160.0,-1.2374532222747803
66165.0,-1.2344558238983154
66170.0,-1.2408616542816162
66175.0,-1.2221646308898926
66180.0,-1.2463769912719727
66185.0,-1.2283849716186523
66190.0,-1.2463666200637817
66195.0,-1.2182340621948242
66200.0,-1.2265841960906982
66205.0,-1.2253775596618652
66210.0,-1.2290287017822266
66215.0,-1.2270137071609497
66220.0,-1.2332944869995117
66225.0,-1.2068536281585693
66230.0,-1.2289106845855713
66235.0,-1.2341636419296265
66240.0,-1.2233386039733887
66245.0,-1.233122706413269
66250.0,-1.2236301898956299
66255.0,-1.2214093208312988
66260.0,-1.2363590002059937
66265.0,-1.2230777740478516
66270.0,-1.2265095710754395
66275.0,-1.2302875518798828
66280.0,-1.22406804561615
66285.0,-1.2303239107131958
66290.0,-1.2381126880645752
66295.0,-1.2194855213165283
66300.0,-1.227408766746521
66305.0,-1.2459728717803955
66310.0,-1.217904806137085
66315.0,-1.2419943809509277
66320.0,-1.251539945602417
66325.0,-1.2191951274871826
66330.0,-1.2375609874725342
66335.0,-1.2295193672180176
66340.0,-1.2274439334869385
66345.0,-1.2442430257797241
66350.0,-1.2229427099227905
66355.0,-1.223331093788147
66360.0,-1.2325384616851807
66365.0,-1.2113611698150635
66370.0,-1.2315479516983032
66375.0,-1.224353313446045
66380.0,-1.2170965671539307
66385.0,-1.2195491790771484
66390.0,-1.2232623100280762
66395.0,-1.2308589220046997
66400.0,-1.2302801609039307
66405.0,-1.2296068668365479
66410.0,-1.2205002307891846
66415.0,-1.2206389904022217
66420.0,-1.2473986148834229
66425.0,-1.2335307598114014
66430.0,-1.2279715538024902
66435.0,-1.2335635423660278
66440.0,-1.2217307090759277
66445.0,-1.2534551620483398
66450.0,-1.2179055213928223
66455.0,-1.236907720565796
66460.0,-1.2374807596206665
66465.0,-1.2145992517471313
66470.0,-1.237776756286621
66475.0,-1.2458555698394775
66480.0,-1.2009119987487793
66485.0,-1.237649917602539
66490.0,-1.2339881658554077
66495.0,-1.2135441303253174
66500.0,-1.2402381896972656
66505.0,-1.2333314418792725
66510.0,-1.2208235263824463
66515.0,-1.2396674156188965
66520.0,-1.2348469495773315
66525.0,-1.2407630681991577
66530.0,-1.2288641929626465
66535.0,-1.2541111707687378
66540.0,-1.2388241291046143
66545.0,-1.2148213386535645
66550.0,-1.24259614944458
66555.0,-1.245924472808838
66560.0,-1.221124529838562
66565.0,-1.2379692792892456
66570.0,-1.2272948026657104
66575.0,-1.231127142906189
66580.0,-1.2226802110671997
66585.0,-1.2273894548416138
66590.0,-1.2197234630584717
66595.0,-1.2200844287872314
66600.0,-1.2394132614135742
66605.0,-1.225846290588379
66610.0,-1.215909719467163
66615.0,-1.240862488746643
66620.0,-1.2271724939346313
66625.0,-1.230255126953125
66630.0,-1.2433050870895386
66635.0,-1.2288035154342651
66640.0,-1.2187384366989136
66645.0,-1.2338545322418213
66650.0,-1.2237164974212646
66655.0,-1.2508771419525146
66660.0,-1.2070351839065552
66665.0,-1.2507519721984863
66670.0,-1.2382909059524536
66675.0,-1.1936570405960083
66680.0,-1.252361536026001
66685.0,-1.2353712320327759
66690.0,-1.197365403175354
66695.0,-1.233553409576416
66700.0,-1.2433617115020752
66705.0,-1.2293658256530762
66710.0,-1.2265408039093018
66715.0,-1.2391867637634277
66720.0,-1.2435836791992188
66725.0,-1.2239046096801758
66730.0,-1.2251183986663818
66735.0,-1.2551552057266235
66740.0,-1.2242684364318848
66745.0,-1.2151920795440674
66750.0,-1.2238845825195312
66755.0,-1.2319107055664062
66760.0,-1.2276887893676758
66765.0,-1.2192742824554443
66770.0,-1.235336184501648
66775.0,-1.2264747619628906
66780.0,-1.211517333984375
66785.0,-1.2466182708740234
66790.0,-1.2495226860046387
66795.0,-1.2076342105865479
66800.0,-1.2343944311141968
66805.0,-1.2353825569152832
66810.0,-1.2182693481445312
66815.0,-1.2457640171051025
66820.0,-1.2347652912139893
66825.0,-1.212097406387329
66830.0,-1.2300500869750977
66835.0,-1.2312331199645996
66840.0,-1.2328038215637207
66845.0,-1.2434664964675903
66850.0,-1.2455862760543823
66855.0,-1.2332587242126465
66860.0,-1.230750322341919
66865.0,-1.2411553859710693
66870.0,-1.2430787086486816
66875.0,-1.218577265739441
66880.0,-1.246574878692627
66885.0,-1.2163703441619873
66890.0,-1.2249919176101685
66895.0,-1.2465150356292725
66900.0,-1.229862093925476
66905.0,-1.2100257873535156
66910.0,-1.2481876611709595
66915.0,-1.2211556434631348
66920.0,-1.228405475616455
66925.0,-1.2374167442321777
66930.0,-1.2296243906021118
66935.0,-1.2182480096817017
66940.0,-1.2216079235076904
66945.0,-1.2325321435928345
66950.0,-1.2423477172851562
66955.0,-1.232287883758545
66960.0,-1.2224819660186768
66965.0,-1.2182600498199463
66970.0,-1.2239494323730469
66975.0,-1.2313745021820068
66980.0,-1.2174110412597656
66985.0,-1.2144689559936523
66990.0,-1.2385414838790894
66995.0,-1.216569423675537
67000.0,-1.2260277271270752
67005.0,-1.2506064176559448
67010.0,-1.2304019927978516
67015.0,-1.22829008102417
67020.0,-1.2247663736343384
67025.0,-1.229731559753418
67030.0,-1.2375352382659912
67035.0,-1.208445429801941
67040.0,-1.23176109790802
67045.0,-1.217067003250122
67050.0,-1.220288872718811
67055.0,-1.2453269958496094
67060.0,-1.2278544902801514
67065.0,-1.2158803939819336
67070.0,-1.2450133562088013
67075.0,-1.2294447422027588
67080.0,-1.214411973953247
67085.0,-1.2321624755859375
67090.0,-1.2306554317474365
67095.0,-1.23771071434021
67100.0,-1.2263309955596924
67105.0,-1.2227050065994263
67110.0,-1.2397606372833252
67115.0,-1.2116719484329224
67120.0,-1.2271894216537476
67125.0,-1.2340962886810303
67130.0,-1.2452850341796875
67135.0,-1.2267965078353882
67140.0,-1.2240972518920898
67145.0,-1.212709665298462
67150.0,-1.230893611907959
67155.0,-1.2229762077331543
67160.0,-1.2243468761444092
67165.0,-1.244882345199585
67170.0,-1.2316910028457642
67175.0,-1.2184895277023315
67180.0,-1.2290161848068237
67185.0,-1.2469959259033203
67190.0,-1.2268882989883423
67195.0,-1.2423816919326782
67200.0,-1.2203900814056396
67205.0,-1.2246438264846802
67210.0,-1.2268792390823364
67215.0,-1.2280595302581787
67220.0,-1.2407803535461426
67225.0,-1.2394217252731323
67230.0,-1.2032185792922974
67235.0,-1.2263615131378174
67240.0,-1.254913330078125
67245.0,-1.2037400007247925
67250.0,-1.231592059135437
67255.0,-1.2404175996780396
67260.0,-1.2078142166137695
67265.0,-1.248270869255066
67270.0,-1.2442708015441895
67275.0,-1.215502381324768
67280.0,-1.2426780462265015
67285.0,-1.2330468893051147
67290.0,-1.2108469009399414
67295.0,-1.2459735870361328
67300.0,-1.2308334112167358
67305.0,-1.2248505353927612
67310.0,-1.2293105125427246
67315.0,-1.2292168140411377
67320.0,-1.2400375604629517
67325.0,-1.233988881111145
67330.0,-1.2239922285079956
67335.0,-1.2379804849624634
67340.0,-1.2256072759628296
67345.0,-1.2305333614349365
67350.0,-1.237492561340332
67355.0,-1.2439358234405518
67360.0,-1.2375001907348633
67365.0,-1.2308576107025146
67370.0,-1.2279140949249268
67375.0,-1.2558612823486328
67380.0,-1.2097173929214478
67385.0,-1.2335119247436523
67390.0,-1.2404804229736328
67395.0,-1.2157323360443115
67400.0,-1.226177453994751
67405.0,-1.2484074831008911
67410.0,-1.22406804561615
67415.0,-1.2191050052642822
67420.0,-1.2338080406188965
67425.0,-1.224846363067627
67430.0,-1.230445146560669
67435.0,-1.2046254873275757
67440.0,-1.2495315074920654
67445.0,-1.2213162183761597
67450.0,-1.2179522514343262
67455.0,-1.2580848932266235
67460.0,-1.2191814184188843
67465.0,-1.228408694267273
67470.0,-1.242572546005249
67475.0,-1.2046778202056885
67480.0,-1.2412617206573486
67485.0,-1.238892912864685
67490.0,-1.2014403343200684
67495.0,-1.2494771480560303
67500.0,-1.2330055236816406
67505.0,-1.2248072624206543
67510.0,-1.2340444326400757
67515.0,-1.232231616973877
67520.0,-1.2332820892333984
67525.0,-1.2353514432907104
67530.0,-1.2392170429229736
67535.0,-1.2400703430175781
67540.0,-1.2174066305160522
67545.0,-1.2325702905654907
67550.0,-1.2187778949737549
67555.0,-1.221313238143921
67560.0,-1.243180513381958
67565.0,-1.229597806930542
67570.0,-1.2332720756530762
67575.0,-1.214667797088623
67580.0,-1.2293651103973389
67585.0,-1.2383606433868408
67590.0,-1.224905252456665
67595.0,-1.2400935888290405
67600.0,-1.2411549091339111
67605.0,-1.2373242378234863
67610.0,-1.2255953550338745
67615.0,-1.2172170877456665
67620.0,-1.2485294342041016
67625.0,-1.2216843366622925
67630.0,-1.2187552452087402
67635.0,-1.217968225479126
67640.0,-1.2322022914886475
67645.0,-1.248300313949585
67650.0,-1.2090414762496948
67655.0,-1.228825569152832
67660.0,-1.2403178215026855
67665.0,-1.1984935998916626
67670.0,-1.2375388145446777
67675.0,-1.2479031085968018
67680.0,-1.2223665714263916
67685.0,-1.2312605381011963
67690.0,-1.2155429124832153
67695.0,-1.2337045669555664
67700.0,-1.2538225650787354
67705.0,-1.2122769355773926
67710.0,-1.2474744319915771
67715.0,-1.2239172458648682
67720.0,-1.2155295610427856
67725.0,-1.2456704378128052
67730.0,-1.230573058128357
67735.0,-1.2174409627914429
67740.0,-1.2439833879470825
67745.0,-1.2125027179718018
67750.0,-1.2302508354187012
67755.0,-1.2280447483062744
67760.0,-1.2096353769302368
67765.0,-1.2193721532821655
67770.0,-1.2280141115188599
67775.0,-1.2305387258529663
67780.0,-1.236143708229065
67785.0,-1.220367431640625
67790.0,-1.2338125705718994
67795.0,-1.22934889793396
67800.0,-1.2208209037780762
67805.0,-1.226455569267273
67810.0,-1.242194652557373
67815.0,-1.228360652923584
67820.0,-1.2272591590881348
67825.0,-1.2285442352294922
67830.0,-1.2519115209579468
67835.0,-1.2219114303588867
67840.0,-1.2303311824798584
67845.0,-1.2342373132705688
67850.0,-1.242563247680664
67855.0,-1.221215844154358
67860.0,-1.2403358221054077
67865.0,-1.2355211973190308
67870.0,-1.2215373516082764
67875.0,-1.2373836040496826
67880.0,-1.2211542129516602
67885.0,-1.2294254302978516
67890.0,-1.2370481491088867
67895.0,-1.2234848737716675
67900.0,-1.230999231338501
67905.0,-1.2393527030944824
67910.0,-1.2161617279052734
67915.0,-1.237040400505066
67920.0,-1.2255722284317017
67925.0,-1.2218868732452393
67930.0,-1.238081932067871
67935.0,-1.2207164764404297
67940.0,-1.2223193645477295
67945.0,-1.225341558456421
67950.0,-1.232804536819458
67955.0,-1.2329974174499512
67960.0,-1.2267460823059082
67965.0,-1.2340033054351807
67970.0,-1.22756826877594
67975.0,-1.2197399139404297
67980.0,-1.2527856826782227
67985.0,-1.2286992073059082
67990.0,-1.221124291419983
67995.0,-1.245474100112915
68000.0,-1.2157769203186035
68005.0,-1.2456228733062744
68010.0,-1.2484252452850342
68015.0,-1.2144312858581543
68020.0,-1.2454653978347778
68025.0,-1.2301690578460693
68030.0,-1.216599941253662
68035.0,-1.2409626245498657
68040.0,-1.2224986553192139
68045.0,-1.235975980758667
68050.0,-1.2139105796813965
68055.0,-1.2367634773254395
68060.0,-1.2481945753097534
68065.0,-1.2138361930847168
68070.0,-1.2256900072097778
68075.0,-1.2530057430267334
68080.0,-1.2125016450881958
68085.0,-1.238133430480957
68090.0,-1.227739691734314
68095.0,-1.2402592897415161
68100.0,-1.2171392440795898
68105.0,-1.2255598306655884
68110.0,-1.2418849468231201
68115.0,-1.2292653322219849
68120.0,-1.2172337770462036
68125.0,-1.2466315031051636
68130.0,-1.2203388214111328
68135.0,-1.2309280633926392
68140.0,-1.2460365295410156
68145.0,-1.2226942777633667
68150.0,-1.2434701919555664
68155.0,-1.2238414287567139
68160.0,-1.225160837173462
68165.0,-1.2444227933883667
68170.0,-1.2231210470199585
68175.0,-1.222994327545166
68180.0,-1.232370376586914
68185.0,-1.2246806621551514
68190.0,-1.22916579246521
68195.0,-1.2338769435882568
68200.0,-1.2324812412261963
68205.0,-1.2189019918441772
68210.0,-1.2226582765579224
68215.0,-1.2578010559082031
68220.0,-1.2111968994140625
68225.0,-1.2351861000061035
68230.0,-1.2417137622833252
68235.0,-1.2204686403274536
68240.0,-1.2310335636138916
68245.0,-1.2481529712677002
68250.0,-1.2248164415359497
68255.0,-1.2289568185806274
68260.0,-1.2140533924102783
68265.0,-1.234372615814209
68270.0,-1.236736536026001
68275.0,-1.2156052589416504
68280.0,-1.234067440032959
68285.0,-1.2305235862731934
68290.0,-1.2237706184387207
68295.0,-1.226412296295166
68300.0,-1.2205004692077637
68305.0,-1.2205381393432617
68310.0,-1.2268192768096924
68315.0,-1.2090281248092651
68320.0,-1.2444181442260742
68325.0,-1.2271170616149902
68330.0,-1.2202370166778564
68335.0,-1.2238168716430664
68340.0,-1.2275960445404053
68345.0,-1.218173861503601
68350.0,-1.224434733390808
68355.0,-1.2206308841705322
68360.0,-1.2099988460540771
68365.0,-1.2213521003723145
68370.0,-1.2417725324630737
68375.0,-1.24192214012146
68380.0,-1.214851975440979
68385.0,-1.2479784488677979
68390.0,-1.2316665649414062
68395.0,-1.238384485244751
68400.0,-1.253687858581543
68405.0,-1.234785556793213
68410.0,-1.2395305633544922
68415.0,-1.243062973022461
68420.0,-1.248323917388916
68425.0,-1.2417153120040894
68430.0,-1.2380738258361816
68435.0,-1.2179687023162842
68440.0,-1.2307283878326416
68445.0,-1.2371716499328613
68450.0,-1.2177770137786865
68455.0,-1.2222318649291992
68460.0,-1.2260777950286865
68465.0,-1.2287929058074951
68470.0,-1.2385845184326172
68475.0,-1.2232556343078613
68480.0,-1.2363425493240356
68485.0,-1.1947903633117676
68490.0,-1.2349934577941895
68495.0,-1.235795021057129
68500.0,-1.2112843990325928
68505.0,-1.2257587909698486
68510.0,-1.209714651107788
68515.0,-1.1985355615615845
68520.0,-1.242307186126709
68525.0,-1.2563974857330322
68530.0,-1.2120779752731323
68535.0,-1.220998764038086
68540.0,-1.234682559967041
68545.0,-1.221026062965393
68550.0,-1.2553060054779053
68555.0,-1.227615475654602
68560.0,-1.2328606843948364
68565.0,-1.2301304340362549
68570.0,-1.221800684928894
68575.0,-1.2369654178619385
68580.0,-1.2500989437103271
68585.0,-1.203341007232666
68590.0,-1.233675479888916
68595.0,-1.2156051397323608
68600.0,-1.2236483097076416
68605.0,-1.2500855922698975
68610.0,-1.227413535118103
68615.0,-1.2283037900924683
68620.0,-1.2402832508087158
68625.0,-1.2330448627471924
68630.0,-1.2423059940338135
68635.0,-1.2295773029327393
68640.0,-1.2529187202453613
68645.0,-1.2317208051681519
68650.0,-1.2216706275939941
68655.0,-1.2375075817108154
68660.0,-1.2349674701690674
68665.0,-1.2273571491241455
68670.0,-1.2350350618362427
68675.0,-1.2310774326324463
68680.0,-1.2544835805892944
68685.0,-1.2129638195037842
68690.0,-1.235743761062622
68695.0,-1.2446972131729126
68700.0,-1.2214076519012451
68705.0,-1.2493541240692139
68710.0,-1.2457687854766846
68715.0,-1.2088525295257568
68720.0,-1.2338933944702148
68725.0,-1.218780279159546
68730.0,-1.2379264831542969
68735.0,-1.2306296825408936
68740.0,-1.2244009971618652
68745.0,-1.227726697921753
68750.0,-1.2170079946517944
68755.0,-1.2226319313049316
68760.0,-1.2485606670379639
68765.0,-1.2188453674316406
68770.0,-1.229593276977539
68775.0,-1.2329908609390259
68780.0,-1.216857671737671
68785.0,-1.2426745891571045
68790.0,-1.2274466753005981
68795.0,-1.2251505851745605
68800.0,-1.2426528930664062
68805.0,-1.1972723007202148
68810.0,-1.2376936674118042
68815.0,-1.2445926666259766
68820.0,-1.1965547800064087
68825.0,-1.2517659664154053
68830.0,-1.224703311920166
68835.0,-1.2052268981933594
68840.0,-1.2522518634796143
68845.0,-1.231101632118225
68850.0,-1.2047533988952637
68855.0,-1.236494779586792
68860.0,-1.232547402381897
68865.0,-1.2424964904785156
68870.0,-1.228021264076233
68875.0,-1.2268643379211426
68880.0,-1.234827995300293
68885.0,-1.219168782234192
68890.0,-1.2322533130645752
68895.0,-1.2513408660888672
68900.0,-1.2269304990768433
68905.0,-1.225245714187622
68910.0,-1.2239832878112793
68915.0,-1.2359840869903564
68920.0,-1.2284624576568604
68925.0,-1.2310123443603516
68930.0,-1.2241489887237549
68935.0,-1.2361986637115479
68940.0,-1.227205753326416
68945.0,-1.2182767391204834
68950.0,-1.2232451438903809
68955.0,-1.2426929473876953
68960.0,-1.2082122564315796
68965.0,-1.2340822219848633
68970.0,-1.2371044158935547
68975.0,-1.2120440006256104
68980.0,-1.2298779487609863
68985.0,-1.2274855375289917
68990.0,-1.2253440618515015
68995.0,-1.232006311416626
69000.0,-1.2378442287445068
69005.0,-1.2122567892074585
69010.0,-1.2435791492462158
69015.0,-1.2207697629928589
69020.0,-1.2285983562469482
69025.0,-1.2457633018493652
69030.0,-1.209825038909912
69035.0,-1.2463500499725342
69040.0,-1.2338898181915283
69045.0,-1.2250505685806274
69050.0,-1.2319267988204956
69055.0,-1.2382469177246094
69060.0,-1.233718752861023
69065.0,-1.245936632156372
69070.0,-1.2050820589065552
69075.0,-1.2387762069702148
69080.0,-1.234542727470398
69085.0,-1.22297203540802
69090.0,-1.2436628341674805
69095.0,-1.2322232723236084
69100.0,-1.2223236560821533
69105.0,-1.2261946201324463
69110.0,-1.2526354789733887
69115.0,-1.223903775215149
69120.0,-1.2223433256149292
69125.0,-1.2305092811584473
69130.0,-1.2255394458770752
69135.0,-1.2310017347335815
69140.0,-1.2291111946105957
69145.0,-1.2255340814590454
69150.0,-1.227248191833496
69155.0,-1.238253116607666
69160.0,-1.238128900527954
69165.0,-1.2359352111816406
69170.0,-1.2151570320129395
69175.0,-1.2452796697616577
69180.0,-1.2217040061950684
69185.0,-1.2369084358215332
69190.0,-1.232534646987915
69195.0,-1.220196008682251
69200.0,-1.2244752645492554
69205.0,-1.2263433933258057
69210.0,-1.2429040670394897
69215.0,-1.2335861921310425
69220.0,-1.2219774723052979
69225.0,-1.2300723791122437
69230.0,-1.2329137325286865
69235.0,-1.2237451076507568
69240.0,-1.2426985502243042
69245.0,-1.235943078994751
69250.0,-1.2167781591415405
69255.0,-1.226905107498169
69260.0,-1.2397165298461914
69265.0,-1.2314684391021729
69270.0,-1.226654291152954
69275.0,-1.241914987564087
69280.0,-1.2301431894302368
69285.0,-1.2267526388168335
69290.0,-1.2398054599761963
69295.0,-1.2293713092803955
69300.0,-1.2358081340789795
69305.0,-1.2149852514266968
69310.0,-1.2505214214324951
69315.0,-1.2223260402679443
69320.0,-1.2295373678207397
69325.0,-1.2176764011383057
69330.0,-1.2237049341201782
69335.0,-1.2421746253967285
69340.0,-1.2445497512817383
69345.0,-1.2344253063201904
69350.0,-1.2467122077941895
69355.0,-1.223686933517456
69360.0,-1.244658350944519
69365.0,-1.2322832345962524
69370.0,-1.234935998916626
69375.0,-1.225544810295105
69380.0,-1.2145721912384033
69385.0,-1.2187411785125732
69390.0,-1.2311009168624878
69395.0,-1.2340905666351318
69400.0,-1.2428760528564453
69405.0,-1.2197048664093018
69410.0,-1.2109793424606323
69415.0,-1.2395401000976562
69420.0,-1.2564054727554321
69425.0,-1.222951889038086
69430.0,-1.2306931018829346
69435.0,-1.2414734363555908
69440.0,-1.219274640083313
69445.0,-1.2336432933807373
69450.0,-1.2425202131271362
69455.0,-1.2228565216064453
69460.0,-1.2202391624450684
69465.0,-1.232871651649475
69470.0,-1.2320575714111328
69475.0,-1.2436275482177734
69480.0,-1.2474435567855835
69485.0,-1.236828327178955
69490.0,-1.237852692604065
69495.0,-1.2552908658981323
69500.0,-1.2255785465240479
69505.0,-1.2113971710205078
69510.0,-1.238094687461853
69515.0,-1.213119626045227
69520.0,-1.2307368516921997
69525.0,-1.2312262058258057
69530.0,-1.229640245437622
69535.0,-1.2320892810821533
69540.0,-1.2200686931610107
69545.0,-1.2386199235916138
69550.0,-1.2358894348144531
69555.0,-1.2240824699401855
69560.0,-1.2444850206375122
69565.0,-1.208624005317688
69570.0,-1.2200157642364502
69575.0,-1.2562705278396606
69580.0,-1.2251955270767212
69585.0,-1.234789252281189
69590.0,-1.2345768213272095
69595.0,-1.2322328090667725
69600.0,-1.2330095767974854
69605.0,-1.2386865615844727
69610.0,-1.2249503135681152
69615.0,-1.2345139980316162
69620.0,-1.2195500135421753
69625.0,-1.245940923690796
69630.0,-1.2180156707763672
69635.0,-1.237417459487915
69640.0,-1.2272472381591797
69645.0,-1.2250953912734985
69650.0,-1.239476203918457
69655.0,-1.215533971786499
69660.0,-1.2400248050689697
69665.0,-1.22691011428833
69670.0,-1.198366403579712
69675.0,-1.2771371603012085
69680.0,-1.2168667316436768
69685.0,-1.2066161632537842
69690.0,-1.261328935623169
69695.0,-1.2122178077697754
69700.0,-1.2211707830429077
69705.0,-1.2703182697296143
69710.0,-1.2213752269744873
69715.0,-1.2315526008605957
69720.0,-1.2355715036392212
69725.0,-1.2296807765960693
69730.0,-1.2192641496658325
69735.0,-1.2195295095443726
69740.0,-1.2252247333526611
69745.0,-1.2195639610290527
69750.0,-1.2241178750991821
69755.0,-1.247171401977539
69760.0,-1.2268733978271484
69765.0,-1.2245547771453857
69770.0,-1.2295923233032227
69775.0,-1.2346644401550293
69780.0,-1.239903211593628
69785.0,-1.2169982194900513
69790.0,-1.2278934717178345
69795.0,-1.221374273300171
69800.0,-1.2202061414718628
69805.0,-1.233926773071289
69810.0,-1.23610520362854
69815.0,-1.218076229095459
69820.0,-1.2282239198684692
69825.0,-1.2249915599822998
69830.0,-1.229740858078003
69835.0,-1.2470086812973022
69840.0,-1.2196965217590332
69845.0,-1.242301344871521
69850.0,-1.2215886116027832
69855.0,-1.2220473289489746
69860.0,-1.25526762008667
69865.0,-1.2054082155227661
69870.0,-1.2291336059570312
69875.0,-1.2440223693847656
69880.0,-1.2163949012756348
69885.0,-1.2372525930404663
69890.0,-1.2313787937164307
69895.0,-1.2288275957107544
69900.0,-1.2307639122009277
69905.0,-1.2171828746795654
69910.0,-1.2318880558013916
69915.0,-1.2422173023223877
69920.0,-1.2206332683563232
69925.0,-1.2325904369354248
69930.0,-1.2172601222991943
69935.0,-1.221968412399292
69940.0,-1.2505419254302979
69945.0,-1.2094446420669556
69950.0,-1.2535444498062134
69955.0,-1.2309718132019043
69960.0,-1.2076019048690796
69965.0,-1.2472548484802246
69970.0,-1.2365877628326416
69975.0,-1.221364140510559
69980.0,-1.252105712890625
69985.0,-1.2223520278930664
69990.0,-1.2206910848617554
69995.0,-1.2410807609558105
70000.0,-1.2135330438613892
70005.0,-1.220107078552246
70010.0,-1.2369723320007324
70015.0,-1.2261784076690674
70020.0,-1.2348206043243408
70025.0,-1.2178276777267456
70030.0,-1.2313629388809204
70035.0,-1.2250120639801025
70040.0,-1.2354261875152588
70045.0,-1.2354743480682373
70050.0,-1.22370445728302
70055.0,-1.223022699356079
70060.0,-1.2238876819610596
70065.0,-1.228006362915039
70070.0,-1.2488129138946533
70075.0,-1.2296960353851318
70080.0,-1.2292307615280151
70085.0,-1.2153855562210083
70090.0,-1.225708246231079
70095.0,-1.2221558094024658
70100.0,-1.2262542247772217
70105.0,-1.2302988767623901
70110.0,-1.2063974142074585
70115.0,-1.223040223121643
70120.0,-1.2605654001235962
70125.0,-1.214714765548706
70130.0,-1.2295889854431152
70135.0,-1.236061453819275
70140.0,-1.2150888442993164
70145.0,-1.2408499717712402
70150.0,-1.2168030738830566
70155.0,-1.2276101112365723
70160.0,-1.2259373664855957
70165.0,-1.225761890411377
70170.0,-1.2402012348175049
70175.0,-1.2367100715637207
70180.0,-1.2397511005401611
70185.0,-1.2315469980239868
70190.0,-1.2341313362121582
70195.0,-1.221520185470581
70200.0,-1.2404463291168213
70205.0,-1.227616548538208
70210.0,-1.228543758392334
70215.0,-1.229682445526123
70220.0,-1.2322497367858887
70225.0,-1.2223951816558838
70230.0,-1.2089465856552124
70235.0,-1.233534336090088
70240.0,-1.2381055355072021
70245.0,-1.2120195627212524
70250.0,-1.215219259262085
70255.0,-1.2276774644851685
70260.0,-1.2315415143966675
70265.0,-1.2287960052490234
70270.0,-1.2415955066680908
70275.0,-1.2373664379119873
70280.0,-1.217603325843811
70285.0,-1.2430510520935059
70290.0,-1.220686912536621
70295.0,-1.2382842302322388
70300.0,-1.2372583150863647
70305.0,-1.2171125411987305
70310.0,-1.212965488433838
70315.0,-1.2521700859069824
70320.0,-1.2286076545715332
70325.0,-1.2200273275375366
70330.0,-1.2468818426132202
70335.0,-1.2229335308074951
70340.0,-1.2121411561965942
70345.0,-1.2590429782867432
70350.0,-1.2265598773956299
70355.0,-1.2104122638702393
70360.0,-1.226470947265625
70365.0,-1.2261639833450317
70370.0,-1.2306535243988037
70375.0,-1.2334657907485962
70380.0,-1.234565258026123
70385.0,-1.2323445081710815
70390.0,-1.2160439491271973
70395.0,-1.2363308668136597
70400.0,-1.2258249521255493
70405.0,-1.2089701890945435
70410.0,-1.2335090637207031
70415.0,-1.2115123271942139
70420.0,-1.2153546810150146
70425.0,-1.2621346712112427
70430.0,-1.2215876579284668
70435.0,-1.2245173454284668
70440.0,-1.2400768995285034
70445.0,-1.234679102897644
70450.0,-1.2304376363754272
70455.0,-1.2391185760498047
70460.0,-1.2263163328170776
70465.0,-1.223175048828125
70470.0,-1.2094725370407104
70475.0,-1.2382397651672363
70480.0,-1.2425274848937988
70485.0,-1.2147427797317505
70490.0,-1.2343189716339111
70495.0,-1.223233699798584
70500.0,-1.2182081937789917
70505.0,-1.2486207485198975
70510.0,-1.219034194946289
70515.0,-1.229379653930664
70520.0,-1.2217912673950195
70525.0,-1.2284770011901855
70530.0,-1.2438580989837646
70535.0,-1.2198512554168701
70540.0,-1.2403459548950195
70545.0,-1.2273688316345215
70550.0,-1.2183036804199219
70555.0,-1.2535039186477661
70560.0,-1.2259691953659058
70565.0,-1.2266805171966553
70570.0,-1.2276158332824707
70575.0,-1.216261625289917
70580.0,-1.2380053997039795
70585.0,-1.2299559116363525
70590.0,-1.2217282056808472
70595.0,-1.2365902662277222
70600.0,-1.210052251815796
70605.0,-1.2341915369033813
70610.0,-1.2393840551376343
70615.0,-1.2165634632110596
70620.0,-1.233755111694336
70625.0,-1.213969349861145
70630.0,-1.234367847442627
70635.0,-1.2567589282989502
70640.0,-1.2277030944824219
70645.0,-1.2317922115325928
70650.0,-1.2442615032196045
70655.0,-1.2232275009155273
70660.0,-1.2334833145141602
70665.0,-1.2245447635650635
70670.0,-1.2327357530593872
70675.0,-1.2172249555587769
70680.0,-1.2126017808914185
70685.0,-1.2431210279464722
70690.0,-1.2321819067001343
70695.0,-1.2079136371612549
70700.0,-1.2499685287475586
70705.0,-1.224055290222168
70710.0,-1.2119603157043457
70715.0,-1.2531113624572754
70720.0,-1.2332615852355957
70725.0,-1.2152888774871826
70730.0,-1.2260582447052002
70735.0,-1.2283915281295776
70740.0,-1.2373273372650146
70745.0,-1.242025375366211
70750.0,-1.237980842590332
70755.0,-1.231619119644165
70760.0,-1.2243554592132568
70765.0,-1.2224222421646118
70770.0,-1.2551419734954834
70775.0,-1.2265759706497192
70780.0,-1.2439697980880737
70785.0,-1.2222555875778198
70790.0,-1.2163463830947876
70795.0,-1.2415376901626587
70800.0,-1.2206535339355469
70805.0,-1.2370513677597046
70810.0,-1.2259469032287598
70815.0,-1.2209415435791016
70820.0,-1.2315027713775635
70825.0,-1.230913758277893
70830.0,-1.219454050064087
70835.0,-1.233447790145874
70840.0,-1.2142587900161743
70845.0,-1.2432981729507446
70850.0,-1.2375133037567139
70855.0,-1.1866366863250732
70860.0,-1.2345222234725952
70865.0,-1.2215993404388428
70870.0,-1.2355868816375732
70875.0,-1.24234139919281
70880.0,-1.221290946006775
70885.0,-1.2311917543411255
70890.0,-1.242967128753662
70895.0,-1.2263245582580566
70900.0,-1.2463464736938477
70905.0,-1.245469331741333
70910.0,-1.2228785753250122
70915.0,-1.2225227355957031
70920.0,-1.2467851638793945
70925.0,-1.2199535369873047
70930.0,-1.2233840227127075
70935.0,-1.2313706874847412
70940.0,-1.2228833436965942
70945.0,-1.2401070594787598
70950.0,-1.2229175567626953
70955.0,-1.2273156642913818
70960.0,-1.2496203184127808
70965.0,-1.214566946029663
70970.0,-1.2257795333862305
70975.0,-1.2427453994750977
70980.0,-1.2271567583084106
70985.0,-1.219643235206604
70990.0,-1.218846082687378
70995.0,-1.2392395734786987
71000.0,-1.2383332252502441
71005.0,-1.2341458797454834
71010.0,-1.237333059310913
71015.0,-1.2267264127731323
71020.0,-1.2244110107421875
71025.0,-1.2462623119354248
71030.0,-1.2102305889129639
71035.0,-1.2360444068908691
71040.0,-1.207686185836792
71045.0,-1.2246806621551514
71050.0,-1.2420002222061157
71055.0,-1.2273627519607544
71060.0,-1.2299937009811401
71065.0,-1.233839750289917
71070.0,-1.2278409004211426
71075.0,-1.2399048805236816
71080.0,-1.2374200820922852
71085.0,-1.2196650505065918
71090.0,-1.2235815525054932
71095.0,-1.2208681106567383
71100.0,-1.2395009994506836
71105.0,-1.230359673500061
71110.0,-1.2185652256011963
71115.0,-1.2313634157180786
71120.0,-1.2228493690490723
71125.0,-1.2467318773269653
71130.0,-1.2417168617248535
71135.0,-1.24639093875885
71140.0,-1.2333908081054688
71145.0,-1.2359941005706787
71150.0,-1.2283127307891846
71155.0,-1.249997854232788
71160.0,-1.2234809398651123
71165.0,-1.2423481941223145
71170.0,-1.2095972299575806
71175.0,-1.222198724746704
71180.0,-1.240847110748291
71185.0,-1.2189269065856934
71190.0,-1.2250760793685913
71195.0,-1.2186944484710693
71200.0,-1.22469162940979
71205.0,-1.236208200454712
71210.0,-1.230870246887207
71215.0,-1.2211627960205078
71220.0,-1.2489233016967773
71225.0,-1.2018110752105713
71230.0,-1.2218571901321411
71235.0,-1.2685036659240723
71240.0,-1.208870530128479
71245.0,-1.2364301681518555
71250.0,-1.2311211824417114
71255.0,-1.2119323015213013
71260.0,-1.2306411266326904
71265.0,-1.2243478298187256
71270.0,-1.2218290567398071
71275.0,-1.2311519384384155
71280.0,-1.2157803773880005
71285.0,-1.2352287769317627
71290.0,-1.228013515472412
71295.0,-1.2132437229156494
71300.0,-1.2481622695922852
71305.0,-1.2169159650802612
71310.0,-1.2279598712921143
71315.0,-1.2583067417144775
71320.0,-1.2325835227966309
71325.0,-1.224482536315918
71330.0,-1.241490125656128
71335.0,-1.2245781421661377
71340.0,-1.2365763187408447
71345.0,-1.2315504550933838
71350.0,-1.235573410987854
71355.0,-1.2325408458709717
71360.0,-1.2099337577819824
71365.0,-1.2428653240203857
71370.0,-1.2436473369598389
71375.0,-1.219404935836792
71380.0,-1.240260362625122
71385.0,-1.2286550998687744
71390.0,-1.2203503847122192
71395.0,-1.2407798767089844
71400.0,-1.215702772140503
71405.0,-1.2305107116699219
71410.0,-1.2335209846496582
71415.0,-1.2137644290924072
71420.0,-1.2383828163146973
71425.0,-1.2406022548675537
71430.0,-1.218653678894043
71435.0,-1.2372475862503052
71440.0,-1.2324610948562622
71445.0,-1.2124656438827515
71450.0,-1.2568258047103882
71455.0,-1.218026876449585
71460.0,-1.2033659219741821
71465.0,-1.2348079681396484
71470.0,-1.2144417762756348
71475.0,-1.2103683948516846
71480.0,-1.246727466583252
71485.0,-1.209160327911377
71490.0,-1.230548620223999
71495.0,-1.245053768157959
71500.0,-1.2204240560531616
71505.0,-1.2419145107269287
71510.0,-1.2544515132904053
71515.0,-1.2129610776901245
71520.0,-1.231838583946228
71525.0,-1.2505593299865723
71530.0,-1.2224524021148682
71535.0,-1.2187877893447876
71540.0,-1.2227697372436523
71545.0,-1.2196685075759888
71550.0,-1.251258373260498
71555.0,-1.2291961908340454
71560.0,-1.2250601053237915
71565.0,-1.2318075895309448
71570.0,-1.2175593376159668
71575.0,-1.220724105834961
71580.0,-1.2349541187286377
71585.0,-1.2404091358184814
71590.0,-1.2305797338485718
71595.0,-1.2228962182998657
71600.0,-1.2279763221740723
71605.0,-1.230064034461975
71610.0,-1.2289197444915771
71615.0,-1.2281370162963867
71620.0,-1.2463462352752686
71625.0,-1.2087770700454712
71630.0,-1.2280700206756592
71635.0,-1.2471427917480469
71640.0,-1.2263927459716797
71645.0,-1.230022668838501
71650.0,-1.237579345703125
71655.0,-1.223854422569275
71660.0,-1.225975513458252
71665.0,-1.2406734228134155
71670.0,-1.2339532375335693
71675.0,-1.2437403202056885
71680.0,-1.2181679010391235
71685.0,-1.2314103841781616
71690.0,-1.2408761978149414
71695.0,-1.219966173171997
71700.0,-1.2369325160980225
71705.0,-1.2295114994049072
71710.0,-1.2130882740020752
71715.0,-1.2124433517456055
71720.0,-1.2245314121246338
71725.0,-1.220657467842102
71730.0,-1.248044729232788
71735.0,-1.234082818031311
71740.0,-1.232503890991211
71745.0,-1.2318484783172607
71750.0,-1.2307409048080444
71755.0,-1.2163143157958984
71760.0,-1.2326258420944214
71765.0,-1.2163877487182617
71770.0,-1.2147502899169922
71775.0,-1.2420365810394287
71780.0,-1.2383040189743042
71785.0,-1.2268435955047607
71790.0,-1.240377426147461
71795.0,-1.2360903024673462
71800.0,-1.2127281427383423
71805.0,-1.2125794887542725
71810.0,-1.2309660911560059
71815.0,-1.218850016593933
71820.0,-1.2006374597549438
71825.0,-1.2388042211532593
71830.0,-1.218321681022644
71835.0,-1.21720290184021
71840.0,-1.2469151020050049
71845.0,-1.2187221050262451
71850.0,-1.2231199741363525
71855.0,-1.2424323558807373
71860.0,-1.2345898151397705
71865.0,-1.2345333099365234
71870.0,-1.2158682346343994
71875.0,-1.2508213520050049
71880.0,-1.2169889211654663
71885.0,-1.2051640748977661
71890.0,-1.2289634943008423
71895.0,-1.2304706573486328
71900.0,-1.2124348878860474
71905.0,-1.2244248390197754
71910.0,-1.2406644821166992
71915.0,-1.2304184436798096
71920.0,-1.2243306636810303
71925.0,-1.2464946508407593
71930.0,-1.2319121360778809
71935.0,-1.2290034294128418
71940.0,-1.2568135261535645
71945.0,-1.2270760536193848
71950.0,-1.2351069450378418
71955.0,-1.2449615001678467
71960.0,-1.2451105117797852
71965.0,-1.2227033376693726
71970.0,-1.2421643733978271
71975.0,-1.2284678220748901
71980.0,-1.2233998775482178
71985.0,-1.2118699550628662
71990.0,-1.2366201877593994
71995.0,-1.2180734872817993
72000.0,-1.2159433364868164
72005.0,-1.2402435541152954
72010.0,-1.223596215248108
72015.0,-1.2233937978744507
72020.0,-1.2201699018478394
72025.0,-1.252518653869629
72030.0,-1.2515027523040771
72035.0,-1.1931463479995728
72040.0,-1.2534384727478027
72045.0,-1.241802453994751
72050.0,-1.2010273933410645
72055.0,-1.2607344388961792
72060.0,-1.2519800662994385
72065.0,-1.2152588367462158
72070.0,-1.2446430921554565
72075.0,-1.2210400104522705
72080.0,-1.2308745384216309
72085.0,-1.2483510971069336
72090.0,-1.203755497932434
72095.0,-1.2574925422668457
72100.0,-1.221221685409546
72105.0,-1.201735019683838
72110.0,-1.2805707454681396
72115.0,-1.2135084867477417
72120.0,-1.2189230918884277
72125.0,-1.274822473526001
72130.0,-1.2016023397445679
72135.0,-1.2361254692077637
72140.0,-1.268378734588623
72145.0,-1.2051620483398438
72150.0,-1.2454520463943481
72155.0,-1.2349668741226196
72160.0,-1.2062394618988037
72165.0,-1.2594181299209595
72170.0,-1.2220792770385742
72175.0,-1.227830171585083
72180.0,-1.2455084323883057
72185.0,-1.2094675302505493
72190.0,-1.2312816381454468
72195.0,-1.2514532804489136
72200.0,-1.1930530071258545
72205.0,-1.2357800006866455
72210.0,-1.2268205881118774
72215.0,-1.2171692848205566
72220.0,-1.2628792524337769
72225.0,-1.2373918294906616
72230.0,-1.220545768737793
72235.0,-1.2541825771331787
72240.0,-1.2154849767684937
72245.0,-1.2306101322174072
72250.0,-1.257800817489624
72255.0,-1.2205100059509277
72260.0,-1.2121763229370117
72265.0,-1.2279775142669678
72270.0,-1.2164911031723022
72275.0,-1.2530591487884521
72280.0,-1.2369575500488281
72285.0,-1.213473916053772
72290.0,-1.2545688152313232
72295.0,-1.2280476093292236
72300.0,-1.2307279109954834
72305.0,-1.2538561820983887
72310.0,-1.2251230478286743
72315.0,-1.250918984413147
72320.0,-1.2454661130905151
72325.0,-1.1898010969161987
72330.0,-1.2566874027252197
72335.0,-1.2187037467956543
72340.0,-1.193111538887024
72345.0,-1.2426564693450928
72350.0,-1.2127604484558105
72355.0,-1.2352688312530518
72360.0,-1.236623764038086
72365.0,-1.2069406509399414
72370.0,-1.236830472946167
72375.0,-1.2388691902160645
72380.0,-1.209028959274292
72385.0,-1.2434751987457275
72390.0,-1.2297967672348022
72395.0,-1.2209439277648926
72400.0,-1.229957938194275
72405.0,-1.2382467985153198
72410.0,-1.2223162651062012
72415.0,-1.2434934377670288
72420.0,-1.2300196886062622
72425.0,-1.2227859497070312
72430.0,-1.2480653524398804
72435.0,-1.2315497398376465
72440.0,-1.2169113159179688
72445.0,-1.256368637084961
72450.0,-1.2211694717407227
72455.0,-1.2283334732055664
72460.0,-1.2345781326293945
72465.0,-1.2215940952301025
72470.0,-1.2158445119857788
72475.0,-1.2385587692260742
72480.0,-1.2171380519866943
72485.0,-1.2456114292144775
72490.0,-1.2246088981628418
72495.0,-1.2402520179748535
72500.0,-1.2364799976348877
72505.0,-1.2285635471343994
72510.0,-1.2358283996582031
72515.0,-1.2421536445617676
72520.0,-1.2075936794281006
72525.0,-1.2409048080444336
72530.0,-1.2413605451583862
72535.0,-1.2028086185455322
72540.0,-1.2372361421585083
72545.0,-1.2272533178329468
72550.0,-1.209626317024231
72555.0,-1.2671743631362915
72560.0,-1.2299425601959229
72565.0,-1.2236651182174683
72570.0,-1.2426514625549316
72575.0,-1.2117184400558472
72580.0,-1.2247973680496216
72585.0,-1.2474534511566162
72590.0,-1.2364981174468994
72595.0,-1.2263845205307007
72600.0,-1.2288018465042114
72605.0,-1.2306263446807861
72610.0,-1.2298507690429688
72615.0,-1.2321770191192627
72620.0,-1.2465474605560303
72625.0,-1.2225815057754517
72630.0,-1.229868769645691
72635.0,-1.2496607303619385
72640.0,-1.2190303802490234
72645.0,-1.2411911487579346
72650.0,-1.2194466590881348
72655.0,-1.2334109544754028
72660.0,-1.2469124794006348
72665.0,-1.2124619483947754
72670.0,-1.237072467803955
72675.0,-1.2264132499694824
72680.0,-1.2171047925949097
72685.0,-1.2490532398223877
72690.0,-1.233780026435852
72695.0,-1.2217609882354736
72700.0,-1.2420772314071655
72705.0,-1.2237598896026611
72710.0,-1.2173388004302979
72715.0,-1.2366067171096802
72720.0,-1.228140115737915
72725.0,-1.2168910503387451
72730.0,-1.2287980318069458
72735.0,-1.2338430881500244
72740.0,-1.2262300252914429
72745.0,-1.2290363311767578
72750.0,-1.2256823778152466
72755.0,-1.2358858585357666
72760.0,-1.2233808040618896
72765.0,-1.236330509185791
72770.0,-1.2451016902923584
72775.0,-1.2237565517425537
72780.0,-1.218801736831665
72785.0,-1.2410571575164795
72790.0,-1.2276577949523926
72795.0,-1.2249317169189453
72800.0,-1.2177588939666748
72805.0,-1.229748249053955
72810.0,-1.2244175672531128
72815.0,-1.222875714302063
72820.0,-1.2529432773590088
72825.0,-1.2203476428985596
72830.0,-1.2187830209732056
72835.0,-1.2581562995910645
72840.0,-1.235790729522705
72845.0,-1.2273476123809814
72850.0,-1.2572565078735352
72855.0,-1.2306749820709229
72860.0,-1.2253563404083252
72865.0,-1.253361701965332
72870.0,-1.209132194519043
72875.0,-1.2322407960891724
72880.0,-1.2394688129425049
72885.0,-1.2163429260253906
72890.0,-1.2170524597167969
72895.0,-1.2360278367996216
72900.0,-1.2199223041534424
72905.0,-1.2057404518127441
72910.0,-1.2447195053100586
72915.0,-1.237917184829712
72920.0,-1.2294888496398926
72925.0,-1.2231929302215576
72930.0,-1.2344934940338135
72935.0,-1.228814721107483
72940.0,-1.208905816078186
72945.0,-1.2534973621368408
72950.0,-1.232192039489746
72955.0,-1.2159961462020874
72960.0,-1.2240076065063477
72965.0,-1.2234082221984863
72970.0,-1.2441470623016357
72975.0,-1.2298476696014404
72980.0,-1.2066233158111572
72985.0,-1.256089210510254
72990.0,-1.2187796831130981
72995.0,-1.2096103429794312
73000.0,-1.2481434345245361
73005.0,-1.216720461845398
73010.0,-1.2003471851348877
73015.0,-1.233675479888916
73020.0,-1.2296499013900757
73025.0,-1.2253694534301758
73030.0,-1.2266383171081543
73035.0,-1.2236111164093018
73040.0,-1.2174303531646729
73045.0,-1.2168548107147217
73050.0,-1.2442665100097656
73055.0,-1.2178306579589844
73060.0,-1.2157058715820312
73065.0,-1.237122654914856
73070.0,-1.2236918210983276
73075.0,-1.2337713241577148
73080.0,-1.2312034368515015
73085.0,-1.2336506843566895
73090.0,-1.2131929397583008
73095.0,-1.22453773021698
73100.0,-1.250226378440857
73105.0,-1.226613998413086
73110.0,-1.212992787361145
73115.0,-1.2561389207839966
73120.0,-1.222720742225647
73125.0,-1.2325713634490967
73130.0,-1.2410156726837158
73135.0,-1.23439621925354
73140.0,-1.2298496961593628
73145.0,-1.2324645519256592
73150.0,-1.2254455089569092
73155.0,-1.2432178258895874
73160.0,-1.2227205038070679
73165.0,-1.2327066659927368
73170.0,-1.233641505241394
73175.0,-1.2266137599945068
73180.0,-1.2388367652893066
73185.0,-1.2375953197479248
73190.0,-1.2242767810821533
73195.0,-1.2281885147094727
73200.0,-1.2251062393188477
73205.0,-1.2243363857269287
73210.0,-1.2423107624053955
73215.0,-1.2159849405288696
73220.0,-1.2373096942901611
73225.0,-1.2172605991363525
73230.0,-1.2333533763885498
73235.0,-1.2544268369674683
73240.0,-1.2103687524795532
73245.0,-1.2394921779632568
73250.0,-1.2284436225891113
73255.0,-1.2136268615722656
73260.0,-1.2428689002990723
73265.0,-1.2283647060394287
73270.0,-1.2107900381088257
73275.0,-1.2406338453292847
73280.0,-1.204183578491211
73285.0,-1.2221167087554932
73290.0,-1.258751392364502
73295.0,-1.1959633827209473
73300.0,-1.227597951889038
73305.0,-1.2299398183822632
73310.0,-1.2127439975738525
73315.0,-1.2436587810516357
73320.0,-1.2204970121383667
73325.0,-1.2377198934555054
73330.0,-1.2298049926757812
73335.0,-1.2157467603683472
73340.0,-1.25055992603302
73345.0,-1.2317497730255127
73350.0,-1.2222859859466553
73355.0,-1.230393886566162
73360.0,-1.2197282314300537
73365.0,-1.2583681344985962
73370.0,-1.2157971858978271
73375.0,-1.2223565578460693
73380.0,-1.2454909086227417
73385.0,-1.1999894380569458
73390.0,-1.2411491870880127
73395.0,-1.2489211559295654
73400.0,-1.2193607091903687
73405.0,-1.222179889678955
73410.0,-1.221848487854004
73415.0,-1.244354248046875
73420.0,-1.248805046081543
73425.0,-1.2187546491622925
73430.0,-1.2514500617980957
73435.0,-1.2233593463897705
73440.0,-1.2199956178665161
73445.0,-1.2642395496368408
73450.0,-1.2203190326690674
73455.0,-1.2137198448181152
73460.0,-1.2388322353363037
73465.0,-1.221977710723877
73470.0,-1.2396337985992432
73475.0,-1.2282081842422485
73480.0,-1.2331594228744507
73485.0,-1.2226842641830444
73490.0,-1.2259979248046875
73495.0,-1.244940161705017
73500.0,-1.2291219234466553
73505.0,-1.2008661031723022
73510.0,-1.2440211772918701
73515.0,-1.2280324697494507
73520.0,-1.2245290279388428
73525.0,-1.247888207435608
73530.0,-1.2316598892211914
73535.0,-1.236685037612915
73540.0,-1.2420868873596191
73545.0,-1.2243525981903076
73550.0,-1.2463576793670654
73555.0,-1.231605052947998
73560.0,-1.2241874933242798
73565.0,-1.2250654697418213
73570.0,-1.2350993156433105
73575.0,-1.2409815788269043
73580.0,-1.2167325019836426
73585.0,-1.238154411315918
73590.0,-1.2358858585357666
73595.0,-1.2294602394104004
73600.0,-1.2504795789718628
73605.0,-1.222529649734497
73610.0,-1.2380800247192383
73615.0,-1.2278672456741333
73620.0,-1.2376738786697388
73625.0,-1.2347004413604736
73630.0,-1.2580376863479614
73635.0,-1.2253944873809814
73640.0,-1.2364211082458496
73645.0,-1.222858190536499
73650.0,-1.2516716718673706
73655.0,-1.2170320749282837
73660.0,-1.2345619201660156
73665.0,-1.216557264328003
73670.0,-1.219537615776062
73675.0,-1.2510229349136353
73680.0,-1.2208396196365356
73685.0,-1.2303460836410522
73690.0,-1.2356455326080322
73695.0,-1.222425937652588
73700.0,-1.2315826416015625
73705.0,-1.2575287818908691
73710.0,-1.207284927368164
73715.0,-1.241065502166748
73720.0,-1.244569182395935
73725.0,-1.2180123329162598
73730.0,-1.245058536529541
73735.0,-1.2338985204696655
73740.0,-1.2197648286819458
73745.0,-1.2249587774276733
73750.0,-1.2473238706588745
73755.0,-1.2071970701217651
73760.0,-1.241241455078125
73765.0,-1.2420167922973633
73770.0,-1.2106759548187256
73775.0,-1.216841697692871
73780.0,-1.2521569728851318
73785.0,-1.2106773853302002
73790.0,-1.248681902885437
73795.0,-1.2376734018325806
73800.0,-1.2314860820770264
73805.0,-1.2398897409439087
73810.0,-1.2228789329528809
73815.0,-1.2315257787704468
73820.0,-1.2538502216339111
73825.0,-1.2152633666992188
73830.0,-1.2372967004776
73835.0,-1.2277969121932983
73840.0,-1.22523832321167
73845.0,-1.2443993091583252
73850.0,-1.222320795059204
73855.0,-1.2252732515335083
73860.0,-1.2499983310699463
73865.0,-1.215328574180603
73870.0,-1.2508491277694702
73875.0,-1.2299695014953613
73880.0,-1.227372646331787
73885.0,-1.2304446697235107
73890.0,-1.2191988229751587
73895.0,-1.2323598861694336
73900.0,-1.2289996147155762
73905.0,-1.219336986541748
73910.0,-1.2410290241241455
73915.0,-1.215641736984253
73920.0,-1.2226089239120483
73925.0,-1.2458593845367432
73930.0,-1.2096569538116455
73935.0,-1.2073713541030884
73940.0,-1.2338135242462158
73945.0,-1.2193595170974731
73950.0,-1.2274572849273682
73955.0,-1.2297401428222656
73960.0,-1.2293919324874878
73965.0,-1.2221599817276
73970.0,-1.2093982696533203
73975.0,-1.239218831062317
73980.0,-1.2530627250671387
73985.0,-1.2126206159591675
73990.0,-1.2423694133758545
73995.0,-1.2402912378311157
74000.0,-1.2158868312835693
74005.0,-1.252439022064209
74010.0,-1.2426600456237793
74015.0,-1.224877119064331
74020.0,-1.2544597387313843
74025.0,-1.2156734466552734
74030.0,-1.234074592590332
74035.0,-1.237498164176941
74040.0,-1.2234898805618286
74045.0,-1.2327814102172852
74050.0,-1.2226345539093018
74055.0,-1.228052020072937
74060.0,-1.2456755638122559
74065.0,-1.2151613235473633
74070.0,-1.2236435413360596
74075.0,-1.2250220775604248
74080.0,-1.231114149093628
74085.0,-1.2514243125915527
74090.0,-1.2207287549972534
74095.0,-1.2382856607437134
74100.0,-1.234575629234314
74105.0,-1.2187222242355347
74110.0,-1.2494874000549316
74115.0,-1.2454514503479004
74120.0,-1.2233860492706299
74125.0,-1.2434791326522827
74130.0,-1.2063772678375244
74135.0,-1.2437291145324707
74140.0,-1.2443673610687256
74145.0,-1.2145075798034668
74150.0,-1.2422406673431396
74155.0,-1.2267287969589233
74160.0,-1.2209112644195557
74165.0,-1.2527766227722168
74170.0,-1.2268683910369873
74175.0,-1.220170259475708
74180.0,-1.2469744682312012
74185.0,-1.2279486656188965
74190.0,-1.2198628187179565
74195.0,-1.2441672086715698
74200.0,-1.2302422523498535
74205.0,-1.2253293991088867
74210.0,-1.2314696311950684
74215.0,-1.252331256866455
74220.0,-1.229455590248108
74225.0,-1.2292759418487549
74230.0,-1.246095061302185
74235.0,-1.223512053489685
74240.0,-1.2292125225067139
74245.0,-1.2401310205459595
74250.0,-1.230512261390686
74255.0,-1.2285650968551636
74260.0,-1.2178692817687988
74265.0,-1.2524057626724243
74270.0,-1.2364277839660645
74275.0,-1.2220821380615234
74280.0,-1.2385952472686768
74285.0,-1.2458596229553223
74290.0,-1.2119371891021729
74295.0,-1.253624677658081
74300.0,-1.2242140769958496
74305.0,-1.2267006635665894
74310.0,-1.2393383979797363
74315.0,-1.2112550735473633
74320.0,-1.2267067432403564
74325.0,-1.253922939300537
74330.0,-1.2217971086502075
74335.0,-1.229337215423584
74340.0,-1.2287371158599854
74345.0,-1.2101709842681885
74350.0,-1.228531837463379
74355.0,-1.2357141971588135
74360.0,-1.2339471578598022
74365.0,-1.2422242164611816
74370.0,-1.2345962524414062
74375.0,-1.2239768505096436
74380.0,-1.2397899627685547
74385.0,-1.2465753555297852
74390.0,-1.225001335144043
74395.0,-1.250440239906311
74400.0,-1.2444381713867188
74405.0,-1.209139347076416
74410.0,-1.2398500442504883
74415.0,-1.2463511228561401
74420.0,-1.2120718955993652
74425.0,-1.2412693500518799
74430.0,-1.2196626663208008
74435.0,-1.2230422496795654
74440.0,-1.2495843172073364
74445.0,-1.2184553146362305
74450.0,-1.206252098083496
74455.0,-1.255493402481079
74460.0,-1.2188830375671387
74465.0,-1.2215845584869385
74470.0,-1.2558503150939941
74475.0,-1.2240729331970215
74480.0,-1.2280739545822144
74485.0,-1.243748664855957
74490.0,-1.23385488986969
74495.0,-1.2432663440704346
74500.0,-1.2355936765670776
74505.0,-1.236246943473816
74510.0,-1.221323847770691
74515.0,-1.2366178035736084
74520.0,-1.2224979400634766
74525.0,-1.2237508296966553
74530.0,-1.2251745462417603
74535.0,-1.2216689586639404
74540.0,-1.2363790273666382
74545.0,-1.2233195304870605
74550.0,-1.2237436771392822
74555.0,-1.2457550764083862
74560.0,-1.2295938730239868
74565.0,-1.236989974975586
74570.0,-1.2419893741607666
74575.0,-1.2258453369140625
74580.0,-1.2269564867019653
74585.0,-1.2343013286590576
74590.0,-1.2170963287353516
74595.0,-1.2231231927871704
74600.0,-1.245355486869812
74605.0,-1.25040602684021
74610.0,-1.2382311820983887
74615.0,-1.2483090162277222
74620.0,-1.2519252300262451
74625.0,-1.2362024784088135
74630.0,-1.2356657981872559
74635.0,-1.2477281093597412
74640.0,-1.234860897064209
74645.0,-1.235284686088562
74650.0,-1.2337608337402344
74655.0,-1.2204701900482178
74660.0,-1.231088638305664
74665.0,-1.2370617389678955
74670.0,-1.2359378337860107
74675.0,-1.2523561716079712
74680.0,-1.2457832098007202
74685.0,-1.2207200527191162
74690.0,-1.2145438194274902
74695.0,-1.2332626581192017
74700.0,-1.2511415481567383
74705.0,-1.2302985191345215
74710.0,-1.2242498397827148
74715.0,-1.2359590530395508
74720.0,-1.223941445350647
74725.0,-1.2225316762924194
74730.0,-1.2326316833496094
74735.0,-1.2356263399124146
74740.0,-1.2279078960418701
74745.0,-1.2203006744384766
74750.0,-1.2494497299194336
74755.0,-1.2255240678787231
74760.0,-1.2186329364776611
74765.0,-1.2486143112182617
74770.0,-1.2387442588806152
74775.0,-1.2253000736236572
74780.0,-1.2599174976348877
74785.0,-1.2104613780975342
74790.0,-1.2391326427459717
74795.0,-1.2571955919265747
74800.0,-1.2020188570022583
74805.0,-1.2343945503234863
74810.0,-1.2481420040130615
74815.0,-1.2221875190734863
74820.0,-1.2333886623382568
74825.0,-1.2325276136398315
74830.0,-1.230323076248169
74835.0,-1.23788583278656
74840.0,-1.220757007598877
74845.0,-1.2229771614074707
74850.0,-1.252183437347412
74855.0,-1.2286100387573242
74860.0,-1.2074536085128784
74865.0,-1.2235386371612549
74870.0,-1.2606055736541748
74875.0,-1.2194130420684814
74880.0,-1.2314534187316895
74885.0,-1.2498679161071777
74890.0,-1.2219624519348145
74895.0,-1.2209657430648804
74900.0,-1.2536133527755737
74905.0,-1.2315808534622192
74910.0,-1.2440414428710938
74915.0,-1.2231489419937134
74920.0,-1.205175757408142
74925.0,-1.2394585609436035
74930.0,-1.2405292987823486
74935.0,-1.1993982791900635
74940.0,-1.2428710460662842
74945.0,-1.2426787614822388
74950.0,-1.2050418853759766
74955.0,-1.2247892618179321
74960.0,-1.2383818626403809
74965.0,-1.2209664583206177
74970.0,-1.2368972301483154
74975.0,-1.240296721458435
74980.0,-1.206120252609253
74985.0,-1.2395778894424438
74990.0,-1.239666223526001
74995.0,-1.218458890914917
75000.0,-1.2527234554290771
75005.0,-1.2404942512512207
75010.0,-1.2159799337387085
75015.0,-1.2438241243362427
75020.0,-1.2545523643493652
75025.0,-1.2286614179611206
75030.0,-1.2428865432739258
75035.0,-1.2250409126281738
75040.0,-1.2356362342834473
75045.0,-1.2317265272140503
75050.0,-1.2305543422698975
75055.0,-1.2401515245437622
75060.0,-1.2246668338775635
75065.0,-1.2349474430084229
75070.0,-1.236464262008667
75075.0,-1.2073670625686646
75080.0,-1.237726092338562
75085.0,-1.2331719398498535
75090.0,-1.2103012800216675
75095.0,-1.244206190109253
75100.0,-1.2365787029266357
75105.0,-1.2199666500091553
75110.0,-1.2547104358673096
75115.0,-1.2338123321533203
75120.0,-1.2253897190093994
75125.0,-1.2437328100204468
75130.0,-1.232668161392212
75135.0,-1.2199132442474365
75140.0,-1.2256931066513062
75145.0,-1.2125047445297241
75150.0,-1.2364368438720703
75155.0,-1.223913311958313
75160.0,-1.2348312139511108
75165.0,-1.2354340553283691
75170.0,-1.21527099609375
75175.0,-1.2424559593200684
75180.0,-1.2490234375
75185.0,-1.2170414924621582
75190.0,-1.2405552864074707
75195.0,-1.242917537689209
75200.0,-1.206339955329895
75205.0,-1.2349505424499512
75210.0,-1.2343038320541382
75215.0,-1.231917142868042
75220.0,-1.2195441722869873
75225.0,-1.2257792949676514
75230.0,-1.2314872741699219
75235.0,-1.2361160516738892
75240.0,-1.2314903736114502
75245.0,-1.2535103559494019
75250.0,-1.2355170249938965
75255.0,-1.2336852550506592
75260.0,-1.2297053337097168
75265.0,-1.2446515560150146
75270.0,-1.2452616691589355
75275.0,-1.2170065641403198
75280.0,-1.228006362915039
75285.0,-1.2228707075119019
75290.0,-1.2330307960510254
75295.0,-1.230151653289795
75300.0,-1.2386749982833862
75305.0,-1.2279090881347656
75310.0,-1.2318475246429443
75315.0,-1.2396926879882812
75320.0,-1.2251954078674316
75325.0,-1.2339062690734863
75330.0,-1.2167435884475708
75335.0,-1.2185616493225098
75340.0,-1.2341867685317993
75345.0,-1.233625888824463
75350.0,-1.2025357484817505
75355.0,-1.2446911334991455
75360.0,-1.2246499061584473
75365.0,-1.2254133224487305
75370.0,-1.2542614936828613
75375.0,-1.2135974168777466
75380.0,-1.2289259433746338
75385.0,-1.2379200458526611
75390.0,-1.2225468158721924
75395.0,-1.257866621017456
75400.0,-1.2230918407440186
75405.0,-1.2320361137390137
75410.0,-1.23652982711792
75415.0,-1.2076575756072998
75420.0,-1.2453558444976807
75425.0,-1.230399250984192
75430.0,-1.20597505569458
75435.0,-1.2608954906463623
75440.0,-1.222290277481079
75445.0,-1.2118982076644897
75450.0,-1.2617775201797485
75455.0,-1.2171311378479004
75460.0,-1.211344838142395
75465.0,-1.2493460178375244
75470.0,-1.2282730340957642
75475.0,-1.2426552772521973
75480.0,-1.2295135259628296
75485.0,-1.233157753944397
75490.0,-1.237868070602417
75495.0,-1.2217422723770142
75500.0,-1.2349982261657715
75505.0,-1.2521698474884033
75510.0,-1.2203035354614258
75515.0,-1.2316765785217285
75520.0,-1.2331664562225342
75525.0,-1.2163578271865845
75530.0,-1.2146227359771729
75535.0,-1.243288278579712
75540.0,-1.2379974126815796
75545.0,-1.2203450202941895
75550.0,-1.2330656051635742
75555.0,-1.2312711477279663
75560.0,-1.2250730991363525
75565.0,-1.2400404214859009
75570.0,-1.2430078983306885
75575.0,-1.245931625366211
75580.0,-1.2276582717895508
75585.0,-1.2387351989746094
75590.0,-1.2384356260299683
75595.0,-1.2376177310943604
75600.0,-1.232015609741211
75605.0,-1.2330312728881836
75610.0,-1.2199846506118774
75615.0,-1.2520049810409546
75620.0,-1.2247965335845947
75625.0,-1.2150975465774536
75630.0,-1.247978925704956
75635.0,-1.2111904621124268
75640.0,-1.2363232374191284
75645.0,-1.2423913478851318
75650.0,-1.2305063009262085
75655.0,-1.2270114421844482
75660.0,-1.232680320739746
75665.0,-1.2148692607879639
75670.0,-1.2283334732055664
75675.0,-1.2478084564208984
75680.0,-1.2317999601364136
75685.0,-1.2113556861877441
75690.0,-1.2333320379257202
75695.0,-1.2370126247406006
75700.0,-1.224171757698059
75705.0,-1.237898826599121
75710.0,-1.2454776763916016
75715.0,-1.2301392555236816
75720.0,-1.216050148010254
75725.0,-1.2439770698547363
75730.0,-1.2490488290786743
75735.0,-1.2066389322280884
75740.0,-1.2468483448028564
75745.0,-1.221571922302246
75750.0,-1.2150826454162598
75755.0,-1.2552975416183472
75760.0,-1.2352255582809448
75765.0,-1.2156543731689453
75770.0,-1.240235447883606
75775.0,-1.2253901958465576
75780.0,-1.2355461120605469
75785.0,-1.2340400218963623
75790.0,-1.2284979820251465
75795.0,-1.2302427291870117
75800.0,-1.2204687595367432
75805.0,-1.2345936298370361
75810.0,-1.22331964969635
75815.0,-1.2256059646606445
75820.0,-1.2403234243392944
75825.0,-1.2232484817504883
75830.0,-1.229675054550171
75835.0,-1.2264609336853027
75840.0,-1.2372026443481445
75845.0,-1.212339162826538
75850.0,-1.235391616821289
75855.0,-1.2378525733947754
75860.0,-1.228693962097168
75865.0,-1.2169733047485352
75870.0,-1.2359369993209839
75875.0,-1.2279493808746338
75880.0,-1.2289643287658691
75885.0,-1.225057601928711
75890.0,-1.2340589761734009
75895.0,-1.2215511798858643
75900.0,-1.2171366214752197
75905.0,-1.2499029636383057
75910.0,-1.2059426307678223
75915.0,-1.225191593170166
75920.0,-1.2463256120681763
75925.0,-1.2204279899597168
75930.0,-1.2322992086410522
75935.0,-1.2417404651641846
75940.0,-1.2313878536224365
75945.0,-1.2366061210632324
75950.0,-1.2281242609024048
75955.0,-1.240652322769165
75960.0,-1.2543373107910156
75965.0,-1.2208278179168701
75970.0,-1.246901512145996
75975.0,-1.2342469692230225
75980.0,-1.2379873991012573
75985.0,-1.2138538360595703
75990.0,-1.2460010051727295
75995.0,-1.2429990768432617
76000.0,-1.21929931640625
76005.0,-1.2277051210403442
76010.0,-1.2375056743621826
76015.0,-1.228750467300415
76020.0,-1.2377598285675049
76025.0,-1.2440106868743896
76030.0,-1.2282130718231201
76035.0,-1.239722490310669
76040.0,-1.2234549522399902
76045.0,-1.2242867946624756
76050.0,-1.2560515403747559
76055.0,-1.2139854431152344
76060.0,-1.2246630191802979
76065.0,-1.2322618961334229
76070.0,-1.208993911743164
76075.0,-1.2065141201019287
76080.0,-1.231735110282898
76085.0,-1.2284098863601685
76090.0,-1.2308714389801025
76095.0,-1.2307945489883423
76100.0,-1.2352113723754883
76105.0,-1.2307854890823364
76110.0,-1.2093267440795898
76115.0,-1.2398550510406494
76120.0,-1.2253559827804565
76125.0,-1.2349369525909424
76130.0,-1.2401373386383057
76135.0,-1.2340484857559204
76140.0,-1.227157473564148
76145.0,-1.2453640699386597
76150.0,-1.2197794914245605
76155.0,-1.2376911640167236
76160.0,-1.2496411800384521
76165.0,-1.213451623916626
76170.0,-1.2406184673309326
76175.0,-1.238559365272522
76180.0,-1.2045907974243164
76185.0,-1.243767499923706
76190.0,-1.253933310508728
76195.0,-1.2217737436294556
76200.0,-1.2217934131622314
76205.0,-1.2440205812454224
76210.0,-1.2230216264724731
76215.0,-1.2345383167266846
76220.0,-1.2329201698303223
76225.0,-1.2296581268310547
76230.0,-1.229780673980713
76235.0,-1.2313354015350342
76240.0,-1.230095386505127
76245.0,-1.2342699766159058
76250.0,-1.2277758121490479
76255.0,-1.243044376373291
76260.0,-1.2347846031188965
76265.0,-1.2273459434509277
76270.0,-1.2457287311553955
76275.0,-1.2449871301651
76280.0,-1.2090177536010742
76285.0,-1.2382946014404297
76290.0,-1.2305737733840942
76295.0,-1.2227082252502441
76300.0,-1.2328314781188965
76305.0,-1.2351129055023193
76310.0,-1.246749997138977
76315.0,-1.2326446771621704
76320.0,-1.2268695831298828
76325.0,-1.2532341480255127
76330.0,-1.227906584739685
76335.0,-1.232696771621704
76340.0,-1.2385797500610352
76345.0,-1.232417106628418
76350.0,-1.216710090637207
76355.0,-1.2294706106185913
76360.0,-1.2353988885879517
76365.0,-1.2300801277160645
76370.0,-1.2247132062911987
76375.0,-1.2213826179504395
76380.0,-1.219435453414917
76385.0,-1.2270636558532715
76390.0,-1.2263940572738647
76395.0,-1.2435210943222046
76400.0,-1.227262020111084
76405.0,-1.2257483005523682
76410.0,-1.2386841773986816
76415.0,-1.2235543727874756
76420.0,-1.2237439155578613
76425.0,-1.2554478645324707
76430.0,-1.2098743915557861
76435.0,-1.2316372394561768
76440.0,-1.2173497676849365
76445.0,-1.2153394222259521
76450.0,-1.2338063716888428
76455.0,-1.2309820652008057
76460.0,-1.2258014678955078
76465.0,-1.2353947162628174
76470.0,-1.220159888267517
76475.0,-1.2210140228271484
76480.0,-1.2465192079544067
76485.0,-1.2387218475341797
76490.0,-1.2437880039215088
76495.0,-1.2418705224990845
76500.0,-1.23414945602417
76505.0,-1.2259399890899658
76510.0,-1.2310421466827393
76515.0,-1.2469576597213745
76520.0,-1.2350566387176514
76525.0,-1.2377241849899292
76530.0,-1.2260408401489258
76535.0,-1.227924108505249
76540.0,-1.230173110961914
76545.0,-1.2405726909637451
76550.0,-1.2388532161712646
76555.0,-1.2434252500534058
76560.0,-1.2360548973083496
76565.0,-1.2230303287506104
76570.0,-1.2379026412963867
76575.0,-1.2294560670852661
76580.0,-1.2182059288024902
76585.0,-1.2462612390518188
76590.0,-1.2277963161468506
76595.0,-1.2183034420013428
76600.0,-1.2301530838012695
76605.0,-1.2351891994476318
76610.0,-1.2282506227493286
76615.0,-1.2249755859375
76620.0,-1.2276135683059692
76625.0,-1.229062557220459
76630.0,-1.227320671081543
76635.0,-1.223883867263794
76640.0,-1.233709454536438
76645.0,-1.239668369293213
76650.0,-1.2336573600769043
76655.0,-1.2259869575500488
76660.0,-1.2162079811096191
76665.0,-1.2494869232177734
76670.0,-1.2346111536026
76675.0,-1.216463327407837
76680.0,-1.241265058517456
76685.0,-1.2187987565994263
76690.0,-1.2298917770385742
76695.0,-1.234881043434143
76700.0,-1.2267853021621704
76705.0,-1.2249622344970703
76710.0,-1.2415653467178345
76715.0,-1.2116433382034302
76720.0,-1.2332594394683838
76725.0,-1.2426855564117432
76730.0,-1.2171993255615234
76735.0,-1.224874496459961
76740.0,-1.2322295904159546
76745.0,-1.2199056148529053
76750.0,-1.2304770946502686
76755.0,-1.2320482730865479
76760.0,-1.221995234489441
76765.0,-1.2287901639938354
76770.0,-1.2148935794830322
76775.0,-1.2253832817077637
76780.0,-1.2511847019195557
76785.0,-1.2137216329574585
76790.0,-1.235761046409607
76795.0,-1.2445485591888428
76800.0,-1.206122636795044
76805.0,-1.24276864528656
76810.0,-1.246279001235962
76815.0,-1.2062064409255981
76820.0,-1.240628719329834
76825.0,-1.2251942157745361
76830.0,-1.2151782512664795
76835.0,-1.2348122596740723
76840.0,-1.2224830389022827
76845.0,-1.216909646987915
76850.0,-1.2185906171798706
76855.0,-1.212831735610962
76860.0,-1.2475651502609253
76865.0,-1.2390981912612915
76870.0,-1.2377912998199463
76875.0,-1.2174205780029297
76880.0,-1.2346216440200806
76885.0,-1.2357805967330933
76890.0,-1.2324014902114868
76895.0,-1.243990182876587
76900.0,-1.2601639032363892
76905.0,-1.226923942565918
76910.0,-1.2141070365905762
76915.0,-1.2450965642929077
76920.0,-1.2487186193466187
76925.0,-1.2094542980194092
76930.0,-1.254801869392395
76935.0,-1.2278385162353516
76940.0,-1.21277916431427
76945.0,-1.2425425052642822
76950.0,-1.2324780225753784
76955.0,-1.22121000289917
76960.0,-1.2510854005813599
76965.0,-1.2203119993209839
76970.0,-1.2223254442214966
76975.0,-1.2368948459625244
76980.0,-1.2183287143707275
76985.0,-1.2267664670944214
76990.0,-1.2446463108062744
76995.0,-1.2165981531143188
77000.0,-1.2178140878677368
77005.0,-1.2440696954727173
77010.0,-1.2133324146270752
77015.0,-1.2068909406661987
77020.0,-1.2592617273330688
77025.0,-1.219186544418335
77030.0,-1.209783673286438
77035.0,-1.2574853897094727
77040.0,-1.2209537029266357
77045.0,-1.2323167324066162
77050.0,-1.2426345348358154
77055.0,-1.236762523651123
77060.0,-1.240941047668457
77065.0,-1.228898286819458
77070.0,-1.2248810529708862
77075.0,-1.242119550704956
77080.0,-1.22829270362854
77085.0,-1.2279438972473145
77090.0,-1.2353955507278442
77095.0,-1.2253735065460205
77100.0,-1.2394071817398071
77105.0,-1.227333664894104
77110.0,-1.23655366897583
77115.0,-1.2450494766235352
77120.0,-1.2241952419281006
77125.0,-1.2283961772918701
77130.0,-1.2516028881072998
77135.0,-1.2057651281356812
77140.0,-1.2231372594833374
77145.0,-1.237864375114441
77150.0,-1.2186788320541382
77155.0,-1.244518756866455
77160.0,-1.2314825057983398
77165.0,-1.2287912368774414
77170.0,-1.2277858257293701
77175.0,-1.223786473274231
77180.0,-1.2258014678955078
77185.0,-1.2324905395507812
77190.0,-1.2182358503341675
77195.0,-1.2476699352264404
77200.0,-1.2206295728683472
77205.0,-1.2255618572235107
77210.0,-1.250112771987915
77215.0,-1.2167925834655762
77220.0,-1.2387490272521973
77225.0,-1.2332360744476318
77230.0,-1.2489272356033325
77235.0,-1.213252067565918
77240.0,-1.2349876165390015
77245.0,-1.2472047805786133
77250.0,-1.2136883735656738
77255.0,-1.2519655227661133
77260.0,-1.2310452461242676
77265.0,-1.2219724655151367
77270.0,-1.2331688404083252
77275.0,-1.2468239068984985
77280.0,-1.2215694189071655
77285.0,-1.2420403957366943
77290.0,-1.218285322189331
77295.0,-1.2223392724990845
77300.0,-1.242409348487854
77305.0,-1.2187024354934692
77310.0,-1.230576515197754
77315.0,-1.2463891506195068
77320.0,-1.2119579315185547
77325.0,-1.2241926193237305
77330.0,-1.241397500038147
77335.0,-1.228369116783142
77340.0,-1.2343794107437134
77345.0,-1.2405827045440674
77350.0,-1.2223758697509766
77355.0,-1.2332534790039062
77360.0,-1.2229421138763428
77365.0,-1.2260009050369263
77370.0,-1.2329719066619873
77375.0,-1.225588321685791
77380.0,-1.2162734270095825
77385.0,-1.2270987033843994
77390.0,-1.227705717086792
77395.0,-1.2261841297149658
77400.0,-1.2287813425064087
77405.0,-1.233325481414795
77410.0,-1.2219853401184082
77415.0,-1.227625846862793
77420.0,-1.2465736865997314
77425.0,-1.2198439836502075
77430.0,-1.2259495258331299
77435.0,-1.2489802837371826
77440.0,-1.2128342390060425
77445.0,-1.221767783164978
77450.0,-1.2452715635299683
77455.0,-1.2132151126861572
77460.0,-1.2192802429199219
77465.0,-1.2313134670257568
77470.0,-1.2100162506103516
77475.0,-1.2168359756469727
77480.0,-1.2330918312072754
77485.0,-1.2359273433685303
77490.0,-1.22294282913208
77495.0,-1.232651710510254
77500.0,-1.2336477041244507
77505.0,-1.2261784076690674
77510.0,-1.2334136962890625
77515.0,-1.218780517578125
77520.0,-1.2247319221496582
77525.0,-1.2019431591033936
77530.0,-1.2359142303466797
77535.0,-1.239090085029602
77540.0,-1.2064685821533203
77545.0,-1.2286509275436401
77550.0,-1.228025197982788
77555.0,-1.2165272235870361
77560.0,-1.2403275966644287
77565.0,-1.2551321983337402
77570.0,-1.215664029121399
77575.0,-1.2515990734100342
77580.0,-1.22760009765625
77585.0,-1.2381107807159424
77590.0,-1.2571003437042236
77595.0,-1.2344837188720703
77600.0,-1.2402331829071045
77605.0,-1.24517822265625
77610.0,-1.221778154373169
77615.0,-1.2404850721359253
77620.0,-1.2444632053375244
77625.0,-1.214231014251709
77630.0,-1.2446260452270508
77635.0,-1.2337899208068848
77640.0,-1.221921443939209
77645.0,-1.2337353229522705
77650.0,-1.2322245836257935
77655.0,-1.2154169082641602
77660.0,-1.23671555519104
77665.0,-1.2425501346588135
77670.0,-1.2245844602584839
77675.0,-1.2334836721420288
77680.0,-1.2181730270385742
77685.0,-1.237309217453003
77690.0,-1.231630802154541
77695.0,-1.2319947481155396
77700.0,-1.238046646118164
77705.0,-1.233354926109314
77710.0,-1.228233814239502
77715.0,-1.2487545013427734
77720.0,-1.2324516773223877
77725.0,-1.2341790199279785
77730.0,-1.255258321762085
77735.0,-1.2120447158813477
77740.0,-1.2354652881622314
77745.0,-1.247082233428955
77750.0,-1.2242317199707031
77755.0,-1.2232935428619385
77760.0,-1.232158899307251
77765.0,-1.2393114566802979
77770.0,-1.2250070571899414
77775.0,-1.2348852157592773
77780.0,-1.232509970664978
77785.0,-1.2302237749099731
77790.0,-1.2274534702301025
77795.0,-1.2369775772094727
77800.0,-1.2232413291931152
77805.0,-1.242976427078247
77810.0,-1.2310760021209717
77815.0,-1.2250725030899048
77820.0,-1.2505079507827759
77825.0,-1.236696720123291
77830.0,-1.2342833280563354
77835.0,-1.2260303497314453
77840.0,-1.2515372037887573
77845.0,-1.2142179012298584
77850.0,-1.225344181060791
77855.0,-1.238524317741394
77860.0,-1.2163630723953247
77865.0,-1.225527048110962
77870.0,-1.219637393951416
77875.0,-1.2286665439605713
77880.0,-1.2172647714614868
77885.0,-1.236557126045227
77890.0,-1.2292481660842896
77895.0,-1.2215337753295898
77900.0,-1.2435822486877441
77905.0,-1.2263994216918945
77910.0,-1.2301266193389893
77915.0,-1.2273496389389038
77920.0,-1.2431975603103638
77925.0,-1.2101209163665771
77930.0,-1.2458034753799438
77935.0,-1.2323038578033447
77940.0,-1.2471845149993896
77945.0,-1.2215478420257568
77950.0,-1.241719126701355
77955.0,-1.2503294944763184
77960.0,-1.2161893844604492
77965.0,-1.2444274425506592
77970.0,-1.2500776052474976
77975.0,-1.2086377143859863
77980.0,-1.2261730432510376
77985.0,-1.224727988243103
77990.0,-1.201425313949585
77995.0,-1.2280027866363525
78000.0,-1.2366780042648315
78005.0,-1.220025658607483
78010.0,-1.248666763305664
78015.0,-1.2264094352722168
78020.0,-1.2184209823608398
78025.0,-1.2333803176879883
78030.0,-1.2305800914764404
78035.0,-1.2319567203521729
78040.0,-1.2228296995162964
78045.0,-1.2498993873596191
78050.0,-1.2082655429840088
78055.0,-1.2216819524765015
78060.0,-1.2545397281646729
78065.0,-1.2184925079345703
78070.0,-1.2333910465240479
78075.0,-1.242984414100647
78080.0,-1.2154486179351807
78085.0,-1.2437750101089478
78090.0,-1.2388453483581543
78095.0,-1.2067521810531616
78100.0,-1.2378567457199097
78105.0,-1.2373933792114258
78110.0,-1.2068994045257568
78115.0,-1.2548604011535645
78120.0,-1.2293357849121094
78125.0,-1.2270926237106323
78130.0,-1.243869662284851
78135.0,-1.2228102684020996
78140.0,-1.2307469844818115
78145.0,-1.2357155084609985
78150.0,-1.2290360927581787
78155.0,-1.2396423816680908
78160.0,-1.2155953645706177
78165.0,-1.2171638011932373
78170.0,-1.2292718887329102
78175.0,-1.208052396774292
78180.0,-1.238090991973877
78185.0,-1.2433289289474487
78190.0,-1.2071014642715454
78195.0,-1.2528190612792969
78200.0,-1.228999376296997
78205.0,-1.2098149061203003
78210.0,-1.248578667640686
78215.0,-1.2413009405136108
78220.0,-1.209246277809143
78225.0,-1.254190444946289
78230.0,-1.2290326356887817
78235.0,-1.2047984600067139
78240.0,-1.246477484703064
78245.0,-1.229750394821167
78250.0,-1.2126491069793701
78255.0,-1.2403032779693604
78260.0,-1.214805006980896
78265.0,-1.24101984500885
78270.0,-1.24815034866333
78275.0,-1.2223167419433594
78280.0,-1.2320611476898193
78285.0,-1.2488787174224854
78290.0,-1.22491455078125
78295.0,-1.248164176940918
78300.0,-1.2288923263549805
78305.0,-1.2337369918823242
78310.0,-1.2199721336364746
78315.0,-1.2180218696594238
78320.0,-1.2273838520050049
78325.0,-1.2307476997375488
78330.0,-1.2220561504364014
78335.0,-1.2542591094970703
78340.0,-1.2215361595153809
78345.0,-1.2335515022277832
78350.0,-1.237993597984314
78355.0,-1.2334645986557007
78360.0,-1.2447978258132935
78365.0,-1.2296905517578125
78370.0,-1.2410987615585327
78375.0,-1.239897608757019
78380.0,-1.2071266174316406
78385.0,-1.2412911653518677
78390.0,-1.250006079673767
78395.0,-1.2099266052246094
78400.0,-1.246847152709961
78405.0,-1.225156545639038
78410.0,-1.2353137731552124
78415.0,-1.2351865768432617
78420.0,-1.2204327583312988
78425.0,-1.2514562606811523
78430.0,-1.217714548110962
78435.0,-1.2264460325241089
78440.0,-1.256737470626831
78445.0,-1.2220737934112549
78450.0,-1.2305631637573242
78455.0,-1.2469106912612915
78460.0,-1.2218375205993652
78465.0,-1.235955834388733
78470.0,-1.2198554277420044
78475.0,-1.223758578300476
78480.0,-1.2197544574737549
78485.0,-1.2211406230926514
78490.0,-1.2258621454238892
78495.0,-1.2310140132904053
78500.0,-1.2183527946472168
78505.0,-1.2347099781036377
78510.0,-1.2370597124099731
78515.0,-1.2365288734436035
78520.0,-1.21986985206604
78525.0,-1.2454783916473389
78530.0,-1.218880534172058
78535.0,-1.2062159776687622
78540.0,-1.2508230209350586
78545.0,-1.2123472690582275
78550.0,-1.226215124130249
78555.0,-1.2509068250656128
78560.0,-1.221855640411377
78565.0,-1.2425658702850342
78570.0,-1.2377889156341553
78575.0,-1.2290209531784058
78580.0,-1.251157522201538
78585.0,-1.2121586799621582
78590.0,-1.240554928779602
78595.0,-1.244350552558899
78600.0,-1.2277781963348389
78605.0,-1.2105151414871216
78610.0,-1.2518854141235352
78615.0,-1.224515438079834
78620.0,-1.2290552854537964
78625.0,-1.2349367141723633
78630.0,-1.2413744926452637
78635.0,-1.2211228609085083
78640.0,-1.2502624988555908
78645.0,-1.243060827255249
78650.0,-1.2334487438201904
78655.0,-1.2371525764465332
78660.0,-1.2529412508010864
78665.0,-1.2164065837860107
78670.0,-1.2087316513061523
78675.0,-1.2571545839309692
78680.0,-1.218623161315918
78685.0,-1.2162251472473145
78690.0,-1.228733777999878
78695.0,-1.2062568664550781
78700.0,-1.214937448501587
78705.0,-1.2430453300476074
78710.0,-1.2199187278747559
78715.0,-1.2327995300292969
78720.0,-1.2309236526489258
78725.0,-1.226867437362671
78730.0,-1.2366904020309448
78735.0,-1.2374866008758545
78740.0,-1.2402551174163818
78745.0,-1.2220603227615356
78750.0,-1.2184957265853882
78755.0,-1.2329490184783936
78760.0,-1.222476840019226
78765.0,-1.2145817279815674
78770.0,-1.2443056106567383
78775.0,-1.2240110635757446
78780.0,-1.2161898612976074
78785.0,-1.2303203344345093
78790.0,-1.2154967784881592
78795.0,-1.225132703781128
78800.0,-1.2233362197875977
78805.0,-1.2375149726867676
78810.0,-1.232271432876587
78815.0,-1.232589840888977
78820.0,-1.2371124029159546
78825.0,-1.2241463661193848
78830.0,-1.2483550310134888
78835.0,-1.2290711402893066
78840.0,-1.239155888557434
78845.0,-1.2346326112747192
78850.0,-1.216460943222046
78855.0,-1.237740397453308
78860.0,-1.2202785015106201
78865.0,-1.236254096031189
78870.0,-1.2341232299804688
78875.0,-1.216536521911621
78880.0,-1.2238110303878784
78885.0,-1.24708092212677
78890.0,-1.2140717506408691
78895.0,-1.2283446788787842
78900.0,-1.2423620223999023
78905.0,-1.228426218032837
78910.0,-1.2342394590377808
78915.0,-1.2332669496536255
78920.0,-1.247841477394104
78925.0,-1.2197306156158447
78930.0,-1.2211828231811523
78935.0,-1.2536776065826416
78940.0,-1.2106455564498901
78945.0,-1.2296142578125
78950.0,-1.2326929569244385
78955.0,-1.216942310333252
78960.0,-1.2390766143798828
78965.0,-1.2276477813720703
78970.0,-1.2188106775283813
78975.0,-1.2417552471160889
78980.0,-1.2179553508758545
78985.0,-1.240898847579956
78990.0,-1.2435814142227173
78995.0,-1.2303812503814697
79000.0,-1.2283074855804443
79005.0,-1.24772047996521
79010.0,-1.2259891033172607
79015.0,-1.2425470352172852
79020.0,-1.2501742839813232
79025.0,-1.2288415431976318
79030.0,-1.2136152982711792
79035.0,-1.2532411813735962
79040.0,-1.245929479598999
79045.0,-1.2094415426254272
79050.0,-1.2384299039840698
79055.0,-1.2489161491394043
79060.0,-1.2126445770263672
79065.0,-1.253894329071045
79070.0,-1.2272610664367676
79075.0,-1.2335841655731201
79080.0,-1.2311192750930786
79085.0,-1.21478271484375
79090.0,-1.230424165725708
79095.0,-1.244553804397583
79100.0,-1.2434663772583008
79105.0,-1.238832950592041
79110.0,-1.237799048423767
79115.0,-1.2410714626312256
79120.0,-1.2351090908050537
79125.0,-1.2221875190734863
79130.0,-1.2416890859603882
79135.0,-1.2410423755645752
79140.0,-1.2157049179077148
79145.0,-1.218161702156067
79150.0,-1.2342967987060547
79155.0,-1.239201545715332
79160.0,-1.2213380336761475
79165.0,-1.2356914281845093
79170.0,-1.2441632747650146
79175.0,-1.2069337368011475
79180.0,-1.2385010719299316
79185.0,-1.240842580795288
79190.0,-1.2231075763702393
79195.0,-1.2382843494415283
79200.0,-1.234986662864685
79205.0,-1.234636664390564
79210.0,-1.2303011417388916
79215.0,-1.2267489433288574
79220.0,-1.2234951257705688
79225.0,-1.2416183948516846
79230.0,-1.2152495384216309
79235.0,-1.2289056777954102
79240.0,-1.2480113506317139
79245.0,-1.2156850099563599
79250.0,-1.236821174621582
79255.0,-1.2473762035369873
79260.0,-1.2189815044403076
79265.0,-1.2423090934753418
79270.0,-1.2374858856201172
79275.0,-1.2213683128356934
79280.0,-1.2237249612808228
79285.0,-1.230272889137268
79290.0,-1.2365477085113525
79295.0,-1.2188019752502441
79300.0,-1.2422635555267334
79305.0,-1.2266933917999268
79310.0,-1.2277045249938965
79315.0,-1.2279069423675537
79320.0,-1.2328805923461914
79325.0,-1.2353312969207764
79330.0,-1.230926275253296
79335.0,-1.2313059568405151
79340.0,-1.236379623413086
79345.0,-1.2277953624725342
79350.0,-1.2304773330688477
79355.0,-1.2432500123977661
79360.0,-1.2233084440231323
79365.0,-1.2390488386154175
79370.0,-1.233249545097351
79375.0,-1.219476580619812
79380.0,-1.2432295083999634
79385.0,-1.2268991470336914
79390.0,-1.2266286611557007
79395.0,-1.2482752799987793
79400.0,-1.2225232124328613
79405.0,-1.2327892780303955
79410.0,-1.2353013753890991
79415.0,-1.225339412689209
79420.0,-1.2346794605255127
79425.0,-1.2244277000427246
79430.0,-1.2426162958145142
79435.0,-1.2188351154327393
79440.0,-1.2451071739196777
79445.0,-1.2285733222961426
79450.0,-1.2317125797271729
79455.0,-1.2336630821228027
79460.0,-1.2280752658843994
79465.0,-1.2468719482421875
79470.0,-1.2188284397125244
79475.0,-1.2354352474212646
79480.0,-1.2223761081695557
79485.0,-1.2361968755722046
79490.0,-1.2298862934112549
79495.0,-1.2291749715805054
79500.0,-1.2470178604125977
79505.0,-1.2328100204467773
79510.0,-1.2302265167236328
79515.0,-1.250140905380249
79520.0,-1.2385432720184326
79525.0,-1.2202403545379639
79530.0,-1.2624973058700562
79535.0,-1.2310477495193481
79540.0,-1.2408028841018677
79545.0,-1.2464687824249268
79550.0,-1.2198983430862427
79555.0,-1.2354127168655396
79560.0,-1.2429537773132324
79565.0,-1.2180854082107544
79570.0,-1.2313377857208252
79575.0,-1.2267379760742188
79580.0,-1.2164537906646729
79585.0,-1.2392345666885376
79590.0,-1.2364237308502197
79595.0,-1.2282131910324097
79600.0,-1.2348859310150146
79605.0,-1.2292370796203613
79610.0,-1.2257194519042969
79615.0,-1.2409324645996094
79620.0,-1.2132759094238281
79625.0,-1.2217586040496826
79630.0,-1.2416918277740479
79635.0,-1.2187464237213135
79640.0,-1.2301957607269287
79645.0,-1.2267184257507324
79650.0,-1.2239017486572266
79655.0,-1.2194995880126953
79660.0,-1.2359658479690552
79665.0,-1.235010027885437
79670.0,-1.2242813110351562
79675.0,-1.227320671081543
79680.0,-1.228568196296692
79685.0,-1.2100749015808105
79690.0,-1.225073218345642
79695.0,-1.248955488204956
79700.0,-1.1935057640075684
79705.0,-1.2333966493606567
79710.0,-1.2454379796981812
79715.0,-1.2195767164230347
79720.0,-1.2403017282485962
79725.0,-1.228846549987793
79730.0,-1.2422345876693726
79735.0,-1.215106725692749
79740.0,-1.2523841857910156
79745.0,-1.2411234378814697
79750.0,-1.214217185974121
79755.0,-1.2292506694793701
79760.0,-1.2422257661819458
79765.0,-1.2370507717132568
79770.0,-1.233611822128296
79775.0,-1.2443181276321411
79780.0,-1.2258714437484741
79785.0,-1.2548315525054932
79790.0,-1.2231321334838867
79795.0,-1.2342066764831543
79800.0,-1.2417945861816406
79805.0,-1.2074308395385742
79810.0,-1.2375777959823608
79815.0,-1.2351146936416626
79820.0,-1.21311616897583
79825.0,-1.242246389389038
79830.0,-1.2366702556610107
79835.0,-1.2085728645324707
79840.0,-1.2498304843902588
79845.0,-1.2368979454040527
79850.0,-1.2130011320114136
79855.0,-1.2479168176651
79860.0,-1.230497121810913
79865.0,-1.21293044090271
79870.0,-1.238581895828247
79875.0,-1.2280926704406738
79880.0,-1.2234539985656738
79885.0,-1.2405798435211182
79890.0,-1.2103718519210815
79895.0,-1.2412283420562744
79900.0,-1.2216838598251343
79905.0,-1.219256043434143
79910.0,-1.2249681949615479
79915.0,-1.233943223953247
79920.0,-1.220780849456787
79925.0,-1.2437418699264526
79930.0,-1.2228944301605225
79935.0,-1.2380919456481934
79940.0,-1.2290550470352173
79945.0,-1.2181130647659302
79950.0,-1.22697913646698
79955.0,-1.2316713333129883
79960.0,-1.2227668762207031
79965.0,-1.2357263565063477
79970.0,-1.236567497253418
79975.0,-1.2239201068878174
79980.0,-1.2341216802597046
79985.0,-1.2318339347839355
79990.0,-1.2413671016693115
79995.0,-1.2398720979690552
80000.0,-1.2329795360565186
80005.0,-1.2545011043548584
80010.0,-1.2166948318481445
80015.0,-1.2413408756256104
80020.0,-1.233656883239746
80025.0,-1.2462655305862427
80030.0,-1.2302002906799316
80035.0,-1.2377222776412964
80040.0,-1.224885106086731
80045.0,-1.2356393337249756
80050.0,-1.2280442714691162
80055.0,-1.2391084432601929
80060.0,-1.2316404581069946
80065.0,-1.2147904634475708
80070.0,-1.2297476530075073
80075.0,-1.2287588119506836
80080.0,-1.2216166257858276
80085.0,-1.2379608154296875
80090.0,-1.2372174263000488
80095.0,-1.2278857231140137
80100.0,-1.2410366535186768
80105.0,-1.234116554260254
80110.0,-1.239113688468933
80115.0,-1.234206199645996
80120.0,-1.229771375656128
80125.0,-1.222523808479309
80130.0,-1.240354061126709
80135.0,-1.232788324356079
80140.0,-1.2289369106292725
80145.0,-1.2319743633270264
80150.0,-1.2260162830352783
80155.0,-1.2494540214538574
80160.0,-1.2195086479187012
80165.0,-1.2436754703521729
80170.0,-1.2359895706176758
80175.0,-1.2239128351211548
80180.0,-1.2383655309677124
80185.0,-1.2258086204528809
80190.0,-1.2293736934661865
80195.0,-1.237884283065796
80200.0,-1.2167706489562988
80205.0,-1.24334716796875
80210.0,-1.2405469417572021
80215.0,-1.219942569732666
80220.0,-1.2429593801498413
80225.0,-1.2335325479507446
80230.0,-1.216658353805542
80235.0,-1.2321027517318726
80240.0,-1.2091182470321655
80245.0,-1.215250015258789
80250.0,-1.2190556526184082
80255.0,-1.21968412399292
80260.0,-1.2354788780212402
80265.0,-1.2438812255859375
80270.0,-1.248889446258545
80275.0,-1.2300653457641602
80280.0,-1.2495062351226807
80285.0,-1.2339006662368774
80290.0,-1.2550736665725708
80295.0,-1.2243108749389648
80300.0,-1.2507047653198242
80305.0,-1.228849172592163
80310.0,-1.2213383913040161
80315.0,-1.2099405527114868
80320.0,-1.2393672466278076
80325.0,-1.226019024848938
80330.0,-1.2231545448303223
80335.0,-1.2373955249786377
80340.0,-1.2288033962249756
80345.0,-1.2347512245178223
80350.0,-1.2048451900482178
80355.0,-1.2516428232192993
80360.0,-1.2262502908706665
80365.0,-1.2244516611099243
80370.0,-1.248690128326416
80375.0,-1.233499526977539
80380.0,-1.2108557224273682
80385.0,-1.2406569719314575
80390.0,-1.244020938873291
80395.0,-1.2195801734924316
80400.0,-1.2460408210754395
80405.0,-1.2250288724899292
80410.0,-1.2366600036621094
80415.0,-1.244583010673523
80420.0,-1.2215232849121094
80425.0,-1.2383437156677246
80430.0,-1.2378360033035278
80435.0,-1.2327629327774048
80440.0,-1.24226713180542
80445.0,-1.237995982170105
80450.0,-1.229562520980835
80455.0,-1.2347400188446045
80460.0,-1.2491686344146729
80465.0,-1.2251596450805664
80470.0,-1.2365758419036865
80475.0,-1.2251509428024292
80480.0,-1.244788408279419
80485.0,-1.2366747856140137
80490.0,-1.2411999702453613
80495.0,-1.2386088371276855
80500.0,-1.2202132940292358
80505.0,-1.2427334785461426
80510.0,-1.2370569705963135
80515.0,-1.2208049297332764
80520.0,-1.2561039924621582
80525.0,-1.2136226892471313
80530.0,-1.2208492755889893
80535.0,-1.2441387176513672
80540.0,-1.2175421714782715
80545.0,-1.2242249250411987
80550.0,-1.2521344423294067
80555.0,-1.2237555980682373
80560.0,-1.2361994981765747
80565.0,-1.2358040809631348
80570.0,-1.2304545640945435
80575.0,-1.2364225387573242
80580.0,-1.2338141202926636
80585.0,-1.2417857646942139
80590.0,-1.2300021648406982
80595.0,-1.2149580717086792
80600.0,-1.2333838939666748
80605.0,-1.2370798587799072
80610.0,-1.2344311475753784
80615.0,-1.2295548915863037
80620.0,-1.2364075183868408
80625.0,-1.22796630859375
80630.0,-1.2236648797988892
80635.0,-1.223271131515503
80640.0,-1.2312082052230835
80645.0,-1.2356916666030884
80650.0,-1.2150850296020508
80655.0,-1.2277891635894775
80660.0,-1.2260196208953857
80665.0,-1.2324788570404053
80670.0,-1.226621150970459
80675.0,-1.2250924110412598
80680.0,-1.2254455089569092
80685.0,-1.2418009042739868
80690.0,-1.2185062170028687
80695.0,-1.2312177419662476
80700.0,-1.2285103797912598
80705.0,-1.2190660238265991
80710.0,-1.2088146209716797
80715.0,-1.2287750244140625
80720.0,-1.2344825267791748
80725.0,-1.2279036045074463
80730.0,-1.225447654724121
80735.0,-1.2243239879608154
80740.0,-1.2440204620361328
80745.0,-1.2471038103103638
80750.0,-1.2234973907470703
80755.0,-1.251412034034729
80760.0,-1.2442529201507568
80765.0,-1.2409298419952393
80770.0,-1.2224507331848145
80775.0,-1.2529631853103638
80780.0,-1.2303227186203003
80785.0,-1.2171236276626587
80790.0,-1.2161425352096558
80795.0,-1.2233426570892334
80800.0,-1.2317390441894531
80805.0,-1.2266311645507812
80810.0,-1.2261450290679932
80815.0,-1.2328931093215942
80820.0,-1.2319430112838745
80825.0,-1.2210444211959839
80830.0,-1.2238001823425293
80835.0,-1.2271313667297363
80840.0,-1.2255594730377197
80845.0,-1.2105498313903809
80850.0,-1.2026960849761963
80855.0,-1.2359334230422974
80860.0,-1.2355681657791138
80865.0,-1.2114808559417725
80870.0,-1.2301855087280273
80875.0,-1.232297420501709
80880.0,-1.2141761779785156
80885.0,-1.2370132207870483
80890.0,-1.2418721914291382
80895.0,-1.206707239151001
80900.0,-1.2358049154281616
80905.0,-1.228974461555481
80910.0,-1.212208867073059
80915.0,-1.2636439800262451
80920.0,-1.2279632091522217
80925.0,-1.2180613279342651
80930.0,-1.2570414543151855
80935.0,-1.2173054218292236
80940.0,-1.227855920791626
80945.0,-1.2589031457901
80950.0,-1.2126350402832031
80955.0,-1.2208195924758911
80960.0,-1.244654893875122
80965.0,-1.2249852418899536
80970.0,-1.2367585897445679
80975.0,-1.2293179035186768
80980.0,-1.2315497398376465
80985.0,-1.2349555492401123
80990.0,-1.22635018825531
80995.0,-1.2490912675857544
81000.0,-1.2217321395874023
81005.0,-1.2217893600463867
81010.0,-1.2321821451187134
81015.0,-1.2328391075134277
81020.0,-1.2389498949050903
81025.0,-1.2253036499023438
81030.0,-1.2471747398376465
81035.0,-1.2291040420532227
81040.0,-1.2332870960235596
81045.0,-1.2366979122161865
81050.0,-1.2355250120162964
81055.0,-1.2415270805358887
81060.0,-1.2183762788772583
81065.0,-1.235251545906067
81070.0,-1.2276943922042847
81075.0,-1.2395646572113037
81080.0,-1.2199881076812744
81085.0,-1.2451527118682861
81090.0,-1.2157005071640015
81095.0,-1.2181835174560547
81100.0,-1.2346397638320923
81105.0,-1.2492486238479614
81110.0,-1.2182434797286987
81115.0,-1.2351216077804565
81120.0,-1.2520800828933716
81125.0,-1.2167835235595703
81130.0,-1.2425243854522705
81135.0,-1.2357144355773926
81140.0,-1.2225472927093506
81145.0,-1.2185914516448975
81150.0,-1.2330322265625
81155.0,-1.2234134674072266
81160.0,-1.2292953729629517
81165.0,-1.2290444374084473
81170.0,-1.229433298110962
81175.0,-1.2301384210586548
81180.0,-1.2328293323516846
81185.0,-1.224876880645752
81190.0,-1.2237505912780762
81195.0,-1.2485699653625488
81200.0,-1.2150267362594604
81205.0,-1.2189723253250122
81210.0,-1.242888331413269
81215.0,-1.2321274280548096
81220.0,-1.2361119985580444
81225.0,-1.2369776964187622
81230.0,-1.2364037036895752
81235.0,-1.2522761821746826
81240.0,-1.21310293674469
81245.0,-1.2049412727355957
81250.0,-1.2561333179473877
81255.0,-1.2243722677230835
81260.0,-1.2193143367767334
81265.0,-1.2359673976898193
81270.0,-1.2276493310928345
81275.0,-1.2229522466659546
81280.0,-1.2317357063293457
81285.0,-1.2271994352340698
81290.0,-1.2449989318847656
81295.0,-1.2345373630523682
81300.0,-1.2219963073730469
81305.0,-1.2297793626785278
81310.0,-1.2245941162109375
81315.0,-1.2419185638427734
81320.0,-1.2514361143112183
81325.0,-1.2256760597229004
81330.0,-1.2359588146209717
81335.0,-1.2274110317230225
81340.0,-1.2331767082214355
81345.0,-1.2161723375320435
81350.0,-1.2177109718322754
81355.0,-1.2237708568572998
81360.0,-1.2167190313339233
81365.0,-1.2297728061676025
81370.0,-1.216698169708252
81375.0,-1.2217830419540405
81380.0,-1.225168228149414
81385.0,-1.209792137145996
81390.0,-1.2283098697662354
81395.0,-1.2442357540130615
81400.0,-1.2302855253219604
81405.0,-1.219548225402832
81410.0,-1.222760558128357
81415.0,-1.2088195085525513
81420.0,-1.2340686321258545
81425.0,-1.2488988637924194
81430.0,-1.2232412099838257
81435.0,-1.2338992357254028
81440.0,-1.2382757663726807
81445.0,-1.2153799533843994
81450.0,-1.2280540466308594
81455.0,-1.2526479959487915
81460.0,-1.2027531862258911
81465.0,-1.2281862497329712
81470.0,-1.2295818328857422
81475.0,-1.205635666847229
81480.0,-1.2364234924316406
81485.0,-1.2502336502075195
81490.0,-1.2253684997558594
81495.0,-1.2392263412475586
81500.0,-1.235852599143982
81505.0,-1.2116503715515137
81510.0,-1.2388845682144165
81515.0,-1.2360897064208984
81520.0,-1.2253220081329346
81525.0,-1.2505247592926025
81530.0,-1.2248317003250122
81535.0,-1.2045886516571045
81540.0,-1.2422093152999878
81545.0,-1.2230085134506226
81550.0,-1.236193299293518
81555.0,-1.2376959323883057
81560.0,-1.1915866136550903
81565.0,-1.2366533279418945
81570.0,-1.2494407892227173
81575.0,-1.2122023105621338
81580.0,-1.2498304843902588
81585.0,-1.2438793182373047
81590.0,-1.203256607055664
81595.0,-1.2524797916412354
81600.0,-1.2227973937988281
81605.0,-1.2205990552902222
81610.0,-1.2276227474212646
81615.0,-1.2145588397979736
81620.0,-1.2541511058807373
81625.0,-1.2228336334228516
81630.0,-1.209376573562622
81635.0,-1.2490333318710327
81640.0,-1.2056684494018555
81645.0,-1.2262544631958008
81650.0,-1.258733868598938
81655.0,-1.208287000656128
81660.0,-1.2307100296020508
81665.0,-1.2297141551971436
81670.0,-1.2137343883514404
81675.0,-1.2332611083984375
81680.0,-1.2114944458007812
81685.0,-1.2235445976257324
81690.0,-1.2529008388519287
81695.0,-1.184478998184204
81700.0,-1.221160888671875
81705.0,-1.2598137855529785
81710.0,-1.2223460674285889
81715.0,-1.2184009552001953
81720.0,-1.2601150274276733
81725.0,-1.229060173034668
81730.0,-1.2211412191390991
81735.0,-1.2485461235046387
81740.0,-1.225558876991272
81745.0,-1.2113043069839478
81750.0,-1.2366448640823364
81755.0,-1.2017890214920044
81760.0,-1.2358920574188232
81765.0,-1.2440105676651
81770.0,-1.2056622505187988
81775.0,-1.2285343408584595
81780.0,-1.2415887117385864
81785.0,-1.1875741481781006
81790.0,-1.2206238508224487
81795.0,-1.223956823348999
81800.0,-1.202508568763733
81805.0,-1.2167513370513916
81810.0,-1.1900660991668701
81815.0,-1.2173199653625488
81820.0,-1.2464470863342285
81825.0,-1.2480242252349854
81830.0,-1.2217391729354858
81835.0,-1.2355427742004395
81840.0,-1.242371678352356
81845.0,-1.2279523611068726
81850.0,-1.234584927558899
81855.0,-1.2484121322631836
81860.0,-1.2245532274246216
81865.0,-1.2198259830474854
81870.0,-1.2158114910125732
81875.0,-1.2247456312179565
81880.0,-1.2473087310791016
81885.0,-1.2033519744873047
81890.0,-1.2280380725860596
81895.0,-1.2336381673812866
81900.0,-1.2124789953231812
81905.0,-1.2365163564682007
81910.0,-1.2382431030273438
81915.0,-1.2172452211380005
81920.0,-1.2375940084457397
81925.0,-1.2171809673309326
81930.0,-1.2167154550552368
81935.0,-1.2502284049987793
81940.0,-1.2176928520202637
81945.0,-1.2191181182861328
81950.0,-1.226853370666504
81955.0,-1.2115051746368408
81960.0,-1.216801404953003
81965.0,-1.2448890209197998
81970.0,-1.2112261056900024
81975.0,-1.2266547679901123
81980.0,-1.2438385486602783
81985.0,-1.2169734239578247
81990.0,-1.2312724590301514
81995.0,-1.250813603401184
82000.0,-1.2295225858688354
82005.0,-1.2301971912384033
82010.0,-1.2365092039108276
82015.0,-1.2095428705215454
82020.0,-1.2335572242736816
82025.0,-1.2245960235595703
82030.0,-1.2320096492767334
82035.0,-1.244749903678894
82040.0,-1.2392961978912354
82045.0,-1.2314205169677734
82050.0,-1.2373957633972168
82055.0,-1.2457032203674316
82060.0,-1.2396241426467896
82065.0,-1.2315438985824585
82070.0,-1.2309157848358154
82075.0,-1.2231547832489014
82080.0,-1.2252072095870972
82085.0,-1.2301948070526123
82090.0,-1.2214689254760742
82095.0,-1.216088056564331
82100.0,-1.2254619598388672
82105.0,-1.2206628322601318
82110.0,-1.240718960762024
82115.0,-1.243842601776123
82120.0,-1.2289422750473022
82125.0,-1.2186259031295776
82130.0,-1.2361235618591309
82135.0,-1.2426350116729736
82140.0,-1.208546757698059
82145.0,-1.2271466255187988
82150.0,-1.2355380058288574
82155.0,-1.2009382247924805
82160.0,-1.2075227499008179
82165.0,-1.2471431493759155
82170.0,-1.2250237464904785
82175.0,-1.2440743446350098
82180.0,-1.233931541442871
82185.0,-1.2282772064208984
82190.0,-1.222818374633789
82195.0,-1.2278106212615967
82200.0,-1.2126610279083252
82205.0,-1.2276195287704468
82210.0,-1.2254045009613037
82215.0,-1.1967527866363525
82220.0,-1.2183239459991455
82225.0,-1.2304179668426514
82230.0,-1.2371162176132202
82235.0,-1.2320770025253296
82240.0,-1.2289893627166748
82245.0,-1.2363957166671753
82250.0,-1.2350164651870728
82255.0,-1.2232471704483032
82260.0,-1.2376388311386108
82265.0,-1.2170617580413818
82270.0,-1.231752634048462
82275.0,-1.223238229751587
82280.0,-1.2074236869812012
82285.0,-1.2429900169372559
82290.0,-1.236997127532959
82295.0,-1.2144241333007812
82300.0,-1.2402839660644531
82305.0,-1.2331126928329468
82310.0,-1.1942046880722046
82315.0,-1.2508525848388672
82320.0,-1.2333649396896362
82325.0,-1.2113697528839111
82330.0,-1.2415287494659424
82335.0,-1.216135859489441
82340.0,-1.2072827816009521
82345.0,-1.2559367418289185
82350.0,-1.2260141372680664
82355.0,-1.2179672718048096
82360.0,-1.2487319707870483
82365.0,-1.217244029045105
82370.0,-1.2207157611846924
82375.0,-1.2517218589782715
82380.0,-1.2160165309906006
82385.0,-1.2284414768218994
82390.0,-1.2313159704208374
82395.0,-1.2147274017333984
82400.0,-1.2324018478393555
82405.0,-1.2389860153198242
82410.0,-1.2252758741378784
82415.0,-1.2391552925109863
82420.0,-1.2147855758666992
82425.0,-1.2206122875213623
82430.0,-1.2266037464141846
82435.0,-1.2304694652557373
82440.0,-1.2326775789260864
82445.0,-1.2432072162628174
82450.0,-1.2213099002838135
82455.0,-1.2313939332962036
82460.0,-1.2297110557556152
82465.0,-1.2149683237075806
82470.0,-1.2221570014953613
82475.0,-1.2148165702819824
82480.0,-1.220738172531128
82485.0,-1.2331767082214355
82490.0,-1.2406909465789795
82495.0,-1.2298643589019775
82500.0,-1.2161904573440552
82505.0,-1.225656270980835
82510.0,-1.2345598936080933
82515.0,-1.2167844772338867
82520.0,-1.2256090641021729
82525.0,-1.2186129093170166
82530.0,-1.2152031660079956
82535.0,-1.2071704864501953
82540.0,-1.2195340394973755
82545.0,-1.24750816822052
82550.0,-1.2413156032562256
82555.0,-1.2200952768325806
82560.0,-1.232591986656189
82565.0,-1.2297513484954834
82570.0,-1.2255325317382812
82575.0,-1.21235990524292
82580.0,-1.2275917530059814
82585.0,-1.2157039642333984
82590.0,-1.2116615772247314
82595.0,-1.2098963260650635
82600.0,-1.2454770803451538
82605.0,-1.2372791767120361
82610.0,-1.229245662689209
82615.0,-1.2165710926055908
82620.0,-1.2441942691802979
82625.0,-1.2172554731369019
82630.0,-1.222602128982544
82635.0,-1.2245017290115356
82640.0,-1.2395365238189697
82645.0,-1.2209943532943726
82650.0,-1.2062747478485107
82655.0,-1.2252010107040405
82660.0,-1.2327948808670044
82665.0,-1.2186529636383057
82670.0,-1.2231112718582153
82675.0,-1.2262837886810303
82680.0,-1.226487636566162
82685.0,-1.2227082252502441
82690.0,-1.2491692304611206
82695.0,-1.2282978296279907
82700.0,-1.242931604385376
82705.0,-1.2167186737060547
82710.0,-1.2270245552062988
82715.0,-1.2342066764831543
82720.0,-1.2170357704162598
82725.0,-1.2245006561279297
82730.0,-1.2380540370941162
82735.0,-1.2234342098236084
82740.0,-1.207313895225525
82745.0,-1.2422866821289062
82750.0,-1.2371752262115479
82755.0,-1.216166377067566
82760.0,-1.2312562465667725
82765.0,-1.2363440990447998
82770.0,-1.1992273330688477
82775.0,-1.2371766567230225
82780.0,-1.2368013858795166
82785.0,-1.2067666053771973
82790.0,-1.223305583000183
82795.0,-1.224555253982544
82800.0,-1.2326624393463135
82805.0,-1.2377471923828125
82810.0,-1.2365378141403198
82815.0,-1.2203179597854614
82820.0,-1.2365624904632568
82825.0,-1.2231930494308472
82830.0,-1.2319715023040771
82835.0,-1.2365504503250122
82840.0,-1.2272851467132568
82845.0,-1.2355070114135742
82850.0,-1.2193413972854614
82855.0,-1.2108182907104492
82860.0,-1.2365567684173584
82865.0,-1.243213415145874
82870.0,-1.2047321796417236
82875.0,-1.2309370040893555
82880.0,-1.2268182039260864
82885.0,-1.2144596576690674
82890.0,-1.2294161319732666
82895.0,-1.237093210220337
82900.0,-1.2248512506484985
82905.0,-1.230677843093872
82910.0,-1.2183289527893066
82915.0,-1.252511739730835
82920.0,-1.233432650566101
82925.0,-1.2265801429748535
82930.0,-1.2206134796142578
82935.0,-1.2208847999572754
82940.0,-1.2141844034194946
82945.0,-1.2037458419799805
82950.0,-1.2255581617355347
82955.0,-1.2291789054870605
82960.0,-1.2207043170928955
82965.0,-1.1989848613739014
82970.0,-1.2322262525558472
82975.0,-1.236199975013733
82980.0,-1.2269771099090576
82985.0,-1.2340104579925537
82990.0,-1.223142147064209
82995.0,-1.2292299270629883
83000.0,-1.2137680053710938
83005.0,-1.2182368040084839
83010.0,-1.2390559911727905
83015.0,-1.2381998300552368
83020.0,-1.2169039249420166
83025.0,-1.2329344749450684
83030.0,-1.2490534782409668
83035.0,-1.2174506187438965
83040.0,-1.2555134296417236
83045.0,-1.2362792491912842
83050.0,-1.223313570022583
83055.0,-1.2530574798583984
83060.0,-1.2434719800949097
83065.0,-1.1978713274002075
83070.0,-1.2395576238632202
83075.0,-1.2203999757766724
83080.0,-1.230820894241333
83085.0,-1.2232577800750732
83090.0,-1.2138333320617676
83095.0,-1.2303564548492432
83100.0,-1.2024030685424805
83105.0,-1.2310459613800049
83110.0,-1.2513303756713867
83115.0,-1.2024693489074707
83120.0,-1.2261443138122559
83125.0,-1.233795404434204
83130.0,-1.2320876121520996
83135.0,-1.2383193969726562
83140.0,-1.2306863069534302
83145.0,-1.2275389432907104
83150.0,-1.2325798273086548
83155.0,-1.2288565635681152
83160.0,-1.2473323345184326
83165.0,-1.2304291725158691
83170.0,-1.2305908203125
83175.0,-1.2399173974990845
83180.0,-1.2287132740020752
83185.0,-1.218529462814331
83190.0,-1.2463243007659912
83195.0,-1.2262763977050781
83200.0,-1.2275786399841309
83205.0,-1.2241435050964355
83210.0,-1.2227834463119507
83215.0,-1.2307347059249878
83220.0,-1.2282099723815918
83225.0,-1.2496473789215088
83230.0,-1.2676419019699097
83235.0,-1.2263002395629883
83240.0,-1.2053050994873047
83245.0,-1.217968463897705
83250.0,-1.2099874019622803
83255.0,-1.2000806331634521
83260.0,-1.229560136795044
83265.0,-1.225067138671875
83270.0,-1.207899808883667
83275.0,-1.2257134914398193
83280.0,-1.236497402191162
83285.0,-1.2252408266067505
83290.0,-1.2292801141738892
83295.0,-1.2407522201538086
83300.0,-1.218557596206665
83305.0,-1.2225549221038818
83310.0,-1.2496180534362793
83315.0,-1.2229722738265991
83320.0,-1.238016128540039
83325.0,-1.24656343460083
83330.0,-1.2109174728393555
83335.0,-1.231776475906372
83340.0,-1.2342239618301392
83345.0,-1.1980921030044556
83350.0,-1.2316442728042603
83355.0,-1.238524317741394
83360.0,-1.2029370069503784
83365.0,-1.2553026676177979
83370.0,-1.2377040386199951
83375.0,-1.226197361946106
83380.0,-1.2529398202896118
83385.0,-1.2438188791275024
83390.0,-1.2131812572479248
83395.0,-1.238879919052124
83400.0,-1.2259376049041748
83405.0,-1.228524923324585
83410.0,-1.2099519968032837
83415.0,-1.2254447937011719
83420.0,-1.2529451847076416
83425.0,-1.1957743167877197
83430.0,-1.2265448570251465
83435.0,-1.2733654975891113
83440.0,-1.2121903896331787
83445.0,-1.2247116565704346
83450.0,-1.2484043836593628
83455.0,-1.197719931602478
83460.0,-1.2169370651245117
83465.0,-1.228230357170105
83470.0,-1.2122297286987305
83475.0,-1.2466437816619873
83480.0,-1.2143754959106445
83485.0,-1.2206635475158691
83490.0,-1.2654056549072266
83495.0,-1.2274993658065796
83500.0,-1.2155256271362305
83505.0,-1.2692378759384155
83510.0,-1.2236957550048828
83515.0,-1.2158515453338623
83520.0,-1.241706132888794
83525.0,-1.2303824424743652
83530.0,-1.2056260108947754
83535.0,-1.2149455547332764
83540.0,-1.231640100479126
83545.0,-1.2431186437606812
83550.0,-1.2343195676803589
83555.0,-1.2347997426986694
83560.0,-1.2584428787231445
83565.0,-1.2465379238128662
83570.0,-1.2320988178253174
83575.0,-1.232999563217163
83580.0,-1.2385385036468506
83585.0,-1.227597713470459
83590.0,-1.2299973964691162
83595.0,-1.2364296913146973
83600.0,-1.212432622909546
83605.0,-1.233588695526123
83610.0,-1.2390220165252686
83615.0,-1.211039423942566
83620.0,-1.2290109395980835
83625.0,-1.2332489490509033
83630.0,-1.2064108848571777
83635.0,-1.234178066253662
83640.0,-1.2352097034454346
83645.0,-1.2083120346069336
83650.0,-1.227113962173462
83655.0,-1.221282720565796
83660.0,-1.2267978191375732
83665.0,-1.2427356243133545
83670.0,-1.204777717590332
83675.0,-1.2290987968444824
83680.0,-1.237196683883667
83685.0,-1.198973536491394
83690.0,-1.234074354171753
83695.0,-1.252267599105835
83700.0,-1.2103644609451294
83705.0,-1.2370030879974365
83710.0,-1.2440457344055176
83715.0,-1.208200216293335
83720.0,-1.2256531715393066
83725.0,-1.2321031093597412
83730.0,-1.2395195960998535
83735.0,-1.2496923208236694
83740.0,-1.2408082485198975
83745.0,-1.220505952835083
83750.0,-1.2311718463897705
83755.0,-1.2495577335357666
83760.0,-1.226935863494873
83765.0,-1.2295849323272705
83770.0,-1.2498859167099
83775.0,-1.2204056978225708
83780.0,-1.23117196559906
83785.0,-1.259007215499878
83790.0,-1.2303400039672852
83795.0,-1.1943743228912354
83800.0,-1.2407777309417725
83805.0,-1.2110778093338013
83810.0,-1.2165331840515137
83815.0,-1.2341105937957764
83820.0,-1.2203054428100586
83825.0,-1.1999919414520264
83830.0,-1.2325783967971802
83835.0,-1.2303473949432373
83840.0,-1.2433241605758667
83845.0,-1.2418549060821533
83850.0,-1.2223689556121826
83855.0,-1.2320150136947632
83860.0,-1.23298978805542
83865.0,-1.233825922012329
83870.0,-1.2298669815063477
83875.0,-1.2381967306137085
83880.0,-1.2154808044433594
83885.0,-1.2351014614105225
83890.0,-1.22812020778656
83895.0,-1.2187105417251587
83900.0,-1.2296350002288818
83905.0,-1.2358996868133545
83910.0,-1.234573483467102
83915.0,-1.227735161781311
83920.0,-1.2280173301696777
83925.0,-1.2538567781448364
83930.0,-1.2250549793243408
83935.0,-1.2444859743118286
83940.0,-1.2366547584533691
83945.0,-1.240112543106079
83950.0,-1.2425901889801025
83955.0,-1.2205464839935303
83960.0,-1.2476445436477661
83965.0,-1.2361515760421753
83970.0,-1.217124581336975
83975.0,-1.2426743507385254
83980.0,-1.2304275035858154
83985.0,-1.225224494934082
83990.0,-1.2455958127975464
83995.0,-1.223452091217041
84000.0,-1.220876693725586
84005.0,-1.2462263107299805
84010.0,-1.2308058738708496
84015.0,-1.2316267490386963
84020.0,-1.2364505529403687
84025.0,-1.2187585830688477
84030.0,-1.2244752645492554
84035.0,-1.2380352020263672
84040.0,-1.2415966987609863
84045.0,-1.2434132099151611
84050.0,-1.2190346717834473
84055.0,-1.2412211894989014
84060.0,-1.2303634881973267
84065.0,-1.2221598625183105
84070.0,-1.2552295923233032
84075.0,-1.2378939390182495
84080.0,-1.2071354389190674
84085.0,-1.2535167932510376
84090.0,-1.2176401615142822
84095.0,-1.2197413444519043
84100.0,-1.2568392753601074
84105.0,-1.2117910385131836
84110.0,-1.2251049280166626
84115.0,-1.2461353540420532
84120.0,-1.199835181236267
84125.0,-1.2432947158813477
84130.0,-1.244472622871399
84135.0,-1.211850643157959
84140.0,-1.2428382635116577
84145.0,-1.2451246976852417
84150.0,-1.2095041275024414
84155.0,-1.2448920011520386
84160.0,-1.246565580368042
84165.0,-1.214583158493042
84170.0,-1.2461097240447998
84175.0,-1.2203259468078613
84180.0,-1.2435821294784546
84185.0,-1.2187550067901611
84190.0,-1.2169528007507324
84195.0,-1.2370104789733887
84200.0,-1.2257812023162842
84205.0,-1.2067289352416992
84210.0,-1.2647476196289062
84215.0,-1.2414418458938599
84220.0,-1.2058695554733276
84225.0,-1.2404420375823975
84230.0,-1.2414319515228271
84235.0,-1.1951320171356201
84240.0,-1.2362697124481201
84245.0,-1.2339015007019043
84250.0,-1.2086195945739746
84255.0,-1.234025239944458
84260.0,-1.2292006015777588
84265.0,-1.2238876819610596
84270.0,-1.2489725351333618
84275.0,-1.2222577333450317
84280.0,-1.2268400192260742
84285.0,-1.2326209545135498
84290.0,-1.2131681442260742
84295.0,-1.2522432804107666
84300.0,-1.2246105670928955
84305.0,-1.2172164916992188
84310.0,-1.2414038181304932
84315.0,-1.2180273532867432
84320.0,-1.20973801612854
84325.0,-1.2437386512756348
84330.0,-1.2060699462890625
84335.0,-1.222109079360962
84340.0,-1.2161861658096313
84345.0,-1.2120318412780762
84350.0,-1.244436502456665
84355.0,-1.232729196548462
84360.0,-1.2104135751724243
84365.0,-1.254975438117981
84370.0,-1.2053029537200928
84375.0,-1.2248833179473877
84380.0,-1.230470895767212
84385.0,-1.2123301029205322
84390.0,-1.2370656728744507
84395.0,-1.2421209812164307
84400.0,-1.2158944606781006
84405.0,-1.257512092590332
84410.0,-1.2145689725875854
84415.0,-1.23121976852417
84420.0,-1.2530587911605835
84425.0,-1.2170665264129639
84430.0,-1.2391633987426758
84435.0,-1.2425568103790283
84440.0,-1.2006245851516724
84445.0,-1.237914800643921
84450.0,-1.2494840621948242
84455.0,-1.199404001235962
84460.0,-1.2446389198303223
84465.0,-1.2377468347549438
84470.0,-1.2179628610610962
84475.0,-1.2343454360961914
84480.0,-1.2317478656768799
84485.0,-1.2158317565917969
84490.0,-1.2418031692504883
84495.0,-1.2323588132858276
84500.0,-1.227838158607483
84505.0,-1.243900179862976
84510.0,-1.245039939880371
84515.0,-1.2320587635040283
84520.0,-1.2247982025146484
84525.0,-1.246448040008545
84530.0,-1.2417088747024536
84535.0,-1.2518928050994873
84540.0,-1.213585376739502
84545.0,-1.2307326793670654
84550.0,-1.2449126243591309
84555.0,-1.2337114810943604
84560.0,-1.223302960395813
84565.0,-1.2459094524383545
84570.0,-1.2457211017608643
84575.0,-1.2043588161468506
84580.0,-1.235831618309021
84585.0,-1.2358500957489014
84590.0,-1.2343724966049194
84595.0,-1.2278037071228027
84600.0,-1.2425932884216309
84605.0,-1.2415635585784912
84610.0,-1.2237486839294434
84615.0,-1.2239047288894653
84620.0,-1.2404415607452393
84625.0,-1.2415605783462524
84630.0,-1.213315486907959
84635.0,-1.2387909889221191
84640.0,-1.2430145740509033
84645.0,-1.2201244831085205
84650.0,-1.2293806076049805
84655.0,-1.2397520542144775
84660.0,-1.224109411239624
84665.0,-1.2230380773544312
84670.0,-1.226417064666748
84675.0,-1.232713222503662
84680.0,-1.2335745096206665
84685.0,-1.2181371450424194
84690.0,-1.2304250001907349
84695.0,-1.2231639623641968
84700.0,-1.2257364988327026
84705.0,-1.2315312623977661
84710.0,-1.2576978206634521
84715.0,-1.2311391830444336
84720.0,-1.2432572841644287
84725.0,-1.2420909404754639
84730.0,-1.2173455953598022
84735.0,-1.2319700717926025
84740.0,-1.255853533744812
84745.0,-1.224355697631836
84750.0,-1.208801031112671
84755.0,-1.2384111881256104
84760.0,-1.2258142232894897
84765.0,-1.2303016185760498
84770.0,-1.24933660030365
84775.0,-1.2472569942474365
84780.0,-1.2392585277557373
84785.0,-1.221863031387329
84790.0,-1.244220495223999
84795.0,-1.242032766342163
84800.0,-1.2336938381195068
84805.0,-1.2457150220870972
84810.0,-1.2122997045516968
84815.0,-1.2220954895019531
84820.0,-1.2473959922790527
84825.0,-1.2215930223464966
84830.0,-1.225364089012146
84835.0,-1.2568366527557373
84840.0,-1.2056140899658203
84845.0,-1.2321248054504395
84850.0,-1.2545121908187866
84855.0,-1.2122290134429932
84860.0,-1.2172142267227173
84865.0,-1.2287447452545166
84870.0,-1.2076756954193115
84875.0,-1.2243473529815674
84880.0,-1.2515699863433838
84885.0,-1.2115808725357056
84890.0,-1.228667974472046
84895.0,-1.2438424825668335
84900.0,-1.207717776298523
84905.0,-1.2316097021102905
84910.0,-1.2594561576843262
84915.0,-1.2169318199157715
84920.0,-1.2258036136627197
84925.0,-1.219590663909912
84930.0,-1.229987621307373
84935.0,-1.2178397178649902
84940.0,-1.2241449356079102
84945.0,-1.2301621437072754
84950.0,-1.2428398132324219
84955.0,-1.2234125137329102
84960.0,-1.2472403049468994
84965.0,-1.2608011960983276
84970.0,-1.2184374332427979
84975.0,-1.2511961460113525
84980.0,-1.2540701627731323
84985.0,-1.207545280456543
84990.0,-1.261200189590454
84995.0,-1.267472505569458
85000.0,-1.20308518409729
85005.0,-1.2470581531524658
85010.0,-1.248371958732605
85015.0,-1.1926676034927368
85020.0,-1.2535367012023926
85025.0,-1.2618829011917114
85030.0,-1.214032769203186
85035.0,-1.2507528066635132
85040.0,-1.2541248798370361
85045.0,-1.2150132656097412
85050.0,-1.24325692653656
85055.0,-1.2458347082138062
85060.0,-1.2271705865859985
85065.0,-1.2389768362045288
85070.0,-1.2230744361877441
85075.0,-1.2185699939727783
85080.0,-1.226568579673767
85085.0,-1.2298362255096436
85090.0,-1.249477744102478
85095.0,-1.233896255493164
85100.0,-1.2313742637634277
85105.0,-1.2275938987731934
85110.0,-1.2504974603652954
85115.0,-1.2302837371826172
85120.0,-1.227986216545105
85125.0,-1.2324354648590088
85130.0,-1.2045607566833496
85135.0,-1.2232370376586914
85140.0,-1.243000864982605
85145.0,-1.2263548374176025
85150.0,-1.2123335599899292
85155.0,-1.2496765851974487
85160.0,-1.2241101264953613
85165.0,-1.2308688163757324
85170.0,-1.229114294052124
85175.0,-1.236272931098938
85180.0,-1.2338826656341553
85185.0,-1.2393914461135864
85190.0,-1.2167075872421265
85195.0,-1.232796549797058
85200.0,-1.225637674331665
85205.0,-1.211500644683838
85210.0,-1.2243545055389404
85215.0,-1.2252287864685059
85220.0,-1.2346770763397217
85225.0,-1.2373428344726562
85230.0,-1.227571725845337
85235.0,-1.243699550628662
85240.0,-1.2483525276184082
85245.0,-1.218485713005066
85250.0,-1.2496246099472046
85255.0,-1.2188550233840942
85260.0,-1.2296900749206543
85265.0,-1.2398682832717896
85270.0,-1.2047550678253174
85275.0,-1.2387676239013672
85280.0,-1.2266367673873901
85285.0,-1.2229671478271484
85290.0,-1.2470539808273315
85295.0,-1.2336275577545166
85300.0,-1.2231066226959229
85305.0,-1.2304450273513794
85310.0,-1.212667465209961
85315.0,-1.2400718927383423
85320.0,-1.230938196182251
85325.0,-1.228834629058838
85330.0,-1.2242300510406494
85335.0,-1.221663236618042
85340.0,-1.2309635877609253
85345.0,-1.2258492708206177
85350.0,-1.2274659872055054
85355.0,-1.229405164718628
85360.0,-1.2385644912719727
85365.0,-1.2264719009399414
85370.0,-1.2323963642120361
85375.0,-1.233449935913086
85380.0,-1.2162089347839355
85385.0,-1.2269420623779297
85390.0,-1.233548879623413
85395.0,-1.2430024147033691
85400.0,-1.2328037023544312
85405.0,-1.2406009435653687
85410.0,-1.234674334526062
85415.0,-1.2183167934417725
85420.0,-1.2342495918273926
85425.0,-1.2661758661270142
85430.0,-1.2327756881713867
85435.0,-1.2252413034439087
85440.0,-1.2327131032943726
85445.0,-1.2125505208969116
85450.0,-1.2374075651168823
85455.0,-1.2502095699310303
85460.0,-1.220036268234253
85465.0,-1.2323142290115356
85470.0,-1.2252947092056274
85475.0,-1.2217727899551392
85480.0,-1.2474942207336426
85485.0,-1.2477567195892334
85490.0,-1.2204760313034058
85495.0,-1.244062066078186
85500.0,-1.2215855121612549
85505.0,-1.2366069555282593
85510.0,-1.2475367784500122
85515.0,-1.2179325819015503
85520.0,-1.2386670112609863
85525.0,-1.2305591106414795
85530.0,-1.2327286005020142
85535.0,-1.2361736297607422
85540.0,-1.2359440326690674
85545.0,-1.2228114604949951
85550.0,-1.2331844568252563
85555.0,-1.2347257137298584
85560.0,-1.237614631652832
85565.0,-1.230896234512329
85570.0,-1.2415332794189453
85575.0,-1.2265115976333618
85580.0,-1.201576828956604
85585.0,-1.2401947975158691
85590.0,-1.2383638620376587
85595.0,-1.2271065711975098
85600.0,-1.223920464515686
85605.0,-1.233008861541748
85610.0,-1.2279086112976074
85615.0,-1.22628915309906
85620.0,-1.229074239730835
85625.0,-1.247566819190979
85630.0,-1.2141807079315186
85635.0,-1.210880994796753
85640.0,-1.231868028640747
85645.0,-1.2299599647521973
85650.0,-1.2311897277832031
85655.0,-1.225487470626831
85660.0,-1.2306082248687744
85665.0,-1.2173011302947998
85670.0,-1.2173606157302856
85675.0,-1.2456002235412598
85680.0,-1.23578941822052
85685.0,-1.2093665599822998
85690.0,-1.2440834045410156
85695.0,-1.221719741821289
85700.0,-1.2217693328857422
85705.0,-1.2493757009506226
85710.0,-1.2446140050888062
85715.0,-1.2253015041351318
85720.0,-1.2313194274902344
85725.0,-1.2394832372665405
85730.0,-1.2298665046691895
85735.0,-1.246833086013794
85740.0,-1.252760648727417
85745.0,-1.2206209897994995
85750.0,-1.2337226867675781
85755.0,-1.2372798919677734
85760.0,-1.2151756286621094
85765.0,-1.250035047531128
85770.0,-1.2428386211395264
85775.0,-1.2145521640777588
85780.0,-1.2281405925750732
85785.0,-1.2234901189804077
85790.0,-1.2379348278045654
85795.0,-1.2525919675827026
85800.0,-1.224690318107605
85805.0,-1.2321467399597168
85810.0,-1.2365026473999023
85815.0,-1.2069156169891357
85820.0,-1.2467355728149414
85825.0,-1.2575238943099976
85830.0,-1.2052996158599854
85835.0,-1.2210056781768799
85840.0,-1.2515559196472168
85845.0,-1.2047309875488281
85850.0,-1.2465903759002686
85855.0,-1.256201148033142
85860.0,-1.2072665691375732
85865.0,-1.214834213256836
85870.0,-1.2381746768951416
85875.0,-1.2304401397705078
85880.0,-1.2156734466552734
85885.0,-1.224665641784668
85890.0,-1.2302401065826416
85895.0,-1.2092070579528809
85900.0,-1.2333402633666992
85905.0,-1.2443119287490845
85910.0,-1.228532075881958
85915.0,-1.2425373792648315
85920.0,-1.2292821407318115
85925.0,-1.2385473251342773
85930.0,-1.2387580871582031
85935.0,-1.2332284450531006
85940.0,-1.2504523992538452
85945.0,-1.2345564365386963
85950.0,-1.2214398384094238
85955.0,-1.23564612865448
85960.0,-1.2442519664764404
85965.0,-1.2323533296585083
85970.0,-1.2229169607162476
85975.0,-1.2432940006256104
85980.0,-1.220916748046875
85985.0,-1.2254904508590698
85990.0,-1.2425123453140259
85995.0,-1.2508418560028076
86000.0,-1.2017817497253418
86005.0,-1.2292287349700928
86010.0,-1.227636456489563
86015.0,-1.222278118133545
86020.0,-1.2514837980270386
86025.0,-1.2349046468734741
86030.0,-1.2307488918304443
86035.0,-1.2190827131271362
86040.0,-1.2304115295410156
86045.0,-1.2385871410369873
86050.0,-1.242403507232666
86055.0,-1.224813461303711
86060.0,-1.2332258224487305
86065.0,-1.21193265914917
86070.0,-1.2322181463241577
86075.0,-1.2388477325439453
86080.0,-1.221846580505371
86085.0,-1.2279454469680786
86090.0,-1.2290773391723633
86095.0,-1.221112847328186
86100.0,-1.2436858415603638
86105.0,-1.233262062072754
86110.0,-1.2231391668319702
86115.0,-1.2295275926589966
86120.0,-1.2221041917800903
86125.0,-1.2419960498809814
86130.0,-1.2392337322235107
86135.0,-1.2374876737594604
86140.0,-1.2409143447875977
86145.0,-1.2179961204528809
86150.0,-1.2281278371810913
86155.0,-1.2343330383300781
86160.0,-1.2445714473724365
86165.0,-1.223106026649475
86170.0,-1.2257356643676758
86175.0,-1.2288355827331543
86180.0,-1.2186423540115356
86185.0,-1.2392781972885132
86190.0,-1.2496354579925537
86195.0,-1.2436072826385498
86200.0,-1.2166554927825928
86205.0,-1.2335916757583618
86210.0,-1.223010778427124
86215.0,-1.2415558099746704
86220.0,-1.2407867908477783
86225.0,-1.2326397895812988
86230.0,-1.2239465713500977
86235.0,-1.2339524030685425
86240.0,-1.2230561971664429
86245.0,-1.2440721988677979
86250.0,-1.2503036260604858
86255.0,-1.2178627252578735
86260.0,-1.2317917346954346
86265.0,-1.2396562099456787
86270.0,-1.2339428663253784
86275.0,-1.2259435653686523
86280.0,-1.2435195446014404
86285.0,-1.2183563709259033
86290.0,-1.219388723373413
86295.0,-1.241961121559143
86300.0,-1.248687744140625
86305.0,-1.2221009731292725
86310.0,-1.2233631610870361
86315.0,-1.2385989427566528
86320.0,-1.23875892162323
86325.0,-1.2448071241378784
86330.0,-1.2433860301971436
86335.0,-1.2240791320800781
86340.0,-1.2313283681869507
86345.0,-1.223787546157837
86350.0,-1.233898639678955
86355.0,-1.236091136932373
86360.0,-1.2179898023605347
86365.0,-1.2155078649520874
86370.0,-1.2123647928237915
86375.0,-1.2256348133087158
86380.0,-1.2481633424758911
86385.0,-1.241431474685669
86390.0,-1.2093136310577393
86395.0,-1.2431820631027222
86400.0,-1.2377216815948486
86405.0,-1.2204309701919556
86410.0,-1.2526792287826538
86415.0,-1.2529218196868896
86420.0,-1.2334682941436768
86425.0,-1.2222557067871094
86430.0,-1.225149154663086
86435.0,-1.2348607778549194
86440.0,-1.2556681632995605
86445.0,-1.2293322086334229
86450.0,-1.2350813150405884
86455.0,-1.2233421802520752
86460.0,-1.2061476707458496
86465.0,-1.2414772510528564
86470.0,-1.2473828792572021
86475.0,-1.2200334072113037
86480.0,-1.2481262683868408
86485.0,-1.222609281539917
86490.0,-1.2275259494781494
86495.0,-1.238511085510254
86500.0,-1.2463756799697876
86505.0,-1.2113585472106934
86510.0,-1.2251157760620117
86515.0,-1.2270143032073975
86520.0,-1.2372632026672363
86525.0,-1.226341724395752
86530.0,-1.2347991466522217
86535.0,-1.217160701751709
86540.0,-1.2191779613494873
86545.0,-1.2296439409255981
86550.0,-1.2522549629211426
86555.0,-1.2081502676010132
86560.0,-1.22707998752594
86565.0,-1.2120792865753174
86570.0,-1.221168875694275
86575.0,-1.249906301498413
86580.0,-1.2471733093261719
86585.0,-1.2181180715560913
86590.0,-1.2254283428192139
86595.0,-1.2288413047790527
86600.0,-1.2310364246368408
86605.0,-1.2619595527648926
86610.0,-1.2260992527008057
86615.0,-1.2285465002059937
86620.0,-1.2195461988449097
86625.0,-1.227875828742981
86630.0,-1.2412015199661255
86635.0,-1.246856689453125
86640.0,-1.208265781402588
86645.0,-1.238438367843628
86650.0,-1.2111942768096924
86655.0,-1.2294790744781494
86660.0,-1.2496545314788818
86665.0,-1.2107477188110352
86670.0,-1.2278401851654053
86675.0,-1.2493637800216675
86680.0,-1.217689037322998
86685.0,-1.2517067193984985
86690.0,-1.2418649196624756
86695.0,-1.201180100440979
86700.0,-1.2510286569595337
86705.0,-1.213517427444458
86710.0,-1.2205673456192017
86715.0,-1.2569361925125122
86720.0,-1.2246760129928589
86725.0,-1.2282477617263794
86730.0,-1.2540974617004395
86735.0,-1.2217745780944824
86740.0,-1.2555155754089355
86745.0,-1.263944387435913
86750.0,-1.229806661605835
86755.0,-1.2403613328933716
86760.0,-1.2196142673492432
86765.0,-1.2368321418762207
86770.0,-1.2414541244506836
86775.0,-1.2434632778167725
86780.0,-1.2239773273468018
86785.0,-1.2345991134643555
86790.0,-1.2084176540374756
86795.0,-1.2401249408721924
86800.0,-1.2373497486114502
86805.0,-1.2354233264923096
86810.0,-1.2311770915985107
86815.0,-1.2001142501831055
86820.0,-1.229559063911438
86825.0,-1.2243788242340088
86830.0,-1.2422561645507812
86835.0,-1.237452745437622
86840.0,-1.244023323059082
86845.0,-1.2058401107788086
86850.0,-1.2305972576141357
86855.0,-1.2198346853256226
86860.0,-1.2410651445388794
86865.0,-1.2386806011199951
86870.0,-1.232668399810791
86875.0,-1.2394611835479736
86880.0,-1.2388124465942383
86885.0,-1.2231258153915405
86890.0,-1.2330580949783325
86895.0,-1.2453341484069824
86900.0,-1.2457512617111206
86905.0,-1.2327743768692017
86910.0,-1.2209076881408691
86915.0,-1.2310017347335815
86920.0,-1.234375
86925.0,-1.2303653955459595
86930.0,-1.2435948848724365
86935.0,-1.239877462387085
86940.0,-1.21543550491333
86945.0,-1.2385897636413574
86950.0,-1.2397156953811646
86955.0,-1.2201604843139648
86960.0,-1.2330151796340942
86965.0,-1.2272878885269165
86970.0,-1.212043285369873
86975.0,-1.2357877492904663
86980.0,-1.2366094589233398
86985.0,-1.2160996198654175
86990.0,-1.2343953847885132
86995.0,-1.2223905324935913
87000.0,-1.2469218969345093
87005.0,-1.252123475074768
87010.0,-1.2194596529006958
87015.0,-1.219695806503296
87020.0,-1.2450591325759888
87025.0,-1.2225768566131592
87030.0,-1.2339198589324951
87035.0,-1.256359338760376
87040.0,-1.2097840309143066
87045.0,-1.2258875370025635
87050.0,-1.2291587591171265
87055.0,-1.2334771156311035
87060.0,-1.241316556930542
87065.0,-1.2313141822814941
87070.0,-1.2420735359191895
87075.0,-1.2190170288085938
87080.0,-1.2253103256225586
87085.0,-1.2481095790863037
87090.0,-1.2394908666610718
87095.0,-1.219826340675354
87100.0,-1.23878014087677
87105.0,-1.2267436981201172
87110.0,-1.2377228736877441
87115.0,-1.2296050786972046
87120.0,-1.2468528747558594
87125.0,-1.2364299297332764
87130.0,-1.219982624053955
87135.0,-1.2379252910614014
87140.0,-1.2249903678894043
87145.0,-1.2432363033294678
87150.0,-1.2344273328781128
87155.0,-1.223941683769226
87160.0,-1.2258745431900024
87165.0,-1.2482753992080688
87170.0,-1.226212739944458
87175.0,-1.2581110000610352
87180.0,-1.2267907857894897
87185.0,-1.2322007417678833
87190.0,-1.220512866973877
87195.0,-1.246187448501587
87200.0,-1.239452838897705
87205.0,-1.226978063583374
87210.0,-1.2353904247283936
87215.0,-1.2188611030578613
87220.0,-1.2384902238845825
87225.0,-1.2442350387573242
87230.0,-1.2412745952606201
87235.0,-1.225529670715332
87240.0,-1.2299880981445312
87245.0,-1.2213513851165771
87250.0,-1.2394194602966309
87255.0,-1.2436147928237915
87260.0,-1.2483830451965332
87265.0,-1.257310152053833
87270.0,-1.21925687789917
87275.0,-1.242734432220459
87280.0,-1.2481871843338013
87285.0,-1.2280545234680176
87290.0,-1.2333555221557617
87295.0,-1.2264177799224854
87300.0,-1.209519863128662
87305.0,-1.237647294998169
87310.0,-1.2269285917282104
87315.0,-1.2101900577545166
87320.0,-1.2437677383422852
87325.0,-1.2422155141830444
87330.0,-1.227516531944275
87335.0,-1.2450470924377441
87340.0,-1.2488517761230469
87345.0,-1.2203354835510254
87350.0,-1.2298436164855957
87355.0,-1.228602409362793
87360.0,-1.2445317506790161
87365.0,-1.2394180297851562
87370.0,-1.2313547134399414
87375.0,-1.2225415706634521
87380.0,-1.2224180698394775
87385.0,-1.2261223793029785
87390.0,-1.237694501876831
87395.0,-1.2397160530090332
87400.0,-1.2269396781921387
87405.0,-1.2248210906982422
87410.0,-1.2319475412368774
87415.0,-1.2237893342971802
87420.0,-1.2443965673446655
87425.0,-1.2470946311950684
87430.0,-1.2217216491699219
87435.0,-1.2291600704193115
87440.0,-1.2374391555786133
87445.0,-1.2241885662078857
87450.0,-1.2356507778167725
87455.0,-1.2402453422546387
87460.0,-1.228556513786316
87465.0,-1.2273693084716797
87470.0,-1.221027135848999
87475.0,-1.230401635169983
87480.0,-1.231905221939087
87485.0,-1.2301185131072998
87490.0,-1.2195625305175781
87495.0,-1.2315282821655273
87500.0,-1.2245869636535645
87505.0,-1.232907772064209
87510.0,-1.2441818714141846
87515.0,-1.2349059581756592
87520.0,-1.2160766124725342
87525.0,-1.2424620389938354
87530.0,-1.2297422885894775
87535.0,-1.2355529069900513
87540.0,-1.2527631521224976
87545.0,-1.2294402122497559
87550.0,-1.2217203378677368
87555.0,-1.2365152835845947
87560.0,-1.2297698259353638
87565.0,-1.237870216369629
87570.0,-1.2566170692443848
87575.0,-1.2273564338684082
87580.0,-1.2161352634429932
87585.0,-1.242799162864685
87590.0,-1.2167130708694458
87595.0,-1.2401968240737915
87600.0,-1.2438981533050537
87605.0,-1.2266554832458496
87610.0,-1.2386494874954224
87615.0,-1.2141188383102417
87620.0,-1.2213035821914673
87625.0,-1.251165509223938
87630.0,-1.2338745594024658
87635.0,-1.224057912826538
87640.0,-1.263641119003296
87645.0,-1.204505205154419
87650.0,-1.2317914962768555
87655.0,-1.233411192893982
87660.0,-1.2299675941467285
87665.0,-1.2424211502075195
87670.0,-1.2214977741241455
87675.0,-1.2349308729171753
87680.0,-1.2355103492736816
87685.0,-1.2279056310653687
87690.0,-1.24591064453125
87695.0,-1.2589585781097412
87700.0,-1.2075307369232178
87705.0,-1.2555471658706665
87710.0,-1.2293241024017334
87715.0,-1.2159146070480347
87720.0,-1.2549511194229126
87725.0,-1.2335693836212158
87730.0,-1.2225346565246582
87735.0,-1.2278389930725098
87740.0,-1.2264772653579712
87745.0,-1.2392948865890503
87750.0,-1.2562555074691772
87755.0,-1.2055482864379883
87760.0,-1.2361509799957275
87765.0,-1.2251936197280884
87770.0,-1.2252929210662842
87775.0,-1.2476203441619873
87780.0,-1.2512624263763428
87785.0,-1.225525140762329
87790.0,-1.212026834487915
87795.0,-1.223647952079773
87800.0,-1.2304719686508179
87805.0,-1.2412993907928467
87810.0,-1.238820195198059
87815.0,-1.235136866569519
87820.0,-1.2352075576782227
87825.0,-1.2315607070922852
87830.0,-1.2382581233978271
87835.0,-1.2466968297958374
87840.0,-1.2394541501998901
87845.0,-1.2388854026794434
87850.0,-1.2249252796173096
87855.0,-1.1990947723388672
87860.0,-1.2328824996948242
87865.0,-1.2374314069747925
87870.0,-1.2095646858215332
87875.0,-1.2284859418869019
87880.0,-1.2414276599884033
87885.0,-1.2346229553222656
87890.0,-1.2190415859222412
87895.0,-1.2349014282226562
87900.0,-1.2476847171783447
87905.0,-1.2091493606567383
87910.0,-1.2425408363342285
87915.0,-1.2423632144927979
87920.0,-1.2275967597961426
87925.0,-1.227107048034668
87930.0,-1.2294902801513672
87935.0,-1.225685715675354
87940.0,-1.2305381298065186
87945.0,-1.2485566139221191
87950.0,-1.229920506477356
87955.0,-1.2274510860443115
87960.0,-1.2217158079147339
87965.0,-1.2350486516952515
87970.0,-1.2460764646530151
87975.0,-1.2346935272216797
87980.0,-1.23964262008667
87985.0,-1.2119568586349487
87990.0,-1.2275522947311401
87995.0,-1.248138427734375
88000.0,-1.2378119230270386
88005.0,-1.2403087615966797
88010.0,-1.2311186790466309
88015.0,-1.231679916381836
88020.0,-1.233858346939087
88025.0,-1.2423481941223145
88030.0,-1.243752121925354
88035.0,-1.2248846292495728
88040.0,-1.2157081365585327
88045.0,-1.2312865257263184
88050.0,-1.234076976776123
88055.0,-1.2493386268615723
88060.0,-1.238978624343872
88065.0,-1.2223997116088867
88070.0,-1.247963786125183
88075.0,-1.2324554920196533
88080.0,-1.2179043292999268
88085.0,-1.2545870542526245
88090.0,-1.2463382482528687
88095.0,-1.2115126848220825
88100.0,-1.2280898094177246
88105.0,-1.2361514568328857
88110.0,-1.2159053087234497
88115.0,-1.2404470443725586
88120.0,-1.2450714111328125
88125.0,-1.223780632019043
88130.0,-1.2115278244018555
88135.0,-1.2369465827941895
88140.0,-1.2254047393798828
88145.0,-1.2400708198547363
88150.0,-1.243661642074585
88155.0,-1.2354462146759033
88160.0,-1.2248035669326782
88165.0,-1.2150826454162598
88170.0,-1.2280933856964111
88175.0,-1.2371494770050049
88180.0,-1.2308032512664795
88185.0,-1.2329628467559814
88190.0,-1.221028447151184
88195.0,-1.2250829935073853
88200.0,-1.2416386604309082
88205.0,-1.2335480451583862
88210.0,-1.2561914920806885
88215.0,-1.2259547710418701
88220.0,-1.222284197807312
88225.0,-1.2314391136169434
88230.0,-1.2289170026779175
88235.0,-1.2309688329696655
88240.0,-1.2449357509613037
88245.0,-1.227492094039917
88250.0,-1.2295141220092773
88255.0,-1.2218570709228516
88260.0,-1.221526861190796
88265.0,-1.2601717710494995
88270.0,-1.2386176586151123
88275.0,-1.221376895904541
88280.0,-1.2399334907531738
88285.0,-1.2180721759796143
88290.0,-1.2347049713134766
88295.0,-1.2430038452148438
88300.0,-1.2548071146011353
88305.0,-1.2351564168930054
88310.0,-1.2240301370620728
88315.0,-1.2226402759552002
88320.0,-1.2410480976104736
88325.0,-1.2425620555877686
88330.0,-1.2482455968856812
88335.0,-1.2225556373596191
88340.0,-1.233950138092041
88345.0,-1.2241050004959106
88350.0,-1.2263917922973633
88355.0,-1.2454556226730347
88360.0,-1.251781702041626
88365.0,-1.2328572273254395
88370.0,-1.2255768775939941
88375.0,-1.2142523527145386
88380.0,-1.238886833190918
88385.0,-1.249377965927124
88390.0,-1.231242060661316
88395.0,-1.229701280593872
88400.0,-1.238490343093872
88405.0,-1.2130259275436401
88410.0,-1.2401363849639893
88415.0,-1.2483761310577393
88420.0,-1.2312411069869995
88425.0,-1.2219712734222412
88430.0,-1.23493230342865
88435.0,-1.212489366531372
88440.0,-1.2373569011688232
88445.0,-1.2395416498184204
88450.0,-1.2107551097869873
88455.0,-1.2370712757110596
88460.0,-1.2154258489608765
88465.0,-1.2255046367645264
88470.0,-1.2559257745742798
88475.0,-1.2206406593322754
88480.0,-1.23349130153656
88485.0,-1.2336504459381104
88490.0,-1.2204458713531494
88495.0,-1.2441344261169434
88500.0,-1.2406299114227295
88505.0,-1.2172634601593018
88510.0,-1.2489440441131592
88515.0,-1.2104849815368652
88520.0,-1.23236083984375
88525.0,-1.2659034729003906
88530.0,-1.219473123550415
88535.0,-1.2280797958374023
88540.0,-1.2423862218856812
88545.0,-1.2166458368301392
88550.0,-1.235968828201294
88555.0,-1.2701704502105713
88560.0,-1.2146319150924683
88565.0,-1.233264684677124
88570.0,-1.2298730611801147
88575.0,-1.2224386930465698
88580.0,-1.2410005331039429
88585.0,-1.244554042816162
88590.0,-1.2224640846252441
88595.0,-1.2442415952682495
88600.0,-1.2319831848144531
88605.0,-1.2227656841278076
88610.0,-1.239912509918213
88615.0,-1.2363475561141968
88620.0,-1.2199771404266357
88625.0,-1.2222363948822021
88630.0,-1.2204813957214355
88635.0,-1.2434608936309814
88640.0,-1.2279415130615234
88645.0,-1.2282793521881104
88650.0,-1.228374719619751
88655.0,-1.2407989501953125
88660.0,-1.2211017608642578
88665.0,-1.2501245737075806
88670.0,-1.2434191703796387
88675.0,-1.2322274446487427
88680.0,-1.2195236682891846
88685.0,-1.2160359621047974
88690.0,-1.2158280611038208
88695.0,-1.2357362508773804
88700.0,-1.2446649074554443
88705.0,-1.2167749404907227
88710.0,-1.2180649042129517
88715.0,-1.2212891578674316
88720.0,-1.2270448207855225
88725.0,-1.239036202430725
88730.0,-1.23133385181427
88735.0,-1.2185710668563843
88740.0,-1.2297362089157104
88745.0,-1.2327098846435547
88750.0,-1.2275243997573853
88755.0,-1.2378453016281128
88760.0,-1.2378594875335693
88765.0,-1.235774040222168
88770.0,-1.2378425598144531
88775.0,-1.2452102899551392
88780.0,-1.245265007019043
88785.0,-1.2213304042816162
88790.0,-1.2259589433670044
88795.0,-1.2103283405303955
88800.0,-1.246572494506836
88805.0,-1.242016315460205
88810.0,-1.214692234992981
88815.0,-1.2542665004730225
88820.0,-1.2474256753921509
88825.0,-1.212725281715393
88830.0,-1.2492153644561768
88835.0,-1.2565157413482666
88840.0,-1.2039536237716675
88845.0,-1.2363619804382324
88850.0,-1.2230068445205688
88855.0,-1.2118995189666748
88860.0,-1.2395533323287964
88865.0,-1.2238938808441162
88870.0,-1.2422924041748047
88875.0,-1.238948941230774
88880.0,-1.222562551498413
88885.0,-1.2431617975234985
88890.0,-1.26125168800354
88895.0,-1.2132327556610107
88900.0,-1.2431362867355347
88905.0,-1.2338523864746094
88910.0,-1.215925931930542
88915.0,-1.2421969175338745
88920.0,-1.2384742498397827
88925.0,-1.2229231595993042
88930.0,-1.2251806259155273
88935.0,-1.2223098278045654
88940.0,-1.2256762981414795
88945.0,-1.2567412853240967
88950.0,-1.2192127704620361
88955.0,-1.2343318462371826
88960.0,-1.231458067893982
88965.0,-1.2211309671401978
88970.0,-1.24201500415802
88975.0,-1.2489664554595947
88980.0,-1.2386629581451416
88985.0,-1.2369822263717651
88990.0,-1.2116978168487549
88995.0,-1.248384714126587
89000.0,-1.2404601573944092
89005.0,-1.2343809604644775
89010.0,-1.2278538942337036
89015.0,-1.2364590167999268
89020.0,-1.2000623941421509
89025.0,-1.252142071723938
89030.0,-1.2400155067443848
89035.0,-1.220895767211914
89040.0,-1.2328872680664062
89045.0,-1.2248281240463257
89050.0,-1.2150681018829346
89055.0,-1.2284586429595947
89060.0,-1.2448546886444092
89065.0,-1.2243807315826416
89070.0,-1.2285982370376587
89075.0,-1.2385212182998657
89080.0,-1.2296040058135986
89085.0,-1.2197155952453613
89090.0,-1.2496474981307983
89095.0,-1.2326679229736328
89100.0,-1.2045838832855225
89105.0,-1.2247536182403564
89110.0,-1.2225029468536377
89115.0,-1.2247766256332397
89120.0,-1.2383756637573242
89125.0,-1.2248473167419434
89130.0,-1.241246223449707
89135.0,-1.2309913635253906
89140.0,-1.231428623199463
89145.0,-1.240447759628296
89150.0,-1.2490665912628174
89155.0,-1.2233881950378418
89160.0,-1.220005989074707
89165.0,-1.2228165864944458
89170.0,-1.2478097677230835
89175.0,-1.2327656745910645
89180.0,-1.2192919254302979
89185.0,-1.2403286695480347
89190.0,-1.2300071716308594
89195.0,-1.2286436557769775
89200.0,-1.2513082027435303
89205.0,-1.2574634552001953
89210.0,-1.220932960510254
89215.0,-1.225823163986206
89220.0,-1.239518404006958
89225.0,-1.2301342487335205
89230.0,-1.2535912990570068
89235.0,-1.242209792137146
89240.0,-1.2243847846984863
89245.0,-1.2298030853271484
89250.0,-1.2287428379058838
89255.0,-1.2387347221374512
89260.0,-1.2461752891540527
89265.0,-1.2198851108551025
89270.0,-1.2405332326889038
89275.0,-1.2152131795883179
89280.0,-1.227513313293457
89285.0,-1.2460854053497314
89290.0,-1.2316641807556152
89295.0,-1.2298378944396973
89300.0,-1.2274456024169922
89305.0,-1.2232155799865723
89310.0,-1.2439675331115723
89315.0,-1.2288591861724854
89320.0,-1.2240440845489502
89325.0,-1.2418522834777832
89330.0,-1.2136112451553345
89335.0,-1.2401036024093628
89340.0,-1.2420921325683594
89345.0,-1.2211952209472656
89350.0,-1.235081672668457
89355.0,-1.2344615459442139
89360.0,-1.2363868951797485
89365.0,-1.2487534284591675
89370.0,-1.250406265258789
89375.0,-1.2272721529006958
89380.0,-1.244410753250122
89385.0,-1.2240383625030518
89390.0,-1.231399416923523
89395.0,-1.2403777837753296
89400.0,-1.2309526205062866
89405.0,-1.22744619846344
89410.0,-1.231589674949646
89415.0,-1.2127370834350586
89420.0,-1.237958550453186
89425.0,-1.2467275857925415
89430.0,-1.2174646854400635
89435.0,-1.2393684387207031
89440.0,-1.218875765800476
89445.0,-1.2175815105438232
89450.0,-1.2390645742416382
89455.0,-1.2312506437301636
89460.0,-1.2071399688720703
89465.0,-1.2411906719207764
89470.0,-1.218686819076538
89475.0,-1.2334463596343994
89480.0,-1.254409670829773
89485.0,-1.216634750366211
89490.0,-1.2453159093856812
89495.0,-1.2334405183792114
89500.0,-1.2328486442565918
89505.0,-1.2610588073730469
89510.0,-1.235762357711792
89515.0,-1.2236627340316772
89520.0,-1.2398440837860107
89525.0,-1.2366089820861816
89530.0,-1.2300738096237183
89535.0,-1.2560361623764038
89540.0,-1.2421178817749023
89545.0,-1.2418749332427979
89550.0,-1.235825777053833
89555.0,-1.2517800331115723
89560.0,-1.2440061569213867
89565.0,-1.2257567644119263
89570.0,-1.2278926372528076
89575.0,-1.2279685735702515
89580.0,-1.2180505990982056
89585.0,-1.2305042743682861
89590.0,-1.2290711402893066
89595.0,-1.2369155883789062
89600.0,-1.2435038089752197
89605.0,-1.244714617729187
89610.0,-1.238638997077942
89615.0,-1.2344555854797363
89620.0,-1.24039888381958
89625.0,-1.2462717294692993
89630.0,-1.2288023233413696
89635.0,-1.222937822341919
89640.0,-1.2398881912231445
89645.0,-1.2214977741241455
89650.0,-1.221274495124817
89655.0,-1.239675760269165
89660.0,-1.2259831428527832
89665.0,-1.2377092838287354
89670.0,-1.2399245500564575
89675.0,-1.2342486381530762
89680.0,-1.2475404739379883
89685.0,-1.2291890382766724
89690.0,-1.218093991279602
89695.0,-1.258348822593689
89700.0,-1.236196517944336
89705.0,-1.2175219058990479
89710.0,-1.2586474418640137
89715.0,-1.2050426006317139
89720.0,-1.2311327457427979
89725.0,-1.2529773712158203
89730.0,-1.2290985584259033
89735.0,-1.2139641046524048
89740.0,-1.232170581817627
89745.0,-1.2080857753753662
89750.0,-1.2348673343658447
89755.0,-1.2457780838012695
89760.0,-1.2256975173950195
89765.0,-1.2426735162734985
89770.0,-1.2191824913024902
89775.0,-1.219229817390442
89780.0,-1.2455472946166992
89785.0,-1.2664155960083008
89790.0,-1.2048847675323486
89795.0,-1.2365806102752686
89800.0,-1.234055757522583
89805.0,-1.2241809368133545
89810.0,-1.2337764501571655
89815.0,-1.2644951343536377
89820.0,-1.218420386314392
89825.0,-1.2332634925842285
89830.0,-1.2320938110351562
89835.0,-1.2229787111282349
89840.0,-1.233245849609375
89845.0,-1.238389492034912
89850.0,-1.223847508430481
89855.0,-1.222696304321289
89860.0,-1.232787847518921
89865.0,-1.2377583980560303
89870.0,-1.2270448207855225
89875.0,-1.226335048675537
89880.0,-1.2474452257156372
89885.0,-1.2590858936309814
89890.0,-1.234515905380249
89895.0,-1.2379429340362549
89900.0,-1.2486636638641357
89905.0,-1.2121630907058716
89910.0,-1.2185781002044678
89915.0,-1.2572977542877197
89920.0,-1.2573740482330322
89925.0,-1.249945878982544
89930.0,-1.2365999221801758
89935.0,-1.226212978363037
89940.0,-1.225927472114563
89945.0,-1.235985279083252
89950.0,-1.2534610033035278
89955.0,-1.2519862651824951
89960.0,-1.2149728536605835
89965.0,-1.2419320344924927
89970.0,-1.2253632545471191
89975.0,-1.2222493886947632
89980.0,-1.263918161392212
89985.0,-1.2360174655914307
89990.0,-1.2256243228912354
89995.0,-1.2372279167175293
90000.0,-1.1861989498138428
90005.0,-1.2237770557403564
90010.0,-1.2530369758605957
90015.0,-1.1926043033599854
90020.0,-1.2273248434066772
90025.0,-1.2470183372497559
90030.0,-1.2194082736968994
90035.0,-1.242856502532959
90040.0,-1.2441470623016357
90045.0,-1.2289488315582275
90050.0,-1.2419986724853516
90055.0,-1.2236073017120361
90060.0,-1.2213033437728882
90065.0,-1.2395206689834595
90070.0,-1.2406878471374512
90075.0,-1.2457187175750732
90080.0,-1.2350366115570068
90085.0,-1.2142928838729858
90090.0,-1.2430883646011353
90095.0,-1.2190872430801392
90100.0,-1.218432903289795
90105.0,-1.230410099029541
90110.0,-1.2067561149597168
90115.0,-1.2271876335144043
90120.0,-1.2545886039733887
90125.0,-1.198527216911316
90130.0,-1.2411150932312012
90135.0,-1.2323217391967773
90140.0,-1.212127447128296
90145.0,-1.2507097721099854
90150.0,-1.2333347797393799
90155.0,-1.2145133018493652
90160.0,-1.2342631816864014
90165.0,-1.234193205833435
90170.0,-1.2280480861663818
90175.0,-1.2260878086090088
90180.0,-1.210793375968933
90185.0,-1.2352715730667114
90190.0,-1.2253899574279785
90195.0,-1.2351642847061157
90200.0,-1.2559504508972168
90205.0,-1.2280771732330322
90210.0,-1.2201402187347412
90215.0,-1.224206805229187
90220.0,-1.2460602521896362
90225.0,-1.252756118774414
90230.0,-1.2426778078079224
90235.0,-1.2346985340118408
90240.0,-1.2242228984832764
90245.0,-1.2275550365447998
90250.0,-1.2523689270019531
90255.0,-1.2600765228271484
90260.0,-1.212975025177002
90265.0,-1.2370433807373047
90270.0,-1.230285406112671
90275.0,-1.2033655643463135
90280.0,-1.2419737577438354
90285.0,-1.2133815288543701
90290.0,-1.2248942852020264
90295.0,-1.26302969455719
90300.0,-1.2076667547225952
90305.0,-1.2239878177642822
90310.0,-1.25498366355896
90315.0,-1.2161316871643066
90320.0,-1.2398841381072998
90325.0,-1.267269492149353
90330.0,-1.1986212730407715
90335.0,-1.2228202819824219
90340.0,-1.2434628009796143
90345.0,-1.2269176244735718
90350.0,-1.2560350894927979
90355.0,-1.2379812002182007
90360.0,-1.1995611190795898
90365.0,-1.2376959323883057
90370.0,-1.245461344718933
90375.0,-1.237321376800537
90380.0,-1.2349358797073364
90385.0,-1.2323627471923828
90390.0,-1.2162950038909912
90395.0,-1.2243454456329346
90400.0,-1.2440159320831299
90405.0,-1.2366605997085571
90410.0,-1.2156524658203125
90415.0,-1.22121000289917
90420.0,-1.2260475158691406
90425.0,-1.2350475788116455
90430.0,-1.2512941360473633
90435.0,-1.2449181079864502
90440.0,-1.218489646911621
90445.0,-1.2272922992706299
90450.0,-1.214799165725708
90455.0,-1.2320955991744995
90460.0,-1.2267576456069946
90465.0,-1.2417442798614502
90470.0,-1.2208806276321411
90475.0,-1.1987524032592773
90480.0,-1.2291804552078247
90485.0,-1.2342853546142578
90490.0,-1.232682466506958
90495.0,-1.2350342273712158
90500.0,-1.234261393547058
90505.0,-1.211484670639038
90510.0,-1.2337560653686523
90515.0,-1.2485675811767578
90520.0,-1.2366511821746826
90525.0,-1.2339415550231934
90530.0,-1.2443392276763916
90535.0,-1.233332633972168
90540.0,-1.2396290302276611
90545.0,-1.234619379043579
90550.0,-1.2435197830200195
90555.0,-1.2462304830551147
90560.0,-1.2424030303955078
90565.0,-1.2350534200668335
90570.0,-1.260880708694458
90575.0,-1.2376306056976318
90580.0,-1.2100735902786255
90585.0,-1.2289245128631592
90590.0,-1.2476296424865723
90595.0,-1.216585397720337
90600.0,-1.2141759395599365
90605.0,-1.2244857549667358
90610.0,-1.221387505531311
90615.0,-1.2391403913497925
90620.0,-1.2362937927246094
90625.0,-1.213982343673706
90630.0,-1.2271625995635986
90635.0,-1.2171692848205566
90640.0,-1.225264072418213
90645.0,-1.23771333694458
90650.0,-1.235166311264038
90655.0,-1.2373617887496948
90660.0,-1.2205595970153809
90665.0,-1.2440226078033447
90670.0,-1.229015588760376
90675.0,-1.2439570426940918
90680.0,-1.2635589838027954
90685.0,-1.2322584390640259
90690.0,-1.235373854637146
90695.0,-1.2401037216186523
90700.0,-1.2164936065673828
90705.0,-1.227205514907837
90710.0,-1.2479772567749023
90715.0,-1.2310913801193237
90720.0,-1.2613986730575562
90725.0,-1.2372225522994995
90730.0,-1.2096824645996094
90735.0,-1.2232677936553955
90740.0,-1.2293238639831543
90745.0,-1.249465823173523
90750.0,-1.218801498413086
90755.0,-1.219613790512085
90760.0,-1.2362873554229736
90765.0,-1.2323421239852905
90770.0,-1.2336724996566772
90775.0,-1.2394185066223145
90780.0,-1.231712818145752
90785.0,-1.2384986877441406
90790.0,-1.2487099170684814
90795.0,-1.2435649633407593
90800.0,-1.2416605949401855
90805.0,-1.214362382888794
90810.0,-1.2387816905975342
90815.0,-1.2473087310791016
90820.0,-1.2331156730651855
90825.0,-1.2641881704330444
90830.0,-1.2375738620758057
90835.0,-1.2009458541870117
90840.0,-1.229617714881897
90845.0,-1.238444447517395
90850.0,-1.2380785942077637
90855.0,-1.2449264526367188
90860.0,-1.2313244342803955
90865.0,-1.2369710206985474
90870.0,-1.2466256618499756
90875.0,-1.2261617183685303
90880.0,-1.2181140184402466
90885.0,-1.2434961795806885
90890.0,-1.2200349569320679
90895.0,-1.232352614402771
90900.0,-1.231243371963501
90905.0,-1.2189050912857056
90910.0,-1.2403219938278198
90915.0,-1.226866602897644
90920.0,-1.2416988611221313
90925.0,-1.2582370042800903
90930.0,-1.2307968139648438
90935.0,-1.2357001304626465
90940.0,-1.2069170475006104
90945.0,-1.1887907981872559
90950.0,-1.2271934747695923
90955.0,-1.2300639152526855
90960.0,-1.1963164806365967
90965.0,-1.2378370761871338
90970.0,-1.2326340675354004
90975.0,-1.2298295497894287
90980.0,-1.2402235269546509
90985.0,-1.2413171529769897
90990.0,-1.240982174873352
90995.0,-1.2363953590393066
91000.0,-1.2341033220291138
91005.0,-1.2530090808868408
91010.0,-1.233150601387024
91015.0,-1.2117869853973389
91020.0,-1.218093991279602
91025.0,-1.2449023723602295
91030.0,-1.2303061485290527
91035.0,-1.2195353507995605
91040.0,-1.2322900295257568
91045.0,-1.2115682363510132
91050.0,-1.2446134090423584
91055.0,-1.2400212287902832
91060.0,-1.2306652069091797
91065.0,-1.2335827350616455
91070.0,-1.2326804399490356
91075.0,-1.2036923170089722
91080.0,-1.2547286748886108
91085.0,-1.2446753978729248
91090.0,-1.2162456512451172
91095.0,-1.2141902446746826
91100.0,-1.2226536273956299
91105.0,-1.232919454574585
91110.0,-1.245387077331543
91115.0,-1.2510751485824585
91120.0,-1.2395877838134766
91125.0,-1.221081256866455
91130.0,-1.2274714708328247
91135.0,-1.230754017829895
91140.0,-1.2360515594482422
91145.0,-1.221312165260315
91150.0,-1.22035551071167
91155.0,-1.2308194637298584
91160.0,-1.225588321685791
91165.0,-1.2242121696472168
91170.0,-1.2355021238327026
91175.0,-1.228164792060852
91180.0,-1.2494316101074219
91185.0,-1.249042272567749
91190.0,-1.2461903095245361
91195.0,-1.2520442008972168
91200.0,-1.2296931743621826
91205.0,-1.2163887023925781
91210.0,-1.238066554069519
91215.0,-1.233469843864441
91220.0,-1.246293544769287
91225.0,-1.2408649921417236
91230.0,-1.2304214239120483
91235.0,-1.235356092453003
91240.0,-1.2308735847473145
91245.0,-1.234717607498169
91250.0,-1.2248960733413696
91255.0,-1.2245609760284424
91260.0,-1.238900899887085
91265.0,-1.2247676849365234
91270.0,-1.2284575700759888
91275.0,-1.2542009353637695
91280.0,-1.2392754554748535
91285.0,-1.2285829782485962
91290.0,-1.2345077991485596
91295.0,-1.2297099828720093
91300.0,-1.2422454357147217
91305.0,-1.2438089847564697
91310.0,-1.2282836437225342
91315.0,-1.2264991998672485
91320.0,-1.232792854309082
91325.0,-1.2240852117538452
91330.0,-1.222925066947937
91335.0,-1.2305576801300049
91340.0,-1.249119520187378
91345.0,-1.233839511871338
91350.0,-1.2169606685638428
91355.0,-1.2215101718902588
91360.0,-1.2224942445755005
91365.0,-1.206903338432312
91370.0,-1.2355046272277832
91375.0,-1.217985987663269
91380.0,-1.2154054641723633
91385.0,-1.2013187408447266
91390.0,-1.2207765579223633
91395.0,-1.2249282598495483
91400.0,-1.2254323959350586
91405.0,-1.2391281127929688
91410.0,-1.2292847633361816
91415.0,-1.2246055603027344
91420.0,-1.2561601400375366
91425.0,-1.2181289196014404
91430.0,-1.213033676147461
91435.0,-1.2540709972381592
91440.0,-1.2166478633880615
91445.0,-1.214840292930603
91450.0,-1.2228429317474365
91455.0,-1.2194966077804565
91460.0,-1.2134511470794678
91465.0,-1.23159658908844
91470.0,-1.227024793624878
91475.0,-1.238412618637085
91480.0,-1.2065186500549316
91485.0,-1.2318310737609863
91490.0,-1.2451592683792114
91495.0,-1.229631781578064
91500.0,-1.2115403413772583
91505.0,-1.2373162508010864
91510.0,-1.2425533533096313
91515.0,-1.2181223630905151
91520.0,-1.21250319480896
91525.0,-1.2229461669921875
91530.0,-1.2169774770736694
91535.0,-1.2136790752410889
91540.0,-1.2431890964508057
91545.0,-1.2600147724151611
91550.0,-1.2186671495437622
91555.0,-1.2368706464767456
91560.0,-1.242355465888977
91565.0,-1.2208093404769897
91570.0,-1.2278046607971191
91575.0,-1.240575909614563
91580.0,-1.2012543678283691
91585.0,-1.2225357294082642
91590.0,-1.2330195903778076
91595.0,-1.2235963344573975
91600.0,-1.2490479946136475
91605.0,-1.2315596342086792
91610.0,-1.2306740283966064
91615.0,-1.241614818572998
91620.0,-1.2337491512298584
91625.0,-1.2272694110870361
91630.0,-1.2255058288574219
91635.0,-1.2356798648834229
91640.0,-1.22894287109375
91645.0,-1.2275007963180542
91650.0,-1.2282679080963135
91655.0,-1.2210750579833984
91660.0,-1.2208927869796753
91665.0,-1.2050703763961792
91670.0,-1.2019357681274414
91675.0,-1.2404218912124634
91680.0,-1.242569923400879
91685.0,-1.212449073791504
91690.0,-1.2547399997711182
91695.0,-1.2505745887756348
91700.0,-1.2168235778808594
91705.0,-1.2538371086120605
91710.0,-1.261872410774231
91715.0,-1.2492718696594238
91720.0,-1.2310829162597656
91725.0,-1.2169172763824463
91730.0,-1.2296582460403442
91735.0,-1.2194091081619263
91740.0,-1.2307579517364502
91745.0,-1.258233904838562
91750.0,-1.2246590852737427
91755.0,-1.2179052829742432
91760.0,-1.2383183240890503
91765.0,-1.2318562269210815
91770.0,-1.226140022277832
91775.0,-1.2449021339416504
91780.0,-1.2457014322280884
91785.0,-1.2182399034500122
91790.0,-1.2429512739181519
91795.0,-1.244399070739746
91800.0,-1.22773277759552
91805.0,-1.236619472503662
91810.0,-1.2236084938049316
91815.0,-1.2334498167037964
91820.0,-1.2504093647003174
91825.0,-1.2064322233200073
91830.0,-1.2406091690063477
91835.0,-1.2318565845489502
91840.0,-1.222470998764038
91845.0,-1.2557705640792847
91850.0,-1.2220327854156494
91855.0,-1.2236685752868652
91860.0,-1.254018783569336
91865.0,-1.1987024545669556
91870.0,-1.2461212873458862
91875.0,-1.23555326461792
91880.0,-1.2029473781585693
91885.0,-1.2508745193481445
91890.0,-1.2234456539154053
91895.0,-1.2312793731689453
91900.0,-1.2396306991577148
91905.0,-1.2129395008087158
91910.0,-1.2337422370910645
91915.0,-1.2380783557891846
91920.0,-1.2281248569488525
91925.0,-1.2435166835784912
91930.0,-1.2151095867156982
91935.0,-1.2396197319030762
91940.0,-1.2363946437835693
91945.0,-1.2313990592956543
91950.0,-1.241073727607727
91955.0,-1.2135783433914185
91960.0,-1.239807367324829
91965.0,-1.2248960733413696
91970.0,-1.2154438495635986
91975.0,-1.257872223854065
91980.0,-1.2135522365570068
91985.0,-1.2271674871444702
91990.0,-1.2545024156570435
91995.0,-1.2076513767242432
92000.0,-1.2359910011291504
92005.0,-1.2423245906829834
92010.0,-1.2031452655792236
92015.0,-1.2442831993103027
92020.0,-1.2303383350372314
92025.0,-1.2193289995193481
92030.0,-1.2629705667495728
92035.0,-1.2243242263793945
92040.0,-1.2196964025497437
92045.0,-1.2542917728424072
92050.0,-1.2199628353118896
92055.0,-1.2335256338119507
92060.0,-1.2301912307739258
92065.0,-1.225144624710083
92070.0,-1.2285988330841064
92075.0,-1.2205363512039185
92080.0,-1.2360599040985107
92085.0,-1.2485971450805664
92090.0,-1.221571683883667
92095.0,-1.2298405170440674
92100.0,-1.2227287292480469
92105.0,-1.2316036224365234
92110.0,-1.247720718383789
92115.0,-1.2168083190917969
92120.0,-1.233957290649414
92125.0,-1.2470592260360718
92130.0,-1.2070698738098145
92135.0,-1.2495067119598389
92140.0,-1.255919098854065
92145.0,-1.2130182981491089
92150.0,-1.2342612743377686
92155.0,-1.2252793312072754
92160.0,-1.2229101657867432
92165.0,-1.2497267723083496
92170.0,-1.216444492340088
92175.0,-1.2311961650848389
92180.0,-1.2498059272766113
92185.0,-1.21500825881958
92190.0,-1.2501487731933594
92195.0,-1.234320878982544
92200.0,-1.2190827131271362
92205.0,-1.2435187101364136
92210.0,-1.2239917516708374
92215.0,-1.2382218837738037
92220.0,-1.2338250875473022
92225.0,-1.226287841796875
92230.0,-1.2359035015106201
92235.0,-1.2331595420837402
92240.0,-1.2271499633789062
92245.0,-1.2286357879638672
92250.0,-1.220670461654663
92255.0,-1.2224845886230469
92260.0,-1.2221958637237549
92265.0,-1.2288423776626587
92270.0,-1.2466925382614136
92275.0,-1.2177350521087646
92280.0,-1.2494845390319824
92285.0,-1.2405399084091187
92290.0,-1.2289847135543823
92295.0,-1.2320531606674194
92300.0,-1.252255916595459
92305.0,-1.2269254922866821
92310.0,-1.232425570487976
92315.0,-1.2457492351531982
92320.0,-1.224016785621643
92325.0,-1.222084879875183
92330.0,-1.2329895496368408
92335.0,-1.226294755935669
92340.0,-1.2168991565704346
92345.0,-1.2361104488372803
92350.0,-1.223604440689087
92355.0,-1.2272071838378906
92360.0,-1.2383432388305664
92365.0,-1.205870270729065
92370.0,-1.224961519241333
92375.0,-1.238579511642456
92380.0,-1.2177120447158813
92385.0,-1.2244324684143066
92390.0,-1.2452774047851562
92395.0,-1.2006711959838867
92400.0,-1.224870204925537
92405.0,-1.2603561878204346
92410.0,-1.2128089666366577
92415.0,-1.220932960510254
92420.0,-1.251833438873291
92425.0,-1.2139999866485596
92430.0,-1.2338920831680298
92435.0,-1.253570795059204
92440.0,-1.2126402854919434
92445.0,-1.2383897304534912
92450.0,-1.245285987854004
92455.0,-1.224609136581421
92460.0,-1.2323247194290161
92465.0,-1.2383856773376465
92470.0,-1.2334113121032715
92475.0,-1.234411358833313
92480.0,-1.2529964447021484
92485.0,-1.2244470119476318
92490.0,-1.239046335220337
92495.0,-1.231106162071228
92500.0,-1.2399108409881592
92505.0,-1.2291678190231323
92510.0,-1.2197353839874268
92515.0,-1.247788906097412
92520.0,-1.2372292280197144
92525.0,-1.2244174480438232
92530.0,-1.2456351518630981
92535.0,-1.214011311531067
92540.0,-1.2275091409683228
92545.0,-1.2402572631835938
92550.0,-1.2236576080322266
92555.0,-1.2343273162841797
92560.0,-1.2386703491210938
92565.0,-1.214260220527649
92570.0,-1.2285913228988647
92575.0,-1.2237129211425781
92580.0,-1.227333426475525
92585.0,-1.2526733875274658
92590.0,-1.219846248626709
92595.0,-1.2299096584320068
92600.0,-1.2461364269256592
92605.0,-1.2164809703826904
92610.0,-1.2352674007415771
92615.0,-1.249555230140686
92620.0,-1.2223634719848633
92625.0,-1.2433135509490967
92630.0,-1.226125955581665
92635.0,-1.2215569019317627
92640.0,-1.254035234451294
92645.0,-1.2285659313201904
92650.0,-1.2158455848693848
92655.0,-1.2451907396316528
92660.0,-1.2191873788833618
92665.0,-1.236983299255371
92670.0,-1.2148475646972656
92675.0,-1.2083919048309326
92680.0,-1.2200939655303955
92685.0,-1.2299160957336426
92690.0,-1.221956729888916
92695.0,-1.2343616485595703
92700.0,-1.2393090724945068
92705.0,-1.220481276512146
92710.0,-1.2427548170089722
92715.0,-1.2375574111938477
92720.0,-1.2315376996994019
92725.0,-1.2213908433914185
92730.0,-1.2435977458953857
92735.0,-1.226555347442627
92740.0,-1.219002604484558
92745.0,-1.2492420673370361
92750.0,-1.2363743782043457
92755.0,-1.2205805778503418
92760.0,-1.2295444011688232
92765.0,-1.2371845245361328
92770.0,-1.2257559299468994
92775.0,-1.2035623788833618
92780.0,-1.2430013418197632
92785.0,-1.2366081476211548
92790.0,-1.2139933109283447
92795.0,-1.2415474653244019
92800.0,-1.233177900314331
92805.0,-1.21428382396698
92810.0,-1.2320141792297363
92815.0,-1.2354907989501953
92820.0,-1.2277268171310425
92825.0,-1.2244799137115479
92830.0,-1.2382891178131104
92835.0,-1.2298400402069092
92840.0,-1.2285645008087158
92845.0,-1.2431260347366333
92850.0,-1.2370883226394653
92855.0,-1.2177670001983643
92860.0,-1.2444627285003662
92865.0,-1.223914623260498
92870.0,-1.2103849649429321
92875.0,-1.230534315109253
92880.0,-1.2257392406463623
92885.0,-1.2186598777770996
92890.0,-1.254782795906067
92895.0,-1.2209852933883667
92900.0,-1.2281213998794556
92905.0,-1.2272971868515015
92910.0,-1.2358245849609375
92915.0,-1.2441620826721191
92920.0,-1.2271623611450195
92925.0,-1.226977825164795
92930.0,-1.2472267150878906
92935.0,-1.209313154220581
92940.0,-1.2419030666351318
92945.0,-1.2397764921188354
92950.0,-1.2251161336898804
92955.0,-1.2396202087402344
92960.0,-1.2254631519317627
92965.0,-1.2322998046875
92970.0,-1.265412449836731
92975.0,-1.2012858390808105
92980.0,-1.24611234664917
92985.0,-1.2403736114501953
92990.0,-1.2300444841384888
92995.0,-1.2392789125442505
93000.0,-1.2261146306991577
93005.0,-1.2428648471832275
93010.0,-1.2282068729400635
93015.0,-1.2070997953414917
93020.0,-1.2545673847198486
93025.0,-1.2307162284851074
93030.0,-1.2113120555877686
93035.0,-1.2476633787155151
93040.0,-1.2196762561798096
93045.0,-1.2223756313323975
93050.0,-1.2495955228805542
93055.0,-1.2254990339279175
93060.0,-1.2301559448242188
93065.0,-1.2478244304656982
93070.0,-1.2207262516021729
93075.0,-1.232568383216858
93080.0,-1.2524025440216064
93085.0,-1.2253448963165283
93090.0,-1.2328605651855469
93095.0,-1.2377456426620483
93100.0,-1.2174081802368164
93105.0,-1.2306277751922607
93110.0,-1.2354657649993896
93115.0,-1.2197561264038086
93120.0,-1.2084463834762573
93125.0,-1.245232105255127
93130.0,-1.2094883918762207
93135.0,-1.2379485368728638
93140.0,-1.2387869358062744
93145.0,-1.2178521156311035
93150.0,-1.234607458114624
93155.0,-1.2422776222229004
93160.0,-1.221358060836792
93165.0,-1.2522447109222412
93170.0,-1.2262301445007324
93175.0,-1.2286455631256104
93180.0,-1.2384840250015259
93185.0,-1.2127939462661743
93190.0,-1.236823558807373
93195.0,-1.2443689107894897
93200.0,-1.2182945013046265
93205.0,-1.2332693338394165
93210.0,-1.2354809045791626
93215.0,-1.2227790355682373
93220.0,-1.2317841053009033
93225.0,-1.224535584449768
93230.0,-1.2299327850341797
93235.0,-1.232061505317688
93240.0,-1.239119529724121
93245.0,-1.2465753555297852
93250.0,-1.2279672622680664
93255.0,-1.2393453121185303
93260.0,-1.233344316482544
93265.0,-1.2330143451690674
93270.0,-1.2400574684143066
93275.0,-1.2524133920669556
93280.0,-1.2297621965408325
93285.0,-1.237107276916504
93290.0,-1.219184398651123
93295.0,-1.2406692504882812
93300.0,-1.2345753908157349
93305.0,-1.2140387296676636
93310.0,-1.252190351486206
93315.0,-1.2257165908813477
93320.0,-1.211611032485962
93325.0,-1.2614744901657104
93330.0,-1.2171385288238525
93335.0,-1.231626272201538
93340.0,-1.2464351654052734
93345.0,-1.2136094570159912
93350.0,-1.2450252771377563
93355.0,-1.2430598735809326
93360.0,-1.2150328159332275
93365.0,-1.2486690282821655
93370.0,-1.2284348011016846
93375.0,-1.2146192789077759
93380.0,-1.255856990814209
93385.0,-1.2261860370635986
93390.0,-1.2261264324188232
93395.0,-1.2409136295318604
93400.0,-1.2251300811767578
93405.0,-1.2315597534179688
93410.0,-1.2292301654815674
93415.0,-1.233597993850708
93420.0,-1.235285997390747
93425.0,-1.2192875146865845
93430.0,-1.2355719804763794
93435.0,-1.251206874847412
93440.0,-1.2046217918395996
93445.0,-1.230851650238037
93450.0,-1.2550702095031738
93455.0,-1.2071386575698853
93460.0,-1.244739294052124
93465.0,-1.2381348609924316
93470.0,-1.2324414253234863
93475.0,-1.2356476783752441
93480.0,-1.2252670526504517
93485.0,-1.222599983215332
93490.0,-1.240763783454895
93495.0,-1.2275538444519043
93500.0,-1.2325801849365234
93505.0,-1.2183891534805298
93510.0,-1.218729019165039
93515.0,-1.2292215824127197
93520.0,-1.2322529554367065
93525.0,-1.2275640964508057
93530.0,-1.2414648532867432
93535.0,-1.2228602170944214
93540.0,-1.2307124137878418
93545.0,-1.2474043369293213
93550.0,-1.2170002460479736
93555.0,-1.2320421934127808
93560.0,-1.2508630752563477
93565.0,-1.2170569896697998
93570.0,-1.2224156856536865
93575.0,-1.244670033454895
93580.0,-1.2248222827911377
93585.0,-1.227906584739685
93590.0,-1.2437447309494019
93595.0,-1.2224268913269043
93600.0,-1.2324144840240479
93605.0,-1.2386980056762695
93610.0,-1.2352217435836792
93615.0,-1.236694574356079
93620.0,-1.2320059537887573
93625.0,-1.233522891998291
93630.0,-1.2369990348815918
93635.0,-1.2263307571411133
93640.0,-1.2330037355422974
93645.0,-1.2448503971099854
93650.0,-1.2114832401275635
93655.0,-1.2496280670166016
93660.0,-1.2332723140716553
93665.0,-1.216878056526184
93670.0,-1.245168685913086
93675.0,-1.2296420335769653
93680.0,-1.2195370197296143
93685.0,-1.2504290342330933
93690.0,-1.2169833183288574
93695.0,-1.231111764907837
93700.0,-1.237182378768921
93705.0,-1.213834285736084
93710.0,-1.233991026878357
93715.0,-1.2531923055648804
93720.0,-1.2077974081039429
93725.0,-1.2332619428634644
93730.0,-1.2412805557250977
93735.0,-1.2006587982177734
93740.0,-1.2470719814300537
93745.0,-1.2394776344299316
93750.0,-1.2070868015289307
93755.0,-1.2373509407043457
93760.0,-1.2222775220870972
93765.0,-1.226097583770752
93770.0,-1.2462929487228394
93775.0,-1.2122474908828735
93780.0,-1.2342469692230225
93785.0,-1.2262845039367676
93790.0,-1.2131032943725586
93795.0,-1.2536789178848267
93800.0,-1.2304167747497559
93805.0,-1.220413088798523
93810.0,-1.2409117221832275
93815.0,-1.2214652299880981
93820.0,-1.2229406833648682
93825.0,-1.2363693714141846
93830.0,-1.226493239402771
93835.0,-1.2346501350402832
93840.0,-1.235136866569519
93845.0,-1.2104188203811646
93850.0,-1.2398838996887207
93855.0,-1.24560546875
93860.0,-1.2161450386047363
93865.0,-1.2276755571365356
93870.0,-1.2503474950790405
93875.0,-1.2085705995559692
93880.0,-1.228446125984192
93885.0,-1.2481169700622559
93890.0,-1.2219300270080566
93895.0,-1.2268565893173218
93900.0,-1.230927586555481
93905.0,-1.2252205610275269
93910.0,-1.2340211868286133
93915.0,-1.2241995334625244
93920.0,-1.232245683670044
93925.0,-1.2339580059051514
93930.0,-1.219770073890686
93935.0,-1.2331061363220215
93940.0,-1.2339661121368408
93945.0,-1.213979721069336
93950.0,-1.2361810207366943
93955.0,-1.2346723079681396
93960.0,-1.2136266231536865
93965.0,-1.2517757415771484
93970.0,-1.2242050170898438
93975.0,-1.2294484376907349
93980.0,-1.247945785522461
93985.0,-1.2219336032867432
93990.0,-1.2323193550109863
93995.0,-1.234131097793579
94000.0,-1.2271498441696167
94005.0,-1.2385767698287964
94010.0,-1.233273983001709
94015.0,-1.2139798402786255
94020.0,-1.2512562274932861
94025.0,-1.2295079231262207
94030.0,-1.2271978855133057
94035.0,-1.2322694063186646
94040.0,-1.24125337600708
94045.0,-1.2142696380615234
94050.0,-1.2351757287979126
94055.0,-1.2296185493469238
94060.0,-1.2200703620910645
94065.0,-1.2263903617858887
94070.0,-1.2354427576065063
94075.0,-1.2081942558288574
94080.0,-1.2356839179992676
94085.0,-1.2372019290924072
94090.0,-1.2184548377990723
94095.0,-1.2286750078201294
94100.0,-1.2283872365951538
94105.0,-1.2233201265335083
94110.0,-1.241084337234497
94115.0,-1.2119789123535156
94120.0,-1.2287116050720215
94125.0,-1.2381819486618042
94130.0,-1.208605408668518
94135.0,-1.22907292842865
94140.0,-1.2586828470230103
94145.0,-1.2207152843475342
94150.0,-1.233805775642395
94155.0,-1.223690152168274
94160.0,-1.2355355024337769
94165.0,-1.2363784313201904
94170.0,-1.223120093345642
94175.0,-1.2381876707077026
94180.0,-1.2345523834228516
94185.0,-1.211773157119751
94190.0,-1.2336275577545166
94195.0,-1.2325153350830078
94200.0,-1.2242845296859741
94205.0,-1.234964370727539
94210.0,-1.2315037250518799
94215.0,-1.2199208736419678
94220.0,-1.2400590181350708
94225.0,-1.1991811990737915
94230.0,-1.2232944965362549
94235.0,-1.2342766523361206
94240.0,-1.2110862731933594
94245.0,-1.2299315929412842
94250.0,-1.2444348335266113
94255.0,-1.2204804420471191
94260.0,-1.240593671798706
94265.0,-1.2433059215545654
94270.0,-1.217944622039795
94275.0,-1.2473645210266113
94280.0,-1.222876787185669
94285.0,-1.2280712127685547
94290.0,-1.225860595703125
94295.0,-1.2120251655578613
94300.0,-1.2374019622802734
94305.0,-1.229919195175171
94310.0,-1.2201963663101196
94315.0,-1.232056736946106
94320.0,-1.226503849029541
94325.0,-1.2232763767242432
94330.0,-1.2425695657730103
94335.0,-1.2222051620483398
94340.0,-1.2236794233322144
94345.0,-1.2518129348754883
94350.0,-1.2132799625396729
94355.0,-1.2197914123535156
94360.0,-1.247436285018921
94365.0,-1.2224040031433105
94370.0,-1.2254774570465088
94375.0,-1.243880033493042
94380.0,-1.2215054035186768
94385.0,-1.2220313549041748
94390.0,-1.2510132789611816
94395.0,-1.224435567855835
94400.0,-1.234654188156128
94405.0,-1.2275846004486084
94410.0,-1.216158151626587
94415.0,-1.2451280355453491
94420.0,-1.2301908731460571
94425.0,-1.2257428169250488
94430.0,-1.2327849864959717
94435.0,-1.2299658060073853
94440.0,-1.220961570739746
94445.0,-1.2402712106704712
94450.0,-1.2318434715270996
94455.0,-1.2338815927505493
94460.0,-1.2302522659301758
94465.0,-1.222243309020996
94470.0,-1.2305960655212402
94475.0,-1.2457984685897827
94480.0,-1.2264790534973145
94485.0,-1.226478934288025
94490.0,-1.2409396171569824
94495.0,-1.2301732301712036
94500.0,-1.2459241151809692
94505.0,-1.2344143390655518
94510.0,-1.2291030883789062
94515.0,-1.23186194896698
94520.0,-1.2169723510742188
94525.0,-1.222870945930481
94530.0,-1.2299911975860596
94535.0,-1.2289592027664185
94540.0,-1.2437163591384888
94545.0,-1.204062581062317
94550.0,-1.2347379922866821
94555.0,-1.240659236907959
94560.0,-1.206164836883545
94565.0,-1.2429242134094238
94570.0,-1.2317917346954346
94575.0,-1.191692590713501
94580.0,-1.2393877506256104
94585.0,-1.2283598184585571
94590.0,-1.2038301229476929
94595.0,-1.2283130884170532
94600.0,-1.2238848209381104
94605.0,-1.2050583362579346
94610.0,-1.2547290325164795
94615.0,-1.2426115274429321
94620.0,-1.2348823547363281
94625.0,-1.2371835708618164
94630.0,-1.2079036235809326
94635.0,-1.2340550422668457
94640.0,-1.247570276260376
94645.0,-1.2009176015853882
94650.0,-1.2403756380081177
94655.0,-1.2232376337051392
94660.0,-1.2049838304519653
94665.0,-1.249268889427185
94670.0,-1.2375988960266113
94675.0,-1.2052963972091675
94680.0,-1.2378413677215576
94685.0,-1.213695764541626
94690.0,-1.2357637882232666
94695.0,-1.2302703857421875
94700.0,-1.2148611545562744
94705.0,-1.2366058826446533
94710.0,-1.2056879997253418
94715.0,-1.2318394184112549
94720.0,-1.2375900745391846
94725.0,-1.214772343635559
94730.0,-1.2267539501190186
94735.0,-1.2240488529205322
94740.0,-1.2206027507781982
94745.0,-1.2414369583129883
94750.0,-1.2143471240997314
94755.0,-1.2355797290802002
94760.0,-1.2243105173110962
94765.0,-1.2107391357421875
94770.0,-1.2497320175170898
94775.0,-1.2257299423217773
94780.0,-1.2266480922698975
94785.0,-1.2541239261627197
94790.0,-1.2131893634796143
94795.0,-1.2293366193771362
94800.0,-1.2410999536514282
94805.0,-1.21799898147583
94810.0,-1.2256048917770386
94815.0,-1.234481930732727
94820.0,-1.2289824485778809
94825.0,-1.2265284061431885
94830.0,-1.2239990234375
94835.0,-1.226013422012329
94840.0,-1.237060785293579
94845.0,-1.2452969551086426
94850.0,-1.2175450325012207
94855.0,-1.2390307188034058
94860.0,-1.2424440383911133
94865.0,-1.199735164642334
94870.0,-1.249606728553772
94875.0,-1.2465524673461914
94880.0,-1.209165334701538
94885.0,-1.253224492073059
94890.0,-1.2289867401123047
94895.0,-1.2159409523010254
94900.0,-1.250993251800537
94905.0,-1.2214275598526
94910.0,-1.2277166843414307
94915.0,-1.2422866821289062
94920.0,-1.2047593593597412
94925.0,-1.244365930557251
94930.0,-1.2123563289642334
94935.0,-1.2153774499893188
94940.0,-1.2305575609207153
94945.0,-1.2220711708068848
94950.0,-1.2081785202026367
94955.0,-1.2496525049209595
94960.0,-1.2307474613189697
94965.0,-1.2142690420150757
94970.0,-1.2495622634887695
94975.0,-1.2242865562438965
94980.0,-1.2155522108078003
94985.0,-1.2456908226013184
94990.0,-1.2207462787628174
94995.0,-1.2100179195404053
95000.0,-1.2514830827713013
95005.0,-1.207458734512329
95010.0,-1.2331147193908691
95015.0,-1.2453012466430664
95020.0,-1.2136361598968506
95025.0,-1.2271490097045898
95030.0,-1.2406713962554932
95035.0,-1.2086145877838135
95040.0,-1.2483758926391602
95045.0,-1.2392973899841309
95050.0,-1.22086501121521
95055.0,-1.229202389717102
95060.0,-1.2391326427459717
95065.0,-1.2364152669906616
95070.0,-1.2272071838378906
95075.0,-1.2394213676452637
95080.0,-1.2464706897735596
95085.0,-1.2268471717834473
95090.0,-1.2307322025299072
95095.0,-1.2398381233215332
95100.0,-1.225050449371338
95105.0,-1.2194838523864746
95110.0,-1.2244932651519775
95115.0,-1.2321679592132568
95120.0,-1.2101540565490723
95125.0,-1.232837200164795
95130.0,-1.2312407493591309
95135.0,-1.2140724658966064
95140.0,-1.241970181465149
95145.0,-1.2300419807434082
95150.0,-1.201411247253418
95155.0,-1.2322428226470947
95160.0,-1.2336616516113281
95165.0,-1.203168272972107
95170.0,-1.234567403793335
95175.0,-1.2199981212615967
95180.0,-1.2213950157165527
95185.0,-1.2182005643844604
95190.0,-1.2359611988067627
95195.0,-1.2490513324737549
95200.0,-1.2086694240570068
95205.0,-1.2305186986923218
95210.0,-1.232344150543213
95215.0,-1.2196931838989258
95220.0,-1.2506496906280518
95225.0,-1.2316423654556274
95230.0,-1.2147058248519897
95235.0,-1.2573342323303223
95240.0,-1.2330560684204102
95245.0,-1.2259615659713745
95250.0,-1.2622795104980469
95255.0,-1.2223578691482544
95260.0,-1.2234408855438232
95265.0,-1.2396893501281738
95270.0,-1.2376552820205688
95275.0,-1.2178661823272705
95280.0,-1.232589840888977
95285.0,-1.2218148708343506
95290.0,-1.2456644773483276
95295.0,-1.2182825803756714
95300.0,-1.2317878007888794
95305.0,-1.2324249744415283
95310.0,-1.2177990674972534
95315.0,-1.2521836757659912
95320.0,-1.229644775390625
95325.0,-1.2328755855560303
95330.0,-1.2439910173416138
95335.0,-1.2129569053649902
95340.0,-1.2397735118865967
95345.0,-1.2416322231292725
95350.0,-1.217036247253418
95355.0,-1.2388932704925537
95360.0,-1.2191798686981201
95365.0,-1.225480079650879
95370.0,-1.2555317878723145
95375.0,-1.2003173828125
95380.0,-1.2409559488296509
95385.0,-1.2414335012435913
95390.0,-1.2119745016098022
95395.0,-1.2660331726074219
95400.0,-1.2272560596466064
95405.0,-1.2279176712036133
95410.0,-1.2414921522140503
95415.0,-1.2219102382659912
95420.0,-1.2446856498718262
95425.0,-1.2269315719604492
95430.0,-1.2242072820663452
95435.0,-1.253063440322876
95440.0,-1.212807059288025
95445.0,-1.2345106601715088
95450.0,-1.257669448852539
95455.0,-1.2224726676940918
95460.0,-1.2102406024932861
95465.0,-1.2439296245574951
95470.0,-1.2314603328704834
95475.0,-1.2311517000198364
95480.0,-1.2150369882583618
95485.0,-1.2428953647613525
95490.0,-1.20670485496521
95495.0,-1.2139647006988525
95500.0,-1.2565644979476929
95505.0,-1.242027997970581
95510.0,-1.2124241590499878
95515.0,-1.2501050233840942
95520.0,-1.2376214265823364
95525.0,-1.2187929153442383
95530.0,-1.238125205039978
95535.0,-1.234202265739441
95540.0,-1.2308056354522705
95545.0,-1.2074954509735107
95550.0,-1.2280423641204834
95555.0,-1.2318718433380127
95560.0,-1.2238643169403076
95565.0,-1.2293164730072021
95570.0,-1.2227963209152222
95575.0,-1.2292791604995728
95580.0,-1.2174851894378662
95585.0,-1.2311360836029053
95590.0,-1.2243223190307617
95595.0,-1.2337594032287598
95600.0,-1.2295266389846802
95605.0,-1.2115483283996582
95610.0,-1.2320044040679932
95615.0,-1.2435023784637451
95620.0,-1.2146285772323608
95625.0,-1.223308801651001
95630.0,-1.2417230606079102
95635.0,-1.199894905090332
95640.0,-1.235091209411621
95645.0,-1.240867018699646
95650.0,-1.199744462966919
95655.0,-1.2289741039276123
95660.0,-1.2416048049926758
95665.0,-1.1984559297561646
95670.0,-1.2517331838607788
95675.0,-1.2371883392333984
95680.0,-1.2189440727233887
95685.0,-1.2428628206253052
95690.0,-1.2348120212554932
95695.0,-1.2137197256088257
95700.0,-1.2448934316635132
95705.0,-1.2233412265777588
95710.0,-1.2326960563659668
95715.0,-1.2163646221160889
95720.0,-1.220755696296692
95725.0,-1.245467185974121
95730.0,-1.2155284881591797
95735.0,-1.2240934371948242
95740.0,-1.2336809635162354
95745.0,-1.2096246480941772
95750.0,-1.2375905513763428
95755.0,-1.254962682723999
95760.0,-1.2054507732391357
95765.0,-1.2374509572982788
95770.0,-1.2261874675750732
95775.0,-1.2163751125335693
95780.0,-1.2406493425369263
95785.0,-1.2109696865081787
95790.0,-1.2208343744277954
95795.0,-1.2157036066055298
95800.0,-1.2164020538330078
95805.0,-1.2369608879089355
95810.0,-1.2354576587677002
95815.0,-1.2161409854888916
95820.0,-1.2294124364852905
95825.0,-1.2316274642944336
95830.0,-1.2345049381256104
95835.0,-1.2209038734436035
95840.0,-1.2437846660614014
95845.0,-1.2345712184906006
95850.0,-1.207438588142395
95855.0,-1.2459406852722168
95860.0,-1.2364733219146729
95865.0,-1.2320711612701416
95870.0,-1.232511281967163
95875.0,-1.225296139717102
95880.0,-1.2009387016296387
95885.0,-1.2482526302337646
95890.0,-1.2115318775177002
95895.0,-1.2122546434402466
95900.0,-1.2393168210983276
95905.0,-1.2196431159973145
95910.0,-1.211320400238037
95915.0,-1.249986171722412
95920.0,-1.2257088422775269
95925.0,-1.2289718389511108
95930.0,-1.2355244159698486
95935.0,-1.2103304862976074
95940.0,-1.2490895986557007
95945.0,-1.2389212846755981
95950.0,-1.2081007957458496
95955.0,-1.2351305484771729
95960.0,-1.2341995239257812
95965.0,-1.208681583404541
95970.0,-1.2386445999145508
95975.0,-1.2316962480545044
95980.0,-1.229445457458496
95985.0,-1.2267203330993652
95990.0,-1.229809045791626
95995.0,-1.231919765472412
96000.0,-1.2314472198486328
96005.0,-1.2341994047164917
96010.0,-1.2317461967468262
96015.0,-1.235776424407959
96020.0,-1.2127515077590942
96025.0,-1.2331340312957764
96030.0,-1.2472529411315918
96035.0,-1.2232334613800049
96040.0,-1.2253003120422363
96045.0,-1.232161045074463
96050.0,-1.2127726078033447
96055.0,-1.2279181480407715
96060.0,-1.2377057075500488
96065.0,-1.2260960340499878
96070.0,-1.2246291637420654
96075.0,-1.2168335914611816
96080.0,-1.2285332679748535
96085.0,-1.2472434043884277
96090.0,-1.2191917896270752
96095.0,-1.2325891256332397
96100.0,-1.242927074432373
96105.0,-1.201690912246704
96110.0,-1.2496540546417236
96115.0,-1.2345364093780518
96120.0,-1.2086312770843506
96125.0,-1.2327308654785156
96130.0,-1.2286474704742432
96135.0,-1.2086774110794067
96140.0,-1.255173921585083
96145.0,-1.235650897026062
96150.0,-1.214591145515442
96155.0,-1.2360633611679077
96160.0,-1.227725625038147
96165.0,-1.237438440322876
96170.0,-1.2226858139038086
96175.0,-1.2200977802276611
96180.0,-1.2442309856414795
96185.0,-1.2118034362792969
96190.0,-1.2289730310440063
96195.0,-1.241736650466919
96200.0,-1.2184298038482666
96205.0,-1.219655156135559
96210.0,-1.23616361618042
96215.0,-1.2197048664093018
96220.0,-1.24077308177948
96225.0,-1.2394769191741943
96230.0,-1.2169852256774902
96235.0,-1.2408486604690552
96240.0,-1.2339482307434082
96245.0,-1.230683445930481
96250.0,-1.2181332111358643
96255.0,-1.2487380504608154
96260.0,-1.2270100116729736
96265.0,-1.203791618347168
96270.0,-1.2318878173828125
96275.0,-1.2389084100723267
96280.0,-1.2339717149734497
96285.0,-1.2334465980529785
96290.0,-1.2332134246826172
96295.0,-1.2184821367263794
96300.0,-1.2358933687210083
96305.0,-1.2352399826049805
96310.0,-1.2342989444732666
96315.0,-1.2407546043395996
96320.0,-1.222065806388855
96325.0,-1.2231848239898682
96330.0,-1.2435122728347778
96335.0,-1.221733808517456
96340.0,-1.228227138519287
96345.0,-1.243119716644287
96350.0,-1.2229503393173218
96355.0,-1.2321031093597412
96360.0,-1.2497588396072388
96365.0,-1.2291390895843506
96370.0,-1.237457513809204
96375.0,-1.2276110649108887
96380.0,-1.2297134399414062
96385.0,-1.2283446788787842
96390.0,-1.2202577590942383
96395.0,-1.2385728359222412
96400.0,-1.2233997583389282
96405.0,-1.22800874710083
96410.0,-1.2376165390014648
96415.0,-1.2306349277496338
96420.0,-1.2320678234100342
96425.0,-1.2362897396087646
96430.0,-1.2315013408660889
96435.0,-1.2373117208480835
96440.0,-1.217421531677246
96445.0,-1.2279914617538452
96450.0,-1.2058922052383423
96455.0,-1.2376983165740967
96460.0,-1.2447038888931274
96465.0,-1.2261708974838257
96470.0,-1.2288661003112793
96475.0,-1.2234553098678589
96480.0,-1.2371232509613037
96485.0,-1.244842529296875
96490.0,-1.2255218029022217
96495.0,-1.2449527978897095
96500.0,-1.2275049686431885
96505.0,-1.2108867168426514
96510.0,-1.2474993467330933
96515.0,-1.239729404449463
96520.0,-1.2216894626617432
96525.0,-1.2331408262252808
96530.0,-1.225367546081543
96535.0,-1.2318899631500244
96540.0,-1.23494553565979
96545.0,-1.2257239818572998
96550.0,-1.2365095615386963
96555.0,-1.2278956174850464
96560.0,-1.2164103984832764
96565.0,-1.2232329845428467
96570.0,-1.2473328113555908
96575.0,-1.2255492210388184
96580.0,-1.2353005409240723
96585.0,-1.2403357028961182
96590.0,-1.2131644487380981
96595.0,-1.2356293201446533
96600.0,-1.2442408800125122
96605.0,-1.2227187156677246
96610.0,-1.2329928874969482
96615.0,-1.2251746654510498
96620.0,-1.221268892288208
96625.0,-1.237890601158142
96630.0,-1.2200205326080322
96635.0,-1.233587622642517
96640.0,-1.2341716289520264
96645.0,-1.2138183116912842
96650.0,-1.2317067384719849
96655.0,-1.2435399293899536
96660.0,-1.2083803415298462
96665.0,-1.2292401790618896
96670.0,-1.2319540977478027
96675.0,-1.2210447788238525
96680.0,-1.240943193435669
96685.0,-1.2350016832351685
96690.0,-1.2183451652526855
96695.0,-1.2256029844284058
96700.0,-1.2279703617095947
96705.0,-1.2219643592834473
96710.0,-1.2443722486495972
96715.0,-1.2197415828704834
96720.0,-1.2220664024353027
96725.0,-1.2408668994903564
96730.0,-1.2451441287994385
96735.0,-1.2158504724502563
96740.0,-1.2507957220077515
96745.0,-1.2398016452789307
96750.0,-1.2110772132873535
96755.0,-1.2478535175323486
96760.0,-1.2487151622772217
96765.0,-1.2245376110076904
96770.0,-1.2316471338272095
96775.0,-1.2381973266601562
96780.0,-1.2179800271987915
96785.0,-1.235274314880371
96790.0,-1.235458493232727
96795.0,-1.2284603118896484
96800.0,-1.2216899394989014
96805.0,-1.2326066493988037
96810.0,-1.2100627422332764
96815.0,-1.2410576343536377
96820.0,-1.2401995658874512
96825.0,-1.230818271636963
96830.0,-1.2269930839538574
96835.0,-1.2341984510421753
96840.0,-1.2313072681427002
96845.0,-1.237506628036499
96850.0,-1.2285563945770264
96855.0,-1.230583906173706
96860.0,-1.2269490957260132
96865.0,-1.2154576778411865
96870.0,-1.2389134168624878
96875.0,-1.2216651439666748
96880.0,-1.2319872379302979
96885.0,-1.2402386665344238
96890.0,-1.2153372764587402
96895.0,-1.2213934659957886
96900.0,-1.2429379224777222
96905.0,-1.2081749439239502
96910.0,-1.228884220123291
96915.0,-1.2332439422607422
96920.0,-1.2230714559555054
96925.0,-1.2541977167129517
96930.0,-1.2222806215286255
96935.0,-1.2225582599639893
96940.0,-1.2448517084121704
96945.0,-1.2238963842391968
96950.0,-1.2391103506088257
96955.0,-1.2351553440093994
96960.0,-1.2184076309204102
96965.0,-1.2313144207000732
96970.0,-1.224348545074463
96975.0,-1.2240724563598633
96980.0,-1.2466027736663818
96985.0,-1.229922890663147
96990.0,-1.222246766090393
96995.0,-1.2334864139556885
97000.0,-1.2242083549499512
97005.0,-1.2433907985687256
97010.0,-1.223205327987671
97015.0,-1.2276570796966553
97020.0,-1.243577480316162
97025.0,-1.2186219692230225
97030.0,-1.2207260131835938
97035.0,-1.2372674942016602
97040.0,-1.2234549522399902
97045.0,-1.2158328294754028
97050.0,-1.2358442544937134
97055.0,-1.209922432899475
97060.0,-1.2304271459579468
97065.0,-1.226637363433838
97070.0,-1.2228450775146484
97075.0,-1.2372925281524658
97080.0,-1.2372691631317139
97085.0,-1.2114624977111816
97090.0,-1.2247954607009888
97095.0,-1.235167145729065
97100.0,-1.2214680910110474
97105.0,-1.230986475944519
97110.0,-1.250855565071106
97115.0,-1.2278850078582764
97120.0,-1.2037714719772339
97125.0,-1.2541677951812744
97130.0,-1.2309269905090332
97135.0,-1.2103229761123657
97140.0,-1.238629937171936
97145.0,-1.2205215692520142
97150.0,-1.229259729385376
97155.0,-1.244521141052246
97160.0,-1.2179590463638306
97165.0,-1.23472261428833
97170.0,-1.250585675239563
97175.0,-1.2244641780853271
97180.0,-1.2458863258361816
97185.0,-1.2416174411773682
97190.0,-1.244452953338623
97195.0,-1.233675479888916
97200.0,-1.218895673751831
97205.0,-1.2542355060577393
97210.0,-1.2317602634429932
97215.0,-1.224453330039978
97220.0,-1.2572612762451172
97225.0,-1.2150498628616333
97230.0,-1.2230637073516846
97235.0,-1.2577810287475586
97240.0,-1.224208116531372
97245.0,-1.23576021194458
97250.0,-1.250287413597107
97255.0,-1.2142620086669922
97260.0,-1.2336311340332031
97265.0,-1.2435426712036133
97270.0,-1.2231248617172241
97275.0,-1.2243891954421997
97280.0,-1.2300149202346802
97285.0,-1.245178461074829
97290.0,-1.2082405090332031
97295.0,-1.240045189857483
97300.0,-1.2237157821655273
97305.0,-1.2287358045578003
97310.0,-1.2349759340286255
97315.0,-1.2391583919525146
97320.0,-1.2277302742004395
97325.0,-1.2297931909561157
97330.0,-1.2141427993774414
97335.0,-1.2478656768798828
97340.0,-1.2334582805633545
97345.0,-1.21173095703125
97350.0,-1.250322937965393
97355.0,-1.2086119651794434
97360.0,-1.2116597890853882
97365.0,-1.2516546249389648
97370.0,-1.2190874814987183
97375.0,-1.224678874015808
97380.0,-1.249110221862793
97385.0,-1.211767315864563
97390.0,-1.2350378036499023
97395.0,-1.2554869651794434
97400.0,-1.2236826419830322
97405.0,-1.2453151941299438
97410.0,-1.2339861392974854
97415.0,-1.2321772575378418
97420.0,-1.2315529584884644
97425.0,-1.231231451034546
97430.0,-1.2256629467010498
97435.0,-1.2301764488220215
97440.0,-1.2275190353393555
97445.0,-1.2186472415924072
97450.0,-1.2270054817199707
97455.0,-1.2230870723724365
97460.0,-1.2123347520828247
97465.0,-1.259068250656128
97470.0,-1.2365965843200684
97475.0,-1.2088353633880615
97480.0,-1.2376476526260376
97485.0,-1.2259656190872192
97490.0,-1.2228165864944458
97495.0,-1.2502244710922241
97500.0,-1.2429769039154053
97505.0,-1.2217717170715332
97510.0,-1.2273147106170654
97515.0,-1.236311674118042
97520.0,-1.2317569255828857
97525.0,-1.2331501245498657
97530.0,-1.2535873651504517
97535.0,-1.2174971103668213
97540.0,-1.2212414741516113
97545.0,-1.2362799644470215
97550.0,-1.22859525680542
97555.0,-1.228766918182373
97560.0,-1.233971118927002
97565.0,-1.2365494966506958
97570.0,-1.2202563285827637
97575.0,-1.2329227924346924
97580.0,-1.2504093647003174
97585.0,-1.221134066581726
97590.0,-1.232983946800232
97595.0,-1.2500090599060059
97600.0,-1.2203556299209595
97605.0,-1.2156376838684082
97610.0,-1.2649706602096558
97615.0,-1.2273070812225342
97620.0,-1.231980323791504
97625.0,-1.2266913652420044
97630.0,-1.216064691543579
97635.0,-1.2330913543701172
97640.0,-1.2344245910644531
97645.0,-1.2217220067977905
97650.0,-1.2414592504501343
97655.0,-1.2291514873504639
97660.0,-1.2080155611038208
97665.0,-1.2385176420211792
97670.0,-1.2459303140640259
97675.0,-1.1995627880096436
97680.0,-1.226974606513977
97685.0,-1.234440565109253
97690.0,-1.2159738540649414
97695.0,-1.2251077890396118
97700.0,-1.2469571828842163
97705.0,-1.214120626449585
97710.0,-1.2220861911773682
97715.0,-1.236802577972412
97720.0,-1.2433003187179565
97725.0,-1.2193740606307983
97730.0,-1.2484956979751587
97735.0,-1.2345609664916992
97740.0,-1.205904483795166
97745.0,-1.2642912864685059
97750.0,-1.2216038703918457
97755.0,-1.2099754810333252
97760.0,-1.2413454055786133
97765.0,-1.2281183004379272
97770.0,-1.2094416618347168
97775.0,-1.2539288997650146
97780.0,-1.2336254119873047
97785.0,-1.2275457382202148
97790.0,-1.2360279560089111
97795.0,-1.2259159088134766
97800.0,-1.2235524654388428
97805.0,-1.2455313205718994
97810.0,-1.2438042163848877
97815.0,-1.2377030849456787
97820.0,-1.2432101964950562
97825.0,-1.2332186698913574
97830.0,-1.2456265687942505
97835.0,-1.238816499710083
97840.0,-1.2219481468200684
97845.0,-1.2314156293869019
97850.0,-1.2289057970046997
97855.0,-1.2188289165496826
97860.0,-1.2233359813690186
97865.0,-1.2158771753311157
97870.0,-1.2117335796356201
97875.0,-1.2223777770996094
97880.0,-1.225788950920105
97885.0,-1.220099687576294
97890.0,-1.2342088222503662
97895.0,-1.232898235321045
97900.0,-1.1970306634902954
97905.0,-1.23118257522583
97910.0,-1.2444390058517456
97915.0,-1.2189950942993164
97920.0,-1.2223973274230957
97925.0,-1.2207980155944824
97930.0,-1.2120314836502075
97935.0,-1.2381231784820557
97940.0,-1.24039888381958
97945.0,-1.2127883434295654
97950.0,-1.228795051574707
97955.0,-1.2139028310775757
97960.0,-1.2298779487609863
97965.0,-1.248461365699768
97970.0,-1.2175683975219727
97975.0,-1.2267727851867676
97980.0,-1.224015474319458
97985.0,-1.217128038406372
97990.0,-1.242988109588623
97995.0,-1.230857491493225
98000.0,-1.2278821468353271
98005.0,-1.244173288345337
98010.0,-1.2117586135864258
98015.0,-1.2325818538665771
98020.0,-1.255125641822815
98025.0,-1.2245076894760132
98030.0,-1.2390028238296509
98035.0,-1.2432034015655518
98040.0,-1.2159991264343262
98045.0,-1.2376675605773926
98050.0,-1.2367582321166992
98055.0,-1.2236120700836182
98060.0,-1.2303249835968018
98065.0,-1.2251365184783936
98070.0,-1.2225146293640137
98075.0,-1.2420741319656372
98080.0,-1.2090367078781128
98085.0,-1.2287710905075073
98090.0,-1.2274558544158936
98095.0,-1.2117843627929688
98100.0,-1.2684180736541748
98105.0,-1.2209217548370361
98110.0,-1.2268067598342896
98115.0,-1.2539875507354736
98120.0,-1.2246155738830566
98125.0,-1.2213371992111206
98130.0,-1.261069655418396
98135.0,-1.2159696817398071
98140.0,-1.231323003768921
98145.0,-1.2204242944717407
98150.0,-1.235609769821167
98155.0,-1.2415276765823364
98160.0,-1.2257704734802246
98165.0,-1.2364401817321777
98170.0,-1.2280478477478027
98175.0,-1.223750352859497
98180.0,-1.2389732599258423
98185.0,-1.243871808052063
98190.0,-1.212693691253662
98195.0,-1.244877815246582
98200.0,-1.2400046586990356
98205.0,-1.2292224168777466
98210.0,-1.2342151403427124
98215.0,-1.2430976629257202
98220.0,-1.2193739414215088
98225.0,-1.2072542905807495
98230.0,-1.2627630233764648
98235.0,-1.2144956588745117
98240.0,-1.2124691009521484
98245.0,-1.2464232444763184
98250.0,-1.213153600692749
98255.0,-1.2286155223846436
98260.0,-1.251673698425293
98265.0,-1.2061426639556885
98270.0,-1.2244306802749634
98275.0,-1.2485904693603516
98280.0,-1.2034536600112915
98285.0,-1.250593900680542
98290.0,-1.2394999265670776
98295.0,-1.226248025894165
98300.0,-1.2303156852722168
98305.0,-1.2439439296722412
98310.0,-1.2255566120147705
98315.0,-1.247037649154663
98320.0,-1.2239935398101807
98325.0,-1.249598503112793
98330.0,-1.226439118385315
98335.0,-1.2126399278640747
98340.0,-1.2446939945220947
98345.0,-1.2410106658935547
98350.0,-1.2162450551986694
98355.0,-1.243449091911316
98360.0,-1.2306606769561768
98365.0,-1.2238510847091675
98370.0,-1.234330654144287
98375.0,-1.2405534982681274
98380.0,-1.2263778448104858
98385.0,-1.2197672128677368
98390.0,-1.2258806228637695
98395.0,-1.2365942001342773
98400.0,-1.2288086414337158
98405.0,-1.2204103469848633
98410.0,-1.234561800956726
98415.0,-1.2309417724609375
98420.0,-1.2479918003082275
98425.0,-1.2333375215530396
98430.0,-1.2287356853485107
98435.0,-1.2342889308929443
98440.0,-1.230406403541565
98445.0,-1.2345170974731445
98450.0,-1.244624137878418
98455.0,-1.2288248538970947
98460.0,-1.2245889902114868
98465.0,-1.2262628078460693
98470.0,-1.2535655498504639
98475.0,-1.2171355485916138
98480.0,-1.228132963180542
98485.0,-1.246250867843628
98490.0,-1.203353762626648
98495.0,-1.2310352325439453
98500.0,-1.2522413730621338
98505.0,-1.2189912796020508
98510.0,-1.2185176610946655
98515.0,-1.2354339361190796
98520.0,-1.2097136974334717
98525.0,-1.2372767925262451
98530.0,-1.2281115055084229
98535.0,-1.2340409755706787
98540.0,-1.229699730873108
98545.0,-1.2174910306930542
98550.0,-1.2463462352752686
98555.0,-1.2412118911743164
98560.0,-1.2145016193389893
98565.0,-1.2220736742019653
98570.0,-1.2330678701400757
98575.0,-1.2095129489898682
98580.0,-1.247839331626892
98585.0,-1.2138047218322754
98590.0,-1.22196626663208
98595.0,-1.2285563945770264
98600.0,-1.2168762683868408
98605.0,-1.2266288995742798
98610.0,-1.2463641166687012
98615.0,-1.2133241891860962
98620.0,-1.2383997440338135
98625.0,-1.2294260263442993
98630.0,-1.2146165370941162
98635.0,-1.2408357858657837
98640.0,-1.2192423343658447
98645.0,-1.2095921039581299
98650.0,-1.2415962219238281
98655.0,-1.2168219089508057
98660.0,-1.2271521091461182
98665.0,-1.2492504119873047
98670.0,-1.229405164718628
98675.0,-1.2288966178894043
98680.0,-1.239274024963379
98685.0,-1.223543405532837
98690.0,-1.2451493740081787
98695.0,-1.224839448928833
98700.0,-1.2355024814605713
98705.0,-1.237037181854248
98710.0,-1.225167989730835
98715.0,-1.2508525848388672
98720.0,-1.2209935188293457
98725.0,-1.2404708862304688
98730.0,-1.2440963983535767
98735.0,-1.2029743194580078
98740.0,-1.243293046951294
98745.0,-1.2521522045135498
98750.0,-1.1966814994812012
98755.0,-1.2371935844421387
98760.0,-1.236706018447876
98765.0,-1.205520749092102
98770.0,-1.239275574684143
98775.0,-1.2224594354629517
98780.0,-1.2150846719741821
98785.0,-1.2379118204116821
98790.0,-1.231670618057251
98795.0,-1.2275991439819336
98800.0,-1.2336546182632446
98805.0,-1.2310724258422852
98810.0,-1.2179057598114014
98815.0,-1.237507700920105
98820.0,-1.2405339479446411
98825.0,-1.2147494554519653
98830.0,-1.2345950603485107
98835.0,-1.2530438899993896
98840.0,-1.212571620941162
98845.0,-1.2446218729019165
98850.0,-1.2508512735366821
98855.0,-1.1976991891860962
98860.0,-1.2523353099822998
98865.0,-1.2335295677185059
98870.0,-1.2193164825439453
98875.0,-1.2702314853668213
98880.0,-1.219339370727539
98885.0,-1.2250874042510986
98890.0,-1.2433677911758423
98895.0,-1.2232669591903687
98900.0,-1.2284998893737793
98905.0,-1.2385592460632324
98910.0,-1.2268474102020264
98915.0,-1.2276185750961304
98920.0,-1.2258853912353516
98925.0,-1.2332284450531006
98930.0,-1.2249819040298462
98935.0,-1.2334624528884888
98940.0,-1.2263102531433105
98945.0,-1.24122154712677
98950.0,-1.2351351976394653
98955.0,-1.2323335409164429
98960.0,-1.2445532083511353
98965.0,-1.2279059886932373
98970.0,-1.2258425951004028
98975.0,-1.2372219562530518
98980.0,-1.2228093147277832
98985.0,-1.238114833831787
98990.0,-1.241478443145752
98995.0,-1.2256207466125488
99000.0,-1.249295711517334
99005.0,-1.2313082218170166
99010.0,-1.2327473163604736
99015.0,-1.2517476081848145
99020.0,-1.2202986478805542
99025.0,-1.2297767400741577
99030.0,-1.2321395874023438
99035.0,-1.2174067497253418
99040.0,-1.2552592754364014
99045.0,-1.2207262516021729
99050.0,-1.2281572818756104
99055.0,-1.2414518594741821
99060.0,-1.2227249145507812
99065.0,-1.230654239654541
99070.0,-1.2608582973480225
99075.0,-1.2201974391937256
99080.0,-1.2358067035675049
99085.0,-1.2480049133300781
99090.0,-1.2196558713912964
99095.0,-1.2152410745620728
99100.0,-1.2361623048782349
99105.0,-1.224064588546753
99110.0,-1.2156150341033936
99115.0,-1.238161563873291
99120.0,-1.2407152652740479
99125.0,-1.2148137092590332
99130.0,-1.2446696758270264
99135.0,-1.2301914691925049
99140.0,-1.2273756265640259
99145.0,-1.2455825805664062
99150.0,-1.2211246490478516
99155.0,-1.2393615245819092
99160.0,-1.2391505241394043
99165.0,-1.2041809558868408
99170.0,-1.2453432083129883
99175.0,-1.2524784803390503
99180.0,-1.1992909908294678
99185.0,-1.2447266578674316
99190.0,-1.226029634475708
99195.0,-1.2065320014953613
99200.0,-1.2520127296447754
99205.0,-1.226949691772461
99210.0,-1.212565302848816
99215.0,-1.2518107891082764
99220.0,-1.2278743982315063
99225.0,-1.221268653869629
99230.0,-1.2387001514434814
99235.0,-1.2316352128982544
99240.0,-1.2173713445663452
99245.0,-1.2363555431365967
99250.0,-1.2364698648452759
99255.0,-1.2047499418258667
99260.0,-1.2404263019561768
99265.0,-1.2412831783294678
99270.0,-1.217043161392212
99275.0,-1.2381519079208374
99280.0,-1.2366548776626587
99285.0,-1.2068133354187012
99290.0,-1.2477989196777344
99295.0,-1.2320293188095093
99300.0,-1.2166454792022705
99305.0,-1.2399698495864868
99310.0,-1.2243536710739136
99315.0,-1.2463243007659912
99320.0,-1.2399804592132568
99325.0,-1.2361481189727783
99330.0,-1.2385358810424805
99335.0,-1.2232694625854492
99340.0,-1.220737099647522
99345.0,-1.2470028400421143
99350.0,-1.2321110963821411
99355.0,-1.2362415790557861
99360.0,-1.224100112915039
99365.0,-1.2275333404541016
99370.0,-1.238649845123291
99375.0,-1.206007480621338
99380.0,-1.2309685945510864
99385.0,-1.2449817657470703
99390.0,-1.2208842039108276
99395.0,-1.2217090129852295
99400.0,-1.2461819648742676
99405.0,-1.2306864261627197
99410.0,-1.2297075986862183
99415.0,-1.2425076961517334
99420.0,-1.238142728805542
99425.0,-1.2190170288085938
99430.0,-1.243927001953125
99435.0,-1.227631688117981
99440.0,-1.2291266918182373
99445.0,-1.237284779548645
99450.0,-1.2193843126296997
99455.0,-1.2191731929779053
99460.0,-1.251961350440979
99465.0,-1.223842978477478
99470.0,-1.2244129180908203
99475.0,-1.2431645393371582
99480.0,-1.214138150215149
99485.0,-1.227762222290039
99490.0,-1.225770115852356
99495.0,-1.2288955450057983
99500.0,-1.227090835571289
99505.0,-1.2031705379486084
99510.0,-1.233933687210083
99515.0,-1.2333474159240723
99520.0,-1.222740650177002
99525.0,-1.202505350112915
99530.0,-1.2420574426651
99535.0,-1.2178518772125244
99540.0,-1.2294011116027832
99545.0,-1.232985258102417
99550.0,-1.231258749961853
99555.0,-1.217473030090332
99560.0,-1.2248870134353638
99565.0,-1.2260942459106445
99570.0,-1.242915391921997
99575.0,-1.2281570434570312
99580.0,-1.2221096754074097
99585.0,-1.2287007570266724
99590.0,-1.2217782735824585
99595.0,-1.2403377294540405
99600.0,-1.227270245552063
99605.0,-1.2201982736587524
99610.0,-1.2502305507659912
99615.0,-1.2187906503677368
99620.0,-1.229767918586731
99625.0,-1.2470874786376953
99630.0,-1.22672700881958
99635.0,-1.2226961851119995
99640.0,-1.2353620529174805
99645.0,-1.211450457572937
99650.0,-1.2349616289138794
99655.0,-1.2397122383117676
99660.0,-1.2006793022155762
99665.0,-1.2392778396606445
99670.0,-1.2250280380249023
99675.0,-1.2154624462127686
99680.0,-1.2283724546432495
99685.0,-1.2343336343765259
99690.0,-1.2174372673034668
99695.0,-1.2272380590438843
99700.0,-1.2364614009857178
99705.0,-1.235754370689392
99710.0,-1.2372738122940063
99715.0,-1.20314621925354
99720.0,-1.2389781475067139
99725.0,-1.2205300331115723
99730.0,-1.232332468032837
99735.0,-1.2237164974212646
99740.0,-1.2216339111328125
99745.0,-1.220759630203247
99750.0,-1.216209053993225
99755.0,-1.2416185140609741
99760.0,-1.2373850345611572
99765.0,-1.2231184244155884
99770.0,-1.2317860126495361
99775.0,-1.2281042337417603
99780.0,-1.2266950607299805
99785.0,-1.2433595657348633
99790.0,-1.2152562141418457
99795.0,-1.2224562168121338
99800.0,-1.235110878944397
99805.0,-1.2179855108261108
99810.0,-1.2313885688781738
99815.0,-1.2467167377471924
99820.0,-1.219435691833496
99825.0,-1.233604907989502
99830.0,-1.2248141765594482
99835.0,-1.2237310409545898
99840.0,-1.2478071451187134
99845.0,-1.237992525100708
99850.0,-1.2292263507843018
99855.0,-1.244504451751709
99860.0,-1.2293471097946167
99865.0,-1.2310638427734375
99870.0,-1.257133960723877
99875.0,-1.2205159664154053
99880.0,-1.2455801963806152
99885.0,-1.2372229099273682
99890.0,-1.2146267890930176
99895.0,-1.2494893074035645
99900.0,-1.2227673530578613
99905.0,-1.2147516012191772
99910.0,-1.2506496906280518
99915.0,-1.220259189605713
99920.0,-1.236506462097168
99925.0,-1.2540318965911865
99930.0,-1.2153997421264648
99935.0,-1.238539457321167
99940.0,-1.2345771789550781
99945.0,-1.2266590595245361
99950.0,-1.2589253187179565
99955.0,-1.2136160135269165
99960.0,-1.2344290018081665
99965.0,-1.2442142963409424
99970.0,-1.2084474563598633
99975.0,-1.2321186065673828
99980.0,-1.2428669929504395
99985.0,-1.2066712379455566
99990.0,-1.2393343448638916
99995.0,-1.2279765605926514
100000.0,-1.227908730506897
100005.0,-1.2471272945404053
100010.0,-1.2247436046600342
100015.0,-1.2256746292114258
100020.0,-1.2536901235580444
100025.0,-1.2141141891479492
100030.0,-1.2527458667755127
100035.0,-1.2391811609268188
100040.0,-1.224959135055542
100045.0,-1.2412598133087158
100050.0,-1.2325563430786133
100055.0,-1.2274943590164185
100060.0,-1.2545026540756226
100065.0,-1.223074197769165
100070.0,-1.2231101989746094
100075.0,-1.2337199449539185
100080.0,-1.2267106771469116
100085.0,-1.2398089170455933
100090.0,-1.2417881488800049
100095.0,-1.2314409017562866
100100.0,-1.2380015850067139
100105.0,-1.232729434967041
100110.0,-1.232703685760498
100115.0,-1.2432045936584473
100120.0,-1.2201156616210938
100125.0,-1.2396305799484253
100130.0,-1.2217333316802979
100135.0,-1.213789701461792
100140.0,-1.2345848083496094
100145.0,-1.2388725280761719
100150.0,-1.2287709712982178
100155.0,-1.2184206247329712
100160.0,-1.222398042678833
100165.0,-1.2251354455947876
100170.0,-1.2222105264663696
100175.0,-1.2256405353546143
100180.0,-1.2363802194595337
100185.0,-1.2201550006866455
100190.0,-1.2173089981079102
100195.0,-1.2386406660079956
100200.0,-1.2230188846588135
100205.0,-1.223947286605835
100210.0,-1.2245479822158813
100215.0,-1.2365118265151978
100220.0,-1.2240111827850342
100225.0,-1.2451270818710327
100230.0,-1.2288274765014648
100235.0,-1.2373467683792114
100240.0,-1.2381751537322998
100245.0,-1.2223927974700928
100250.0,-1.242106318473816
100255.0,-1.2293918132781982
100260.0,-1.2212042808532715
100265.0,-1.2478208541870117
100270.0,-1.2244648933410645
100275.0,-1.2187726497650146
100280.0,-1.2600390911102295
100285.0,-1.2195322513580322
100290.0,-1.2180553674697876
100295.0,-1.259506344795227
100300.0,-1.2076747417449951
100305.0,-1.2363896369934082
100310.0,-1.2220220565795898
100315.0,-1.219083547592163
100320.0,-1.2396115064620972
100325.0,-1.2185293436050415
100330.0,-1.2288533449172974
100335.0,-1.2521092891693115
100340.0,-1.216105580329895
100345.0,-1.232950210571289
100350.0,-1.2434070110321045
100355.0,-1.2219839096069336
100360.0,-1.2523239850997925
100365.0,-1.2180804014205933
100370.0,-1.2259504795074463
100375.0,-1.2518212795257568
100380.0,-1.20944082736969
100385.0,-1.2303422689437866
100390.0,-1.2456398010253906
100395.0,-1.2167692184448242
100400.0,-1.2371008396148682
100405.0,-1.232222080230713
100410.0,-1.2236562967300415
100415.0,-1.2392301559448242
100420.0,-1.2245633602142334
100425.0,-1.2297250032424927
100430.0,-1.2341980934143066
100435.0,-1.2205898761749268
100440.0,-1.2457096576690674
100445.0,-1.2351027727127075
100450.0,-1.2314302921295166
100455.0,-1.2311071157455444
100460.0,-1.2214598655700684
100465.0,-1.2414937019348145
100470.0,-1.2269041538238525
100475.0,-1.2110860347747803
100480.0,-1.2472929954528809
100485.0,-1.2252593040466309
100490.0,-1.2027781009674072
100495.0,-1.242678165435791
100500.0,-1.2402544021606445
100505.0,-1.2222331762313843
100510.0,-1.2360296249389648
100515.0,-1.2286734580993652
100520.0,-1.2104756832122803
100525.0,-1.2357195615768433
100530.0,-1.2299838066101074
100535.0,-1.2357988357543945
100540.0,-1.2356375455856323
100545.0,-1.221859335899353
100550.0,-1.2362399101257324
100555.0,-1.238263726234436
100560.0,-1.212355375289917
100565.0,-1.230534553527832
100570.0,-1.2374099493026733
100575.0,-1.2209229469299316
100580.0,-1.2354960441589355
100585.0,-1.2264258861541748
100590.0,-1.2380938529968262
100595.0,-1.2292308807373047
100600.0,-1.2409217357635498
100605.0,-1.2320549488067627
100610.0,-1.240513563156128
100615.0,-1.2157566547393799
100620.0,-1.2336236238479614
100625.0,-1.2282313108444214
100630.0,-1.220705509185791
100635.0,-1.237497329711914
100640.0,-1.2161166667938232
100645.0,-1.234086036682129
100650.0,-1.2120282649993896
100655.0,-1.236828088760376
100660.0,-1.2312369346618652
100665.0,-1.2101515531539917
100670.0,-1.2481720447540283
100675.0,-1.2289085388183594
100680.0,-1.2076369524002075
100685.0,-1.2608613967895508
100690.0,-1.2371468544006348
100695.0,-1.233191967010498
100700.0,-1.2332544326782227
100705.0,-1.231152057647705
100710.0,-1.2224409580230713
100715.0,-1.2364495992660522
100720.0,-1.2314776182174683
100725.0,-1.2303342819213867
100730.0,-1.227311372756958
100735.0,-1.2245264053344727
100740.0,-1.2254538536071777
100745.0,-1.2416033744812012
100750.0,-1.2178224325180054
100755.0,-1.2150943279266357
100760.0,-1.254486322402954
100765.0,-1.223421573638916
100770.0,-1.2361314296722412
100775.0,-1.2395001649856567
100780.0,-1.227964162826538
100785.0,-1.2176191806793213
100790.0,-1.2185711860656738
100795.0,-1.2483923435211182
100800.0,-1.2256088256835938
100805.0,-1.227368712425232
100810.0,-1.2302196025848389
100815.0,-1.2255185842514038
100820.0,-1.2351245880126953
100825.0,-1.2283767461776733
100830.0,-1.2524747848510742
100835.0,-1.2204194068908691
100840.0,-1.2190392017364502
100845.0,-1.2613763809204102
100850.0,-1.2169075012207031
100855.0,-1.243510365486145
100860.0,-1.237152338027954
100865.0,-1.2049124240875244
100870.0,-1.2512671947479248
100875.0,-1.2445979118347168
100880.0,-1.2125189304351807
100885.0,-1.238263487815857
100890.0,-1.2331820726394653
100895.0,-1.216507911682129
100900.0,-1.2466542720794678
100905.0,-1.229813575744629
100910.0,-1.2354384660720825
100915.0,-1.224764108657837
100920.0,-1.2281547784805298
100925.0,-1.2410521507263184
100930.0,-1.2341396808624268
100935.0,-1.2269690036773682
100940.0,-1.2473129034042358
100945.0,-1.2282156944274902
100950.0,-1.222490906715393
100955.0,-1.2501723766326904
100960.0,-1.2154556512832642
100965.0,-1.2223389148712158
100970.0,-1.232949137687683
100975.0,-1.2357041835784912
100980.0,-1.2274467945098877
100985.0,-1.2237248420715332
100990.0,-1.2372936010360718
100995.0,-1.2169841527938843
101000.0,-1.2371854782104492
101005.0,-1.250687837600708
101010.0,-1.2222793102264404
101015.0,-1.2440133094787598
101020.0,-1.2327899932861328
101025.0,-1.2174874544143677
101030.0,-1.2611093521118164
101035.0,-1.2208694219589233
101040.0,-1.2231907844543457
101045.0,-1.2318859100341797
101050.0,-1.2173914909362793
101055.0,-1.2260730266571045
101060.0,-1.2325304746627808
101065.0,-1.2162940502166748
101070.0,-1.2197167873382568
101075.0,-1.2300701141357422
101080.0,-1.2142970561981201
101085.0,-1.2357711791992188
101090.0,-1.2464487552642822
101095.0,-1.2329294681549072
101100.0,-1.227412462234497
101105.0,-1.240676760673523
101110.0,-1.2208353281021118
101115.0,-1.239449381828308
101120.0,-1.226096749305725
101125.0,-1.2464274168014526
101130.0,-1.2207447290420532
101135.0,-1.2271260023117065
101140.0,-1.2287018299102783
101145.0,-1.2298040390014648
101150.0,-1.2225899696350098
101155.0,-1.2233072519302368
101160.0,-1.2282304763793945
101165.0,-1.2185332775115967
101170.0,-1.2307898998260498
101175.0,-1.2300708293914795
101180.0,-1.240079402923584
101185.0,-1.2239503860473633
101190.0,-1.2177941799163818
101195.0,-1.2379423379898071
101200.0,-1.2407323122024536
101205.0,-1.2114064693450928
101210.0,-1.242392659187317
101215.0,-1.2392261028289795
101220.0,-1.2090163230895996
101225.0,-1.2571003437042236
101230.0,-1.2394850254058838
101235.0,-1.2230219841003418
101240.0,-1.235959768295288
101245.0,-1.2312705516815186
101250.0,-1.2290723323822021
101255.0,-1.246201753616333
101260.0,-1.2263929843902588
101265.0,-1.2246012687683105
101270.0,-1.2299656867980957
101275.0,-1.2300653457641602
101280.0,-1.2292132377624512
101285.0,-1.2187395095825195
101290.0,-1.2340043783187866
101295.0,-1.228029489517212
101300.0,-1.2223460674285889
101305.0,-1.2364989519119263
101310.0,-1.2238447666168213
101315.0,-1.2253608703613281
101320.0,-1.2444446086883545
101325.0,-1.2085494995117188
101330.0,-1.238837480545044
101335.0,-1.2389099597930908
101340.0,-1.2106961011886597
101345.0,-1.2248948812484741
101350.0,-1.2401657104492188
101355.0,-1.2034693956375122
101360.0,-1.2448832988739014
101365.0,-1.2347744703292847
101370.0,-1.218359351158142
101375.0,-1.2376127243041992
101380.0,-1.2359048128128052
101385.0,-1.203118085861206
101390.0,-1.2470157146453857
101395.0,-1.2354857921600342
101400.0,-1.2067134380340576
101405.0,-1.2364094257354736
101410.0,-1.2373650074005127
101415.0,-1.2030360698699951
101420.0,-1.2384319305419922
101425.0,-1.2291159629821777
101430.0,-1.209331750869751
101435.0,-1.229914903640747
101440.0,-1.2244458198547363
101445.0,-1.215421438217163
101450.0,-1.2411983013153076
101455.0,-1.2166516780853271
101460.0,-1.2260854244232178
101465.0,-1.2388700246810913
101470.0,-1.2070643901824951
101475.0,-1.222963571548462
101480.0,-1.248016595840454
101485.0,-1.2113583087921143
101490.0,-1.2357902526855469
101495.0,-1.2375942468643188
101500.0,-1.2024776935577393
101505.0,-1.2392627000808716
101510.0,-1.2346032857894897
101515.0,-1.227791428565979
101520.0,-1.2220369577407837
101525.0,-1.2418502569198608
101530.0,-1.2120282649993896
101535.0,-1.2532057762145996
101540.0,-1.2332775592803955
101545.0,-1.2384976148605347
101550.0,-1.2488521337509155
101555.0,-1.2345718145370483
101560.0,-1.2371972799301147
101565.0,-1.2339171171188354
101570.0,-1.223564624786377
101575.0,-1.2319494485855103
101580.0,-1.2375602722167969
101585.0,-1.2336134910583496
101590.0,-1.2430167198181152
101595.0,-1.218052625656128
101600.0,-1.2351819276809692
101605.0,-1.226058840751648
101610.0,-1.2281467914581299
101615.0,-1.2423605918884277
101620.0,-1.2146953344345093
101625.0,-1.2283855676651
101630.0,-1.2173142433166504
101635.0,-1.2373578548431396
101640.0,-1.2396913766860962
101645.0,-1.2029705047607422
101650.0,-1.2518224716186523
101655.0,-1.22344172000885
101660.0,-1.2057876586914062
101665.0,-1.2782005071640015
101670.0,-1.2188948392868042
101675.0,-1.2159701585769653
101680.0,-1.2599260807037354
101685.0,-1.220706820487976
101690.0,-1.2277278900146484
101695.0,-1.2562586069107056
101700.0,-1.2023396492004395
101705.0,-1.2419703006744385
101710.0,-1.2383027076721191
101715.0,-1.219477653503418
101720.0,-1.2380397319793701
101725.0,-1.2234278917312622
101730.0,-1.2194823026657104
101735.0,-1.237333059310913
101740.0,-1.2335131168365479
101745.0,-1.2274117469787598
101750.0,-1.2213244438171387
101755.0,-1.233250379562378
101760.0,-1.2197569608688354
101765.0,-1.2238458395004272
101770.0,-1.2553631067276
101775.0,-1.1965835094451904
101780.0,-1.2269492149353027
101785.0,-1.2388968467712402
101790.0,-1.2014572620391846
101795.0,-1.2369377613067627
101800.0,-1.2307895421981812
101805.0,-1.2016477584838867
101810.0,-1.244591236114502
101815.0,-1.2126795053482056
101820.0,-1.213205337524414
101825.0,-1.2629587650299072
101830.0,-1.20670747756958
101835.0,-1.211586833000183
101840.0,-1.260899305343628
101845.0,-1.213792085647583
101850.0,-1.2339701652526855
101855.0,-1.2351683378219604
101860.0,-1.2196316719055176
101865.0,-1.2300753593444824
101870.0,-1.2309472560882568
101875.0,-1.210677981376648
101880.0,-1.236764907836914
101885.0,-1.2408726215362549
101890.0,-1.2207775115966797
101895.0,-1.2346985340118408
101900.0,-1.2466367483139038
101905.0,-1.1971256732940674
101910.0,-1.2559927701950073
101915.0,-1.228485107421875
101920.0,-1.213333010673523
101925.0,-1.2455673217773438
101930.0,-1.2260122299194336
101935.0,-1.215761423110962
101940.0,-1.2493700981140137
101945.0,-1.2306121587753296
101950.0,-1.2293719053268433
101955.0,-1.2259713411331177
101960.0,-1.2285782098770142
101965.0,-1.2404648065567017
101970.0,-1.2123751640319824
101975.0,-1.2432348728179932
101980.0,-1.2206511497497559
101985.0,-1.2086634635925293
101990.0,-1.2378106117248535
101995.0,-1.2330291271209717
102000.0,-1.2304199934005737
102005.0,-1.2475900650024414
102010.0,-1.2279293537139893
102015.0,-1.2303446531295776
102020.0,-1.24111008644104
102025.0,-1.2359552383422852
102030.0,-1.2233729362487793
102035.0,-1.2502295970916748
102040.0,-1.2356367111206055
102045.0,-1.205032229423523
102050.0,-1.2468852996826172
102055.0,-1.246415376663208
102060.0,-1.2149943113327026
102065.0,-1.2458341121673584
102070.0,-1.2229125499725342
102075.0,-1.2182526588439941
102080.0,-1.2440016269683838
102085.0,-1.2095751762390137
102090.0,-1.2325254678726196
102095.0,-1.2265305519104004
102100.0,-1.216933012008667
102105.0,-1.2502418756484985
102110.0,-1.2259563207626343
102115.0,-1.2310668230056763
102120.0,-1.253063678741455
102125.0,-1.2089141607284546
102130.0,-1.2314459085464478
102135.0,-1.2626367807388306
102140.0,-1.2073472738265991
102145.0,-1.2300615310668945
102150.0,-1.2370100021362305
102155.0,-1.2238256931304932
102160.0,-1.229036569595337
102165.0,-1.234617829322815
102170.0,-1.229609727859497
102175.0,-1.2252558469772339
102180.0,-1.2327210903167725
102185.0,-1.2425298690795898
102190.0,-1.2368558645248413
102195.0,-1.2239623069763184
102200.0,-1.2420415878295898
102205.0,-1.2169030904769897
102210.0,-1.2363996505737305
102215.0,-1.237959623336792
102220.0,-1.216760516166687
102225.0,-1.2243878841400146
102230.0,-1.2430940866470337
102235.0,-1.2341092824935913
102240.0,-1.2329938411712646
102245.0,-1.2447407245635986
102250.0,-1.230983018875122
102255.0,-1.223793864250183
102260.0,-1.254523754119873
102265.0,-1.2319400310516357
102270.0,-1.2189861536026
102275.0,-1.236799716949463
102280.0,-1.2227305173873901
102285.0,-1.2260594367980957
102290.0,-1.2454841136932373
102295.0,-1.2224421501159668
102300.0,-1.2258679866790771
102305.0,-1.2255911827087402
102310.0,-1.2306938171386719
102315.0,-1.2280290126800537
102320.0,-1.233121395111084
102325.0,-1.225524663925171
102330.0,-1.229841947555542
102335.0,-1.234461784362793
102340.0,-1.2451739311218262
102345.0,-1.212738037109375
102350.0,-1.2392780780792236
102355.0,-1.2377148866653442
102360.0,-1.2088817358016968
102365.0,-1.2290165424346924
102370.0,-1.2559138536453247
102375.0,-1.2178740501403809
102380.0,-1.2250339984893799
102385.0,-1.235590934753418
102390.0,-1.230403184890747
102395.0,-1.221301555633545
102400.0,-1.2310256958007812
102405.0,-1.2429158687591553
102410.0,-1.2388043403625488
102415.0,-1.2137997150421143
102420.0,-1.237868309020996
102425.0,-1.2426164150238037
102430.0,-1.2086060047149658
102435.0,-1.2347923517227173
102440.0,-1.2319450378417969
102445.0,-1.216353178024292
102450.0,-1.2366015911102295
102455.0,-1.2361994981765747
102460.0,-1.2157988548278809
102465.0,-1.2411220073699951
102470.0,-1.2277345657348633
102475.0,-1.2199876308441162
102480.0,-1.2536656856536865
102485.0,-1.2193602323532104
102490.0,-1.213737964630127
102495.0,-1.2455053329467773
102500.0,-1.2209904193878174
102505.0,-1.2320551872253418
102510.0,-1.249401569366455
102515.0,-1.230823278427124
102520.0,-1.2237250804901123
102525.0,-1.2426466941833496
102530.0,-1.2226173877716064
102535.0,-1.2490590810775757
102540.0,-1.2286607027053833
102545.0,-1.2395954132080078
102550.0,-1.2414581775665283
102555.0,-1.2105450630187988
102560.0,-1.229446291923523
102565.0,-1.2403844594955444
102570.0,-1.2249424457550049
102575.0,-1.2307430505752563
102580.0,-1.2373374700546265
102585.0,-1.2306978702545166
102590.0,-1.238271951675415
102595.0,-1.221968173980713
102600.0,-1.2399697303771973
102605.0,-1.2414820194244385
102610.0,-1.2031383514404297
102615.0,-1.246741771697998
102620.0,-1.2200758457183838
102625.0,-1.2174293994903564
102630.0,-1.226409912109375
102635.0,-1.2339801788330078
102640.0,-1.2065497636795044
102645.0,-1.2380290031433105
102650.0,-1.243927240371704
102655.0,-1.2200082540512085
102660.0,-1.2148877382278442
102665.0,-1.237900733947754
102670.0,-1.2167285680770874
102675.0,-1.231034517288208
102680.0,-1.2353942394256592
102685.0,-1.2228790521621704
102690.0,-1.2289137840270996
102695.0,-1.227524995803833
102700.0,-1.240638017654419
102705.0,-1.2404594421386719
102710.0,-1.22514009475708
102715.0,-1.2372225522994995
102720.0,-1.2325985431671143
102725.0,-1.2235381603240967
102730.0,-1.2496075630187988
102735.0,-1.234001874923706
102740.0,-1.227818250656128
102745.0,-1.233686923980713
102750.0,-1.220862627029419
102755.0,-1.2316030263900757
102760.0,-1.24153470993042
102765.0,-1.2343008518218994
102770.0,-1.2367403507232666
102775.0,-1.2372782230377197
102780.0,-1.2310667037963867
102785.0,-1.2193198204040527
102790.0,-1.2458068132400513
102795.0,-1.2266137599945068
102800.0,-1.2163629531860352
102805.0,-1.2235018014907837
102810.0,-1.2331509590148926
102815.0,-1.224015474319458
102820.0,-1.2274035215377808
102825.0,-1.2324273586273193
102830.0,-1.2266416549682617
102835.0,-1.2152166366577148
102840.0,-1.2330999374389648
102845.0,-1.2331936359405518
102850.0,-1.2186757326126099
102855.0,-1.2292654514312744
102860.0,-1.2288496494293213
102865.0,-1.2294082641601562
102870.0,-1.235553503036499
102875.0,-1.222055435180664
102880.0,-1.233959674835205
102885.0,-1.2208243608474731
102890.0,-1.2121402025222778
102895.0,-1.2564185857772827
102900.0,-1.2092199325561523
102905.0,-1.2103605270385742
102910.0,-1.2247459888458252
102915.0,-1.2191033363342285
102920.0,-1.2294330596923828
102925.0,-1.222227931022644
102930.0,-1.2308342456817627
102935.0,-1.2242817878723145
102940.0,-1.2157373428344727
102945.0,-1.2405818700790405
102950.0,-1.2251667976379395
102955.0,-1.2337241172790527
102960.0,-1.2366306781768799
102965.0,-1.2149523496627808
102970.0,-1.2249948978424072
102975.0,-1.2582236528396606
102980.0,-1.2117682695388794
102985.0,-1.2292613983154297
102990.0,-1.2422170639038086
102995.0,-1.2222390174865723
103000.0,-1.2267401218414307
103005.0,-1.2372581958770752
103010.0,-1.2210838794708252
103015.0,-1.2301867008209229
103020.0,-1.2186793088912964
103025.0,-1.2365976572036743
103030.0,-1.2313988208770752
103035.0,-1.2133326530456543
103040.0,-1.2343238592147827
103045.0,-1.2229878902435303
103050.0,-1.2244150638580322
103055.0,-1.2524234056472778
103060.0,-1.2241744995117188
103065.0,-1.223872184753418
103070.0,-1.2291593551635742
103075.0,-1.2243788242340088
103080.0,-1.230872631072998
103085.0,-1.253377914428711
103090.0,-1.220418095588684
103095.0,-1.2260074615478516
103100.0,-1.2275631427764893
103105.0,-1.2366262674331665
103110.0,-1.2205828428268433
103115.0,-1.245694637298584
103120.0,-1.2242239713668823
103125.0,-1.2239656448364258
103130.0,-1.2385127544403076
103135.0,-1.227722406387329
103140.0,-1.2355294227600098
103145.0,-1.239398717880249
103150.0,-1.217958927154541
103155.0,-1.2311856746673584
103160.0,-1.25054931640625
103165.0,-1.2115538120269775
103170.0,-1.2483981847763062
103175.0,-1.2442433834075928
103180.0,-1.2061625719070435
103185.0,-1.2449264526367188
103190.0,-1.2435935735702515
103195.0,-1.213732361793518
103200.0,-1.2474628686904907
103205.0,-1.2202073335647583
103210.0,-1.217465877532959
103215.0,-1.2418166399002075
103220.0,-1.244118094444275
103225.0,-1.2252578735351562
103230.0,-1.2354904413223267
103235.0,-1.2257237434387207
103240.0,-1.2376924753189087
103245.0,-1.2251925468444824
103250.0,-1.237523078918457
103255.0,-1.2394256591796875
103260.0,-1.2130438089370728
103265.0,-1.2293437719345093
103270.0,-1.236509919166565
103275.0,-1.2285586595535278
103280.0,-1.232363224029541
103285.0,-1.234766960144043
103290.0,-1.2372838258743286
103295.0,-1.2401809692382812
103300.0,-1.2156943082809448
103305.0,-1.2493033409118652
103310.0,-1.2278687953948975
103315.0,-1.2135345935821533
103320.0,-1.2717610597610474
103325.0,-1.2060723304748535
103330.0,-1.2268168926239014
103335.0,-1.2463555335998535
103340.0,-1.2120094299316406
103345.0,-1.2544662952423096
103350.0,-1.24142587184906
103355.0,-1.2119883298873901
103360.0,-1.2401018142700195
103365.0,-1.220668077468872
103370.0,-1.2294936180114746
103375.0,-1.2532175779342651
103380.0,-1.2122218608856201
103385.0,-1.2429697513580322
103390.0,-1.2261877059936523
103395.0,-1.2072583436965942
103400.0,-1.2404600381851196
103405.0,-1.2365062236785889
103410.0,-1.2238032817840576
103415.0,-1.2426735162734985
103420.0,-1.2246778011322021
103425.0,-1.2112960815429688
103430.0,-1.2439699172973633
103435.0,-1.2388572692871094
103440.0,-1.2181951999664307
103445.0,-1.2480604648590088
103450.0,-1.2278261184692383
103455.0,-1.2141369581222534
103460.0,-1.2445412874221802
103465.0,-1.2236478328704834
103470.0,-1.208118200302124
103475.0,-1.253440260887146
103480.0,-1.2106425762176514
103485.0,-1.2259128093719482
103490.0,-1.2462358474731445
103495.0,-1.2113715410232544
103500.0,-1.2338827848434448
103505.0,-1.2441903352737427
103510.0,-1.2192918062210083
103515.0,-1.2465527057647705
103520.0,-1.2196698188781738
103525.0,-1.2292215824127197
103530.0,-1.226170539855957
103535.0,-1.218156099319458
103540.0,-1.2447842359542847
103545.0,-1.2154407501220703
103550.0,-1.218751311302185
103555.0,-1.2334294319152832
103560.0,-1.1991806030273438
103565.0,-1.2395775318145752
103570.0,-1.23811674118042
103575.0,-1.2154417037963867
103580.0,-1.2246801853179932
103585.0,-1.2180683612823486
103590.0,-1.2221099138259888
103595.0,-1.2291295528411865
103600.0,-1.2255690097808838
103605.0,-1.21528160572052
103610.0,-1.2320135831832886
103615.0,-1.2188122272491455
103620.0,-1.2240501642227173
103625.0,-1.246732234954834
103630.0,-1.222470998764038
103635.0,-1.225821614265442
103640.0,-1.23977530002594
103645.0,-1.2179489135742188
103650.0,-1.2450666427612305
103655.0,-1.2171528339385986
103660.0,-1.2243385314941406
103665.0,-1.2297991514205933
103670.0,-1.2206523418426514
103675.0,-1.2345424890518188
103680.0,-1.2469738721847534
103685.0,-1.217492938041687
103690.0,-1.2417553663253784
103695.0,-1.2333922386169434
103700.0,-1.2262765169143677
103705.0,-1.2449091672897339
103710.0,-1.228066325187683
103715.0,-1.226783275604248
103720.0,-1.2199736833572388
103725.0,-1.2351166009902954
103730.0,-1.2523400783538818
103735.0,-1.2173418998718262
103740.0,-1.2395999431610107
103745.0,-1.2349376678466797
103750.0,-1.222469449043274
103755.0,-1.2503193616867065
103760.0,-1.2278001308441162
103765.0,-1.2371305227279663
103770.0,-1.2305175065994263
103775.0,-1.2144429683685303
103780.0,-1.243452787399292
103785.0,-1.227158546447754
103790.0,-1.2057669162750244
103795.0,-1.2699949741363525
103800.0,-1.2163822650909424
103805.0,-1.219576358795166
103810.0,-1.2694177627563477
103815.0,-1.2117486000061035
103820.0,-1.2314388751983643
103825.0,-1.2495453357696533
103830.0,-1.2222819328308105
103835.0,-1.2526113986968994
103840.0,-1.2130385637283325
103845.0,-1.233644723892212
103850.0,-1.2326538562774658
103855.0,-1.2024834156036377
103860.0,-1.2402883768081665
103865.0,-1.2492759227752686
103870.0,-1.2004599571228027
103875.0,-1.2513906955718994
103880.0,-1.2160358428955078
103885.0,-1.230828046798706
103890.0,-1.2450636625289917
103895.0,-1.2062427997589111
103900.0,-1.2397077083587646
103905.0,-1.220372200012207
103910.0,-1.2086670398712158
103915.0,-1.2562580108642578
103920.0,-1.228771448135376
103925.0,-1.2172911167144775
103930.0,-1.2470066547393799
103935.0,-1.2224384546279907
103940.0,-1.232509970664978
103945.0,-1.2709264755249023
103950.0,-1.2212412357330322
103955.0,-1.2301222085952759
103960.0,-1.2471625804901123
103965.0,-1.2154412269592285
103970.0,-1.2267273664474487
103975.0,-1.2408561706542969
103980.0,-1.2254809141159058
103985.0,-1.2263398170471191
103990.0,-1.2202813625335693
103995.0,-1.2371530532836914
104000.0,-1.243829369544983
104005.0,-1.2175440788269043
104010.0,-1.2236406803131104
104015.0,-1.2374835014343262
104020.0,-1.215545415878296
104025.0,-1.2147892713546753
104030.0,-1.2240476608276367
104035.0,-1.2330281734466553
104040.0,-1.2082101106643677
104045.0,-1.2157748937606812
104050.0,-1.2351019382476807
104055.0,-1.2342898845672607
104060.0,-1.2265344858169556
104065.0,-1.2188875675201416
104070.0,-1.233907699584961
104075.0,-1.2243586778640747
104080.0,-1.2206087112426758
104085.0,-1.245181679725647
104090.0,-1.217392921447754
104095.0,-1.2170794010162354
104100.0,-1.2500910758972168
104105.0,-1.2114402055740356
104110.0,-1.2239662408828735
104115.0,-1.2528660297393799
104120.0,-1.2100558280944824
104125.0,-1.224366545677185
104130.0,-1.244683027267456
104135.0,-1.2158393859863281
104140.0,-1.241239070892334
104145.0,-1.2277319431304932
104150.0,-1.2179341316223145
104155.0,-1.224314570426941
104160.0,-1.2382820844650269
104165.0,-1.2116851806640625
104170.0,-1.235554575920105
104175.0,-1.2507290840148926
104180.0,-1.2119975090026855
104185.0,-1.2186241149902344
104190.0,-1.24301278591156
104195.0,-1.211402177810669
104200.0,-1.2210456132888794
104205.0,-1.238759994506836
104210.0,-1.2272727489471436
104215.0,-1.213781476020813
104220.0,-1.2267446517944336
104225.0,-1.2361104488372803
104230.0,-1.221116542816162
104235.0,-1.234468936920166
104240.0,-1.2348425388336182
104245.0,-1.217191219329834
104250.0,-1.2368205785751343
104255.0,-1.2264020442962646
104260.0,-1.2356975078582764
104265.0,-1.2278861999511719
104270.0,-1.2175533771514893
104275.0,-1.2351727485656738
104280.0,-1.2029502391815186
104285.0,-1.2297290563583374
104290.0,-1.2547461986541748
104295.0,-1.2288086414337158
104300.0,-1.2366622686386108
104305.0,-1.2404987812042236
104310.0,-1.2152477502822876
104315.0,-1.2429304122924805
104320.0,-1.2355676889419556
104325.0,-1.2256486415863037
104330.0,-1.2332932949066162
104335.0,-1.2080457210540771
104340.0,-1.2231762409210205
104345.0,-1.244319200515747
104350.0,-1.229503870010376
104355.0,-1.2267460823059082
104360.0,-1.23235023021698
104365.0,-1.2298269271850586
104370.0,-1.2353366613388062
104375.0,-1.2433714866638184
104380.0,-1.2386574745178223
104385.0,-1.2325292825698853
104390.0,-1.229043960571289
104395.0,-1.2386763095855713
104400.0,-1.221125841140747
104405.0,-1.2333184480667114
104410.0,-1.2428643703460693
104415.0,-1.2120985984802246
104420.0,-1.2277677059173584
104425.0,-1.2508869171142578
104430.0,-1.227890968322754
104435.0,-1.2243815660476685
104440.0,-1.2438106536865234
104445.0,-1.2224141359329224
104450.0,-1.2238438129425049
104455.0,-1.2461944818496704
104460.0,-1.2255817651748657
104465.0,-1.2190518379211426
104470.0,-1.2359319925308228
104475.0,-1.2358410358428955
104480.0,-1.2265584468841553
104485.0,-1.2429320812225342
104490.0,-1.2324659824371338
104495.0,-1.2382014989852905
104500.0,-1.2279926538467407
104505.0,-1.234714150428772
104510.0,-1.251282811164856
104515.0,-1.2254866361618042
104520.0,-1.2226024866104126
104525.0,-1.2555099725723267
104530.0,-1.2237473726272583
104535.0,-1.2178590297698975
104540.0,-1.2607066631317139
104545.0,-1.2268248796463013
104550.0,-1.223942756652832
104555.0,-1.2299654483795166
104560.0,-1.216080665588379
104565.0,-1.2368035316467285
104570.0,-1.2611260414123535
104575.0,-1.2045012712478638
104580.0,-1.2485787868499756
104585.0,-1.2529233694076538
104590.0,-1.2103756666183472
104595.0,-1.238203525543213
104600.0,-1.2594506740570068
104605.0,-1.2032151222229004
104610.0,-1.2350448369979858
104615.0,-1.233003854751587
104620.0,-1.211312174797058
104625.0,-1.252401351928711
104630.0,-1.2243517637252808
104635.0,-1.1990634202957153
104640.0,-1.2439913749694824
104645.0,-1.213308572769165
104650.0,-1.2109949588775635
104655.0,-1.247433066368103
104660.0,-1.2233401536941528
104665.0,-1.1994742155075073
104670.0,-1.2396814823150635
104675.0,-1.2214164733886719
104680.0,-1.2387200593948364
104685.0,-1.2473504543304443
104690.0,-1.2348765134811401
104695.0,-1.2271208763122559
104700.0,-1.2363526821136475
104705.0,-1.2442294359207153
104710.0,-1.2401689291000366
104715.0,-1.2369451522827148
104720.0,-1.2394428253173828
104725.0,-1.2202118635177612
104730.0,-1.228371262550354
104735.0,-1.2476301193237305
104740.0,-1.213200569152832
104745.0,-1.2316198348999023
104750.0,-1.2342920303344727
104755.0,-1.2175793647766113
104760.0,-1.2453616857528687
104765.0,-1.2301037311553955
104770.0,-1.2122933864593506
104775.0,-1.2566614151000977
104780.0,-1.201552152633667
104785.0,-1.22675621509552
104790.0,-1.2562446594238281
104795.0,-1.2121195793151855
104800.0,-1.2177653312683105
104805.0,-1.2408552169799805
104810.0,-1.2250406742095947
104815.0,-1.2434781789779663
104820.0,-1.218951940536499
104825.0,-1.219609260559082
104830.0,-1.2476282119750977
104835.0,-1.2008538246154785
104840.0,-1.217071771621704
104845.0,-1.2288150787353516
104850.0,-1.212419867515564
104855.0,-1.2231674194335938
104860.0,-1.2224897146224976
104865.0,-1.2393265962600708
104870.0,-1.2479116916656494
104875.0,-1.2274633646011353
104880.0,-1.2327958345413208
104885.0,-1.258859634399414
104890.0,-1.221849799156189
104895.0,-1.2537662982940674
104900.0,-1.2451950311660767
104905.0,-1.2177706956863403
104910.0,-1.2326627969741821
104915.0,-1.237586259841919
104920.0,-1.2098195552825928
104925.0,-1.23994779586792
104930.0,-1.2382081747055054
104935.0,-1.2247984409332275
104940.0,-1.2266103029251099
104945.0,-1.2343039512634277
104950.0,-1.227573037147522
104955.0,-1.2167248725891113
104960.0,-1.2339792251586914
104965.0,-1.234743356704712
104970.0,-1.2287418842315674
104975.0,-1.2125422954559326
104980.0,-1.206939935684204
104985.0,-1.2357707023620605
104990.0,-1.2405370473861694
104995.0,-1.2153351306915283
105000.0,-1.2307796478271484
105005.0,-1.2324327230453491
105010.0,-1.2340672016143799
105015.0,-1.234154462814331
105020.0,-1.2433661222457886
105025.0,-1.261096477508545
105030.0,-1.2227773666381836
105035.0,-1.20809006690979
105040.0,-1.2335951328277588
105045.0,-1.231406569480896
105050.0,-1.2292238473892212
105055.0,-1.2435808181762695
105060.0,-1.231654405593872
105065.0,-1.2338874340057373
105070.0,-1.255698323249817
105075.0,-1.2630174160003662
105080.0,-1.2486896514892578
105085.0,-1.2390556335449219
105090.0,-1.2369327545166016
105095.0,-1.2257670164108276
105100.0,-1.2509385347366333
105105.0,-1.2250834703445435
105110.0,-1.2318288087844849
105115.0,-1.2405259609222412
105120.0,-1.2162060737609863
105125.0,-1.222198486328125
105130.0,-1.2636349201202393
105135.0,-1.2278649806976318
105140.0,-1.235263705253601
105145.0,-1.249151349067688
105150.0,-1.2188092470169067
105155.0,-1.2249493598937988
105160.0,-1.2283098697662354
105165.0,-1.2256312370300293
105170.0,-1.2218043804168701
105175.0,-1.2236382961273193
105180.0,-1.231702208518982
105185.0,-1.2418471574783325
105190.0,-1.2299619913101196
105195.0,-1.2463107109069824
105200.0,-1.2426669597625732
105205.0,-1.2171247005462646
105210.0,-1.2343058586120605
105215.0,-1.2252228260040283
105220.0,-1.244784951210022
105225.0,-1.2440528869628906
105230.0,-1.2465434074401855
105235.0,-1.2283134460449219
105240.0,-1.236796498298645
105245.0,-1.2493631839752197
105250.0,-1.2470341920852661
105255.0,-1.2765522003173828
105260.0,-1.2583532333374023
105265.0,-1.238976001739502
105270.0,-1.2160754203796387
105275.0,-1.256622552871704
105280.0,-1.235297679901123
105285.0,-1.2112946510314941
105290.0,-1.2491471767425537
105295.0,-1.2374576330184937
105300.0,-1.2152464389801025
105305.0,-1.2393461465835571
105310.0,-1.2363321781158447
105315.0,-1.2203879356384277
105320.0,-1.236505389213562
105325.0,-1.233721137046814
105330.0,-1.2347617149353027
105335.0,-1.235608458518982
105340.0,-1.1996700763702393
105345.0,-1.2242233753204346
105350.0,-1.248278021812439
105355.0,-1.2303413152694702
105360.0,-1.2326070070266724
105365.0,-1.243369698524475
105370.0,-1.2355506420135498
105375.0,-1.23078453540802
105380.0,-1.2154953479766846
105385.0,-1.2140079736709595
105390.0,-1.2229111194610596
105395.0,-1.2200989723205566
105400.0,-1.2244610786437988
105405.0,-1.2335467338562012
105410.0,-1.2551379203796387
105415.0,-1.2323472499847412
105420.0,-1.2346563339233398
105425.0,-1.2608110904693604
105430.0,-1.2379281520843506
105435.0,-1.2446750402450562
105440.0,-1.2315927743911743
105445.0,-1.243459701538086
105450.0,-1.2256824970245361
105455.0,-1.2239606380462646
105460.0,-1.225836157798767
105465.0,-1.229011058807373
105470.0,-1.2328068017959595
105475.0,-1.2273740768432617
105480.0,-1.2425683736801147
105485.0,-1.2321109771728516
105490.0,-1.210009217262268
105495.0,-1.2462146282196045
105500.0,-1.2262046337127686
105505.0,-1.2316609621047974
105510.0,-1.2632019519805908
105515.0,-1.2245965003967285
105520.0,-1.2171710729599
105525.0,-1.2571187019348145
105530.0,-1.235798954963684
105535.0,-1.2255607843399048
105540.0,-1.2311584949493408
105545.0,-1.2207313776016235
105550.0,-1.2396608591079712
105555.0,-1.2184443473815918
105560.0,-1.238771677017212
105565.0,-1.2167885303497314
105570.0,-1.2103304862976074
105575.0,-1.2287483215332031
105580.0,-1.2382665872573853
105585.0,-1.2407066822052002
105590.0,-1.2471339702606201
105595.0,-1.2148690223693848
105600.0,-1.2123411893844604
105605.0,-1.2491989135742188
105610.0,-1.2379953861236572
105615.0,-1.2237335443496704
105620.0,-1.2412439584732056
105625.0,-1.245737075805664
105630.0,-1.2046117782592773
105635.0,-1.2342180013656616
105640.0,-1.2382080554962158
105645.0,-1.2303564548492432
105650.0,-1.2311851978302002
105655.0,-1.225864052772522
105660.0,-1.229240894317627
105665.0,-1.2307682037353516
105670.0,-1.2279058694839478
105675.0,-1.2307231426239014
105680.0,-1.2260171175003052
105685.0,-1.2311646938323975
105690.0,-1.2451179027557373
105695.0,-1.227486491203308
105700.0,-1.231555461883545
105705.0,-1.2378864288330078
105710.0,-1.2222042083740234
105715.0,-1.221059799194336
105720.0,-1.2199535369873047
105725.0,-1.23698890209198
105730.0,-1.2077966928482056
105735.0,-1.2075881958007812
105740.0,-1.223801851272583
105745.0,-1.2207090854644775
105750.0,-1.2369966506958008
105755.0,-1.2325202226638794
105760.0,-1.2217326164245605
105765.0,-1.2332289218902588
105770.0,-1.2313851118087769
105775.0,-1.2109301090240479
105780.0,-1.2455371618270874
105785.0,-1.2309246063232422
105790.0,-1.221128225326538
105795.0,-1.253385305404663
105800.0,-1.221620798110962
105805.0,-1.22983980178833
105810.0,-1.2666726112365723
105815.0,-1.233781337738037
105820.0,-1.2345249652862549
105825.0,-1.2448277473449707
105830.0,-1.2258168458938599
105835.0,-1.2459226846694946
105840.0,-1.2307379245758057
105845.0,-1.232545018196106
105850.0,-1.2237248420715332
105855.0,-1.2235639095306396
105860.0,-1.2416757345199585
105865.0,-1.2193963527679443
105870.0,-1.2308573722839355
105875.0,-1.2178282737731934
105880.0,-1.2070480585098267
105885.0,-1.2423676252365112
105890.0,-1.225289225578308
105895.0,-1.2157635688781738
105900.0,-1.2529388666152954
105905.0,-1.2206730842590332
105910.0,-1.194432020187378
105915.0,-1.248389720916748
105920.0,-1.2354097366333008
105925.0,-1.223435401916504
105930.0,-1.2602664232254028
105935.0,-1.2430076599121094
105940.0,-1.2108073234558105
105945.0,-1.2418406009674072
105950.0,-1.2420034408569336
105955.0,-1.2222023010253906
105960.0,-1.2344233989715576
105965.0,-1.2345280647277832
105970.0,-1.2011809349060059
105975.0,-1.2139787673950195
105980.0,-1.2539477348327637
105985.0,-1.2318166494369507
105990.0,-1.2268363237380981
105995.0,-1.2525250911712646
106000.0,-1.2261545658111572
106005.0,-1.2179630994796753
106010.0,-1.2406171560287476
106015.0,-1.2433291673660278
106020.0,-1.2010679244995117
106025.0,-1.2156083583831787
106030.0,-1.266584873199463
106035.0,-1.2212166786193848
106040.0,-1.2299631834030151
106045.0,-1.2552416324615479
106050.0,-1.226940393447876
106055.0,-1.2194006443023682
106060.0,-1.2656068801879883
106065.0,-1.215813159942627
106070.0,-1.2364623546600342
106075.0,-1.2432572841644287
106080.0,-1.1920820474624634
106085.0,-1.2332589626312256
106090.0,-1.2464178800582886
106095.0,-1.2112770080566406
106100.0,-1.245667576789856
106105.0,-1.2377586364746094
106110.0,-1.2018990516662598
106115.0,-1.229804277420044
106120.0,-1.2452377080917358
106125.0,-1.2183139324188232
106130.0,-1.22821843624115
106135.0,-1.238851547241211
106140.0,-1.2103829383850098
106145.0,-1.2324947118759155
106150.0,-1.2276285886764526
106155.0,-1.2203865051269531
106160.0,-1.2277454137802124
106165.0,-1.2271993160247803
106170.0,-1.2190046310424805
106175.0,-1.2516428232192993
106180.0,-1.229313850402832
106185.0,-1.2493512630462646
106190.0,-1.2452424764633179
106195.0,-1.234926700592041
106200.0,-1.2272162437438965
106205.0,-1.232503890991211
106210.0,-1.2403753995895386
106215.0,-1.2417521476745605
106220.0,-1.2091703414916992
106225.0,-1.2550039291381836
106230.0,-1.224644660949707
106235.0,-1.2128410339355469
106240.0,-1.2542892694473267
106245.0,-1.220609426498413
106250.0,-1.2121951580047607
106255.0,-1.2656433582305908
106260.0,-1.2230441570281982
106265.0,-1.2370318174362183
106270.0,-1.2408792972564697
106275.0,-1.2173316478729248
106280.0,-1.2305965423583984
106285.0,-1.2368940114974976
106290.0,-1.23777437210083
106295.0,-1.2295663356781006
106300.0,-1.2219246625900269
106305.0,-1.2283313274383545
106310.0,-1.2284456491470337
106315.0,-1.2397962808609009
106320.0,-1.2353827953338623
106325.0,-1.240098476409912
106330.0,-1.2237329483032227
106335.0,-1.2136845588684082
106340.0,-1.2343122959136963
106345.0,-1.2239303588867188
106350.0,-1.2267143726348877
106355.0,-1.231357216835022
106360.0,-1.2327888011932373
106365.0,-1.2061855792999268
106370.0,-1.2443997859954834
106375.0,-1.2354192733764648
106380.0,-1.2209856510162354
106385.0,-1.2390761375427246
106390.0,-1.2215919494628906
106395.0,-1.2095623016357422
106400.0,-1.251735806465149
106405.0,-1.2369810342788696
106410.0,-1.2057254314422607
106415.0,-1.2488316297531128
106420.0,-1.2233108282089233
106425.0,-1.2114405632019043
106430.0,-1.2488070726394653
106435.0,-1.232084035873413
106440.0,-1.2360888719558716
106445.0,-1.2331202030181885
106450.0,-1.220898985862732
106455.0,-1.2123785018920898
106460.0,-1.2284047603607178
106465.0,-1.2333059310913086
106470.0,-1.2202156782150269
106475.0,-1.2056126594543457
106480.0,-1.2446694374084473
106485.0,-1.2389224767684937
106490.0,-1.2034366130828857
106495.0,-1.2358675003051758
106500.0,-1.2470108270645142
106505.0,-1.2008497714996338
106510.0,-1.236548900604248
106515.0,-1.2421714067459106
106520.0,-1.2179293632507324
106525.0,-1.226064682006836
106530.0,-1.237131118774414
106535.0,-1.2223877906799316
106540.0,-1.256730079650879
106545.0,-1.2464044094085693
106550.0,-1.2272131443023682
106555.0,-1.2476978302001953
106560.0,-1.2401809692382812
106565.0,-1.217994213104248
106570.0,-1.2357945442199707
106575.0,-1.2362490892410278
106580.0,-1.236222743988037
106585.0,-1.2447859048843384
106590.0,-1.2336585521697998
106595.0,-1.2242143154144287
106600.0,-1.2536119222640991
106605.0,-1.2283706665039062
106610.0,-1.2148470878601074
106615.0,-1.2410730123519897
106620.0,-1.2105053663253784
106625.0,-1.2098203897476196
106630.0,-1.237052321434021
106635.0,-1.2305997610092163
106640.0,-1.2162727117538452
106645.0,-1.22021484375
106650.0,-1.232129693031311
106655.0,-1.2184470891952515
106660.0,-1.2145695686340332
106665.0,-1.2423632144927979
106670.0,-1.2299385070800781
106675.0,-1.2040904760360718
106680.0,-1.223265528678894
106685.0,-1.2371399402618408
106690.0,-1.2190754413604736
106695.0,-1.214728832244873
106700.0,-1.236334204673767
106705.0,-1.2157530784606934
106710.0,-1.2144064903259277
106715.0,-1.2365838289260864
106720.0,-1.2398276329040527
106725.0,-1.227566123008728
106730.0,-1.2443220615386963
106735.0,-1.231003761291504
106740.0,-1.2357759475708008
106745.0,-1.2384414672851562
106750.0,-1.2213420867919922
106755.0,-1.2334800958633423
106760.0,-1.2404468059539795
106765.0,-1.2358267307281494
106770.0,-1.2200562953948975
106775.0,-1.2206158638000488
106780.0,-1.2340353727340698
106785.0,-1.2361564636230469
106790.0,-1.2184016704559326
106795.0,-1.2306995391845703
106800.0,-1.2381062507629395
106805.0,-1.2136789560317993
106810.0,-1.2350666522979736
106815.0,-1.2278121709823608
106820.0,-1.246541142463684
106825.0,-1.215360403060913
106830.0,-1.21437668800354
106835.0,-1.2332751750946045
106840.0,-1.2348878383636475
106845.0,-1.2320442199707031
106850.0,-1.2485196590423584
106855.0,-1.2049797773361206
106860.0,-1.2218103408813477
106865.0,-1.2396972179412842
106870.0,-1.2295442819595337
106875.0,-1.2494263648986816
106880.0,-1.229485034942627
106885.0,-1.2264859676361084
106890.0,-1.235130786895752
106895.0,-1.2180548906326294
106900.0,-1.2346885204315186
106905.0,-1.2269998788833618
106910.0,-1.2293322086334229
106915.0,-1.2283408641815186
106920.0,-1.2149853706359863
106925.0,-1.2251231670379639
106930.0,-1.236600399017334
106935.0,-1.2146955728530884
106940.0,-1.2288610935211182
106945.0,-1.2406797409057617
106950.0,-1.214792013168335
106955.0,-1.232768177986145
106960.0,-1.2210917472839355
106965.0,-1.2277084589004517
106970.0,-1.2285540103912354
106975.0,-1.2251136302947998
106980.0,-1.2232900857925415
106985.0,-1.2281858921051025
106990.0,-1.219550609588623
106995.0,-1.239924430847168
107000.0,-1.2376885414123535
107005.0,-1.2297961711883545
107010.0,-1.2304267883300781
107015.0,-1.2040951251983643
107020.0,-1.2365058660507202
107025.0,-1.2449839115142822
107030.0,-1.2170181274414062
107035.0,-1.2382296323776245
107040.0,-1.2379581928253174
107045.0,-1.20621657371521
107050.0,-1.2439994812011719
107055.0,-1.2470462322235107
107060.0,-1.2217520475387573
107065.0,-1.2367151975631714
107070.0,-1.2340081930160522
107075.0,-1.221021056175232
107080.0,-1.2320647239685059
107085.0,-1.218587040901184
107090.0,-1.2344918251037598
107095.0,-1.2427847385406494
107100.0,-1.2171080112457275
107105.0,-1.2254408597946167
107110.0,-1.251341462135315
107115.0,-1.2214467525482178
107120.0,-1.2325959205627441
107125.0,-1.239898920059204
107130.0,-1.2202918529510498
107135.0,-1.2226192951202393
107140.0,-1.240260362625122
107145.0,-1.2366201877593994
107150.0,-1.2347021102905273
107155.0,-1.2305710315704346
107160.0,-1.2339609861373901
107165.0,-1.2323496341705322
107170.0,-1.246326208114624
107175.0,-1.2252792119979858
107180.0,-1.2598085403442383
107185.0,-1.2256484031677246
107190.0,-1.2233022451400757
107195.0,-1.2305364608764648
107200.0,-1.2464935779571533
107205.0,-1.215944528579712
107210.0,-1.2372175455093384
107215.0,-1.2260264158248901
107220.0,-1.2075973749160767
107225.0,-1.2339072227478027
107230.0,-1.23356294631958
107235.0,-1.2180665731430054
107240.0,-1.2443486452102661
107245.0,-1.2231054306030273
107250.0,-1.2064425945281982
107255.0,-1.2489633560180664
107260.0,-1.237514615058899
107265.0,-1.2265472412109375
107270.0,-1.242220401763916
107275.0,-1.2336571216583252
107280.0,-1.2235726118087769
107285.0,-1.2388049364089966
107290.0,-1.235062837600708
107295.0,-1.2279341220855713
107300.0,-1.2122070789337158
107305.0,-1.219592571258545
107310.0,-1.2316818237304688
107315.0,-1.2303216457366943
107320.0,-1.2295056581497192
107325.0,-1.2427729368209839
107330.0,-1.2307615280151367
107335.0,-1.2342071533203125
107340.0,-1.2308940887451172
107345.0,-1.2373260259628296
107350.0,-1.2189538478851318
107355.0,-1.2491101026535034
107360.0,-1.2172155380249023
107365.0,-1.2264399528503418
107370.0,-1.2200126647949219
107375.0,-1.2257108688354492
107380.0,-1.2083488702774048
107385.0,-1.2266324758529663
107390.0,-1.2248573303222656
107395.0,-1.2333871126174927
107400.0,-1.2155652046203613
107405.0,-1.2254053354263306
107410.0,-1.2448363304138184
107415.0,-1.2098159790039062
107420.0,-1.2449699640274048
107425.0,-1.24159836769104
107430.0,-1.205666422843933
107435.0,-1.2359846830368042
107440.0,-1.2394020557403564
107445.0,-1.2266335487365723
107450.0,-1.22538423538208
107455.0,-1.2110567092895508
107460.0,-1.241436243057251
107465.0,-1.2269281148910522
107470.0,-1.2134315967559814
107475.0,-1.2487788200378418
107480.0,-1.2332985401153564
107485.0,-1.2122927904129028
107490.0,-1.2317943572998047
107495.0,-1.2404096126556396
107500.0,-1.2252004146575928
107505.0,-1.2249692678451538
107510.0,-1.227912425994873
107515.0,-1.2293007373809814
107520.0,-1.2162481546401978
107525.0,-1.2318977117538452
107530.0,-1.2397518157958984
107535.0,-1.2305054664611816
107540.0,-1.2313404083251953
107545.0,-1.226300835609436
107550.0,-1.2368850708007812
107555.0,-1.2359709739685059
107560.0,-1.2264248132705688
107565.0,-1.2453994750976562
107570.0,-1.2339856624603271
107575.0,-1.2135848999023438
107580.0,-1.2344601154327393
107585.0,-1.2335245609283447
107590.0,-1.2070063352584839
107595.0,-1.2325999736785889
107600.0,-1.215806245803833
107605.0,-1.2358956336975098
107610.0,-1.2319395542144775
107615.0,-1.216542363166809
107620.0,-1.231597661972046
107625.0,-1.2483168840408325
107630.0,-1.2258192300796509
107635.0,-1.2393085956573486
107640.0,-1.2376224994659424
107645.0,-1.2247244119644165
107650.0,-1.2229597568511963
107655.0,-1.2355961799621582
107660.0,-1.2354682683944702
107665.0,-1.2222602367401123
107670.0,-1.2411439418792725
107675.0,-1.218597173690796
107680.0,-1.2207366228103638
107685.0,-1.2398852109909058
107690.0,-1.2251876592636108
107695.0,-1.2276780605316162
107700.0,-1.2416666746139526
107705.0,-1.2095253467559814
107710.0,-1.2254897356033325
107715.0,-1.2305618524551392
107720.0,-1.217261791229248
107725.0,-1.2340974807739258
107730.0,-1.226923942565918
107735.0,-1.21139657497406
107740.0,-1.2308355569839478
107745.0,-1.229755163192749
107750.0,-1.230395793914795
107755.0,-1.2302608489990234
107760.0,-1.2262495756149292
107765.0,-1.2251379489898682
107770.0,-1.235601544380188
107775.0,-1.2133359909057617
107780.0,-1.23647141456604
107785.0,-1.240176796913147
107790.0,-1.2234869003295898
107795.0,-1.2165621519088745
107800.0,-1.2405939102172852
107805.0,-1.2314395904541016
107810.0,-1.2264472246170044
107815.0,-1.2454555034637451
107820.0,-1.233626365661621
107825.0,-1.2178928852081299
107830.0,-1.2404565811157227
107835.0,-1.2471373081207275
107840.0,-1.2143995761871338
107845.0,-1.245177984237671
107850.0,-1.229673981666565
107855.0,-1.2034693956375122
107860.0,-1.2561644315719604
107865.0,-1.2449405193328857
107870.0,-1.2193896770477295
107875.0,-1.2430970668792725
107880.0,-1.2418735027313232
107885.0,-1.2135047912597656
107890.0,-1.2542592287063599
107895.0,-1.2290501594543457
107900.0,-1.2199225425720215
107905.0,-1.2269186973571777
107910.0,-1.2207130193710327
107915.0,-1.223919153213501
107920.0,-1.239472508430481
107925.0,-1.2319583892822266
107930.0,-1.2343940734863281
107935.0,-1.2365812063217163
107940.0,-1.229151964187622
107945.0,-1.2412816286087036
107950.0,-1.2379412651062012
107955.0,-1.232146978378296
107960.0,-1.2573105096817017
107965.0,-1.2241125106811523
107970.0,-1.2216631174087524
107975.0,-1.2423489093780518
107980.0,-1.2241462469100952
107985.0,-1.2352194786071777
107990.0,-1.2283680438995361
107995.0,-1.2289289236068726
108000.0,-1.2505764961242676
108005.0,-1.2313461303710938
108010.0,-1.2244436740875244
108015.0,-1.2553796768188477
108020.0,-1.2369518280029297
108025.0,-1.2223694324493408
108030.0,-1.2623180150985718
108035.0,-1.2259459495544434
108040.0,-1.240309715270996
108045.0,-1.2145740985870361
108050.0,-1.2378958463668823
108055.0,-1.2607815265655518
108060.0,-1.2211730480194092
108065.0,-1.2446156740188599
108070.0,-1.2389389276504517
108075.0,-1.2118570804595947
108080.0,-1.2459955215454102
108085.0,-1.2492238283157349
108090.0,-1.2286500930786133
108095.0,-1.242715835571289
108100.0,-1.242600679397583
108105.0,-1.226609706878662
108110.0,-1.2257236242294312
108115.0,-1.244443416595459
108120.0,-1.2412911653518677
108125.0,-1.223279595375061
108130.0,-1.2374917268753052
108135.0,-1.2334375381469727
108140.0,-1.2149662971496582
108145.0,-1.2365562915802002
108150.0,-1.2343977689743042
108155.0,-1.223279595375061
108160.0,-1.2399624586105347
108165.0,-1.2136054039001465
108170.0,-1.219754934310913
108175.0,-1.2627930641174316
108180.0,-1.219706654548645
108185.0,-1.2366516590118408
108190.0,-1.2385871410369873
108195.0,-1.2124460935592651
108200.0,-1.2299787998199463
108205.0,-1.2652684450149536
108210.0,-1.2082908153533936
108215.0,-1.2381478548049927
108220.0,-1.2375478744506836
108225.0,-1.1989529132843018
108230.0,-1.2409919500350952
108235.0,-1.2331452369689941
108240.0,-1.2159563302993774
108245.0,-1.2390536069869995
108250.0,-1.2292126417160034
108255.0,-1.210014820098877
108260.0,-1.2353260517120361
108265.0,-1.2140007019042969
108270.0,-1.2200055122375488
108275.0,-1.2424511909484863
108280.0,-1.199692726135254
108285.0,-1.222728967666626
108290.0,-1.2560585737228394
108295.0,-1.2010422945022583
108300.0,-1.23775053024292
108305.0,-1.2464089393615723
108310.0,-1.2087359428405762
108315.0,-1.2315783500671387
108320.0,-1.2318507432937622
108325.0,-1.2193796634674072
108330.0,-1.2479450702667236
108335.0,-1.2268818616867065
108340.0,-1.2131597995758057
108345.0,-1.2404212951660156
108350.0,-1.226568579673767
108355.0,-1.2241439819335938
108360.0,-1.235851764678955
108365.0,-1.230129599571228
108370.0,-1.216677188873291
108375.0,-1.2247693538665771
108380.0,-1.2232577800750732
108385.0,-1.2233844995498657
108390.0,-1.2248934507369995
108395.0,-1.2281785011291504
108400.0,-1.2320876121520996
108405.0,-1.230675220489502
108410.0,-1.2327320575714111
108415.0,-1.2267169952392578
108420.0,-1.2483419179916382
108425.0,-1.2242670059204102
108430.0,-1.245568037033081
108435.0,-1.24173903465271
108440.0,-1.2274764776229858
108445.0,-1.2361507415771484
108450.0,-1.2316367626190186
108455.0,-1.2122349739074707
108460.0,-1.2332884073257446
108465.0,-1.221896767616272
108470.0,-1.2043554782867432
108475.0,-1.2245397567749023
108480.0,-1.2301340103149414
108485.0,-1.2394697666168213
108490.0,-1.239896535873413
108495.0,-1.2270095348358154
108500.0,-1.2312917709350586
108505.0,-1.2270960807800293
108510.0,-1.2393101453781128
108515.0,-1.2543107271194458
108520.0,-1.2213492393493652
108525.0,-1.2437028884887695
108530.0,-1.221321702003479
108535.0,-1.2094550132751465
108540.0,-1.2503595352172852
108545.0,-1.2419990301132202
108550.0,-1.2239035367965698
108555.0,-1.2451471090316772
108560.0,-1.2223385572433472
108565.0,-1.2201553583145142
108570.0,-1.2471070289611816
108575.0,-1.2201313972473145
108580.0,-1.2244325876235962
108585.0,-1.2388200759887695
108590.0,-1.2283391952514648
108595.0,-1.2177817821502686
108600.0,-1.2410290241241455
108605.0,-1.2376223802566528
108610.0,-1.2146672010421753
108615.0,-1.2295982837677002
108620.0,-1.2332696914672852
108625.0,-1.2125813961029053
108630.0,-1.2434377670288086
108635.0,-1.239345908164978
108640.0,-1.2169272899627686
108645.0,-1.2542345523834229
108650.0,-1.2248177528381348
108655.0,-1.2184478044509888
108660.0,-1.249812126159668
108665.0,-1.2228946685791016
108670.0,-1.221289873123169
108675.0,-1.2468700408935547
108680.0,-1.2201430797576904
108685.0,-1.2127676010131836
108690.0,-1.2576144933700562
108695.0,-1.218153476715088
108700.0,-1.2212421894073486
108705.0,-1.2321523427963257
108710.0,-1.2285665273666382
108715.0,-1.229110598564148
108720.0,-1.2301621437072754
108725.0,-1.2215114831924438
108730.0,-1.251516580581665
108735.0,-1.2162398099899292
108740.0,-1.2164239883422852
108745.0,-1.2580206394195557
108750.0,-1.2180302143096924
108755.0,-1.233606219291687
108760.0,-1.2529940605163574
108765.0,-1.2139134407043457
108770.0,-1.2298074960708618
108775.0,-1.2150518894195557
108780.0,-1.2313342094421387
108785.0,-1.2354328632354736
108790.0,-1.2287845611572266
108795.0,-1.2211644649505615
108800.0,-1.2237801551818848
108805.0,-1.241912841796875
108810.0,-1.2327415943145752
108815.0,-1.2321727275848389
108820.0,-1.2384120225906372
108825.0,-1.22670578956604
108830.0,-1.2316442728042603
108835.0,-1.2514851093292236
108840.0,-1.2062984704971313
108845.0,-1.2378392219543457
108850.0,-1.2316919565200806
108855.0,-1.2137668132781982
108860.0,-1.2296525239944458
108865.0,-1.2428598403930664
108870.0,-1.2404719591140747
108875.0,-1.21498703956604
108880.0,-1.2183401584625244
108885.0,-1.234560251235962
108890.0,-1.2231099605560303
108895.0,-1.2105004787445068
108900.0,-1.236399531364441
108905.0,-1.230549693107605
108910.0,-1.202805519104004
108915.0,-1.24688720703125
108920.0,-1.226287841796875
108925.0,-1.2098273038864136
108930.0,-1.2306690216064453
108935.0,-1.237924337387085
108940.0,-1.215997338294983
108945.0,-1.2400736808776855
108950.0,-1.242492437362671
108955.0,-1.2222278118133545
108960.0,-1.2398865222930908
108965.0,-1.2412116527557373
108970.0,-1.2153534889221191
108975.0,-1.2369108200073242
108980.0,-1.2467001676559448
108985.0,-1.2171356678009033
108990.0,-1.2360575199127197
108995.0,-1.2300567626953125
109000.0,-1.2271965742111206
109005.0,-1.2366421222686768
109010.0,-1.22309410572052
109015.0,-1.2394089698791504
109020.0,-1.2311453819274902
109025.0,-1.229862928390503
109030.0,-1.2392926216125488
109035.0,-1.2375799417495728
109040.0,-1.2480977773666382
109045.0,-1.238612413406372
109050.0,-1.2092078924179077
109055.0,-1.2460260391235352
109060.0,-1.2431278228759766
109065.0,-1.1889439821243286
109070.0,-1.2452610731124878
109075.0,-1.2435438632965088
109080.0,-1.2141766548156738
109085.0,-1.2165358066558838
109090.0,-1.251871109008789
109095.0,-1.2243046760559082
109100.0,-1.2158695459365845
109105.0,-1.2482677698135376
109110.0,-1.23189115524292
109115.0,-1.2037546634674072
109120.0,-1.2529234886169434
109125.0,-1.2413678169250488
109130.0,-1.2077224254608154
109135.0,-1.2372015714645386
109140.0,-1.2305834293365479
109145.0,-1.2077906131744385
109150.0,-1.255117416381836
109155.0,-1.2350163459777832
109160.0,-1.2291216850280762
109165.0,-1.2394771575927734
109170.0,-1.2220802307128906
109175.0,-1.2334463596343994
109180.0,-1.2508814334869385
109185.0,-1.2303693294525146
109190.0,-1.223524808883667
109195.0,-1.2406258583068848
109200.0,-1.228269100189209
109205.0,-1.2344048023223877
109210.0,-1.2385520935058594
109215.0,-1.2277681827545166
109220.0,-1.227734923362732
109225.0,-1.2182085514068604
109230.0,-1.2228500843048096
109235.0,-1.24068284034729
109240.0,-1.2225261926651
109245.0,-1.221819281578064
109250.0,-1.2328088283538818
109255.0,-1.2172755002975464
109260.0,-1.2302329540252686
109265.0,-1.242607831954956
109270.0,-1.2176241874694824
109275.0,-1.218402624130249
109280.0,-1.2299296855926514
109285.0,-1.2313050031661987
109290.0,-1.2332557439804077
109295.0,-1.2135065793991089
109300.0,-1.2316453456878662
109305.0,-1.223719835281372
109310.0,-1.21710205078125
109315.0,-1.2533671855926514
109320.0,-1.2260289192199707
109325.0,-1.2180602550506592
109330.0,-1.2380845546722412
109335.0,-1.226736307144165
109340.0,-1.234073281288147
109345.0,-1.25136399269104
109350.0,-1.2201122045516968
109355.0,-1.237837314605713
109360.0,-1.2295031547546387
109365.0,-1.214756965637207
109370.0,-1.2449449300765991
109375.0,-1.2088775634765625
109380.0,-1.2318679094314575
109385.0,-1.2214159965515137
109390.0,-1.22573983669281
109395.0,-1.2423161268234253
109400.0,-1.239898920059204
109405.0,-1.2163890600204468
109410.0,-1.243901014328003
109415.0,-1.230170726776123
109420.0,-1.2227859497070312
109425.0,-1.2399287223815918
109430.0,-1.2489198446273804
109435.0,-1.208165168762207
109440.0,-1.2369661331176758
109445.0,-1.2372853755950928
109450.0,-1.2080585956573486
109455.0,-1.2424075603485107
109460.0,-1.2289153337478638
109465.0,-1.2159970998764038
109470.0,-1.2354111671447754
109475.0,-1.2196989059448242
109480.0,-1.2104820013046265
109485.0,-1.244990348815918
109490.0,-1.2224239110946655
109495.0,-1.212309718132019
109500.0,-1.2475459575653076
109505.0,-1.2188761234283447
109510.0,-1.2091660499572754
109515.0,-1.2509011030197144
109520.0,-1.2258985042572021
109525.0,-1.230884075164795
109530.0,-1.2379274368286133
109535.0,-1.2135136127471924
109540.0,-1.245835304260254
109545.0,-1.2272412776947021
109550.0,-1.2143187522888184
109555.0,-1.2393242120742798
109560.0,-1.2311099767684937
109565.0,-1.2067809104919434
109570.0,-1.2447565793991089
109575.0,-1.2284166812896729
109580.0,-1.2157378196716309
109585.0,-1.2446032762527466
109590.0,-1.2276036739349365
109595.0,-1.2229101657867432
109600.0,-1.246962070465088
109605.0,-1.236159324645996
109610.0,-1.216923475265503
109615.0,-1.2437663078308105
109620.0,-1.2274894714355469
109625.0,-1.2477362155914307
109630.0,-1.2122715711593628
109635.0,-1.2378346920013428
109640.0,-1.2402573823928833
109645.0,-1.2213120460510254
109650.0,-1.2401881217956543
109655.0,-1.2364826202392578
109660.0,-1.2175958156585693
109665.0,-1.2199225425720215
109670.0,-1.241055965423584
109675.0,-1.2379307746887207
109680.0,-1.2325239181518555
109685.0,-1.2261466979980469
109690.0,-1.241896629333496
109695.0,-1.2336602210998535
109700.0,-1.2369309663772583
109705.0,-1.2478785514831543
109710.0,-1.2310998439788818
109715.0,-1.258599042892456
109720.0,-1.221625566482544
109725.0,-1.2423303127288818
109730.0,-1.2309200763702393
109735.0,-1.2252771854400635
109740.0,-1.2382612228393555
109745.0,-1.209311604499817
109750.0,-1.2320637702941895
109755.0,-1.2526191473007202
109760.0,-1.218423843383789
109765.0,-1.2328343391418457
109770.0,-1.2354846000671387
109775.0,-1.2087851762771606
109780.0,-1.2400672435760498
109785.0,-1.2140007019042969
109790.0,-1.2365930080413818
109795.0,-1.220912218093872
109800.0,-1.2257277965545654
109805.0,-1.2163245677947998
109810.0,-1.2203483581542969
109815.0,-1.2404546737670898
109820.0,-1.2293155193328857
109825.0,-1.2225325107574463
109830.0,-1.240004301071167
109835.0,-1.2366631031036377
109840.0,-1.2095575332641602
109845.0,-1.25021493434906
109850.0,-1.2360177040100098
109855.0,-1.205829381942749
109860.0,-1.240714430809021
109865.0,-1.2583900690078735
109870.0,-1.191713809967041
109875.0,-1.2401926517486572
109880.0,-1.2380874156951904
109885.0,-1.2097876071929932
109890.0,-1.2463072538375854
109895.0,-1.2270269393920898
109900.0,-1.21919846534729
109905.0,-1.2336149215698242
109910.0,-1.2077174186706543
109915.0,-1.2428072690963745
109920.0,-1.2505860328674316
109925.0,-1.204146146774292
109930.0,-1.2422726154327393
109935.0,-1.239353895187378
109940.0,-1.2020022869110107
109945.0,-1.2503385543823242
109950.0,-1.2240118980407715
109955.0,-1.2082884311676025
109960.0,-1.232792615890503
109965.0,-1.22336745262146
109970.0,-1.2141581773757935
109975.0,-1.240725040435791
109980.0,-1.2245590686798096
109985.0,-1.2171211242675781
109990.0,-1.2306615114212036
109995.0,-1.2346723079681396
110000.0,-1.2313947677612305
110005.0,-1.230272650718689
110010.0,-1.2368342876434326
110015.0,-1.2269706726074219
110020.0,-1.2190682888031006
110025.0,-1.2476972341537476
110030.0,-1.233832597732544
110035.0,-1.22295081615448
110040.0,-1.2357898950576782
110045.0,-1.223144769668579
110050.0,-1.231126070022583
110055.0,-1.2397558689117432
110060.0,-1.2294849157333374
110065.0,-1.2210798263549805
110070.0,-1.2375683784484863
110075.0,-1.2225706577301025
110080.0,-1.235264539718628
110085.0,-1.22160005569458
110090.0,-1.2259998321533203
110095.0,-1.2318060398101807
110100.0,-1.2121400833129883
110105.0,-1.2233381271362305
110110.0,-1.2394447326660156
110115.0,-1.2177915573120117
110120.0,-1.2347590923309326
110125.0,-1.2433114051818848
110130.0,-1.222705364227295
110135.0,-1.2300336360931396
110140.0,-1.2553870677947998
110145.0,-1.2063560485839844
110150.0,-1.2435815334320068
110155.0,-1.245945692062378
110160.0,-1.2176107168197632
110165.0,-1.2256182432174683
110170.0,-1.2273340225219727
110175.0,-1.2252037525177002
110180.0,-1.2359156608581543
110185.0,-1.235742211341858
110190.0,-1.2188405990600586
110195.0,-1.2522916793823242
110200.0,-1.2281808853149414
110205.0,-1.2246737480163574
110210.0,-1.2428356409072876
110215.0,-1.2414610385894775
110220.0,-1.2134404182434082
110225.0,-1.2280149459838867
110230.0,-1.2418272495269775
110235.0,-1.2320598363876343
110240.0,-1.2242804765701294
110245.0,-1.2459325790405273
110250.0,-1.2213952541351318
110255.0,-1.2194668054580688
110260.0,-1.2262171506881714
110265.0,-1.2292611598968506
110270.0,-1.2344039678573608
110275.0,-1.229516863822937
110280.0,-1.2222634553909302
110285.0,-1.2264935970306396
110290.0,-1.2190883159637451
110295.0,-1.2284719944000244
110300.0,-1.229581594467163
110305.0,-1.225548505783081
110310.0,-1.2342729568481445
110315.0,-1.235007882118225
110320.0,-1.212479591369629
110325.0,-1.2413676977157593
110330.0,-1.2325942516326904
110335.0,-1.212057113647461
110340.0,-1.2544068098068237
110345.0,-1.2282917499542236
110350.0,-1.1981592178344727
110355.0,-1.2642649412155151
110360.0,-1.2316266298294067
110365.0,-1.1924799680709839
110370.0,-1.2677905559539795
110375.0,-1.2248272895812988
110380.0,-1.210910677909851
110385.0,-1.2769955396652222
110390.0,-1.2278834581375122
110395.0,-1.2148652076721191
110400.0,-1.2512198686599731
110405.0,-1.226271152496338
110410.0,-1.2316361665725708
110415.0,-1.2315020561218262
110420.0,-1.2422807216644287
110425.0,-1.2355082035064697
110430.0,-1.2186317443847656
110435.0,-1.2478346824645996
110440.0,-1.2278015613555908
110445.0,-1.2209267616271973
110450.0,-1.2366151809692383
110455.0,-1.2185965776443481
110460.0,-1.229581356048584
110465.0,-1.2310669422149658
110470.0,-1.2275311946868896
110475.0,-1.242661952972412
110480.0,-1.242443323135376
110485.0,-1.2217594385147095
110490.0,-1.2299437522888184
110495.0,-1.238055944442749
110500.0,-1.2310726642608643
110505.0,-1.245516061782837
110510.0,-1.2672157287597656
110515.0,-1.2270106077194214
110520.0,-1.2251605987548828
110525.0,-1.2356390953063965
110530.0,-1.2190048694610596
110535.0,-1.2193100452423096
110540.0,-1.2506219148635864
110545.0,-1.2236192226409912
110550.0,-1.2190502882003784
110555.0,-1.2416751384735107
110560.0,-1.22922945022583
110565.0,-1.2320476770401
110570.0,-1.2449889183044434
110575.0,-1.2414318323135376
110580.0,-1.2267405986785889
110585.0,-1.255553126335144
110590.0,-1.198997974395752
110595.0,-1.2171778678894043
110600.0,-1.2248954772949219
110605.0,-1.224031925201416
110610.0,-1.230060338973999
110615.0,-1.2442409992218018
110620.0,-1.219315528869629
110625.0,-1.2390844821929932
110630.0,-1.2481462955474854
110635.0,-1.2271761894226074
110640.0,-1.2354815006256104
110645.0,-1.2520172595977783
110650.0,-1.2346150875091553
110655.0,-1.2273640632629395
110660.0,-1.2317286729812622
110665.0,-1.2271780967712402
110670.0,-1.2262518405914307
110675.0,-1.2309844493865967
110680.0,-1.2507824897766113
110685.0,-1.2277231216430664
110690.0,-1.214221715927124
110695.0,-1.2423536777496338
110700.0,-1.2489110231399536
110705.0,-1.2128758430480957
110710.0,-1.230384111404419
110715.0,-1.2268412113189697
110720.0,-1.2193548679351807
110725.0,-1.206760048866272
110730.0,-1.219081163406372
110735.0,-1.226977825164795
110740.0,-1.2345017194747925
110745.0,-1.222787618637085
110750.0,-1.2362518310546875
110755.0,-1.2165889739990234
110760.0,-1.2260807752609253
110765.0,-1.2373510599136353
110770.0,-1.2137017250061035
110775.0,-1.2322944402694702
110780.0,-1.2478559017181396
110785.0,-1.2074445486068726
110790.0,-1.224963665008545
110795.0,-1.248954176902771
110800.0,-1.2261059284210205
110805.0,-1.2285034656524658
110810.0,-1.243180513381958
110815.0,-1.2174649238586426
110820.0,-1.2482783794403076
110825.0,-1.2153486013412476
110830.0,-1.226379632949829
110835.0,-1.2336779832839966
110840.0,-1.2329782247543335
110845.0,-1.2207211256027222
110850.0,-1.2352609634399414
110855.0,-1.2224235534667969
110860.0,-1.2208623886108398
110865.0,-1.2291996479034424
110870.0,-1.2403647899627686
110875.0,-1.232161283493042
110880.0,-1.2364003658294678
110885.0,-1.2532811164855957
110890.0,-1.2319672107696533
110895.0,-1.2494003772735596
110900.0,-1.2357511520385742
110905.0,-1.2427479028701782
110910.0,-1.2559733390808105
110915.0,-1.245499610900879
110920.0,-1.2154757976531982
110925.0,-1.2301523685455322
110930.0,-1.2297667264938354
110935.0,-1.2215473651885986
110940.0,-1.2368818521499634
110945.0,-1.2396633625030518
110950.0,-1.2170692682266235
110955.0,-1.2174326181411743
110960.0,-1.231008768081665
110965.0,-1.2291061878204346
110970.0,-1.225256085395813
110975.0,-1.2382012605667114
110980.0,-1.2384040355682373
110985.0,-1.223533034324646
110990.0,-1.225780963897705
110995.0,-1.2297468185424805
111000.0,-1.2293684482574463
111005.0,-1.2202668190002441
111010.0,-1.2195028066635132
111015.0,-1.238617181777954
111020.0,-1.2023050785064697
111025.0,-1.229628086090088
111030.0,-1.2501683235168457
111035.0,-1.2078237533569336
111040.0,-1.2300739288330078
111045.0,-1.24094820022583
111050.0,-1.2160016298294067
111055.0,-1.2476725578308105
111060.0,-1.2362841367721558
111065.0,-1.2376251220703125
111070.0,-1.2346935272216797
111075.0,-1.2199304103851318
111080.0,-1.254561424255371
111085.0,-1.2358245849609375
111090.0,-1.2473334074020386
111095.0,-1.2510426044464111
111100.0,-1.2122641801834106
111105.0,-1.2351493835449219
111110.0,-1.2396564483642578
111115.0,-1.2077844142913818
111120.0,-1.234107255935669
111125.0,-1.2396326065063477
111130.0,-1.2210748195648193
111135.0,-1.243114948272705
111140.0,-1.2176287174224854
111145.0,-1.2240979671478271
111150.0,-1.2654536962509155
111155.0,-1.2272202968597412
111160.0,-1.2279460430145264
111165.0,-1.216484546661377
111170.0,-1.2224876880645752
111175.0,-1.2091922760009766
111180.0,-1.235039234161377
111185.0,-1.2393102645874023
111190.0,-1.221048355102539
111195.0,-1.2082719802856445
111200.0,-1.2246427536010742
111205.0,-1.2440705299377441
111210.0,-1.23816978931427
111215.0,-1.236066460609436
111220.0,-1.223726511001587
111225.0,-1.2268997430801392
111230.0,-1.2141687870025635
111235.0,-1.2307579517364502
111240.0,-1.2239863872528076
111245.0,-1.2384321689605713
111250.0,-1.2194148302078247
111255.0,-1.2404215335845947
111260.0,-1.219071626663208
111265.0,-1.213071584701538
111270.0,-1.2262461185455322
111275.0,-1.2166023254394531
111280.0,-1.231019139289856
111285.0,-1.2291505336761475
111290.0,-1.228304386138916
111295.0,-1.2207757234573364
111300.0,-1.2312300205230713
111305.0,-1.2485287189483643
111310.0,-1.2364915609359741
111315.0,-1.2301265001296997
111320.0,-1.218319058418274
111325.0,-1.2311081886291504
111330.0,-1.2356599569320679
111335.0,-1.222636103630066
111340.0,-1.2379558086395264
111345.0,-1.218610167503357
111350.0,-1.2297548055648804
111355.0,-1.2489261627197266
111360.0,-1.239276647567749
111365.0,-1.2252202033996582
111370.0,-1.236393928527832
111375.0,-1.2130175828933716
111380.0,-1.2351715564727783
111385.0,-1.2413811683654785
111390.0,-1.2259554862976074
111395.0,-1.2434210777282715
111400.0,-1.2270119190216064
111405.0,-1.2127944231033325
111410.0,-1.2426255941390991
111415.0,-1.2362029552459717
111420.0,-1.224983811378479
111425.0,-1.2312648296356201
111430.0,-1.2228353023529053
111435.0,-1.2272688150405884
111440.0,-1.2381064891815186
111445.0,-1.2258213758468628
111450.0,-1.2260775566101074
111455.0,-1.239403247833252
111460.0,-1.2219839096069336
111465.0,-1.2305209636688232
111470.0,-1.2560160160064697
111475.0,-1.2136743068695068
111480.0,-1.223317265510559
111485.0,-1.2321499586105347
111490.0,-1.2436028718948364
111495.0,-1.2140896320343018
111500.0,-1.2260847091674805
111505.0,-1.2521101236343384
111510.0,-1.2321619987487793
111515.0,-1.2181518077850342
111520.0,-1.238060474395752
111525.0,-1.2488343715667725
111530.0,-1.2291539907455444
111535.0,-1.21736478805542
111540.0,-1.228772521018982
111545.0,-1.234940767288208
111550.0,-1.2169394493103027
111555.0,-1.2244025468826294
111560.0,-1.2077282667160034
111565.0,-1.2463691234588623
111570.0,-1.223745346069336
111575.0,-1.2027597427368164
111580.0,-1.2295258045196533
111585.0,-1.2192131280899048
111590.0,-1.2023167610168457
111595.0,-1.2394907474517822
111600.0,-1.2293727397918701
111605.0,-1.2173399925231934
111610.0,-1.210009217262268
111615.0,-1.216306447982788
111620.0,-1.2507492303848267
111625.0,-1.2476301193237305
111630.0,-1.2115401029586792
111635.0,-1.232461929321289
111640.0,-1.233999252319336
111645.0,-1.210359811782837
111650.0,-1.2646758556365967
111655.0,-1.2186944484710693
111660.0,-1.214555025100708
111665.0,-1.234768033027649
111670.0,-1.2161927223205566
111675.0,-1.2465533018112183
111680.0,-1.2589144706726074
111685.0,-1.195695161819458
111690.0,-1.2461820840835571
111695.0,-1.2219799757003784
111700.0,-1.1956380605697632
111705.0,-1.2608661651611328
111710.0,-1.2230305671691895
111715.0,-1.2181798219680786
111720.0,-1.2275961637496948
111725.0,-1.2140724658966064
111730.0,-1.236783742904663
111735.0,-1.2423744201660156
111740.0,-1.2158676385879517
111745.0,-1.229482889175415
111750.0,-1.2276099920272827
111755.0,-1.214709758758545
111760.0,-1.2287542819976807
111765.0,-1.2347625494003296
111770.0,-1.219611644744873
111775.0,-1.227457880973816
111780.0,-1.2216864824295044
111785.0,-1.2315163612365723
111790.0,-1.232445478439331
111795.0,-1.228904128074646
111800.0,-1.231756329536438
111805.0,-1.2339372634887695
111810.0,-1.2106575965881348
111815.0,-1.2313358783721924
111820.0,-1.2552334070205688
111825.0,-1.2122156620025635
111830.0,-1.2296864986419678
111835.0,-1.2577855587005615
111840.0,-1.1998307704925537
111845.0,-1.2414264678955078
111850.0,-1.242066740989685
111855.0,-1.2149715423583984
111860.0,-1.2416518926620483
111865.0,-1.2315789461135864
111870.0,-1.2162829637527466
111875.0,-1.2553390264511108
111880.0,-1.2224628925323486
111885.0,-1.2145198583602905
111890.0,-1.242904543876648
111895.0,-1.2337557077407837
111900.0,-1.2501130104064941
111905.0,-1.2183445692062378
111910.0,-1.2376295328140259
111915.0,-1.2429678440093994
111920.0,-1.222878336906433
111925.0,-1.2334177494049072
111930.0,-1.238435983657837
111935.0,-1.2100515365600586
111940.0,-1.2302557229995728
111945.0,-1.2189209461212158
111950.0,-1.2154603004455566
111955.0,-1.240016222000122
111960.0,-1.23178231716156
111965.0,-1.220037817955017
111970.0,-1.2108008861541748
111975.0,-1.2355186939239502
111980.0,-1.2221665382385254
111985.0,-1.2267513275146484
111990.0,-1.2270618677139282
111995.0,-1.2174803018569946
112000.0,-1.2202861309051514
112005.0,-1.2364771366119385
112010.0,-1.234456181526184
112015.0,-1.2319550514221191
112020.0,-1.2352125644683838
112025.0,-1.2262465953826904
112030.0,-1.2197866439819336
112035.0,-1.2269487380981445
112040.0,-1.2401738166809082
112045.0,-1.2265973091125488
112050.0,-1.2033891677856445
112055.0,-1.2229671478271484
112060.0,-1.24158775806427
112065.0,-1.2246639728546143
112070.0,-1.2398717403411865
112075.0,-1.243703842163086
112080.0,-1.2287589311599731
112085.0,-1.2193500995635986
112090.0,-1.2422780990600586
112095.0,-1.231128454208374
112100.0,-1.2232965230941772
112105.0,-1.2389492988586426
112110.0,-1.222120761871338
112115.0,-1.2209622859954834
112120.0,-1.2360841035842896
112125.0,-1.2376244068145752
112130.0,-1.2529581785202026
112135.0,-1.2191038131713867
112140.0,-1.218734622001648
112145.0,-1.2407925128936768
112150.0,-1.212482213973999
112155.0,-1.2325464487075806
112160.0,-1.2327680587768555
112165.0,-1.2314682006835938
112170.0,-1.2227786779403687
112175.0,-1.2138314247131348
112180.0,-1.2289726734161377
112185.0,-1.2530078887939453
112190.0,-1.208682894706726
112195.0,-1.2426602840423584
112200.0,-1.2310627698898315
112205.0,-1.2183899879455566
112210.0,-1.2556651830673218
112215.0,-1.2364193201065063
112220.0,-1.21739661693573
112225.0,-1.2416057586669922
112230.0,-1.225033164024353
112235.0,-1.2225415706634521
112240.0,-1.2473214864730835
112245.0,-1.2220144271850586
112250.0,-1.228407382965088
112255.0,-1.2340114116668701
112260.0,-1.208938479423523
112265.0,-1.2208808660507202
112270.0,-1.236630916595459
112275.0,-1.2181284427642822
112280.0,-1.2108168601989746
112285.0,-1.2255319356918335
112290.0,-1.2118958234786987
112295.0,-1.2228631973266602
112300.0,-1.2476716041564941
112305.0,-1.2385039329528809
112310.0,-1.2240334749221802
112315.0,-1.22870934009552
112320.0,-1.2266552448272705
112325.0,-1.2316182851791382
112330.0,-1.2415733337402344
112335.0,-1.2029845714569092
112340.0,-1.2334680557250977
112345.0,-1.2312390804290771
112350.0,-1.2040207386016846
112355.0,-1.247413992881775
112360.0,-1.2313940525054932
112365.0,-1.2170956134796143
112370.0,-1.230991005897522
112375.0,-1.2271990776062012
112380.0,-1.228102445602417
112385.0,-1.2063536643981934
112390.0,-1.24215829372406
112395.0,-1.2265437841415405
112400.0,-1.2046988010406494
112405.0,-1.260183572769165
112410.0,-1.243687629699707
112415.0,-1.197700023651123
112420.0,-1.2270450592041016
112425.0,-1.2225611209869385
112430.0,-1.2208609580993652
112435.0,-1.2363542318344116
112440.0,-1.2051076889038086
112445.0,-1.223689079284668
112450.0,-1.2207677364349365
112455.0,-1.2235660552978516
112460.0,-1.2410922050476074
112465.0,-1.2462246417999268
112470.0,-1.2098171710968018
112475.0,-1.224217176437378
112480.0,-1.2197473049163818
112485.0,-1.2212626934051514
112490.0,-1.2361156940460205
112495.0,-1.226596713066101
112500.0,-1.2318053245544434
112505.0,-1.227623462677002
112510.0,-1.223167896270752
112515.0,-1.2491955757141113
112520.0,-1.2318577766418457
112525.0,-1.2186691761016846
112530.0,-1.2521772384643555
112535.0,-1.2189686298370361
112540.0,-1.226722240447998
112545.0,-1.241154670715332
112550.0,-1.2377429008483887
112555.0,-1.220960021018982
112560.0,-1.2245510816574097
112565.0,-1.2282081842422485
112570.0,-1.231918454170227
112575.0,-1.2025469541549683
112580.0,-1.2441463470458984
112585.0,-1.2136945724487305
112590.0,-1.2195271253585815
112595.0,-1.2279754877090454
112600.0,-1.2324246168136597
112605.0,-1.234965205192566
112610.0,-1.2311770915985107
112615.0,-1.2272783517837524
112620.0,-1.2313363552093506
112625.0,-1.220334768295288
112630.0,-1.2495530843734741
112635.0,-1.2313218116760254
112640.0,-1.2126431465148926
112645.0,-1.2276531457901
112650.0,-1.245803952217102
112655.0,-1.226675271987915
112660.0,-1.2304800748825073
112665.0,-1.230555772781372
112670.0,-1.2365424633026123
112675.0,-1.2176990509033203
112680.0,-1.2390735149383545
112685.0,-1.2334063053131104
112690.0,-1.224255084991455
112695.0,-1.2369089126586914
112700.0,-1.2137922048568726
112705.0,-1.2403470277786255
112710.0,-1.2458550930023193
112715.0,-1.21262526512146
112720.0,-1.23781156539917
112725.0,-1.2435367107391357
112730.0,-1.199278473854065
112735.0,-1.2539246082305908
112740.0,-1.233081579208374
112745.0,-1.2263603210449219
112750.0,-1.23526930809021
112755.0,-1.2172677516937256
112760.0,-1.2401089668273926
112765.0,-1.2360460758209229
112770.0,-1.2360706329345703
112775.0,-1.2400325536727905
112780.0,-1.2331302165985107
112785.0,-1.245317816734314
112790.0,-1.254699468612671
112795.0,-1.241383671760559
112800.0,-1.233649730682373
112805.0,-1.2471790313720703
112810.0,-1.2234880924224854
112815.0,-1.2167675495147705
112820.0,-1.230627417564392
112825.0,-1.2338980436325073
112830.0,-1.1995385885238647
112835.0,-1.2174601554870605
112840.0,-1.2580665349960327
112845.0,-1.2182953357696533
112850.0,-1.2266405820846558
112855.0,-1.2285096645355225
112860.0,-1.2262128591537476
112865.0,-1.2309540510177612
112870.0,-1.2243311405181885
112875.0,-1.214619755744934
112880.0,-1.242046594619751
112885.0,-1.2056547403335571
112890.0,-1.2206923961639404
112895.0,-1.242014765739441
112900.0,-1.2201099395751953
112905.0,-1.2185072898864746
112910.0,-1.210343599319458
112915.0,-1.2527215480804443
112920.0,-1.235931396484375
112925.0,-1.2041525840759277
112930.0,-1.2529480457305908
112935.0,-1.2119076251983643
112940.0,-1.2108696699142456
112945.0,-1.2616355419158936
112950.0,-1.219660997390747
112955.0,-1.233904242515564
112960.0,-1.2338372468948364
112965.0,-1.2083828449249268
112970.0,-1.239288330078125
112975.0,-1.2440688610076904
112980.0,-1.2233182191848755
112985.0,-1.2401199340820312
112990.0,-1.2318843603134155
112995.0,-1.2283281087875366
113000.0,-1.249177098274231
113005.0,-1.227211833000183
113010.0,-1.2433348894119263
113015.0,-1.2293716669082642
113020.0,-1.2167670726776123
113025.0,-1.2330477237701416
113030.0,-1.2353146076202393
113035.0,-1.2287429571151733
113040.0,-1.2270722389221191
113045.0,-1.237962007522583
113050.0,-1.2255005836486816
113055.0,-1.2306249141693115
113060.0,-1.2278847694396973
113065.0,-1.223156213760376
113070.0,-1.2143884897232056
113075.0,-1.2182987928390503
113080.0,-1.2344231605529785
113085.0,-1.2459858655929565
113090.0,-1.2180006504058838
113095.0,-1.2327299118041992
113100.0,-1.233846664428711
113105.0,-1.2182483673095703
113110.0,-1.2301559448242188
113115.0,-1.2129840850830078
113120.0,-1.2242136001586914
113125.0,-1.2151610851287842
113130.0,-1.208522915840149
113135.0,-1.231532096862793
113140.0,-1.2455462217330933
113145.0,-1.2132036685943604
113150.0,-1.211808443069458
113155.0,-1.2311633825302124
113160.0,-1.2319731712341309
113165.0,-1.2092158794403076
113170.0,-1.2033839225769043
113175.0,-1.211230993270874
113180.0,-1.2107515335083008
113185.0,-1.2218194007873535
113190.0,-1.2302364110946655
113195.0,-1.227587103843689
113200.0,-1.2021701335906982
113205.0,-1.2053046226501465
113210.0,-1.231555461883545
113215.0,-1.2347676753997803
113220.0,-1.206711769104004
113225.0,-1.2272828817367554
113230.0,-1.2297897338867188
113235.0,-1.1794664859771729
113240.0,-1.226286768913269
113245.0,-1.2506299018859863
113250.0,-1.200526475906372
113255.0,-1.2261115312576294
113260.0,-1.2339997291564941
113265.0,-1.1932687759399414
113270.0,-1.2430380582809448
113275.0,-1.2284934520721436
113280.0,-1.2274593114852905
113285.0,-1.2285466194152832
113290.0,-1.2173774242401123
113295.0,-1.2069064378738403
113300.0,-1.2528150081634521
113305.0,-1.220762014389038
113310.0,-1.2319759130477905
113315.0,-1.2310091257095337
113320.0,-1.1974174976348877
113325.0,-1.2408769130706787
113330.0,-1.2548846006393433
113335.0,-1.2279409170150757
113340.0,-1.2474651336669922
113345.0,-1.2518972158432007
113350.0,-1.2044343948364258
113355.0,-1.2531646490097046
113360.0,-1.2342736721038818
113365.0,-1.2258332967758179
113370.0,-1.2388556003570557
113375.0,-1.2139480113983154
113380.0,-1.225756049156189
113385.0,-1.2544963359832764
113390.0,-1.2132561206817627
113395.0,-1.2282383441925049
113400.0,-1.2396990060806274
113405.0,-1.2001996040344238
113410.0,-1.2528108358383179
113415.0,-1.2305564880371094
113420.0,-1.2126455307006836
113425.0,-1.2451739311218262
113430.0,-1.2019240856170654
113435.0,-1.2193307876586914
113440.0,-1.254449486732483
113445.0,-1.2175042629241943
113450.0,-1.2035421133041382
113455.0,-1.2398592233657837
113460.0,-1.2061989307403564
113465.0,-1.2123701572418213
113470.0,-1.2501177787780762
113475.0,-1.216299057006836
113480.0,-1.2188485860824585
113485.0,-1.217961072921753
113490.0,-1.2057169675827026
113495.0,-1.2258127927780151
113500.0,-1.238061547279358
113505.0,-1.2344639301300049
113510.0,-1.2273836135864258
113515.0,-1.2096909284591675
113520.0,-1.2228903770446777
113525.0,-1.2328773736953735
113530.0,-1.2283315658569336
113535.0,-1.2403020858764648
113540.0,-1.2423813343048096
113545.0,-1.204582691192627
113550.0,-1.2250759601593018
113555.0,-1.2430638074874878
113560.0,-1.2165489196777344
113565.0,-1.2335832118988037
113570.0,-1.2301429510116577
113575.0,-1.2170298099517822
113580.0,-1.2532541751861572
113585.0,-1.237699270248413
113590.0,-1.206155776977539
113595.0,-1.2329466342926025
113600.0,-1.22786283493042
113605.0,-1.220057725906372
113610.0,-1.2306270599365234
113615.0,-1.2346993684768677
113620.0,-1.2203673124313354
113625.0,-1.2065569162368774
113630.0,-1.2237143516540527
113635.0,-1.237449288368225
113640.0,-1.2013261318206787
113645.0,-1.2036546468734741
113650.0,-1.230109691619873
113655.0,-1.2110512256622314
113660.0,-1.2161078453063965
113665.0,-1.2558308839797974
113670.0,-1.230818748474121
113675.0,-1.2118761539459229
113680.0,-1.2399425506591797
113685.0,-1.2328269481658936
113690.0,-1.2245326042175293
113695.0,-1.2415878772735596
113700.0,-1.2431471347808838
113705.0,-1.2063543796539307
113710.0,-1.2327373027801514
113715.0,-1.2356376647949219
113720.0,-1.2210866212844849
113725.0,-1.223347544670105
113730.0,-1.2350234985351562
113735.0,-1.209052324295044
113740.0,-1.2380589246749878
113745.0,-1.244192361831665
113750.0,-1.233533263206482
113755.0,-1.2181448936462402
113760.0,-1.2368359565734863
113765.0,-1.2349610328674316
113770.0,-1.2302359342575073
113775.0,-1.229596734046936
113780.0,-1.2452421188354492
113785.0,-1.2106654644012451
113790.0,-1.234541654586792
113795.0,-1.2592799663543701
113800.0,-1.2233140468597412
113805.0,-1.2289608716964722
113810.0,-1.2400615215301514
113815.0,-1.2247540950775146
113820.0,-1.2408552169799805
113825.0,-1.2390631437301636
113830.0,-1.2277456521987915
113835.0,-1.2471253871917725
113840.0,-1.2245843410491943
113845.0,-1.2263355255126953
113850.0,-1.2542728185653687
113855.0,-1.2217004299163818
113860.0,-1.210300326347351
113865.0,-1.2478580474853516
113870.0,-1.21475350856781
113875.0,-1.2218108177185059
113880.0,-1.2613340616226196
113885.0,-1.2138543128967285
113890.0,-1.2200983762741089
113895.0,-1.2451469898223877
113900.0,-1.2142789363861084
113905.0,-1.227999210357666
113910.0,-1.2520647048950195
113915.0,-1.2247703075408936
113920.0,-1.2154133319854736
113925.0,-1.2308692932128906
113930.0,-1.2280552387237549
113935.0,-1.233845829963684
113940.0,-1.240776538848877
113945.0,-1.2164387702941895
113950.0,-1.2155059576034546
113955.0,-1.2205297946929932
113960.0,-1.2381417751312256
113965.0,-1.2337956428527832
113970.0,-1.2250728607177734
113975.0,-1.2390908002853394
113980.0,-1.2115676403045654
113985.0,-1.231743335723877
113990.0,-1.2349977493286133
113995.0,-1.2222822904586792
114000.0,-1.2312209606170654
114005.0,-1.211043119430542
114010.0,-1.2382690906524658
114015.0,-1.2452130317687988
114020.0,-1.2184607982635498
114025.0,-1.230825662612915
114030.0,-1.2508755922317505
114035.0,-1.1977880001068115
114040.0,-1.2562553882598877
114045.0,-1.2282204627990723
114050.0,-1.2067527770996094
114055.0,-1.2310473918914795
114060.0,-1.2457003593444824
114065.0,-1.2225828170776367
114070.0,-1.2273266315460205
114075.0,-1.2399239540100098
114080.0,-1.2115199565887451
114085.0,-1.213558554649353
114090.0,-1.2409183979034424
114095.0,-1.2278982400894165
114100.0,-1.2121102809906006
114105.0,-1.2320218086242676
114110.0,-1.213098168373108
114115.0,-1.2331398725509644
114120.0,-1.2251042127609253
114125.0,-1.2308223247528076
114130.0,-1.212449550628662
114135.0,-1.2326536178588867
114140.0,-1.2405664920806885
114145.0,-1.2217988967895508
114150.0,-1.2039240598678589
114155.0,-1.2348963022232056
114160.0,-1.2119777202606201
114165.0,-1.2060492038726807
114170.0,-1.2434499263763428
114175.0,-1.2064909934997559
114180.0,-1.2169772386550903
114185.0,-1.2115137577056885
114190.0,-1.2386746406555176
114195.0,-1.25398850440979
114200.0,-1.2142647504806519
114205.0,-1.2371571063995361
114210.0,-1.229768991470337
114215.0,-1.2028613090515137
114220.0,-1.242591381072998
114225.0,-1.2307047843933105
114230.0,-1.2246943712234497
114235.0,-1.233807921409607
114240.0,-1.2158687114715576
114245.0,-1.233996868133545
114250.0,-1.2530639171600342
114255.0,-1.2110235691070557
114260.0,-1.2310831546783447
114265.0,-1.2381045818328857
114270.0,-1.200118064880371
114275.0,-1.240045189857483
114280.0,-1.240792989730835
114285.0,-1.2172951698303223
114290.0,-1.2195731401443481
114295.0,-1.2254002094268799
114300.0,-1.2262401580810547
114305.0,-1.2294774055480957
114310.0,-1.2248915433883667
114315.0,-1.2200146913528442
114320.0,-1.2393624782562256
114325.0,-1.21806001663208
114330.0,-1.2051291465759277
114335.0,-1.2581266164779663
114340.0,-1.22319495677948
114345.0,-1.221115231513977
114350.0,-1.2504687309265137
114355.0,-1.2144767045974731
114360.0,-1.2070269584655762
114365.0,-1.258174180984497
114370.0,-1.2059111595153809
114375.0,-1.2144298553466797
114380.0,-1.2342959642410278
114385.0,-1.2085976600646973
114390.0,-1.2332947254180908
114395.0,-1.243127465248108
114400.0,-1.2167370319366455
114405.0,-1.2108242511749268
114410.0,-1.2368342876434326
114415.0,-1.2147092819213867
114420.0,-1.2271920442581177
114425.0,-1.2349265813827515
114430.0,-1.2317619323730469
114435.0,-1.2054890394210815
114440.0,-1.209122896194458
114445.0,-1.2476500272750854
114450.0,-1.2304702997207642
114455.0,-1.2103922367095947
114460.0,-1.2272893190383911
114465.0,-1.2131431102752686
114470.0,-1.2361563444137573
114475.0,-1.2339982986450195
114480.0,-1.219005823135376
114485.0,-1.2315657138824463
114490.0,-1.2349013090133667
114495.0,-1.21457040309906
114500.0,-1.2436186075210571
114505.0,-1.2310888767242432
114510.0,-1.2234543561935425
114515.0,-1.216212272644043
114520.0,-1.2077900171279907
114525.0,-1.244861364364624
114530.0,-1.2254300117492676
114535.0,-1.212991714477539
114540.0,-1.2297247648239136
114545.0,-1.2133008241653442
114550.0,-1.2326314449310303
114555.0,-1.256373643875122
114560.0,-1.2215286493301392
114565.0,-1.2261279821395874
114570.0,-1.2443757057189941
114575.0,-1.2152159214019775
114580.0,-1.2400867938995361
114585.0,-1.2525297403335571
114590.0,-1.229828119277954
114595.0,-1.2246146202087402
114600.0,-1.226865291595459
114605.0,-1.2473350763320923
114610.0,-1.227586030960083
114615.0,-1.2225115299224854
114620.0,-1.2551288604736328
114625.0,-1.2258423566818237
114630.0,-1.2038111686706543
114635.0,-1.250190019607544
114640.0,-1.2400016784667969
114645.0,-1.2047722339630127
114650.0,-1.2444442510604858
114655.0,-1.2223856449127197
114660.0,-1.2106009721755981
114665.0,-1.261163353919983
114670.0,-1.2185921669006348
114675.0,-1.2288310527801514
114680.0,-1.2413878440856934
114685.0,-1.2147549390792847
114690.0,-1.241070032119751
114695.0,-1.2520538568496704
114700.0,-1.2202739715576172
114705.0,-1.213850498199463
114710.0,-1.2221544981002808
114715.0,-1.2212872505187988
114720.0,-1.2318429946899414
114725.0,-1.2200385332107544
114730.0,-1.231044054031372
114735.0,-1.2120728492736816
114740.0,-1.2199227809906006
114745.0,-1.2529363632202148
114750.0,-1.2081584930419922
114755.0,-1.2294175624847412
114760.0,-1.2430920600891113
114765.0,-1.2211933135986328
114770.0,-1.2534105777740479
114775.0,-1.247255563735962
114780.0,-1.2151925563812256
114785.0,-1.2588984966278076
114790.0,-1.2193362712860107
114795.0,-1.214512586593628
114800.0,-1.250791311264038
114805.0,-1.2223987579345703
114810.0,-1.2214024066925049
114815.0,-1.2110623121261597
114820.0,-1.2399230003356934
114825.0,-1.2447004318237305
114830.0,-1.210106611251831
114835.0,-1.2449162006378174
114840.0,-1.2303688526153564
114845.0,-1.1965903043746948
114850.0,-1.2434742450714111
114855.0,-1.2511283159255981
114860.0,-1.2132867574691772
114865.0,-1.2322707176208496
114870.0,-1.2192914485931396
114875.0,-1.2095316648483276
114880.0,-1.2404711246490479
114885.0,-1.2179863452911377
114890.0,-1.2159390449523926
114895.0,-1.2338720560073853
114900.0,-1.2041264772415161
114905.0,-1.2285778522491455
114910.0,-1.2582916021347046
114915.0,-1.2298328876495361
114920.0,-1.2117159366607666
114925.0,-1.2293336391448975
114930.0,-1.2139489650726318
114935.0,-1.2310094833374023
114940.0,-1.2460527420043945
114945.0,-1.2123141288757324
114950.0,-1.2191030979156494
114955.0,-1.2288744449615479
114960.0,-1.2135733366012573
114965.0,-1.2423197031021118
114970.0,-1.2416268587112427
114975.0,-1.2145181894302368
114980.0,-1.2226128578186035
114985.0,-1.2152775526046753
114990.0,-1.2294269800186157
114995.0,-1.2431846857070923
115000.0,-1.2133958339691162
115005.0,-1.2123630046844482
115010.0,-1.251922369003296
115015.0,-1.208186388015747
115020.0,-1.2187178134918213
115025.0,-1.2513716220855713
115030.0,-1.229377269744873
115035.0,-1.2303264141082764
115040.0,-1.2170741558074951
115045.0,-1.219900131225586
115050.0,-1.23013436794281
115055.0,-1.206785798072815
115060.0,-1.2239707708358765
115065.0,-1.2506427764892578
115070.0,-1.2038698196411133
115075.0,-1.2307506799697876
115080.0,-1.2519301176071167
115085.0,-1.230828046798706
115090.0,-1.23381507396698
115095.0,-1.244195580482483
115100.0,-1.230696439743042
115105.0,-1.2256934642791748
115110.0,-1.2356369495391846
115115.0,-1.2346421480178833
115120.0,-1.2341969013214111
115125.0,-1.2286500930786133
115130.0,-1.228154182434082
115135.0,-1.2327265739440918
115140.0,-1.2389978170394897
115145.0,-1.222816824913025
115150.0,-1.2221779823303223
115155.0,-1.246873140335083
115160.0,-1.209449291229248
115165.0,-1.228022575378418
115170.0,-1.2592220306396484
115175.0,-1.212178349494934
115180.0,-1.2316739559173584
115185.0,-1.2305694818496704
115190.0,-1.218707799911499
115195.0,-1.2589267492294312
115200.0,-1.2233556509017944
115205.0,-1.2060490846633911
115210.0,-1.241005539894104
115215.0,-1.2116678953170776
115220.0,-1.213398814201355
115225.0,-1.2367854118347168
115230.0,-1.2133703231811523
115235.0,-1.2120426893234253
115240.0,-1.2345943450927734
115245.0,-1.224707007408142
115250.0,-1.2489484548568726
115255.0,-1.2179157733917236
115260.0,-1.205249547958374
115265.0,-1.2578704357147217
115270.0,-1.221816062927246
115275.0,-1.2031567096710205
115280.0,-1.2329460382461548
115285.0,-1.2240376472473145
115290.0,-1.213195562362671
115295.0,-1.2581357955932617
115300.0,-1.235947847366333
115305.0,-1.2322502136230469
115310.0,-1.2350232601165771
115315.0,-1.2271168231964111
115320.0,-1.2392284870147705
115325.0,-1.2330275774002075
115330.0,-1.2334167957305908
115335.0,-1.214416742324829
115340.0,-1.2415982484817505
115345.0,-1.237168312072754
115350.0,-1.2228007316589355
115355.0,-1.237586498260498
115360.0,-1.2411911487579346
115365.0,-1.2149255275726318
115370.0,-1.2457867860794067
115375.0,-1.2389460802078247
115380.0,-1.223656177520752
115385.0,-1.22505521774292
115390.0,-1.2170145511627197
115395.0,-1.226155161857605
115400.0,-1.2367770671844482
115405.0,-1.2275675535202026
115410.0,-1.2380692958831787
115415.0,-1.2386387586593628
115420.0,-1.2185999155044556
115425.0,-1.22768235206604
115430.0,-1.2522681951522827
115435.0,-1.2162599563598633
115440.0,-1.2268054485321045
115445.0,-1.2401840686798096
115450.0,-1.2163227796554565
115455.0,-1.2392064332962036
115460.0,-1.2302745580673218
115465.0,-1.2124269008636475
115470.0,-1.229893445968628
115475.0,-1.2374656200408936
115480.0,-1.2251087427139282
115485.0,-1.2486071586608887
115490.0,-1.2362138032913208
115495.0,-1.2382640838623047
115500.0,-1.2399578094482422
115505.0,-1.2277874946594238
115510.0,-1.2517318725585938
115515.0,-1.2391120195388794
115520.0,-1.2170521020889282
115525.0,-1.2290719747543335
115530.0,-1.2209597826004028
115535.0,-1.2284799814224243
115540.0,-1.209778904914856
115545.0,-1.2177616357803345
115550.0,-1.2213181257247925
115555.0,-1.1989116668701172
115560.0,-1.219174861907959
115565.0,-1.2464165687561035
115570.0,-1.2142008543014526
115575.0,-1.2301030158996582
115580.0,-1.2518906593322754
115585.0,-1.2263177633285522
115590.0,-1.2174646854400635
115595.0,-1.2303224802017212
115600.0,-1.2268860340118408
115605.0,-1.2273772954940796
115610.0,-1.2262120246887207
115615.0,-1.2243493795394897
115620.0,-1.2265385389328003
115625.0,-1.2271771430969238
115630.0,-1.2236250638961792
115635.0,-1.236525297164917
115640.0,-1.2303557395935059
115645.0,-1.202780842781067
115650.0,-1.2388954162597656
115655.0,-1.2437496185302734
115660.0,-1.1789422035217285
115665.0,-1.239776372909546
115670.0,-1.2333966493606567
115675.0,-1.1925060749053955
115680.0,-1.2448080778121948
115685.0,-1.2364853620529175
115690.0,-1.2105391025543213
115695.0,-1.255119800567627
115700.0,-1.2386915683746338
115705.0,-1.2018941640853882
115710.0,-1.2557792663574219
115715.0,-1.2214279174804688
115720.0,-1.2177413702011108
115725.0,-1.2558565139770508
115730.0,-1.214474081993103
115735.0,-1.2190828323364258
115740.0,-1.2559561729431152
115745.0,-1.2097678184509277
115750.0,-1.2071216106414795
115755.0,-1.24216890335083
115760.0,-1.227146863937378
115765.0,-1.2245104312896729
115770.0,-1.2136073112487793
115775.0,-1.2488619089126587
115780.0,-1.2290533781051636
115785.0,-1.223728895187378
115790.0,-1.2450110912322998
115795.0,-1.2199335098266602
115800.0,-1.2250261306762695
115805.0,-1.231980562210083
115810.0,-1.2269787788391113
115815.0,-1.2406866550445557
115820.0,-1.2311525344848633
115825.0,-1.215598464012146
115830.0,-1.2291591167449951
115835.0,-1.2433501482009888
115840.0,-1.2120369672775269
115845.0,-1.2136096954345703
115850.0,-1.2406821250915527
115855.0,-1.2158054113388062
115860.0,-1.234459400177002
115865.0,-1.234496831893921
115870.0,-1.2296578884124756
115875.0,-1.2230830192565918
115880.0,-1.2234575748443604
115885.0,-1.2410163879394531
115890.0,-1.244525671005249
115895.0,-1.2070982456207275
115900.0,-1.2303813695907593
115905.0,-1.2475709915161133
115910.0,-1.2194595336914062
115915.0,-1.2445588111877441
115920.0,-1.2393841743469238
115925.0,-1.2171164751052856
115930.0,-1.2258907556533813
115935.0,-1.240417718887329
115940.0,-1.237856149673462
115945.0,-1.239490032196045
115950.0,-1.2235510349273682
115955.0,-1.2234890460968018
115960.0,-1.2422616481781006
115965.0,-1.234862208366394
115970.0,-1.2220021486282349
115975.0,-1.2419209480285645
115980.0,-1.2314538955688477
115985.0,-1.2059828042984009
115990.0,-1.2374427318572998
115995.0,-1.2444777488708496
116000.0,-1.2094604969024658
116005.0,-1.2277469635009766
116010.0,-1.2373344898223877
116015.0,-1.215706706047058
116020.0,-1.2284157276153564
116025.0,-1.2421504259109497
116030.0,-1.2321901321411133
116035.0,-1.2277277708053589
116040.0,-1.2270948886871338
116045.0,-1.2227742671966553
116050.0,-1.245272159576416
116055.0,-1.237807273864746
116060.0,-1.2359588146209717
116065.0,-1.2348172664642334
116070.0,-1.2298004627227783
116075.0,-1.2280139923095703
116080.0,-1.230895757675171
116085.0,-1.2482407093048096
116090.0,-1.2319707870483398
116095.0,-1.2274317741394043
116100.0,-1.2331411838531494
116105.0,-1.232276201248169
116110.0,-1.2408244609832764
116115.0,-1.2200394868850708
116120.0,-1.2385492324829102
116125.0,-1.2361613512039185
116130.0,-1.2127604484558105
116135.0,-1.2407684326171875
116140.0,-1.2425129413604736
116145.0,-1.2093390226364136
116150.0,-1.241416335105896
116155.0,-1.2164862155914307
116160.0,-1.212275743484497
116165.0,-1.24651300907135
116170.0,-1.2177053689956665
116175.0,-1.2150964736938477
116180.0,-1.2304677963256836
116185.0,-1.24180006980896
116190.0,-1.2275593280792236
116195.0,-1.2395098209381104
116200.0,-1.2413166761398315
116205.0,-1.21418035030365
116210.0,-1.2172017097473145
116215.0,-1.2511869668960571
116220.0,-1.2342218160629272
116225.0,-1.2179228067398071
116230.0,-1.2495856285095215
116235.0,-1.2136938571929932
116240.0,-1.2304710149765015
116245.0,-1.2503652572631836
116250.0,-1.2241630554199219
116255.0,-1.2362439632415771
116260.0,-1.228025197982788
116265.0,-1.2276763916015625
116270.0,-1.2405483722686768
116275.0,-1.227795124053955
116280.0,-1.2372686862945557
116285.0,-1.2199327945709229
116290.0,-1.2095917463302612
116295.0,-1.2525737285614014
116300.0,-1.2178001403808594
116305.0,-1.218360185623169
116310.0,-1.2463407516479492
116315.0,-1.2188321352005005
116320.0,-1.2118176221847534
116325.0,-1.2481904029846191
116330.0,-1.2415673732757568
116335.0,-1.2214088439941406
116340.0,-1.219976544380188
116345.0,-1.2225453853607178
116350.0,-1.2322531938552856
116355.0,-1.2297933101654053
116360.0,-1.2441462278366089
116365.0,-1.231421709060669
116370.0,-1.2187182903289795
116375.0,-1.2228775024414062
116380.0,-1.2347362041473389
116385.0,-1.2156662940979004
116390.0,-1.2188928127288818
116395.0,-1.2466857433319092
116400.0,-1.2360414266586304
116405.0,-1.2247623205184937
116410.0,-1.2407376766204834
116415.0,-1.229583978652954
116420.0,-1.2308907508850098
116425.0,-1.2466737031936646
116430.0,-1.2257788181304932
116435.0,-1.2403992414474487
116440.0,-1.2393274307250977
116445.0,-1.2284883260726929
116450.0,-1.2334727048873901
116455.0,-1.2330622673034668
116460.0,-1.2282606363296509
116465.0,-1.2279212474822998
116470.0,-1.2411506175994873
116475.0,-1.2398405075073242
116480.0,-1.2486824989318848
116485.0,-1.244154691696167
116490.0,-1.2306427955627441
116495.0,-1.240732192993164
116500.0,-1.2520561218261719
116505.0,-1.2644586563110352
116510.0,-1.2599486112594604
116515.0,-1.2184250354766846
116520.0,-1.2188098430633545
116525.0,-1.2144204378128052
116530.0,-1.2307617664337158
116535.0,-1.229292869567871
116540.0,-1.2084110975265503
116545.0,-1.2243486642837524
116550.0,-1.2507961988449097
116555.0,-1.20794677734375
116560.0,-1.2316128015518188
116565.0,-1.24391770362854
116570.0,-1.2109779119491577
116575.0,-1.2038180828094482
116580.0,-1.2350730895996094
116585.0,-1.2421867847442627
116590.0,-1.2080576419830322
116595.0,-1.2215056419372559
116600.0,-1.228103518486023
116605.0,-1.242487907409668
116610.0,-1.2238194942474365
116615.0,-1.2283353805541992
116620.0,-1.2486919164657593
116625.0,-1.2192914485931396
116630.0,-1.2276248931884766
116635.0,-1.2663936614990234
116640.0,-1.2327412366867065
116645.0,-1.2199583053588867
116650.0,-1.2444528341293335
116655.0,-1.2055861949920654
116660.0,-1.2371022701263428
116665.0,-1.2265396118164062
116670.0,-1.2170003652572632
116675.0,-1.237399935722351
116680.0,-1.2256598472595215
116685.0,-1.2233413457870483
116690.0,-1.246955156326294
116695.0,-1.2251462936401367
116700.0,-1.2281339168548584
116705.0,-1.242854118347168
116710.0,-1.19865882396698
116715.0,-1.24278724193573
116720.0,-1.2330093383789062
116725.0,-1.20639169216156
116730.0,-1.2538236379623413
116735.0,-1.2401785850524902
116740.0,-1.211538553237915
116745.0,-1.2428687810897827
116750.0,-1.2304441928863525
116755.0,-1.234677791595459
116760.0,-1.2395848035812378
116765.0,-1.2257287502288818
116770.0,-1.2523680925369263
116775.0,-1.2235822677612305
116780.0,-1.218511939048767
116785.0,-1.2504104375839233
116790.0,-1.2140930891036987
116795.0,-1.2311694622039795
116800.0,-1.2644394636154175
116805.0,-1.20949387550354
116810.0,-1.2385913133621216
116815.0,-1.2313085794448853
116820.0,-1.218315839767456
116825.0,-1.238088607788086
116830.0,-1.2279119491577148
116835.0,-1.2254430055618286
116840.0,-1.245938777923584
116845.0,-1.2284232378005981
116850.0,-1.228959083557129
116855.0,-1.243927240371704
116860.0,-1.2225102186203003
116865.0,-1.2373404502868652
116870.0,-1.2230298519134521
116875.0,-1.242200255393982
116880.0,-1.238234519958496
116885.0,-1.2348334789276123
116890.0,-1.2339212894439697
116895.0,-1.2209047079086304
116900.0,-1.2341378927230835
116905.0,-1.22763991355896
116910.0,-1.2302742004394531
116915.0,-1.2316176891326904
116920.0,-1.2275378704071045
116925.0,-1.2483799457550049
116930.0,-1.2327486276626587
116935.0,-1.2406373023986816
116940.0,-1.2457441091537476
116945.0,-1.2213795185089111
116950.0,-1.224463701248169
116955.0,-1.2520285844802856
116960.0,-1.2241737842559814
116965.0,-1.230595350265503
116970.0,-1.2325108051300049
116975.0,-1.2091271877288818
116980.0,-1.237860918045044
116985.0,-1.2261300086975098
116990.0,-1.2358760833740234
116995.0,-1.2188289165496826
117000.0,-1.2261271476745605
117005.0,-1.2237330675125122
117010.0,-1.2332524061203003
117015.0,-1.2151062488555908
117020.0,-1.2079596519470215
117025.0,-1.2272899150848389
117030.0,-1.2247486114501953
117035.0,-1.2218914031982422
117040.0,-1.2286264896392822
117045.0,-1.2384023666381836
117050.0,-1.204271674156189
117055.0,-1.242706060409546
117060.0,-1.254054307937622
117065.0,-1.2282650470733643
117070.0,-1.2493226528167725
117075.0,-1.2249391078948975
117080.0,-1.2439044713974
117085.0,-1.217535376548767
117090.0,-1.253731369972229
117095.0,-1.2277536392211914
117100.0,-1.2459388971328735
117105.0,-1.2286875247955322
117110.0,-1.2237498760223389
117115.0,-1.239291787147522
117120.0,-1.2261054515838623
117125.0,-1.2413711547851562
117130.0,-1.2361116409301758
117135.0,-1.2266597747802734
117140.0,-1.2171269655227661
117145.0,-1.2562823295593262
117150.0,-1.2154080867767334
117155.0,-1.2361513376235962
117160.0,-1.2565516233444214
117165.0,-1.2098054885864258
117170.0,-1.2397860288619995
117175.0,-1.2339147329330444
117180.0,-1.2126176357269287
117185.0,-1.2465225458145142
117190.0,-1.2269024848937988
117195.0,-1.2202174663543701
117200.0,-1.238222599029541
117205.0,-1.2256776094436646
117210.0,-1.2192678451538086
117215.0,-1.2407480478286743
117220.0,-1.2368180751800537
117225.0,-1.2396855354309082
117230.0,-1.2369089126586914
117235.0,-1.23903226852417
117240.0,-1.2359906435012817
117245.0,-1.2250341176986694
117250.0,-1.2332911491394043
117255.0,-1.2333033084869385
117260.0,-1.226126790046692
117265.0,-1.2213046550750732
117270.0,-1.2253003120422363
117275.0,-1.213134527206421
117280.0,-1.228163480758667
117285.0,-1.2310855388641357
117290.0,-1.2498579025268555
117295.0,-1.225639820098877
117300.0,-1.2322382926940918
117305.0,-1.2357097864151
117310.0,-1.2303886413574219
117315.0,-1.2276445627212524
117320.0,-1.2317829132080078
117325.0,-1.2231810092926025
117330.0,-1.2201542854309082
117335.0,-1.2139685153961182
117340.0,-1.2231882810592651
117345.0,-1.2591134309768677
117350.0,-1.2143664360046387
117355.0,-1.2337607145309448
117360.0,-1.2436703443527222
117365.0,-1.240661859512329
117370.0,-1.2366178035736084
117375.0,-1.2451226711273193
117380.0,-1.225983738899231
117385.0,-1.2467097043991089
117390.0,-1.2207376956939697
117395.0,-1.222445011138916
117400.0,-1.2374060153961182
117405.0,-1.230326533317566
117410.0,-1.2155778408050537
117415.0,-1.2509537935256958
117420.0,-1.2357397079467773
117425.0,-1.208909511566162
117430.0,-1.2450783252716064
117435.0,-1.2483711242675781
117440.0,-1.2138105630874634
117445.0,-1.2381713390350342
117450.0,-1.2297890186309814
117455.0,-1.217191457748413
117460.0,-1.2399072647094727
117465.0,-1.2301133871078491
117470.0,-1.2284613847732544
117475.0,-1.2317249774932861
117480.0,-1.2189172506332397
117485.0,-1.2282404899597168
117490.0,-1.2353522777557373
117495.0,-1.227968692779541
117500.0,-1.22615385055542
117505.0,-1.2262415885925293
117510.0,-1.225283145904541
117515.0,-1.2253004312515259
117520.0,-1.2366681098937988
117525.0,-1.2291600704193115
117530.0,-1.2109870910644531
117535.0,-1.2290607690811157
117540.0,-1.2243554592132568
117545.0,-1.2289735078811646
117550.0,-1.2362260818481445
117555.0,-1.2153675556182861
117560.0,-1.2260916233062744
117565.0,-1.2224555015563965
117570.0,-1.2043583393096924
117575.0,-1.2434446811676025
117580.0,-1.2454605102539062
117585.0,-1.2281968593597412
117590.0,-1.241699457168579
117595.0,-1.2431986331939697
117600.0,-1.2309881448745728
117605.0,-1.2432856559753418
117610.0,-1.2417113780975342
117615.0,-1.238398551940918
117620.0,-1.239591121673584
117625.0,-1.2201536893844604
117630.0,-1.2409119606018066
117635.0,-1.2454054355621338
117640.0,-1.2203500270843506
117645.0,-1.2363650798797607
117650.0,-1.2449395656585693
117655.0,-1.2188795804977417
117660.0,-1.242439866065979
117665.0,-1.2362405061721802
117670.0,-1.2235841751098633
117675.0,-1.234279751777649
117680.0,-1.234731674194336
117685.0,-1.2406196594238281
117690.0,-1.2306270599365234
117695.0,-1.217904806137085
117700.0,-1.2479076385498047
117705.0,-1.2230571508407593
117710.0,-1.2175061702728271
117715.0,-1.2522811889648438
117720.0,-1.227224588394165
117725.0,-1.2204281091690063
117730.0,-1.249829888343811
117735.0,-1.2204093933105469
117740.0,-1.2400034666061401
117745.0,-1.2279090881347656
117750.0,-1.2296439409255981
117755.0,-1.2326574325561523
117760.0,-1.2344350814819336
117765.0,-1.2232463359832764
117770.0,-1.2397431135177612
117775.0,-1.2179189920425415
117780.0,-1.2285664081573486
117785.0,-1.2233874797821045
117790.0,-1.233040690422058
117795.0,-1.236999273300171
117800.0,-1.23823082447052
117805.0,-1.2379941940307617
117810.0,-1.2379134893417358
117815.0,-1.2176146507263184
117820.0,-1.2516118288040161
117825.0,-1.222596526145935
117830.0,-1.244592547416687
117835.0,-1.2295681238174438
117840.0,-1.216085433959961
117845.0,-1.2351422309875488
117850.0,-1.2294596433639526
117855.0,-1.2181599140167236
117860.0,-1.230169653892517
117865.0,-1.2319432497024536
117870.0,-1.2251474857330322
117875.0,-1.2395131587982178
117880.0,-1.2278308868408203
117885.0,-1.2358795404434204
117890.0,-1.234389305114746
117895.0,-1.2212302684783936
117900.0,-1.2235612869262695
117905.0,-1.2422711849212646
117910.0,-1.2137227058410645
117915.0,-1.236771821975708
117920.0,-1.2127854824066162
117925.0,-1.2346552610397339
117930.0,-1.2387828826904297
117935.0,-1.2136766910552979
117940.0,-1.2444888353347778
117945.0,-1.2404885292053223
117950.0,-1.2295498847961426
117955.0,-1.2394988536834717
117960.0,-1.2360702753067017
117965.0,-1.2361812591552734
117970.0,-1.2362728118896484
117975.0,-1.233095407485962
117980.0,-1.2566180229187012
117985.0,-1.226548671722412
117990.0,-1.2323102951049805
117995.0,-1.2413139343261719
118000.0,-1.2137707471847534
118005.0,-1.2408051490783691
118010.0,-1.217138648033142
118015.0,-1.2105584144592285
118020.0,-1.2437824010849
118025.0,-1.2365765571594238
118030.0,-1.2199615240097046
118035.0,-1.2285643815994263
118040.0,-1.229413628578186
118045.0,-1.2275543212890625
118050.0,-1.2364377975463867
118055.0,-1.2250230312347412
118060.0,-1.24668550491333
118065.0,-1.2307193279266357
118070.0,-1.2169511318206787
118075.0,-1.2543801069259644
118080.0,-1.2345865964889526
118085.0,-1.221693754196167
118090.0,-1.2380571365356445
118095.0,-1.2400037050247192
118100.0,-1.2246428728103638
118105.0,-1.2385741472244263
118110.0,-1.2353726625442505
118115.0,-1.229370355606079
118120.0,-1.2410918474197388
118125.0,-1.2329968214035034
118130.0,-1.2390272617340088
118135.0,-1.2234299182891846
118140.0,-1.2261641025543213
118145.0,-1.230973720550537
118150.0,-1.2154698371887207
118155.0,-1.2303507328033447
118160.0,-1.2325310707092285
118165.0,-1.2375127077102661
118170.0,-1.219746708869934
118175.0,-1.238721251487732
118180.0,-1.239993691444397
118185.0,-1.2273492813110352
118190.0,-1.2358441352844238
118195.0,-1.2227909564971924
118200.0,-1.2546484470367432
118205.0,-1.224198341369629
118210.0,-1.2231359481811523
118215.0,-1.238585352897644
118220.0,-1.2425309419631958
118225.0,-1.220258355140686
118230.0,-1.2371809482574463
118235.0,-1.2332370281219482
118240.0,-1.2248737812042236
118245.0,-1.2385581731796265
118250.0,-1.2121641635894775
118255.0,-1.2423207759857178
118260.0,-1.240875482559204
118265.0,-1.2088171243667603
118270.0,-1.2475005388259888
118275.0,-1.253960371017456
118280.0,-1.2068381309509277
118285.0,-1.2350785732269287
118290.0,-1.2523467540740967
118295.0,-1.200568437576294
118300.0,-1.2320692539215088
118305.0,-1.229219675064087
118310.0,-1.205322265625
118315.0,-1.225611925125122
118320.0,-1.2088665962219238
118325.0,-1.2281171083450317
118330.0,-1.2513524293899536
118335.0,-1.2296783924102783
118340.0,-1.2324705123901367
118345.0,-1.2418228387832642
118350.0,-1.2274868488311768
118355.0,-1.221718192100525
118360.0,-1.2435050010681152
118365.0,-1.2374106645584106
118370.0,-1.218347191810608
118375.0,-1.2193822860717773
118380.0,-1.2214709520339966
118385.0,-1.226046085357666
118390.0,-1.2157132625579834
118395.0,-1.2402894496917725
118400.0,-1.246611475944519
118405.0,-1.216329574584961
118410.0,-1.2354426383972168
118415.0,-1.2390387058258057
118420.0,-1.2222282886505127
118425.0,-1.2236969470977783
118430.0,-1.2405239343643188
118435.0,-1.2321430444717407
118440.0,-1.2191895246505737
118445.0,-1.2296794652938843
118450.0,-1.2261292934417725
118455.0,-1.225071907043457
118460.0,-1.2407941818237305
118465.0,-1.2317605018615723
118470.0,-1.2341370582580566
118475.0,-1.2438441514968872
118480.0,-1.2397596836090088
118485.0,-1.1944010257720947
118490.0,-1.265045166015625
118495.0,-1.212052345275879
118500.0,-1.2136541604995728
118505.0,-1.2416073083877563
118510.0,-1.2163201570510864
118515.0,-1.2052388191223145
118520.0,-1.233591914176941
118525.0,-1.2345902919769287
118530.0,-1.23646879196167
118535.0,-1.25205397605896
118540.0,-1.2346075773239136
118545.0,-1.2474828958511353
118550.0,-1.2101659774780273
118555.0,-1.2280120849609375
118560.0,-1.2349246740341187
118565.0,-1.2383935451507568
118570.0,-1.2155506610870361
118575.0,-1.216705083847046
118580.0,-1.2252012491226196
118585.0,-1.2215332984924316
118590.0,-1.2234503030776978
118595.0,-1.2422395944595337
118600.0,-1.2323813438415527
118605.0,-1.2254328727722168
118610.0,-1.2154322862625122
118615.0,-1.2427740097045898
118620.0,-1.2357981204986572
118625.0,-1.2364487648010254
118630.0,-1.255716323852539
118635.0,-1.2095932960510254
118640.0,-1.2177468538284302
118645.0,-1.2468620538711548
118650.0,-1.2176289558410645
118655.0,-1.2362360954284668
118660.0,-1.2398815155029297
118665.0,-1.2062578201293945
118670.0,-1.2500336170196533
118675.0,-1.2121857404708862
118680.0,-1.2360121011734009
118685.0,-1.2545572519302368
118690.0,-1.220102310180664
118695.0,-1.2188751697540283
118700.0,-1.2618345022201538
118705.0,-1.219219446182251
118710.0,-1.231200933456421
118715.0,-1.2430942058563232
118720.0,-1.215773105621338
118725.0,-1.2279088497161865
118730.0,-1.2513420581817627
118735.0,-1.2207505702972412
118740.0,-1.2227330207824707
118745.0,-1.2498189210891724
118750.0,-1.2121469974517822
118755.0,-1.2272913455963135
118760.0,-1.254723072052002
118765.0,-1.213950514793396
118770.0,-1.2274518013000488
118775.0,-1.2609788179397583
118780.0,-1.2134606838226318
118785.0,-1.239338755607605
118790.0,-1.2266056537628174
118795.0,-1.2338860034942627
118800.0,-1.2218167781829834
118805.0,-1.2411630153656006
118810.0,-1.2355239391326904
118815.0,-1.224084734916687
118820.0,-1.2258845567703247
118825.0,-1.2437039613723755
118830.0,-1.2085299491882324
118835.0,-1.2401063442230225
118840.0,-1.254173755645752
118845.0,-1.226434588432312
118850.0,-1.2466000318527222
118855.0,-1.2322922945022583
118860.0,-1.2508914470672607
118865.0,-1.2440061569213867
118870.0,-1.2120006084442139
118875.0,-1.2342506647109985
118880.0,-1.2202894687652588
118885.0,-1.218526840209961
118890.0,-1.2540593147277832
118895.0,-1.2440799474716187
118900.0,-1.2265328168869019
118905.0,-1.2269179821014404
118910.0,-1.2400310039520264
118915.0,-1.243196725845337
118920.0,-1.2344746589660645
118925.0,-1.235486388206482
118930.0,-1.2350258827209473
118935.0,-1.200549602508545
118940.0,-1.2201480865478516
118945.0,-1.249040961265564
118950.0,-1.2153955698013306
118955.0,-1.2249583005905151
118960.0,-1.2382224798202515
118965.0,-1.2153759002685547
118970.0,-1.2489407062530518
118975.0,-1.2273179292678833
118980.0,-1.2367005348205566
118985.0,-1.238676905632019
118990.0,-1.2386016845703125
118995.0,-1.2240257263183594
119000.0,-1.2338465452194214
119005.0,-1.2369890213012695
119010.0,-1.2214782238006592
119015.0,-1.2229331731796265
119020.0,-1.2332544326782227
119025.0,-1.233572006225586
119030.0,-1.2309849262237549
119035.0,-1.2328906059265137
119040.0,-1.2391258478164673
119045.0,-1.2443760633468628
119050.0,-1.2265195846557617
119055.0,-1.2291221618652344
119060.0,-1.2426376342773438
119065.0,-1.220710277557373
119070.0,-1.2371858358383179
119075.0,-1.2403924465179443
119080.0,-1.2345812320709229
119085.0,-1.235121488571167
119090.0,-1.2154526710510254
119095.0,-1.2421848773956299
119100.0,-1.2295953035354614
119105.0,-1.2170016765594482
119110.0,-1.2260677814483643
119115.0,-1.2216777801513672
119120.0,-1.2212018966674805
119125.0,-1.2476506233215332
119130.0,-1.2215889692306519
119135.0,-1.2355985641479492
119140.0,-1.2399494647979736
119145.0,-1.2223840951919556
119150.0,-1.2433192729949951
119155.0,-1.2311958074569702
119160.0,-1.24595046043396
119165.0,-1.2312164306640625
119170.0,-1.228896141052246
119175.0,-1.2352358102798462
119180.0,-1.2155466079711914
119185.0,-1.2075215578079224
119190.0,-1.2416613101959229
119195.0,-1.2322654724121094
119200.0,-1.2270206212997437
119205.0,-1.2298667430877686
119210.0,-1.2369163036346436
119215.0,-1.1990770101547241
119220.0,-1.2425328493118286
119225.0,-1.2289724349975586
119230.0,-1.2183401584625244
119235.0,-1.2281283140182495
119240.0,-1.238652229309082
119245.0,-1.195205569267273
119250.0,-1.2290669679641724
119255.0,-1.243027687072754
119260.0,-1.2228374481201172
119265.0,-1.2244043350219727
119270.0,-1.2375046014785767
119275.0,-1.2519452571868896
119280.0,-1.198819637298584
119285.0,-1.2455675601959229
119290.0,-1.2471656799316406
119295.0,-1.221071720123291
119300.0,-1.2454372644424438
119305.0,-1.242322325706482
119310.0,-1.2211766242980957
119315.0,-1.2463726997375488
119320.0,-1.2256680727005005
119325.0,-1.2253081798553467
119330.0,-1.2423369884490967
119335.0,-1.2305793762207031
119340.0,-1.2280700206756592
119345.0,-1.2233903408050537
119350.0,-1.2298345565795898
119355.0,-1.2352449893951416
119360.0,-1.2229807376861572
119365.0,-1.2361831665039062
119370.0,-1.2405493259429932
119375.0,-1.2311663627624512
119380.0,-1.2310738563537598
119385.0,-1.2300314903259277
119390.0,-1.249878168106079
119395.0,-1.2143356800079346
119400.0,-1.2409635782241821
119405.0,-1.2440829277038574
119410.0,-1.2143092155456543
119415.0,-1.234053134918213
119420.0,-1.238438367843628
119425.0,-1.226835012435913
119430.0,-1.234954833984375
119435.0,-1.2337514162063599
119440.0,-1.2208430767059326
119445.0,-1.2347898483276367
119450.0,-1.220721960067749
119455.0,-1.23897385597229
119460.0,-1.226354956626892
119465.0,-1.225296139717102
119470.0,-1.2434500455856323
119475.0,-1.2323204278945923
119480.0,-1.2229195833206177
119485.0,-1.241532325744629
119490.0,-1.234293818473816
119495.0,-1.2110011577606201
119500.0,-1.247007131576538
119505.0,-1.2192270755767822
119510.0,-1.2128348350524902
119515.0,-1.2320482730865479
119520.0,-1.227179765701294
119525.0,-1.2140920162200928
119530.0,-1.245682716369629
119535.0,-1.2302048206329346
119540.0,-1.2109102010726929
119545.0,-1.2393015623092651
119550.0,-1.220641851425171
119555.0,-1.2196640968322754
119560.0,-1.2363921403884888
119565.0,-1.2249031066894531
119570.0,-1.221541166305542
119575.0,-1.2353397607803345
119580.0,-1.2357215881347656
119585.0,-1.237925410270691
119590.0,-1.2318692207336426
119595.0,-1.2329185009002686
119600.0,-1.2365968227386475
119605.0,-1.2213356494903564
119610.0,-1.2481358051300049
119615.0,-1.2486612796783447
119620.0,-1.2046345472335815
119625.0,-1.234851598739624
119630.0,-1.2268109321594238
119635.0,-1.207564353942871
119640.0,-1.2637689113616943
119645.0,-1.2387951612472534
119650.0,-1.2092304229736328
119655.0,-1.259124994277954
119660.0,-1.2402701377868652
119665.0,-1.2103862762451172
119670.0,-1.2586051225662231
119675.0,-1.2458726167678833
119680.0,-1.2197935581207275
119685.0,-1.2379095554351807
119690.0,-1.2194314002990723
119695.0,-1.2209653854370117
119700.0,-1.2561931610107422
119705.0,-1.210969090461731
119710.0,-1.22573983669281
119715.0,-1.2351362705230713
119720.0,-1.2376575469970703
119725.0,-1.224371075630188
119730.0,-1.247657299041748
119735.0,-1.2239415645599365
119740.0,-1.2283440828323364
119745.0,-1.2358077764511108
119750.0,-1.2284743785858154
119755.0,-1.2475448846817017
119760.0,-1.222898006439209
119765.0,-1.22747802734375
119770.0,-1.2322189807891846
119775.0,-1.2521870136260986
119780.0,-1.2254905700683594
119785.0,-1.2412205934524536
119790.0,-1.2208468914031982
119795.0,-1.2326234579086304
119800.0,-1.2488054037094116
119805.0,-1.2309175729751587
119810.0,-1.219972014427185
119815.0,-1.2243744134902954
119820.0,-1.2311720848083496
119825.0,-1.2285715341567993
119830.0,-1.2146530151367188
119835.0,-1.2407081127166748
119840.0,-1.235358715057373
119845.0,-1.2217984199523926
119850.0,-1.2355157136917114
119855.0,-1.2406425476074219
119860.0,-1.227693796157837
119865.0,-1.2266149520874023
119870.0,-1.2368652820587158
119875.0,-1.2287176847457886
119880.0,-1.24100923538208
119885.0,-1.2138416767120361
119890.0,-1.2302756309509277
119895.0,-1.224452257156372
119900.0,-1.2201316356658936
119905.0,-1.2426944971084595
119910.0,-1.2028963565826416
119915.0,-1.2349650859832764
119920.0,-1.2549710273742676
119925.0,-1.1823960542678833
119930.0,-1.2427878379821777
119935.0,-1.2359566688537598
119940.0,-1.2131513357162476
119945.0,-1.2132431268692017
119950.0,-1.2322564125061035
119955.0,-1.2237224578857422
119960.0,-1.2290836572647095
119965.0,-1.2314717769622803
119970.0,-1.236662745475769
119975.0,-1.241076111793518
119980.0,-1.2153246402740479
119985.0,-1.2311863899230957
119990.0,-1.2250776290893555
119995.0,-1.2225885391235352
120000.0,-1.2261024713516235
120005.0,-1.210797905921936
120010.0,-1.2120912075042725
120015.0,-1.2470473051071167
120020.0,-1.2383527755737305
120025.0,-1.2361433506011963
120030.0,-1.2351486682891846
120035.0,-1.2497062683105469
120040.0,-1.2549355030059814
120045.0,-1.221374273300171
120050.0,-1.2546305656433105
120055.0,-1.2354724407196045
120060.0,-1.219152569770813
120065.0,-1.2147119045257568
120070.0,-1.2304127216339111
120075.0,-1.2261979579925537
120080.0,-1.2395203113555908
120085.0,-1.2118600606918335
120090.0,-1.2330000400543213
120095.0,-1.2420482635498047
120100.0,-1.2215898036956787
120105.0,-1.2185653448104858
120110.0,-1.236034870147705
120115.0,-1.2245521545410156
120120.0,-1.2180862426757812
120125.0,-1.2528514862060547
120130.0,-1.2338637113571167
120135.0,-1.2166959047317505
120140.0,-1.2394590377807617
120145.0,-1.2345468997955322
120150.0,-1.227060079574585
120155.0,-1.2342101335525513
120160.0,-1.229224681854248
120165.0,-1.2153741121292114
120170.0,-1.2215936183929443
120175.0,-1.2480566501617432
120180.0,-1.2271325588226318
120185.0,-1.239682674407959
120190.0,-1.244775414466858
120195.0,-1.2212471961975098
120200.0,-1.2230846881866455
120205.0,-1.2453022003173828
120210.0,-1.2185790538787842
120215.0,-1.2342593669891357
120220.0,-1.2342944145202637
120225.0,-1.2231935262680054
120230.0,-1.2311182022094727
120235.0,-1.2347325086593628
120240.0,-1.2349580526351929
120245.0,-1.230000376701355
120250.0,-1.2085129022598267
120255.0,-1.2239296436309814
120260.0,-1.2174445390701294
120265.0,-1.2453044652938843
120270.0,-1.2276592254638672
120275.0,-1.2186758518218994
120280.0,-1.2306034564971924
120285.0,-1.2075647115707397
120290.0,-1.2230758666992188
120295.0,-1.2126572132110596
120300.0,-1.2400288581848145
120305.0,-1.2248893976211548
120310.0,-1.216238021850586
120315.0,-1.2349451780319214
120320.0,-1.247510552406311
120325.0,-1.223836064338684
120330.0,-1.2436892986297607
120335.0,-1.248114824295044
120340.0,-1.2251098155975342
120345.0,-1.2393598556518555
120350.0,-1.2212042808532715
120355.0,-1.2320291996002197
120360.0,-1.222165822982788
120365.0,-1.2196248769760132
120370.0,-1.2097795009613037
120375.0,-1.2337266206741333
120380.0,-1.2293825149536133
120385.0,-1.2196236848831177
120390.0,-1.2577033042907715
120395.0,-1.208174467086792
120400.0,-1.2219359874725342
120405.0,-1.259116291999817
120410.0,-1.2192127704620361
120415.0,-1.225260853767395
120420.0,-1.2513039112091064
120425.0,-1.2144787311553955
120430.0,-1.2149779796600342
120435.0,-1.2450107336044312
120440.0,-1.2242791652679443
120445.0,-1.2441720962524414
120450.0,-1.2258411645889282
120455.0,-1.2363762855529785
120460.0,-1.2324888706207275
120465.0,-1.2445248365402222
120470.0,-1.2375426292419434
120475.0,-1.2444067001342773
120480.0,-1.2317475080490112
120485.0,-1.2421880960464478
120490.0,-1.2150673866271973
120495.0,-1.2403843402862549
120500.0,-1.252968668937683
120505.0,-1.208626627922058
120510.0,-1.24953293800354
120515.0,-1.2283016443252563
120520.0,-1.221208095550537
120525.0,-1.2285902500152588
120530.0,-1.2315040826797485
120535.0,-1.2295663356781006
120540.0,-1.2451765537261963
120545.0,-1.2273975610733032
120550.0,-1.2345936298370361
120555.0,-1.2340747117996216
120560.0,-1.2168856859207153
120565.0,-1.2509881258010864
120570.0,-1.230786919593811
120575.0,-1.2419461011886597
120580.0,-1.2291148900985718
120585.0,-1.2244048118591309
120590.0,-1.246361255645752
120595.0,-1.2222638130187988
120600.0,-1.2369780540466309
120605.0,-1.2313511371612549
120610.0,-1.2090730667114258
120615.0,-1.2425872087478638
120620.0,-1.2365540266036987
120625.0,-1.2254266738891602
120630.0,-1.235996961593628
120635.0,-1.2334866523742676
120640.0,-1.217027187347412
120645.0,-1.2388319969177246
120650.0,-1.224971890449524
120655.0,-1.2393383979797363
120660.0,-1.2454967498779297
120665.0,-1.2108535766601562
120670.0,-1.250990867614746
120675.0,-1.2312421798706055
120680.0,-1.2337768077850342
120685.0,-1.2231663465499878
120690.0,-1.239936113357544
120695.0,-1.221975564956665
120700.0,-1.2276450395584106
120705.0,-1.2287564277648926
120710.0,-1.2325876951217651
120715.0,-1.2364332675933838
120720.0,-1.22633695602417
120725.0,-1.2396337985992432
120730.0,-1.2196941375732422
120735.0,-1.2301892042160034
120740.0,-1.2391505241394043
120745.0,-1.2527433633804321
120750.0,-1.2300115823745728
120755.0,-1.2402713298797607
120760.0,-1.2650401592254639
120765.0,-1.2179956436157227
120770.0,-1.250828504562378
120775.0,-1.2573145627975464
120780.0,-1.2249348163604736
120785.0,-1.2394537925720215
120790.0,-1.2261468172073364
120795.0,-1.2366994619369507
120800.0,-1.242334008216858
120805.0,-1.2435944080352783
120810.0,-1.2148611545562744
120815.0,-1.2417328357696533
120820.0,-1.2331193685531616
120825.0,-1.2189362049102783
120830.0,-1.240261435508728
120835.0,-1.2313082218170166
120840.0,-1.2273659706115723
120845.0,-1.2124004364013672
120850.0,-1.232846736907959
120855.0,-1.2119437456130981
120860.0,-1.2195653915405273
120865.0,-1.238279104232788
120870.0,-1.2399182319641113
120875.0,-1.2179844379425049
120880.0,-1.2441039085388184
120885.0,-1.2307186126708984
120890.0,-1.218955636024475
120895.0,-1.2419960498809814
120900.0,-1.2219018936157227
120905.0,-1.2299728393554688
120910.0,-1.2321906089782715
120915.0,-1.2269277572631836
120920.0,-1.221327781677246
120925.0,-1.2534809112548828
120930.0,-1.2386120557785034
120935.0,-1.2309246063232422
120940.0,-1.2387518882751465
120945.0,-1.2259035110473633
120950.0,-1.236903429031372
120955.0,-1.2273250818252563
120960.0,-1.2421021461486816
120965.0,-1.245774745941162
120970.0,-1.2272359132766724
120975.0,-1.23067307472229
120980.0,-1.254045009613037
120985.0,-1.204359531402588
120990.0,-1.2248529195785522
120995.0,-1.2413818836212158
121000.0,-1.220159649848938
121005.0,-1.2160487174987793
121010.0,-1.222111463546753
121015.0,-1.233538031578064
121020.0,-1.2315423488616943
121025.0,-1.219351887702942
121030.0,-1.2254217863082886
121035.0,-1.2374706268310547
121040.0,-1.1935956478118896
121045.0,-1.24839186668396
121050.0,-1.2557373046875
121055.0,-1.2169315814971924
121060.0,-1.2370790243148804
121065.0,-1.2276291847229004
121070.0,-1.2340421676635742
121075.0,-1.2560428380966187
121080.0,-1.2448283433914185
121085.0,-1.2442771196365356
121090.0,-1.2225346565246582
121095.0,-1.223324179649353
121100.0,-1.2438044548034668
121105.0,-1.2484222650527954
121110.0,-1.2568416595458984
121115.0,-1.260826826095581
121120.0,-1.2192268371582031
121125.0,-1.2106173038482666
121130.0,-1.233678936958313
121135.0,-1.2175276279449463
121140.0,-1.205872893333435
121145.0,-1.228475570678711
121150.0,-1.2131682634353638
121155.0,-1.218327522277832
121160.0,-1.258047342300415
121165.0,-1.2037217617034912
121170.0,-1.2125838994979858
121175.0,-1.2245051860809326
121180.0,-1.2118496894836426
121185.0,-1.2060191631317139
121190.0,-1.2471967935562134
121195.0,-1.235288143157959
121200.0,-1.2460601329803467
121205.0,-1.2524839639663696
121210.0,-1.2447359561920166
121215.0,-1.2459228038787842
121220.0,-1.2435903549194336
121225.0,-1.2387256622314453
121230.0,-1.2137165069580078
121235.0,-1.233599305152893
121240.0,-1.2313945293426514
121245.0,-1.2081815004348755
121250.0,-1.239581823348999
121255.0,-1.2242815494537354
121260.0,-1.2203091382980347
121265.0,-1.2452340126037598
121270.0,-1.2191804647445679
121275.0,-1.2392008304595947
121280.0,-1.237386703491211
121285.0,-1.2068705558776855
121290.0,-1.2426131963729858
121295.0,-1.2381535768508911
121300.0,-1.2111908197402954
121305.0,-1.2666969299316406
121310.0,-1.2244107723236084
121315.0,-1.2211358547210693
121320.0,-1.2216931581497192
121325.0,-1.2300691604614258
121330.0,-1.2207050323486328
121335.0,-1.2048351764678955
121340.0,-1.2171456813812256
121345.0,-1.2165086269378662
121350.0,-1.1823086738586426
121355.0,-1.2359449863433838
121360.0,-1.2339696884155273
121365.0,-1.2293239831924438
121370.0,-1.2484182119369507
121375.0,-1.213212013244629
121380.0,-1.2418369054794312
121385.0,-1.2289751768112183
121390.0,-1.235980749130249
121395.0,-1.2447863817214966
121400.0,-1.22171950340271
121405.0,-1.2200849056243896
121410.0,-1.2524713277816772
121415.0,-1.219665288925171
121420.0,-1.2417538166046143
121425.0,-1.2456915378570557
121430.0,-1.2212905883789062
121435.0,-1.2497224807739258
121440.0,-1.2104007005691528
121445.0,-1.2308275699615479
121450.0,-1.2418466806411743
121455.0,-1.2302364110946655
121460.0,-1.2216225862503052
121465.0,-1.2473227977752686
121470.0,-1.2233493328094482
121475.0,-1.2294299602508545
121480.0,-1.2437849044799805
121485.0,-1.2174859046936035
121490.0,-1.2481597661972046
121495.0,-1.2451227903366089
121500.0,-1.2143349647521973
121505.0,-1.2557952404022217
121510.0,-1.2251739501953125
121515.0,-1.2051022052764893
121520.0,-1.2384965419769287
121525.0,-1.2099237442016602
121530.0,-1.2147400379180908
121535.0,-1.2509814500808716
121540.0,-1.2282683849334717
121545.0,-1.2117892503738403
121550.0,-1.2380121946334839
121555.0,-1.2291100025177002
121560.0,-1.2238752841949463
121565.0,-1.2393242120742798
121570.0,-1.2363942861557007
121575.0,-1.2299211025238037
121580.0,-1.2249488830566406
121585.0,-1.2378864288330078
121590.0,-1.2444807291030884
121595.0,-1.221257209777832
121600.0,-1.235868215560913
121605.0,-1.2494230270385742
121610.0,-1.2136492729187012
121615.0,-1.2481963634490967
121620.0,-1.2465980052947998
121625.0,-1.218415379524231
121630.0,-1.2556865215301514
121635.0,-1.2156367301940918
121640.0,-1.218720555305481
121645.0,-1.2493256330490112
121650.0,-1.2279047966003418
121655.0,-1.2263855934143066
121660.0,-1.2258365154266357
121665.0,-1.2281793355941772
121670.0,-1.2221522331237793
121675.0,-1.2388428449630737
121680.0,-1.2393364906311035
121685.0,-1.2397942543029785
121690.0,-1.2315096855163574
121695.0,-1.241384506225586
121700.0,-1.2344367504119873
121705.0,-1.223686933517456
121710.0,-1.2363179922103882
121715.0,-1.2269413471221924
121720.0,-1.2346620559692383
121725.0,-1.2299063205718994
121730.0,-1.2155345678329468
121735.0,-1.2285401821136475
121740.0,-1.2260740995407104
121745.0,-1.2039711475372314
121750.0,-1.2531427145004272
121755.0,-1.230076551437378
121760.0,-1.2206127643585205
121765.0,-1.2233904600143433
121770.0,-1.2182118892669678
121775.0,-1.2464442253112793
121780.0,-1.235207438468933
121785.0,-1.2312397956848145
121790.0,-1.2301914691925049
121795.0,-1.2391135692596436
121800.0,-1.2030166387557983
121805.0,-1.2357454299926758
121810.0,-1.2442518472671509
121815.0,-1.2214586734771729
121820.0,-1.2348759174346924
121825.0,-1.222062110900879
121830.0,-1.2353284358978271
121835.0,-1.2370482683181763
121840.0,-1.2289983034133911
121845.0,-1.2428674697875977
121850.0,-1.2463610172271729
121855.0,-1.2112584114074707
121860.0,-1.236185073852539
121865.0,-1.2333756685256958
121870.0,-1.224129557609558
121875.0,-1.2291055917739868
121880.0,-1.2211253643035889
121885.0,-1.2206193208694458
121890.0,-1.2476352453231812
121895.0,-1.2357425689697266
121900.0,-1.2228851318359375
121905.0,-1.2347255945205688
121910.0,-1.2228140830993652
121915.0,-1.230954647064209
121920.0,-1.2176017761230469
121925.0,-1.2337069511413574
121930.0,-1.238753080368042
121935.0,-1.2032737731933594
121940.0,-1.2140663862228394
121945.0,-1.2389392852783203
121950.0,-1.2327172756195068
121955.0,-1.2181187868118286
121960.0,-1.2409154176712036
121965.0,-1.2466305494308472
121970.0,-1.2112172842025757
121975.0,-1.2253844738006592
121980.0,-1.2315876483917236
121985.0,-1.2275875806808472
121990.0,-1.238666296005249
121995.0,-1.2405683994293213
122000.0,-1.2384241819381714
122005.0,-1.210683822631836
122010.0,-1.2413358688354492
122015.0,-1.2440872192382812
122020.0,-1.2251572608947754
122025.0,-1.2469642162322998
122030.0,-1.2281596660614014
122035.0,-1.2280410528182983
122040.0,-1.2514369487762451
122045.0,-1.2280728816986084
122050.0,-1.214498519897461
122055.0,-1.2579758167266846
122060.0,-1.2106471061706543
122065.0,-1.2438994646072388
122070.0,-1.2192296981811523
122075.0,-1.217664361000061
122080.0,-1.2306495904922485
122085.0,-1.2142326831817627
122090.0,-1.2187163829803467
122095.0,-1.2461280822753906
122100.0,-1.2258983850479126
122105.0,-1.2327146530151367
122110.0,-1.2278943061828613
122115.0,-1.2177026271820068
122120.0,-1.2476255893707275
122125.0,-1.2229251861572266
122130.0,-1.2238987684249878
122135.0,-1.2367393970489502
122140.0,-1.214691400527954
122145.0,-1.2202571630477905
122150.0,-1.2285833358764648
122155.0,-1.221552848815918
122160.0,-1.2360353469848633
122165.0,-1.2301054000854492
122170.0,-1.2196743488311768
122175.0,-1.2318533658981323
122180.0,-1.2291167974472046
122185.0,-1.2228327989578247
122190.0,-1.248918056488037
122195.0,-1.2316725254058838
122200.0,-1.2201166152954102
122205.0,-1.2246136665344238
122210.0,-1.2463459968566895
122215.0,-1.2288501262664795
122220.0,-1.2375222444534302
122225.0,-1.2348382472991943
122230.0,-1.2342772483825684
122235.0,-1.2187833786010742
122240.0,-1.2333173751831055
122245.0,-1.2195086479187012
122250.0,-1.2320737838745117
122255.0,-1.2303944826126099
122260.0,-1.2318122386932373
122265.0,-1.2235548496246338
122270.0,-1.2339024543762207
122275.0,-1.2184703350067139
122280.0,-1.246284008026123
122285.0,-1.217628002166748
122290.0,-1.2262067794799805
122295.0,-1.2295259237289429
122300.0,-1.2195179462432861
122305.0,-1.2330224514007568
122310.0,-1.2251689434051514
122315.0,-1.2354307174682617
122320.0,-1.239937424659729
122325.0,-1.2234201431274414
122330.0,-1.234156847000122
122335.0,-1.2472004890441895
122340.0,-1.2081149816513062
122345.0,-1.234741449356079
122350.0,-1.2386870384216309
122355.0,-1.2184113264083862
122360.0,-1.242692232131958
122365.0,-1.2407567501068115
122370.0,-1.2133499383926392
122375.0,-1.2463040351867676
122380.0,-1.2326233386993408
122385.0,-1.235519528388977
122390.0,-1.244786262512207
122395.0,-1.2026011943817139
122400.0,-1.2365652322769165
122405.0,-1.254297137260437
122410.0,-1.2259525060653687
122415.0,-1.2406272888183594
122420.0,-1.2411808967590332
122425.0,-1.2144944667816162
122430.0,-1.2318246364593506
122435.0,-1.2337019443511963
122440.0,-1.2003669738769531
122445.0,-1.2324479818344116
122450.0,-1.2284448146820068
122455.0,-1.225474238395691
122460.0,-1.233069896697998
122465.0,-1.2360817193984985
122470.0,-1.2176457643508911
122475.0,-1.2283821105957031
122480.0,-1.2386863231658936
122485.0,-1.2400935888290405
122490.0,-1.2244341373443604
122495.0,-1.2328550815582275
122500.0,-1.236696720123291
122505.0,-1.2145359516143799
122510.0,-1.239372730255127
122515.0,-1.2458187341690063
122520.0,-1.225921392440796
122525.0,-1.2197504043579102
122530.0,-1.2182981967926025
122535.0,-1.2272732257843018
122540.0,-1.2044892311096191
122545.0,-1.2209912538528442
122550.0,-1.230450987815857
122555.0,-1.21927011013031
122560.0,-1.2150273323059082
122565.0,-1.2390847206115723
122570.0,-1.247084140777588
122575.0,-1.2348355054855347
122580.0,-1.2244813442230225
122585.0,-1.2311997413635254
122590.0,-1.2180213928222656
122595.0,-1.2454912662506104
122600.0,-1.1961297988891602
122605.0,-1.233283519744873
122610.0,-1.242646336555481
122615.0,-1.2166794538497925
122620.0,-1.2266236543655396
122625.0,-1.2271807193756104
122630.0,-1.2047685384750366
122635.0,-1.2226698398590088
122640.0,-1.2338860034942627
122645.0,-1.2172845602035522
122650.0,-1.2351635694503784
122655.0,-1.2273080348968506
122660.0,-1.2205612659454346
122665.0,-1.2368215322494507
122670.0,-1.24640691280365
122675.0,-1.2200336456298828
122680.0,-1.237074613571167
122685.0,-1.2369211912155151
122690.0,-1.216433048248291
122695.0,-1.2367479801177979
122700.0,-1.2221307754516602
122705.0,-1.2348078489303589
122710.0,-1.2327959537506104
122715.0,-1.2288388013839722
122720.0,-1.2291243076324463
122725.0,-1.2346339225769043
122730.0,-1.217972993850708
122735.0,-1.2317299842834473
122740.0,-1.2348113059997559
122745.0,-1.2263250350952148
122750.0,-1.2281628847122192
122755.0,-1.2361501455307007
122760.0,-1.2165508270263672
122765.0,-1.240278959274292
122770.0,-1.2418766021728516
122775.0,-1.2372455596923828
122780.0,-1.2354176044464111
122785.0,-1.2366461753845215
122790.0,-1.2244752645492554
122795.0,-1.2347050905227661
122800.0,-1.2381415367126465
122805.0,-1.223455548286438
122810.0,-1.2387666702270508
122815.0,-1.2255895137786865
122820.0,-1.218614935874939
122825.0,-1.2366548776626587
122830.0,-1.2465648651123047
122835.0,-1.2080984115600586
122840.0,-1.2630031108856201
122845.0,-1.238556146621704
122850.0,-1.227332592010498
122855.0,-1.2359638214111328
122860.0,-1.2382806539535522
122865.0,-1.2122297286987305
122870.0,-1.2469383478164673
122875.0,-1.2437375783920288
122880.0,-1.221747636795044
122885.0,-1.2413578033447266
122890.0,-1.2347371578216553
122895.0,-1.2153441905975342
122900.0,-1.2385483980178833
122905.0,-1.2412517070770264
122910.0,-1.2150702476501465
122915.0,-1.2321975231170654
122920.0,-1.2262892723083496
122925.0,-1.2146759033203125
122930.0,-1.2422866821289062
122935.0,-1.2248374223709106
122940.0,-1.2296569347381592
122945.0,-1.2530447244644165
122950.0,-1.2068455219268799
122955.0,-1.2386910915374756
122960.0,-1.2518131732940674
122965.0,-1.2263050079345703
122970.0,-1.2449156045913696
122975.0,-1.2305893898010254
122980.0,-1.231851577758789
122985.0,-1.251389741897583
122990.0,-1.2144430875778198
122995.0,-1.2247427701950073
123000.0,-1.2319459915161133
123005.0,-1.2158435583114624
123010.0,-1.2236227989196777
123015.0,-1.2433016300201416
123020.0,-1.230555534362793
123025.0,-1.2358908653259277
123030.0,-1.2361507415771484
123035.0,-1.2283108234405518
123040.0,-1.2417131662368774
123045.0,-1.2434885501861572
123050.0,-1.2331295013427734
123055.0,-1.2300164699554443
123060.0,-1.230997920036316
123065.0,-1.2361317873001099
123070.0,-1.2364025115966797
123075.0,-1.229383945465088
123080.0,-1.245072364807129
123085.0,-1.2302016019821167
123090.0,-1.2336418628692627
123095.0,-1.2387032508850098
123100.0,-1.2415361404418945
123105.0,-1.2196036577224731
123110.0,-1.2172034978866577
123115.0,-1.2374614477157593
123120.0,-1.2332637310028076
123125.0,-1.2313194274902344
123130.0,-1.2188466787338257
123135.0,-1.2402970790863037
123140.0,-1.20784330368042
123145.0,-1.2170199155807495
123150.0,-1.2535452842712402
123155.0,-1.2259114980697632
123160.0,-1.223707675933838
123165.0,-1.2331836223602295
123170.0,-1.2362698316574097
123175.0,-1.2322083711624146
123180.0,-1.2258846759796143
123185.0,-1.2536187171936035
123190.0,-1.227431297302246
123195.0,-1.218137264251709
123200.0,-1.2569124698638916
123205.0,-1.238999605178833
123210.0,-1.2233078479766846
123215.0,-1.2400761842727661
123220.0,-1.228156566619873
123225.0,-1.2366300821304321
123230.0,-1.245841383934021
123235.0,-1.2146883010864258
123240.0,-1.218883752822876
123245.0,-1.2310442924499512
123250.0,-1.2146117687225342
123255.0,-1.2280213832855225
123260.0,-1.2142055034637451
123265.0,-1.2135164737701416
123270.0,-1.2203714847564697
123275.0,-1.2348335981369019
123280.0,-1.2413806915283203
123285.0,-1.2351596355438232
123290.0,-1.2178634405136108
123295.0,-1.235390543937683
123300.0,-1.2169861793518066
123305.0,-1.2239642143249512
123310.0,-1.2448112964630127
123315.0,-1.2311519384384155
123320.0,-1.2272608280181885
123325.0,-1.237737774848938
123330.0,-1.225629210472107
123335.0,-1.2277488708496094
123340.0,-1.2286200523376465
123345.0,-1.2377489805221558
123350.0,-1.235752820968628
123355.0,-1.217156171798706
123360.0,-1.2260820865631104
123365.0,-1.2457001209259033
123370.0,-1.2107363939285278
123375.0,-1.2370656728744507
123380.0,-1.2487008571624756
123385.0,-1.2012369632720947
123390.0,-1.253406286239624
123395.0,-1.2307496070861816
123400.0,-1.2176384925842285
123405.0,-1.2356070280075073
123410.0,-1.2175780534744263
123415.0,-1.205164909362793
123420.0,-1.2435379028320312
123425.0,-1.226550817489624
123430.0,-1.2063353061676025
123435.0,-1.234678030014038
123440.0,-1.2226855754852295
123445.0,-1.2254987955093384
123450.0,-1.237396478652954
123455.0,-1.233106017112732
123460.0,-1.2174286842346191
123465.0,-1.2291193008422852
123470.0,-1.226199746131897
123475.0,-1.2471179962158203
123480.0,-1.2215490341186523
123485.0,-1.2388370037078857
123490.0,-1.2301228046417236
123495.0,-1.2017935514450073
123500.0,-1.2317728996276855
123505.0,-1.2448382377624512
123510.0,-1.2181360721588135
123515.0,-1.2396442890167236
123520.0,-1.2160440683364868
123525.0,-1.2263894081115723
123530.0,-1.2511533498764038
123535.0,-1.2222528457641602
123540.0,-1.2277882099151611
123545.0,-1.2193603515625
123550.0,-1.2366609573364258
123555.0,-1.230082392692566
123560.0,-1.23442804813385
123565.0,-1.2170381546020508
123570.0,-1.2463080883026123
123575.0,-1.2331960201263428
123580.0,-1.2205623388290405
123585.0,-1.2409921884536743
123590.0,-1.232285737991333
123595.0,-1.2257187366485596
123600.0,-1.2317352294921875
123605.0,-1.257980227470398
123610.0,-1.2351608276367188
123615.0,-1.221439242362976
123620.0,-1.2343108654022217
123625.0,-1.2340112924575806
123630.0,-1.2289912700653076
123635.0,-1.22951340675354
123640.0,-1.2445368766784668
123645.0,-1.2162114381790161
123650.0,-1.214116096496582
123655.0,-1.2486838102340698
123660.0,-1.218917727470398
123665.0,-1.2339940071105957
123670.0,-1.2498726844787598
123675.0,-1.20554780960083
123680.0,-1.230501413345337
123685.0,-1.2308976650238037
123690.0,-1.21988844871521
123695.0,-1.2474437952041626
123700.0,-1.2235134840011597
123705.0,-1.2178781032562256
123710.0,-1.254431962966919
123715.0,-1.2119275331497192
123720.0,-1.2358102798461914
123725.0,-1.2402381896972656
123730.0,-1.214856743812561
123735.0,-1.2283838987350464
123740.0,-1.2338966131210327
123745.0,-1.2270433902740479
123750.0,-1.2431845664978027
123755.0,-1.205491542816162
123760.0,-1.221142053604126
123765.0,-1.2288026809692383
123770.0,-1.2153761386871338
123775.0,-1.232830286026001
123780.0,-1.218102216720581
123785.0,-1.2317824363708496
123790.0,-1.233583927154541
123795.0,-1.2273097038269043
123800.0,-1.2383708953857422
123805.0,-1.2411773204803467
123810.0,-1.2330955266952515
123815.0,-1.2395983934402466
123820.0,-1.2368851900100708
123825.0,-1.2433277368545532
123830.0,-1.2220442295074463
123835.0,-1.2424983978271484
123840.0,-1.2435340881347656
123845.0,-1.2103556394577026
123850.0,-1.251145362854004
123855.0,-1.2048853635787964
123860.0,-1.236016035079956
123865.0,-1.2480686902999878
123870.0,-1.2294255495071411
123875.0,-1.2388211488723755
123880.0,-1.2348427772521973
123885.0,-1.2237253189086914
123890.0,-1.2476240396499634
123895.0,-1.2416945695877075
123900.0,-1.2281811237335205
123905.0,-1.223889708518982
123910.0,-1.2345430850982666
123915.0,-1.2337348461151123
123920.0,-1.2006607055664062
123925.0,-1.2472410202026367
123930.0,-1.2406368255615234
123935.0,-1.2129464149475098
123940.0,-1.2327518463134766
123945.0,-1.2331358194351196
123950.0,-1.2075064182281494
123955.0,-1.2266942262649536
123960.0,-1.2451879978179932
123965.0,-1.218973994255066
123970.0,-1.2207067012786865
123975.0,-1.2276358604431152
123980.0,-1.2508519887924194
123985.0,-1.22730553150177
123990.0,-1.232125997543335
123995.0,-1.2359540462493896
124000.0,-1.2062249183654785
124005.0,-1.2520345449447632
124010.0,-1.2334797382354736
124015.0,-1.22422456741333
124020.0,-1.2510548830032349
124025.0,-1.2211086750030518
124030.0,-1.2053842544555664
124035.0,-1.2536258697509766
124040.0,-1.2139756679534912
124045.0,-1.211561918258667
124050.0,-1.2318884134292603
124055.0,-1.2271062135696411
124060.0,-1.2334797382354736
124065.0,-1.2359132766723633
124070.0,-1.2303065061569214
124075.0,-1.2387652397155762
124080.0,-1.2407891750335693
124085.0,-1.2312653064727783
124090.0,-1.2399206161499023
124095.0,-1.2468886375427246
124100.0,-1.2317076921463013
124105.0,-1.2294039726257324
124110.0,-1.233266830444336
124115.0,-1.2443349361419678
124120.0,-1.2393321990966797
124125.0,-1.2295300960540771
124130.0,-1.2402596473693848
124135.0,-1.2218387126922607
124140.0,-1.2402448654174805
124145.0,-1.2096073627471924
124150.0,-1.2367782592773438
124155.0,-1.2465569972991943
124160.0,-1.2290269136428833
124165.0,-1.2280911207199097
124170.0,-1.2392703294754028
124175.0,-1.2285878658294678
124180.0,-1.2345775365829468
124185.0,-1.2436389923095703
124190.0,-1.2170711755752563
124195.0,-1.256201982498169
124200.0,-1.2171907424926758
124205.0,-1.1987005472183228
124210.0,-1.2563447952270508
124215.0,-1.2121117115020752
124220.0,-1.2012550830841064
124225.0,-1.2558660507202148
124230.0,-1.224069356918335
124235.0,-1.2163608074188232
124240.0,-1.2505691051483154
124245.0,-1.2150307893753052
124250.0,-1.2470229864120483
124255.0,-1.2343504428863525
124260.0,-1.23551607131958
124265.0,-1.2329413890838623
124270.0,-1.2331204414367676
124275.0,-1.240251064300537
124280.0,-1.2517025470733643
124285.0,-1.2286579608917236
124290.0,-1.2483415603637695
124295.0,-1.2312090396881104
124300.0,-1.2149477005004883
124305.0,-1.2448673248291016
124310.0,-1.251114845275879
124315.0,-1.2201652526855469
124320.0,-1.2234963178634644
124325.0,-1.2427196502685547
124330.0,-1.2208948135375977
124335.0,-1.2199159860610962
124340.0,-1.2389256954193115
124345.0,-1.223109483718872
124350.0,-1.220900535583496
124355.0,-1.2452532052993774
124360.0,-1.2186055183410645
124365.0,-1.2289648056030273
124370.0,-1.2392165660858154
124375.0,-1.2204878330230713
124380.0,-1.2396737337112427
124385.0,-1.2318476438522339
124390.0,-1.2303879261016846
124395.0,-1.2125284671783447
124400.0,-1.2173935174942017
124405.0,-1.2337477207183838
124410.0,-1.2269320487976074
124415.0,-1.2389132976531982
124420.0,-1.23516845703125
124425.0,-1.2209686040878296
124430.0,-1.2201963663101196
124435.0,-1.2103667259216309
124440.0,-1.2197307348251343
124445.0,-1.2320489883422852
124450.0,-1.2143515348434448
124455.0,-1.2137706279754639
124460.0,-1.227184534072876
124465.0,-1.234938383102417
124470.0,-1.2271161079406738
124475.0,-1.2312219142913818
124480.0,-1.2414014339447021
124485.0,-1.2111196517944336
124490.0,-1.2365576028823853
124495.0,-1.248700499534607
124500.0,-1.222238540649414
124505.0,-1.2237372398376465
124510.0,-1.2405794858932495
124515.0,-1.2311961650848389
124520.0,-1.2387272119522095
124525.0,-1.2130417823791504
124530.0,-1.2425966262817383
124535.0,-1.2315824031829834
124540.0,-1.219537615776062
124545.0,-1.247626543045044
124550.0,-1.2395408153533936
124555.0,-1.2150568962097168
124560.0,-1.2419168949127197
124565.0,-1.2340047359466553
124570.0,-1.2187209129333496
124575.0,-1.2443106174468994
124580.0,-1.2313051223754883
124585.0,-1.2326565980911255
124590.0,-1.2141667604446411
124595.0,-1.2232310771942139
124600.0,-1.2515681982040405
124605.0,-1.2139639854431152
124610.0,-1.2373510599136353
124615.0,-1.235929012298584
124620.0,-1.2036411762237549
124625.0,-1.2305394411087036
124630.0,-1.2305793762207031
124635.0,-1.2196664810180664
124640.0,-1.23872971534729
124645.0,-1.2241170406341553
124650.0,-1.2140952348709106
124655.0,-1.250550389289856
124660.0,-1.218224048614502
124665.0,-1.240587592124939
124670.0,-1.2388311624526978
124675.0,-1.214278221130371
124680.0,-1.2159194946289062
124685.0,-1.2510963678359985
124690.0,-1.1959431171417236
124695.0,-1.2204803228378296
124700.0,-1.2328168153762817
124705.0,-1.2109808921813965
124710.0,-1.2179771661758423
124715.0,-1.2325798273086548
124720.0,-1.2333112955093384
124725.0,-1.2391716241836548
124730.0,-1.2459173202514648
124735.0,-1.2423930168151855
124740.0,-1.2556250095367432
124745.0,-1.2285877466201782
124750.0,-1.2471685409545898
124755.0,-1.2430014610290527
124760.0,-1.2486579418182373
124765.0,-1.2432608604431152
124770.0,-1.2366106510162354
124775.0,-1.2289577722549438
124780.0,-1.2160111665725708
124785.0,-1.2312138080596924
124790.0,-1.2320842742919922
124795.0,-1.2352224588394165
124800.0,-1.2200651168823242
124805.0,-1.2361780405044556
124810.0,-1.2430201768875122
124815.0,-1.2252992391586304
124820.0,-1.2426563501358032
124825.0,-1.2410664558410645
124830.0,-1.2050635814666748
124835.0,-1.2487614154815674
124840.0,-1.2571243047714233
124845.0,-1.2072944641113281
124850.0,-1.2248493432998657
124855.0,-1.244441270828247
124860.0,-1.2015005350112915
124865.0,-1.2394394874572754
124870.0,-1.2493467330932617
124875.0,-1.232610821723938
124880.0,-1.2379924058914185
124885.0,-1.2334277629852295
124890.0,-1.2216578722000122
124895.0,-1.2254698276519775
124900.0,-1.2300806045532227
124905.0,-1.2305190563201904
124910.0,-1.2356408834457397
124915.0,-1.2478067874908447
124920.0,-1.249601125717163
124925.0,-1.229612112045288
124930.0,-1.257610559463501
124935.0,-1.2431657314300537
124940.0,-1.2319203615188599
124945.0,-1.2498555183410645
124950.0,-1.2260758876800537
124955.0,-1.2143036127090454
124960.0,-1.2384949922561646
124965.0,-1.2270846366882324
124970.0,-1.2332173585891724
124975.0,-1.231570839881897
124980.0,-1.2283484935760498
124985.0,-1.2320101261138916
124990.0,-1.2283320426940918
124995.0,-1.230905532836914
125000.0,-1.247699499130249
125005.0,-1.2103813886642456
125010.0,-1.232329249382019
125015.0,-1.2470941543579102
125020.0,-1.2252355813980103
125025.0,-1.2285674810409546
125030.0,-1.253145694732666
125035.0,-1.2371946573257446
125040.0,-1.2226145267486572
125045.0,-1.2214604616165161
125050.0,-1.2381759881973267
125055.0,-1.2299069166183472
125060.0,-1.2362465858459473
125065.0,-1.2128965854644775
125070.0,-1.2331106662750244
125075.0,-1.248483657836914
125080.0,-1.2201728820800781
125085.0,-1.2336057424545288
125090.0,-1.2325502634048462
125095.0,-1.2419350147247314
125100.0,-1.2273632287979126
125105.0,-1.2263450622558594
125110.0,-1.2246861457824707
125115.0,-1.2253448963165283
125120.0,-1.2238984107971191
125125.0,-1.23439359664917
125130.0,-1.2455490827560425
125135.0,-1.2431306838989258
125140.0,-1.2192010879516602
125145.0,-1.2342653274536133
125150.0,-1.253652572631836
125155.0,-1.2092490196228027
125160.0,-1.2522372007369995
125165.0,-1.2392189502716064
125170.0,-1.22853422164917
125175.0,-1.2285799980163574
125180.0,-1.2370080947875977
125185.0,-1.2359484434127808
125190.0,-1.2297649383544922
125195.0,-1.2477400302886963
125200.0,-1.2191425561904907
125205.0,-1.2372634410858154
125210.0,-1.2353732585906982
125215.0,-1.2274701595306396
125220.0,-1.2351250648498535
125225.0,-1.2215924263000488
125230.0,-1.2457854747772217
125235.0,-1.2163301706314087
125240.0,-1.2218902111053467
125245.0,-1.2361228466033936
125250.0,-1.2366197109222412
125255.0,-1.2194141149520874
125260.0,-1.2334755659103394
125265.0,-1.2336223125457764
125270.0,-1.2300662994384766
125275.0,-1.2435719966888428
125280.0,-1.2304717302322388
125285.0,-1.237260341644287
125290.0,-1.2294964790344238
125295.0,-1.230658769607544
125300.0,-1.224502682685852
125305.0,-1.2384001016616821
125310.0,-1.212748646736145
125315.0,-1.2368245124816895
125320.0,-1.248924970626831
125325.0,-1.2227728366851807
125330.0,-1.2464462518692017
125335.0,-1.2494103908538818
125340.0,-1.2181448936462402
125345.0,-1.2567521333694458
125350.0,-1.2392921447753906
125355.0,-1.2176185846328735
125360.0,-1.2334895133972168
125365.0,-1.2126619815826416
125370.0,-1.234804391860962
125375.0,-1.241189956665039
125380.0,-1.213097333908081
125385.0,-1.2339434623718262
125390.0,-1.2076292037963867
125395.0,-1.2098453044891357
125400.0,-1.251023292541504
125405.0,-1.2071776390075684
125410.0,-1.214308261871338
125415.0,-1.241292119026184
125420.0,-1.2109220027923584
125425.0,-1.23544442653656
125430.0,-1.2517449855804443
125435.0,-1.23807954788208
125440.0,-1.2037221193313599
125445.0,-1.21970796585083
125450.0,-1.2276825904846191
125455.0,-1.2132642269134521
125460.0,-1.2168748378753662
125465.0,-1.2395050525665283
125470.0,-1.2188186645507812
125475.0,-1.213440179824829
125480.0,-1.2568154335021973
125485.0,-1.2390738725662231
125490.0,-1.2156752347946167
125495.0,-1.2412114143371582
125500.0,-1.2352092266082764
125505.0,-1.2126352787017822
125510.0,-1.2560796737670898
125515.0,-1.2111492156982422
125520.0,-1.2306914329528809
125525.0,-1.2228882312774658
125530.0,-1.2136468887329102
125535.0,-1.2489807605743408
125540.0,-1.230635643005371
125545.0,-1.2048389911651611
125550.0,-1.2382060289382935
125555.0,-1.2138092517852783
125560.0,-1.214666724205017
125565.0,-1.2462042570114136
125570.0,-1.2142051458358765
125575.0,-1.2277354001998901
125580.0,-1.2231838703155518
125585.0,-1.2146105766296387
125590.0,-1.2537493705749512
125595.0,-1.2301138639450073
125600.0,-1.2246748208999634
125605.0,-1.22780442237854
125610.0,-1.2292351722717285
125615.0,-1.2249233722686768
125620.0,-1.2367095947265625
125625.0,-1.2098259925842285
125630.0,-1.2347134351730347
125635.0,-1.2160544395446777
125640.0,-1.226011037826538
125645.0,-1.2387018203735352
125650.0,-1.2403658628463745
125655.0,-1.2289761304855347
125660.0,-1.226837158203125
125665.0,-1.236912488937378
125670.0,-1.2277582883834839
125675.0,-1.2230310440063477
125680.0,-1.24472177028656
125685.0,-1.2350754737854004
125690.0,-1.237500786781311
125695.0,-1.220436453819275
125700.0,-1.2233901023864746
125705.0,-1.2392215728759766
125710.0,-1.2300007343292236
125715.0,-1.2317039966583252
125720.0,-1.2188314199447632
125725.0,-1.2273331880569458
125730.0,-1.2332186698913574
125735.0,-1.2258647680282593
125740.0,-1.2124608755111694
125745.0,-1.2403203248977661
125750.0,-1.2039629220962524
125755.0,-1.2164762020111084
125760.0,-1.239913821220398
125765.0,-1.214752197265625
125770.0,-1.239522933959961
125775.0,-1.2145848274230957
125780.0,-1.2165645360946655
125785.0,-1.2496846914291382
125790.0,-1.2192020416259766
125795.0,-1.2271934747695923
125800.0,-1.2457637786865234
125805.0,-1.2069748640060425
125810.0,-1.239485263824463
125815.0,-1.2355172634124756
125820.0,-1.214648723602295
125825.0,-1.2315372228622437
125830.0,-1.2209043502807617
125835.0,-1.2319362163543701
125840.0,-1.2415425777435303
125845.0,-1.225956916809082
125850.0,-1.2235240936279297
125855.0,-1.2435142993927002
125860.0,-1.2232098579406738
125865.0,-1.2510006427764893
125870.0,-1.2447181940078735
125875.0,-1.2135236263275146
125880.0,-1.2428346872329712
125885.0,-1.239920973777771
125890.0,-1.2140997648239136
125895.0,-1.2492165565490723
125900.0,-1.2296361923217773
125905.0,-1.2175334692001343
125910.0,-1.2446650266647339
125915.0,-1.224506139755249
125920.0,-1.235276460647583
125925.0,-1.2519500255584717
125930.0,-1.223119854927063
125935.0,-1.2212059497833252
125940.0,-1.245721459388733
125945.0,-1.21480131149292
125950.0,-1.2309589385986328
125955.0,-1.2224003076553345
125960.0,-1.2094852924346924
125965.0,-1.231144666671753
125970.0,-1.2241897583007812
125975.0,-1.2283806800842285
125980.0,-1.242344617843628
125985.0,-1.2092313766479492
125990.0,-1.2236850261688232
125995.0,-1.2387619018554688
126000.0,-1.21518874168396
126005.0,-1.249089241027832
126010.0,-1.2403484582901
126015.0,-1.230196475982666
126020.0,-1.254872441291809
126025.0,-1.227931261062622
126030.0,-1.2513116598129272
126035.0,-1.2355625629425049
126040.0,-1.2416248321533203
126045.0,-1.2231380939483643
126050.0,-1.2270712852478027
126055.0,-1.227290153503418
126060.0,-1.2312757968902588
126065.0,-1.228971004486084
126070.0,-1.2313785552978516
126075.0,-1.218398928642273
126080.0,-1.2331366539001465
126085.0,-1.251901388168335
126090.0,-1.2351782321929932
126095.0,-1.2354121208190918
126100.0,-1.2304933071136475
126105.0,-1.2249070405960083
126110.0,-1.2447431087493896
126115.0,-1.2466626167297363
126120.0,-1.2088632583618164
126125.0,-1.2386664152145386
126130.0,-1.2319037914276123
126135.0,-1.2214703559875488
126140.0,-1.2521915435791016
126145.0,-1.2372620105743408
126150.0,-1.2321141958236694
126155.0,-1.2353618144989014
126160.0,-1.2310583591461182
126165.0,-1.2447776794433594
126170.0,-1.236138105392456
126175.0,-1.2308560609817505
126180.0,-1.2212841510772705
126185.0,-1.2317920923233032
126190.0,-1.2316784858703613
126195.0,-1.221969723701477
126200.0,-1.227215051651001
126205.0,-1.2396950721740723
126210.0,-1.2316195964813232
126215.0,-1.214262843132019
126220.0,-1.2498698234558105
126225.0,-1.2397606372833252
126230.0,-1.2215747833251953
126235.0,-1.234961986541748
126240.0,-1.235884189605713
126245.0,-1.2145326137542725
126250.0,-1.221186876296997
126255.0,-1.217118263244629
126260.0,-1.231094479560852
126265.0,-1.235204815864563
126270.0,-1.2158071994781494
126275.0,-1.2295875549316406
126280.0,-1.2431416511535645
126285.0,-1.2232322692871094
126290.0,-1.230937123298645
126295.0,-1.2333314418792725
126300.0,-1.2320282459259033
126305.0,-1.2281025648117065
126310.0,-1.198380708694458
126315.0,-1.238240122795105
126320.0,-1.2303847074508667
126325.0,-1.211051106452942
126330.0,-1.2462873458862305
126335.0,-1.2286102771759033
126340.0,-1.225673794746399
126345.0,-1.2390973567962646
126350.0,-1.238013744354248
126355.0,-1.2077299356460571
126360.0,-1.2483314275741577
126365.0,-1.2326825857162476
126370.0,-1.220167875289917
126375.0,-1.2430474758148193
126380.0,-1.2343719005584717
126385.0,-1.2429845333099365
126390.0,-1.2279744148254395
126395.0,-1.2402217388153076
126400.0,-1.2364743947982788
126405.0,-1.2228965759277344
126410.0,-1.2399101257324219
126415.0,-1.2386553287506104
126420.0,-1.2269762754440308
126425.0,-1.2615954875946045
126430.0,-1.2216174602508545
126435.0,-1.22017502784729
126440.0,-1.2558574676513672
126445.0,-1.2139277458190918
126450.0,-1.2395614385604858
126455.0,-1.2392363548278809
126460.0,-1.2041298151016235
126465.0,-1.2218695878982544
126470.0,-1.2253808975219727
126475.0,-1.2192518711090088
126480.0,-1.2543679475784302
126485.0,-1.2419356107711792
126490.0,-1.2269961833953857
126495.0,-1.219425082206726
126500.0,-1.2394802570343018
126505.0,-1.2459733486175537
126510.0,-1.2307608127593994
126515.0,-1.2350521087646484
126520.0,-1.243464708328247
126525.0,-1.2230806350708008
126530.0,-1.231798529624939
126535.0,-1.2444961071014404
126540.0,-1.2496066093444824
126545.0,-1.225258231163025
126550.0,-1.2436552047729492
126555.0,-1.2356234788894653
126560.0,-1.2227197885513306
126565.0,-1.242800235748291
126570.0,-1.241666316986084
126575.0,-1.2339259386062622
126580.0,-1.2383322715759277
126585.0,-1.2314821481704712
126590.0,-1.224497675895691
126595.0,-1.2553160190582275
126600.0,-1.223633050918579
126605.0,-1.2185391187667847
126610.0,-1.2507051229476929
126615.0,-1.2191969156265259
126620.0,-1.2214446067810059
126625.0,-1.2334868907928467
126630.0,-1.2206093072891235
126635.0,-1.2190626859664917
126640.0,-1.22481107711792
126645.0,-1.2214868068695068
126650.0,-1.2483159303665161
126655.0,-1.2282005548477173
126660.0,-1.2335383892059326
126665.0,-1.2350306510925293
126670.0,-1.2467079162597656
126675.0,-1.216949462890625
126680.0,-1.225501537322998
126685.0,-1.2534565925598145
126690.0,-1.2074795961380005
126695.0,-1.228184700012207
126700.0,-1.2348170280456543
126705.0,-1.2128546237945557
126710.0,-1.209297776222229
126715.0,-1.240993857383728
126720.0,-1.225318431854248
126725.0,-1.2370338439941406
126730.0,-1.2285343408584595
126735.0,-1.2297008037567139
126740.0,-1.2166997194290161
126745.0,-1.2361736297607422
126750.0,-1.226672887802124
126755.0,-1.2296143770217896
126760.0,-1.2320501804351807
126765.0,-1.2237638235092163
126770.0,-1.2271482944488525
126775.0,-1.226767659187317
126780.0,-1.246706247329712
126785.0,-1.2206827402114868
126790.0,-1.221159815788269
126795.0,-1.2204399108886719
126800.0,-1.2431612014770508
126805.0,-1.2187410593032837
126810.0,-1.2278175354003906
126815.0,-1.2262767553329468
126820.0,-1.2098634243011475
126825.0,-1.2445635795593262
126830.0,-1.2303955554962158
126835.0,-1.2282357215881348
126840.0,-1.2286349534988403
126845.0,-1.2303540706634521
126850.0,-1.2433995008468628
126855.0,-1.230954647064209
126860.0,-1.2348201274871826
126865.0,-1.234656572341919
126870.0,-1.2338824272155762
126875.0,-1.2350287437438965
126880.0,-1.2243199348449707
126885.0,-1.2397818565368652
126890.0,-1.2317324876785278
126895.0,-1.2203447818756104
126900.0,-1.2411227226257324
126905.0,-1.2263262271881104
126910.0,-1.2284271717071533
126915.0,-1.236794114112854
126920.0,-1.2149044275283813
126925.0,-1.2449628114700317
126930.0,-1.252756118774414
126935.0,-1.2161846160888672
126940.0,-1.2372698783874512
126945.0,-1.2135326862335205
126950.0,-1.2152235507965088
126955.0,-1.2300047874450684
126960.0,-1.2341647148132324
126965.0,-1.223005771636963
126970.0,-1.2297923564910889
126975.0,-1.235255241394043
126980.0,-1.2252616882324219
126985.0,-1.224312424659729
126990.0,-1.2226405143737793
126995.0,-1.2187201976776123
127000.0,-1.2274916172027588
127005.0,-1.2249133586883545
127010.0,-1.2350060939788818
127015.0,-1.233485221862793
127020.0,-1.227794885635376
127025.0,-1.2293832302093506
127030.0,-1.2397233247756958
127035.0,-1.2414894104003906
127040.0,-1.2268612384796143
127045.0,-1.2187285423278809
127050.0,-1.1940288543701172
127055.0,-1.2316521406173706
127060.0,-1.2505173683166504
127065.0,-1.201570749282837
127070.0,-1.2306838035583496
127075.0,-1.2156836986541748
127080.0,-1.2221996784210205
127085.0,-1.2579360008239746
127090.0,-1.2224617004394531
127095.0,-1.2335214614868164
127100.0,-1.2475998401641846
127105.0,-1.1934289932250977
127110.0,-1.2438108921051025
127115.0,-1.2519752979278564
127120.0,-1.2017834186553955
127125.0,-1.2305190563201904
127130.0,-1.2431609630584717
127135.0,-1.2245032787322998
127140.0,-1.2360663414001465
127145.0,-1.2355163097381592
127150.0,-1.2498469352722168
127155.0,-1.2286038398742676
127160.0,-1.2336961030960083
127165.0,-1.2409040927886963
127170.0,-1.2369160652160645
127175.0,-1.2202990055084229
127180.0,-1.2369608879089355
127185.0,-1.2439520359039307
127190.0,-1.2231342792510986
127195.0,-1.2221195697784424
127200.0,-1.2360951900482178
127205.0,-1.2143771648406982
127210.0,-1.2329044342041016
127215.0,-1.2329046726226807
127220.0,-1.2156522274017334
127225.0,-1.2381794452667236
127230.0,-1.2411682605743408
127235.0,-1.2028454542160034
127240.0,-1.2479138374328613
127245.0,-1.232419490814209
127250.0,-1.223871111869812
127255.0,-1.2435134649276733
127260.0,-1.2153311967849731
127265.0,-1.2308214902877808
127270.0,-1.2230358123779297
127275.0,-1.237562656402588
127280.0,-1.2291722297668457
127285.0,-1.237781286239624
127290.0,-1.2078460454940796
127295.0,-1.235804796218872
127300.0,-1.2434459924697876
127305.0,-1.191396951675415
127310.0,-1.2370195388793945
127315.0,-1.2420533895492554
127320.0,-1.2108168601989746
127325.0,-1.245570182800293
127330.0,-1.225775957107544
127335.0,-1.2278571128845215
127340.0,-1.235114336013794
127345.0,-1.2298825979232788
127350.0,-1.2455642223358154
127355.0,-1.2105214595794678
127360.0,-1.2312901020050049
127365.0,-1.2230274677276611
127370.0,-1.2386269569396973
127375.0,-1.2206439971923828
127380.0,-1.2246840000152588
127385.0,-1.2366924285888672
127390.0,-1.2110223770141602
127395.0,-1.2234638929367065
127400.0,-1.2453142404556274
127405.0,-1.2180300951004028
127410.0,-1.2365760803222656
127415.0,-1.2343647480010986
127420.0,-1.2193394899368286
127425.0,-1.2551679611206055
127430.0,-1.2274737358093262
127435.0,-1.2299424409866333
127440.0,-1.22908353805542
127445.0,-1.2241508960723877
127450.0,-1.2495402097702026
127455.0,-1.2315939664840698
127460.0,-1.2357964515686035
127465.0,-1.243891716003418
127470.0,-1.2192870378494263
127475.0,-1.2421743869781494
127480.0,-1.2507189512252808
127485.0,-1.2253215312957764
127490.0,-1.24842369556427
127495.0,-1.2384958267211914
127500.0,-1.211775541305542
127505.0,-1.2526317834854126
127510.0,-1.2276569604873657
127515.0,-1.2239720821380615
127520.0,-1.2455992698669434
127525.0,-1.2098777294158936
127530.0,-1.226860523223877
127535.0,-1.2460378408432007
127540.0,-1.2107850313186646
127545.0,-1.2248125076293945
127550.0,-1.2296653985977173
127555.0,-1.219435214996338
127560.0,-1.2213661670684814
127565.0,-1.2316762208938599
127570.0,-1.2284047603607178
127575.0,-1.2358012199401855
127580.0,-1.2530746459960938
127585.0,-1.2172815799713135
127590.0,-1.2421083450317383
127595.0,-1.231602430343628
127600.0,-1.2357466220855713
127605.0,-1.2591100931167603
127610.0,-1.2336376905441284
127615.0,-1.2167446613311768
127620.0,-1.2436493635177612
127625.0,-1.2239084243774414
127630.0,-1.2220978736877441
127635.0,-1.2500380277633667
127640.0,-1.2211625576019287
127645.0,-1.2049710750579834
127650.0,-1.2409560680389404
127655.0,-1.2303838729858398
127660.0,-1.2216380834579468
127665.0,-1.251962661743164
127670.0,-1.2110108137130737
127675.0,-1.2202439308166504
127680.0,-1.2312681674957275
127685.0,-1.2230336666107178
127690.0,-1.2319632768630981
127695.0,-1.228024959564209
127700.0,-1.220715045928955
127705.0,-1.2418068647384644
127710.0,-1.2021585702896118
127715.0,-1.230419397354126
127720.0,-1.2289226055145264
127725.0,-1.2267110347747803
127730.0,-1.2156486511230469
127735.0,-1.246043086051941
127740.0,-1.2438852787017822
127745.0,-1.22232985496521
127750.0,-1.237912893295288
127755.0,-1.220234990119934
127760.0,-1.2175242900848389
127765.0,-1.2418427467346191
127770.0,-1.2446569204330444
127775.0,-1.207706093788147
127780.0,-1.2279943227767944
127785.0,-1.215923547744751
127790.0,-1.2176146507263184
127795.0,-1.249587893486023
127800.0,-1.225637674331665
127805.0,-1.2256232500076294
127810.0,-1.2327728271484375
127815.0,-1.2207317352294922
127820.0,-1.2281692028045654
127825.0,-1.242156982421875
127830.0,-1.2312161922454834
127835.0,-1.2403054237365723
127840.0,-1.223969578742981
127845.0,-1.2276384830474854
127850.0,-1.2485454082489014
127855.0,-1.2391695976257324
127860.0,-1.2334238290786743
127865.0,-1.223106861114502
127870.0,-1.222438931465149
127875.0,-1.2380118370056152
127880.0,-1.2291755676269531
127885.0,-1.2174954414367676
127890.0,-1.2359899282455444
127895.0,-1.2329730987548828
127900.0,-1.199375867843628
127905.0,-1.249602198600769
127910.0,-1.2358715534210205
127915.0,-1.208640217781067
127920.0,-1.2353196144104004
127925.0,-1.2262392044067383
127930.0,-1.2365491390228271
127935.0,-1.2403290271759033
127940.0,-1.224623441696167
127945.0,-1.2485504150390625
127950.0,-1.2130296230316162
127955.0,-1.2269561290740967
127960.0,-1.2462161779403687
127965.0,-1.2243257761001587
127970.0,-1.2482898235321045
127975.0,-1.2099508047103882
127980.0,-1.228013277053833
127985.0,-1.2559723854064941
127990.0,-1.2136728763580322
127995.0,-1.2285369634628296
128000.0,-1.2496458292007446
128005.0,-1.2232208251953125
128010.0,-1.2293851375579834
128015.0,-1.2379882335662842
128020.0,-1.2265167236328125
128025.0,-1.229022741317749
128030.0,-1.2439244985580444
128035.0,-1.2297112941741943
128040.0,-1.2285875082015991
128045.0,-1.2517614364624023
128050.0,-1.2461178302764893
128055.0,-1.2259255647659302
128060.0,-1.2492570877075195
128065.0,-1.2437794208526611
128070.0,-1.2095692157745361
128075.0,-1.2291855812072754
128080.0,-1.2201483249664307
128085.0,-1.210459589958191
128090.0,-1.2333252429962158
128095.0,-1.2216553688049316
128100.0,-1.214322805404663
128105.0,-1.2372264862060547
128110.0,-1.2508265972137451
128115.0,-1.2250783443450928
128120.0,-1.22306489944458
128125.0,-1.2344627380371094
128130.0,-1.2168099880218506
128135.0,-1.2392929792404175
128140.0,-1.2354912757873535
128145.0,-1.212158441543579
128150.0,-1.2269775867462158
128155.0,-1.2113268375396729
128160.0,-1.2240502834320068
128165.0,-1.2376766204833984
128170.0,-1.2223607301712036
128175.0,-1.224295973777771
128180.0,-1.218718409538269
128185.0,-1.2216429710388184
128190.0,-1.2440491914749146
128195.0,-1.2377574443817139
128200.0,-1.2052141427993774
128205.0,-1.2328660488128662
128210.0,-1.2328307628631592
128215.0,-1.2078924179077148
128220.0,-1.2434391975402832
128225.0,-1.244794487953186
128230.0,-1.205533742904663
128235.0,-1.2429780960083008
128240.0,-1.2242333889007568
128245.0,-1.2182362079620361
128250.0,-1.2442896366119385
128255.0,-1.22514808177948
128260.0,-1.2555971145629883
128265.0,-1.2332816123962402
128270.0,-1.2155259847640991
128275.0,-1.268750786781311
128280.0,-1.2261136770248413
128285.0,-1.2310081720352173
128290.0,-1.247188687324524
128295.0,-1.2178418636322021
128300.0,-1.2218444347381592
128305.0,-1.2583303451538086
128310.0,-1.2177280187606812
128315.0,-1.2279925346374512
128320.0,-1.252113699913025
128325.0,-1.2338225841522217
128330.0,-1.2336052656173706
128335.0,-1.2262288331985474
128340.0,-1.2466254234313965
128345.0,-1.210166573524475
128350.0,-1.2312506437301636
128355.0,-1.2614978551864624
128360.0,-1.2209094762802124
128365.0,-1.2341547012329102
128370.0,-1.248481273651123
128375.0,-1.2172894477844238
128380.0,-1.2393780946731567
128385.0,-1.23868727684021
128390.0,-1.2128982543945312
128395.0,-1.2279927730560303
128400.0,-1.242189645767212
128405.0,-1.2330533266067505
128410.0,-1.2282476425170898
128415.0,-1.2216663360595703
128420.0,-1.2339050769805908
128425.0,-1.229400873184204
128430.0,-1.2302422523498535
128435.0,-1.2295747995376587
128440.0,-1.2376806735992432
128445.0,-1.221876859664917
128450.0,-1.2210214138031006
128455.0,-1.2618094682693481
128460.0,-1.2185487747192383
128465.0,-1.2285046577453613
128470.0,-1.2229125499725342
128475.0,-1.2203781604766846
128480.0,-1.2379896640777588
128485.0,-1.2233314514160156
128490.0,-1.2072386741638184
128495.0,-1.2363340854644775
128500.0,-1.2115981578826904
128505.0,-1.2082420587539673
128510.0,-1.2516391277313232
128515.0,-1.221043348312378
128520.0,-1.2148140668869019
128525.0,-1.2481545209884644
128530.0,-1.2186511754989624
128535.0,-1.2280335426330566
128540.0,-1.2477768659591675
128545.0,-1.2207355499267578
128550.0,-1.238420844078064
128555.0,-1.2414326667785645
128560.0,-1.2144430875778198
128565.0,-1.2428438663482666
128570.0,-1.2468202114105225
128575.0,-1.2343459129333496
128580.0,-1.2492597103118896
128585.0,-1.2295680046081543
128590.0,-1.2223801612854004
128595.0,-1.2333917617797852
128600.0,-1.243189811706543
128605.0,-1.2349854707717896
128610.0,-1.23004949092865
128615.0,-1.2384306192398071
128620.0,-1.2253661155700684
128625.0,-1.2070214748382568
128630.0,-1.2413012981414795
128635.0,-1.227990984916687
128640.0,-1.200040578842163
128645.0,-1.229332685470581
128650.0,-1.2092852592468262
128655.0,-1.212908387184143
128660.0,-1.2264952659606934
128665.0,-1.2251183986663818
128670.0,-1.240349531173706
128675.0,-1.2371258735656738
128680.0,-1.2289862632751465
128685.0,-1.2228968143463135
128690.0,-1.228391408920288
128695.0,-1.2329068183898926
128700.0,-1.2391477823257446
128705.0,-1.2231374979019165
128710.0,-1.21809720993042
128715.0,-1.2237021923065186
128720.0,-1.2174996137619019
128725.0,-1.243316650390625
128730.0,-1.2502593994140625
128735.0,-1.2132892608642578
128740.0,-1.2281285524368286
128745.0,-1.2219600677490234
128750.0,-1.2245351076126099
128755.0,-1.2562861442565918
128760.0,-1.2346410751342773
128765.0,-1.2162716388702393
128770.0,-1.250732660293579
128775.0,-1.2198631763458252
128780.0,-1.2078001499176025
128785.0,-1.2665555477142334
128790.0,-1.241134762763977
128795.0,-1.2139198780059814
128800.0,-1.237274169921875
128805.0,-1.2164154052734375
128810.0,-1.222001075744629
128815.0,-1.2584786415100098
128820.0,-1.22977614402771
128825.0,-1.221869945526123
128830.0,-1.2287285327911377
128835.0,-1.2219374179840088
128840.0,-1.2429265975952148
128845.0,-1.242613673210144
128850.0,-1.212087869644165
128855.0,-1.2320789098739624
128860.0,-1.227933645248413
128865.0,-1.2167682647705078
128870.0,-1.2456333637237549
128875.0,-1.2510813474655151
128880.0,-1.2326881885528564
128885.0,-1.230771541595459
128890.0,-1.2377638816833496
128895.0,-1.233309030532837
128900.0,-1.22957444190979
128905.0,-1.2543171644210815
128910.0,-1.2293856143951416
128915.0,-1.1935412883758545
128920.0,-1.2220325469970703
128925.0,-1.2376093864440918
128930.0,-1.2330479621887207
128935.0,-1.2302392721176147
128940.0,-1.2384862899780273
128945.0,-1.2208055257797241
128950.0,-1.2302650213241577
128955.0,-1.247511386871338
128960.0,-1.248966932296753
128965.0,-1.2304186820983887
128970.0,-1.2199513912200928
128975.0,-1.2223501205444336
128980.0,-1.233484148979187
128985.0,-1.2540825605392456
128990.0,-1.2471420764923096
128995.0,-1.237992763519287
129000.0,-1.2307474613189697
129005.0,-1.2278990745544434
129010.0,-1.2173658609390259
129015.0,-1.2649962902069092
129020.0,-1.2418246269226074
129025.0,-1.2339882850646973
129030.0,-1.24998140335083
129035.0,-1.208033800125122
129040.0,-1.2218652963638306
129045.0,-1.2529910802841187
129050.0,-1.2370866537094116
129055.0,-1.2389445304870605
129060.0,-1.2355153560638428
129065.0,-1.2069233655929565
129070.0,-1.2352975606918335
129075.0,-1.230759859085083
129080.0,-1.2553032636642456
129085.0,-1.268524169921875
129090.0,-1.2302742004394531
129095.0,-1.2182600498199463
129100.0,-1.2372149229049683
129105.0,-1.2272722721099854
129110.0,-1.2146018743515015
129115.0,-1.2545981407165527
129120.0,-1.2521255016326904
129125.0,-1.2267787456512451
129130.0,-1.211601734161377
129135.0,-1.2381341457366943
129140.0,-1.2316937446594238
129145.0,-1.2344266176223755
129150.0,-1.2319579124450684
129155.0,-1.2413890361785889
129160.0,-1.2236042022705078
129165.0,-1.2187707424163818
129170.0,-1.2368967533111572
129175.0,-1.2464717626571655
129180.0,-1.2414729595184326
129185.0,-1.2200860977172852
129190.0,-1.2436680793762207
129195.0,-1.218447208404541
129200.0,-1.2390553951263428
129205.0,-1.2557282447814941
129210.0,-1.2157615423202515
129215.0,-1.2255390882492065
129220.0,-1.2266333103179932
129225.0,-1.2419195175170898
129230.0,-1.238985300064087
129235.0,-1.2303833961486816
129240.0,-1.2224326133728027
129245.0,-1.2288037538528442
129250.0,-1.2298524379730225
129255.0,-1.2540621757507324
129260.0,-1.2378573417663574
129265.0,-1.227599024772644
129270.0,-1.2227065563201904
129275.0,-1.2254259586334229
129280.0,-1.2348458766937256
129285.0,-1.2426493167877197
129290.0,-1.25270676612854
129295.0,-1.2332206964492798
129300.0,-1.2182352542877197
129305.0,-1.2255440950393677
129310.0,-1.2306981086730957
129315.0,-1.2335889339447021
129320.0,-1.242321252822876
129325.0,-1.2350175380706787
129330.0,-1.2382242679595947
129335.0,-1.2219172716140747
129340.0,-1.2327848672866821
129345.0,-1.2403640747070312
129350.0,-1.2445170879364014
129355.0,-1.2540967464447021
129360.0,-1.2337498664855957
129365.0,-1.2189209461212158
129370.0,-1.222603678703308
129375.0,-1.2451995611190796
129380.0,-1.2337449789047241
129385.0,-1.2185730934143066
129390.0,-1.2555992603302002
129395.0,-1.2035882472991943
129400.0,-1.2247443199157715
129405.0,-1.2266583442687988
129410.0,-1.211244821548462
129415.0,-1.2382844686508179
129420.0,-1.2493720054626465
129425.0,-1.201318621635437
129430.0,-1.2395451068878174
129435.0,-1.2612885236740112
129440.0,-1.2100688219070435
129445.0,-1.2516345977783203
129450.0,-1.2646583318710327
129455.0,-1.2121217250823975
129460.0,-1.2239151000976562
129465.0,-1.2397615909576416
129470.0,-1.2189394235610962
129475.0,-1.2407619953155518
129480.0,-1.2231932878494263
129485.0,-1.2159250974655151
129490.0,-1.232669472694397
129495.0,-1.241665005683899
129500.0,-1.2102160453796387
129505.0,-1.2443443536758423
129510.0,-1.229729413986206
129515.0,-1.2387254238128662
129520.0,-1.221618413925171
129525.0,-1.230708360671997
129530.0,-1.2300457954406738
129535.0,-1.2218685150146484
129540.0,-1.240866780281067
129545.0,-1.2223659753799438
129550.0,-1.2401258945465088
129555.0,-1.2336100339889526
129560.0,-1.2226171493530273
129565.0,-1.2337288856506348
129570.0,-1.2384620904922485
129575.0,-1.2298386096954346
129580.0,-1.2346491813659668
129585.0,-1.2133618593215942
129590.0,-1.2395825386047363
129595.0,-1.258326768875122
129600.0,-1.2258089780807495
129605.0,-1.2256128787994385
129610.0,-1.2214725017547607
129615.0,-1.253585696220398
129620.0,-1.2455313205718994
129625.0,-1.222801923751831
129630.0,-1.24937903881073
129635.0,-1.2183876037597656
129640.0,-1.2203059196472168
129645.0,-1.2505033016204834
129650.0,-1.2459453344345093
129655.0,-1.2163686752319336
129660.0,-1.2428686618804932
129665.0,-1.2333638668060303
129670.0,-1.2178479433059692
129675.0,-1.260505199432373
129680.0,-1.2550328969955444
129685.0,-1.224026083946228
129690.0,-1.248507022857666
129695.0,-1.2423721551895142
129700.0,-1.202074646949768
129705.0,-1.2405500411987305
129710.0,-1.2388012409210205
129715.0,-1.2223795652389526
129720.0,-1.2134710550308228
129725.0,-1.2471342086791992
129730.0,-1.2312321662902832
129735.0,-1.229987382888794
129740.0,-1.231850028038025
129745.0,-1.23944091796875
129750.0,-1.2174625396728516
129755.0,-1.2494583129882812
129760.0,-1.250063419342041
129765.0,-1.2165138721466064
129770.0,-1.2420796155929565
129775.0,-1.2257323265075684
129780.0,-1.2356594800949097
129785.0,-1.2595714330673218
129790.0,-1.2378931045532227
129795.0,-1.226310133934021
129800.0,-1.2467706203460693
129805.0,-1.2230074405670166
129810.0,-1.237579345703125
129815.0,-1.2488553524017334
129820.0,-1.2135651111602783
129825.0,-1.223717451095581
129830.0,-1.2312668561935425
129835.0,-1.2357420921325684
129840.0,-1.2269737720489502
129845.0,-1.2275301218032837
129850.0,-1.2400238513946533
129855.0,-1.2291396856307983
129860.0,-1.2210068702697754
129865.0,-1.2333149909973145
129870.0,-1.250683069229126
129875.0,-1.2158565521240234
129880.0,-1.2192137241363525
129885.0,-1.2623157501220703
129890.0,-1.2412910461425781
129895.0,-1.2056238651275635
129900.0,-1.237356185913086
129905.0,-1.23781156539917
129910.0,-1.216834306716919
129915.0,-1.239372968673706
129920.0,-1.250767707824707
129925.0,-1.2196587324142456
129930.0,-1.2354795932769775
129935.0,-1.2412099838256836
129940.0,-1.2317383289337158
129945.0,-1.2457906007766724
129950.0,-1.2386770248413086
129955.0,-1.227974772453308
129960.0,-1.2211838960647583
129965.0,-1.2387053966522217
129970.0,-1.2322598695755005
129975.0,-1.2475690841674805
129980.0,-1.2151048183441162
129985.0,-1.2208203077316284
129990.0,-1.2386157512664795
129995.0,-1.2439478635787964
130000.0,-1.222392201423645
130005.0,-1.228149175643921
130010.0,-1.254854440689087
130015.0,-1.232867956161499
130020.0,-1.237878441810608
130025.0,-1.2415789365768433
130030.0,-1.223471999168396
130035.0,-1.2210991382598877
130040.0,-1.252498984336853
130045.0,-1.2176283597946167
130050.0,-1.2367324829101562
130055.0,-1.2405884265899658
130060.0,-1.1983394622802734
130065.0,-1.2402878999710083
130070.0,-1.2493879795074463
130075.0,-1.2269752025604248
130080.0,-1.2499067783355713
130085.0,-1.2293723821640015
130090.0,-1.2257087230682373
130095.0,-1.2364606857299805
130100.0,-1.249370813369751
130105.0,-1.235224723815918
130110.0,-1.2423934936523438
130115.0,-1.2185752391815186
130120.0,-1.229107141494751
130125.0,-1.2523113489151
130130.0,-1.248589038848877
130135.0,-1.2240365743637085
130140.0,-1.2292476892471313
130145.0,-1.2322279214859009
130150.0,-1.2333804368972778
130155.0,-1.2499120235443115
130160.0,-1.2371702194213867
130165.0,-1.2153671979904175
130170.0,-1.232261300086975
130175.0,-1.2454719543457031
130180.0,-1.2087182998657227
130185.0,-1.240751028060913
130190.0,-1.2497191429138184
130195.0,-1.2253236770629883
130200.0,-1.2257920503616333
130205.0,-1.2380539178848267
130210.0,-1.2331295013427734
130215.0,-1.241241455078125
130220.0,-1.2281053066253662
130225.0,-1.220880150794983
130230.0,-1.221673846244812
130235.0,-1.2206778526306152
130240.0,-1.2107975482940674
130245.0,-1.230756163597107
130250.0,-1.235722541809082
130255.0,-1.2180109024047852
130260.0,-1.2493000030517578
130265.0,-1.2316678762435913
130270.0,-1.2207069396972656
130275.0,-1.2141752243041992
130280.0,-1.1942291259765625
130285.0,-1.2325730323791504
130290.0,-1.2386651039123535
130295.0,-1.2161259651184082
130300.0,-1.2150905132293701
130305.0,-1.2101210355758667
130310.0,-1.2273881435394287
130315.0,-1.2460318803787231
130320.0,-1.2411175966262817
130325.0,-1.2358360290527344
130330.0,-1.2353416681289673
130335.0,-1.216096043586731
130340.0,-1.2178319692611694
130345.0,-1.24895441532135
130350.0,-1.2448461055755615
130355.0,-1.2180263996124268
130360.0,-1.2364184856414795
130365.0,-1.227980136871338
130370.0,-1.2195476293563843
130375.0,-1.2334628105163574
130380.0,-1.2681334018707275
130385.0,-1.2471420764923096
130390.0,-1.2298851013183594
130395.0,-1.228611946105957
130400.0,-1.228627324104309
130405.0,-1.244009017944336
130410.0,-1.2420744895935059
130415.0,-1.2432689666748047
130420.0,-1.2294597625732422
130425.0,-1.2218255996704102
130430.0,-1.2416361570358276
130435.0,-1.249800443649292
130440.0,-1.2320116758346558
130445.0,-1.2265604734420776
130450.0,-1.2286961078643799
130455.0,-1.2375380992889404
130460.0,-1.2388051748275757
130465.0,-1.2449924945831299
130470.0,-1.2334707975387573
130475.0,-1.2165945768356323
130480.0,-1.2217155694961548
130485.0,-1.236674189567566
130490.0,-1.2543290853500366
130495.0,-1.2432618141174316
130500.0,-1.2104113101959229
130505.0,-1.2369638681411743
130510.0,-1.2343933582305908
130515.0,-1.239149570465088
130520.0,-1.2454066276550293
130525.0,-1.2337281703948975
130530.0,-1.2167329788208008
130535.0,-1.2270464897155762
130540.0,-1.2515435218811035
130545.0,-1.2464654445648193
130550.0,-1.2132151126861572
130555.0,-1.2339221239089966
130560.0,-1.2310818433761597
130565.0,-1.2365283966064453
130570.0,-1.2500184774398804
130575.0,-1.2266302108764648
130580.0,-1.1858232021331787
130585.0,-1.2446115016937256
130590.0,-1.2250922918319702
130595.0,-1.2051039934158325
130600.0,-1.2631736993789673
130605.0,-1.213230013847351
130610.0,-1.1871747970581055
130615.0,-1.2554192543029785
130620.0,-1.245937466621399
130625.0,-1.2278838157653809
130630.0,-1.2467454671859741
130635.0,-1.2356077432632446
130640.0,-1.2333755493164062
130645.0,-1.2369985580444336
130650.0,-1.261054277420044
130655.0,-1.2206162214279175
130660.0,-1.2175095081329346
130665.0,-1.2533349990844727
130670.0,-1.232267141342163
130675.0,-1.2204291820526123
130680.0,-1.2388039827346802
130685.0,-1.2133122682571411
130690.0,-1.2097928524017334
130695.0,-1.2412160634994507
130700.0,-1.2305196523666382
130705.0,-1.2209069728851318
130710.0,-1.2150994539260864
130715.0,-1.2292126417160034
130720.0,-1.2329868078231812
130725.0,-1.2388114929199219
130730.0,-1.2379165887832642
130735.0,-1.2096883058547974
130740.0,-1.2186322212219238
130745.0,-1.2659116983413696
130750.0,-1.2363648414611816
130755.0,-1.2245702743530273
130760.0,-1.2342298030853271
130765.0,-1.2258518934249878
130770.0,-1.236808180809021
130775.0,-1.2490558624267578
130780.0,-1.2301907539367676
130785.0,-1.207559585571289
130790.0,-1.223714828491211
130795.0,-1.2283843755722046
130800.0,-1.2441065311431885
130805.0,-1.2560003995895386
130810.0,-1.2125827074050903
130815.0,-1.2235195636749268
130820.0,-1.2505306005477905
130825.0,-1.2156758308410645
130830.0,-1.2308423519134521
130835.0,-1.2456414699554443
130840.0,-1.208117961883545
130845.0,-1.238698959350586
130850.0,-1.2430191040039062
130855.0,-1.2298030853271484
130860.0,-1.2541395425796509
130865.0,-1.222825527191162
130870.0,-1.246955394744873
130875.0,-1.2473212480545044
130880.0,-1.221806287765503
130885.0,-1.2328486442565918
130890.0,-1.2440319061279297
130895.0,-1.215638279914856
130900.0,-1.2248247861862183
130905.0,-1.2571849822998047
130910.0,-1.214560866355896
130915.0,-1.2130235433578491
130920.0,-1.2303413152694702
130925.0,-1.2357256412506104
130930.0,-1.2495591640472412
130935.0,-1.2209234237670898
130940.0,-1.2446424961090088
130945.0,-1.2165782451629639
130950.0,-1.2128864526748657
130955.0,-1.2390310764312744
130960.0,-1.233552098274231
130965.0,-1.2287678718566895
130970.0,-1.2258110046386719
130975.0,-1.2242121696472168
130980.0,-1.226266860961914
130985.0,-1.22506582736969
130990.0,-1.217515468597412
130995.0,-1.232822299003601
131000.0,-1.2288885116577148
131005.0,-1.2313833236694336
131010.0,-1.2226611375808716
131015.0,-1.2103852033615112
131020.0,-1.2335313558578491
131025.0,-1.2294888496398926
131030.0,-1.2386384010314941
131035.0,-1.2398655414581299
131040.0,-1.2138159275054932
131045.0,-1.2328784465789795
131050.0,-1.244214415550232
131055.0,-1.217714786529541
131060.0,-1.2293187379837036
131065.0,-1.2421680688858032
131070.0,-1.2281895875930786
131075.0,-1.2306139469146729
131080.0,-1.2159367799758911
131085.0,-1.2304553985595703
131090.0,-1.2283706665039062
131095.0,-1.2219961881637573
131100.0,-1.2495763301849365
131105.0,-1.2278577089309692
131110.0,-1.2114559412002563
131115.0,-1.2338545322418213
131120.0,-1.2414824962615967
131125.0,-1.2436244487762451
131130.0,-1.2367340326309204
131135.0,-1.2232331037521362
131140.0,-1.2190476655960083
131145.0,-1.2468812465667725
131150.0,-1.2650959491729736
131155.0,-1.2460126876831055
131160.0,-1.224332571029663
131165.0,-1.2242076396942139
131170.0,-1.2212648391723633
131175.0,-1.2163439989089966
131180.0,-1.2526872158050537
131185.0,-1.2181802988052368
131190.0,-1.1939728260040283
131195.0,-1.2351458072662354
131200.0,-1.2337360382080078
131205.0,-1.2237262725830078
131210.0,-1.235358476638794
131215.0,-1.2552181482315063
131220.0,-1.23199462890625
131225.0,-1.2278339862823486
131230.0,-1.2470600605010986
131235.0,-1.22733473777771
131240.0,-1.2213400602340698
131245.0,-1.257110357284546
131250.0,-1.222118854522705
131255.0,-1.2400078773498535
131260.0,-1.262911081314087
131265.0,-1.2037193775177002
131270.0,-1.22502863407135
131275.0,-1.257077693939209
131280.0,-1.241011142730713
131285.0,-1.2212837934494019
131290.0,-1.239490032196045
131295.0,-1.2244468927383423
131300.0,-1.2130401134490967
131305.0,-1.2417502403259277
131310.0,-1.2283287048339844
131315.0,-1.2275147438049316
131320.0,-1.2328062057495117
131325.0,-1.2358039617538452
131330.0,-1.2313637733459473
131335.0,-1.2138049602508545
131340.0,-1.2218058109283447
131345.0,-1.2382112741470337
131350.0,-1.2391645908355713
131355.0,-1.2378928661346436
131360.0,-1.223490834236145
131365.0,-1.2338861227035522
131370.0,-1.2384297847747803
131375.0,-1.2321600914001465
131380.0,-1.2520549297332764
131385.0,-1.2257986068725586
131390.0,-1.226639747619629
131395.0,-1.2377756834030151
131400.0,-1.235263466835022
131405.0,-1.2316523790359497
131410.0,-1.2374212741851807
131415.0,-1.2095470428466797
131420.0,-1.2318761348724365
131425.0,-1.2260454893112183
131430.0,-1.2242079973220825
131435.0,-1.2369226217269897
131440.0,-1.2123005390167236
131445.0,-1.2288856506347656
131450.0,-1.2286460399627686
131455.0,-1.226165771484375
131460.0,-1.237274408340454
131465.0,-1.2432496547698975
131470.0,-1.2086836099624634
131475.0,-1.220497488975525
131480.0,-1.2291085720062256
131485.0,-1.239072322845459
131490.0,-1.241175889968872
131495.0,-1.2351531982421875
131500.0,-1.2348495721817017
131505.0,-1.200443983078003
131510.0,-1.2423138618469238
131515.0,-1.2563238143920898
131520.0,-1.2251726388931274
131525.0,-1.2227321863174438
131530.0,-1.2172441482543945
131535.0,-1.223334550857544
131540.0,-1.2345445156097412
131545.0,-1.247689962387085
131550.0,-1.232605218887329
131555.0,-1.2294199466705322
131560.0,-1.2419310808181763
131565.0,-1.2322636842727661
131570.0,-1.2230699062347412
131575.0,-1.2351466417312622
131580.0,-1.2288157939910889
131585.0,-1.2123438119888306
131590.0,-1.2456979751586914
131595.0,-1.229312539100647
131600.0,-1.2012863159179688
131605.0,-1.2199618816375732
131610.0,-1.2452912330627441
131615.0,-1.2449719905853271
131620.0,-1.2141046524047852
131625.0,-1.2429966926574707
131630.0,-1.2399098873138428
131635.0,-1.2143486738204956
131640.0,-1.2305653095245361
131645.0,-1.2479796409606934
131650.0,-1.2266151905059814
131655.0,-1.2344069480895996
131660.0,-1.2235243320465088
131665.0,-1.2139731645584106
131670.0,-1.2186741828918457
131675.0,-1.2220715284347534
131680.0,-1.23457670211792
131685.0,-1.2028043270111084
131690.0,-1.2348028421401978
131695.0,-1.2340929508209229
131700.0,-1.2193598747253418
131705.0,-1.2464978694915771
131710.0,-1.2255690097808838
131715.0,-1.2292063236236572
131720.0,-1.2380244731903076
131725.0,-1.2249149084091187
131730.0,-1.2213218212127686
131735.0,-1.2272976636886597
131740.0,-1.2242186069488525
131745.0,-1.2292380332946777
131750.0,-1.2283892631530762
131755.0,-1.2429695129394531
131760.0,-1.240177035331726
131765.0,-1.2310090065002441
131770.0,-1.2207088470458984
131775.0,-1.2242841720581055
131780.0,-1.2500861883163452
131785.0,-1.2397801876068115
131790.0,-1.2572726011276245
131795.0,-1.2541654109954834
131800.0,-1.2222856283187866
131805.0,-1.2252943515777588
131810.0,-1.2400388717651367
131815.0,-1.2378531694412231
131820.0,-1.2391988039016724
131825.0,-1.232784390449524
131830.0,-1.2190269231796265
131835.0,-1.223811388015747
131840.0,-1.2178337574005127
131845.0,-1.2303950786590576
131850.0,-1.2378804683685303
131855.0,-1.2220429182052612
131860.0,-1.224845290184021
131865.0,-1.239678144454956
131870.0,-1.2177574634552002
131875.0,-1.2337055206298828
131880.0,-1.2075505256652832
131885.0,-1.230010747909546
131890.0,-1.2332465648651123
131895.0,-1.209691047668457
131900.0,-1.2353591918945312
131905.0,-1.2270917892456055
131910.0,-1.2245793342590332
131915.0,-1.2422884702682495
131920.0,-1.2252461910247803
131925.0,-1.219092845916748
131930.0,-1.2441450357437134
131935.0,-1.2297158241271973
131940.0,-1.23211669921875
131945.0,-1.241560697555542
131950.0,-1.2230093479156494
131955.0,-1.2349770069122314
131960.0,-1.2329157590866089
131965.0,-1.2276533842086792
131970.0,-1.234696388244629
131975.0,-1.2292009592056274
131980.0,-1.225757122039795
131985.0,-1.2445929050445557
131990.0,-1.2046585083007812
131995.0,-1.2399333715438843
132000.0,-1.234294056892395
132005.0,-1.2058018445968628
132010.0,-1.2561800479888916
132015.0,-1.1962803602218628
132020.0,-1.2058185338974
132025.0,-1.2440836429595947
132030.0,-1.2072731256484985
132035.0,-1.2194647789001465
132040.0,-1.254277229309082
132045.0,-1.211561918258667
132050.0,-1.2352609634399414
132055.0,-1.240206003189087
132060.0,-1.2026996612548828
132065.0,-1.2445907592773438
132070.0,-1.2146676778793335
132075.0,-1.2233655452728271
132080.0,-1.2522798776626587
132085.0,-1.2138786315917969
132090.0,-1.2143926620483398
132095.0,-1.247762680053711
132100.0,-1.2228137254714966
132105.0,-1.2295072078704834
132110.0,-1.2411308288574219
132115.0,-1.2206088304519653
132120.0,-1.2362802028656006
132125.0,-1.2384328842163086
132130.0,-1.2191720008850098
132135.0,-1.2409971952438354
132140.0,-1.2492080926895142
132145.0,-1.206033706665039
132150.0,-1.2454676628112793
132155.0,-1.2308098077774048
132160.0,-1.2128102779388428
132165.0,-1.2660053968429565
132170.0,-1.226374864578247
132175.0,-1.2231284379959106
132180.0,-1.2607457637786865
132185.0,-1.2204649448394775
132190.0,-1.224226713180542
132195.0,-1.2505505084991455
132200.0,-1.218700885772705
132205.0,-1.1989264488220215
132210.0,-1.2407608032226562
132215.0,-1.232973575592041
132220.0,-1.2401812076568604
132225.0,-1.2414900064468384
132230.0,-1.2251499891281128
132235.0,-1.2304760217666626
132240.0,-1.2454040050506592
132245.0,-1.2191686630249023
132250.0,-1.2278028726577759
132255.0,-1.242026448249817
132260.0,-1.2104222774505615
132265.0,-1.2321586608886719
132270.0,-1.2413179874420166
132275.0,-1.2232871055603027
132280.0,-1.2217657566070557
132285.0,-1.239103078842163
132290.0,-1.224104881286621
132295.0,-1.2356071472167969
132300.0,-1.2306108474731445
132305.0,-1.2310669422149658
132310.0,-1.236225962638855
132315.0,-1.210310697555542
132320.0,-1.2434661388397217
132325.0,-1.25150728225708
132330.0,-1.2156673669815063
132335.0,-1.2407574653625488
132340.0,-1.23935067653656
132345.0,-1.2126185894012451
132350.0,-1.2480679750442505
132355.0,-1.2328763008117676
132360.0,-1.2144584655761719
132365.0,-1.240304708480835
132370.0,-1.227550983428955
132375.0,-1.220106840133667
132380.0,-1.2477874755859375
132385.0,-1.2298856973648071
132390.0,-1.2229106426239014
132395.0,-1.2454121112823486
132400.0,-1.2228448390960693
132405.0,-1.2332932949066162
132410.0,-1.2371515035629272
132415.0,-1.23250150680542
132420.0,-1.242296814918518
132425.0,-1.2212343215942383
132430.0,-1.238966464996338
132435.0,-1.2435818910598755
132440.0,-1.2276664972305298
132445.0,-1.228278636932373
132450.0,-1.2440804243087769
132455.0,-1.2270174026489258
132460.0,-1.2361469268798828
132465.0,-1.2364542484283447
132470.0,-1.219326138496399
132475.0,-1.2265076637268066
132480.0,-1.2296175956726074
132485.0,-1.234886646270752
132490.0,-1.2523694038391113
132495.0,-1.229257583618164
132500.0,-1.2460154294967651
132505.0,-1.247647762298584
132510.0,-1.232741117477417
132515.0,-1.248511791229248
132520.0,-1.231297492980957
132525.0,-1.2299391031265259
132530.0,-1.235726237297058
132535.0,-1.2221964597702026
132540.0,-1.238004207611084
132545.0,-1.239522933959961
132550.0,-1.2134933471679688
132555.0,-1.2365946769714355
132560.0,-1.2135199308395386
132565.0,-1.2163264751434326
132570.0,-1.2601890563964844
132575.0,-1.2225565910339355
132580.0,-1.225568175315857
132585.0,-1.2456080913543701
132590.0,-1.2363418340682983
132595.0,-1.222774863243103
132600.0,-1.2496026754379272
132605.0,-1.2219576835632324
132610.0,-1.218996286392212
132615.0,-1.2454824447631836
132620.0,-1.2138903141021729
132625.0,-1.2356737852096558
132630.0,-1.2438733577728271
132635.0,-1.2255537509918213
132640.0,-1.22493314743042
132645.0,-1.2457338571548462
132650.0,-1.2030854225158691
132655.0,-1.244483470916748
132660.0,-1.2406163215637207
132665.0,-1.2135971784591675
132670.0,-1.2440335750579834
132675.0,-1.233048915863037
132680.0,-1.2110025882720947
132685.0,-1.2324494123458862
132690.0,-1.2417330741882324
132695.0,-1.2229136228561401
132700.0,-1.2204139232635498
132705.0,-1.2377097606658936
132710.0,-1.2257635593414307
132715.0,-1.217002272605896
132720.0,-1.242490530014038
132725.0,-1.2156366109848022
132730.0,-1.2194373607635498
132735.0,-1.244886875152588
132740.0,-1.2288036346435547
132745.0,-1.2279438972473145
132750.0,-1.2363816499710083
132755.0,-1.2183374166488647
132760.0,-1.215576410293579
132765.0,-1.234595537185669
132770.0,-1.237107515335083
132775.0,-1.2249670028686523
132780.0,-1.2385605573654175
132785.0,-1.2138361930847168
132790.0,-1.2243214845657349
132795.0,-1.251621961593628
132800.0,-1.2329847812652588
132805.0,-1.2198737859725952
132810.0,-1.2396330833435059
132815.0,-1.2373640537261963
132820.0,-1.2177525758743286
132825.0,-1.2507673501968384
132830.0,-1.227616786956787
132835.0,-1.2184514999389648
132840.0,-1.230837345123291
132845.0,-1.2444260120391846
132850.0,-1.229323148727417
132855.0,-1.232757329940796
132860.0,-1.2347877025604248
132865.0,-1.2224178314208984
132870.0,-1.2405931949615479
132875.0,-1.2324795722961426
132880.0,-1.2314019203186035
132885.0,-1.238908290863037
132890.0,-1.2136106491088867
132895.0,-1.2283955812454224
132900.0,-1.2437278032302856
132905.0,-1.2186839580535889
132910.0,-1.229515552520752
132915.0,-1.2207192182540894
132920.0,-1.2278432846069336
132925.0,-1.2520031929016113
132930.0,-1.2157255411148071
132935.0,-1.240604043006897
132940.0,-1.2403883934020996
132945.0,-1.2176947593688965
132950.0,-1.2411960363388062
132955.0,-1.235729694366455
132960.0,-1.2306628227233887
132965.0,-1.227076768875122
132970.0,-1.2269060611724854
132975.0,-1.2366228103637695
132980.0,-1.2378833293914795
132985.0,-1.2101640701293945
132990.0,-1.2304489612579346
132995.0,-1.2400338649749756
133000.0,-1.2116390466690063
133005.0,-1.2412678003311157
133010.0,-1.2419254779815674
133015.0,-1.2214003801345825
133020.0,-1.24220609664917
133025.0,-1.2401840686798096
133030.0,-1.2198104858398438
133035.0,-1.2347657680511475
133040.0,-1.2276020050048828
133045.0,-1.217578649520874
133050.0,-1.2379755973815918
133055.0,-1.2266044616699219
133060.0,-1.2112959623336792
133065.0,-1.2352731227874756
133070.0,-1.2310874462127686
133075.0,-1.2220799922943115
133080.0,-1.2435636520385742
133085.0,-1.2350456714630127
133090.0,-1.2114269733428955
133095.0,-1.227724313735962
133100.0,-1.2448885440826416
133105.0,-1.2195618152618408
133110.0,-1.248773455619812
133115.0,-1.2302502393722534
133120.0,-1.2191977500915527
133125.0,-1.2331111431121826
133130.0,-1.2075538635253906
133135.0,-1.234979271888733
133140.0,-1.2526636123657227
133145.0,-1.224663496017456
133150.0,-1.2251815795898438
133155.0,-1.256162166595459
133160.0,-1.2203819751739502
133165.0,-1.2210392951965332
133170.0,-1.2449413537979126
133175.0,-1.2445409297943115
133180.0,-1.2277252674102783
133185.0,-1.222976565361023
133190.0,-1.232719898223877
133195.0,-1.2357985973358154
133200.0,-1.219796061515808
133205.0,-1.2255550622940063
133210.0,-1.2431201934814453
133215.0,-1.2273762226104736
133220.0,-1.2291568517684937
133225.0,-1.23409104347229
133230.0,-1.2159647941589355
133235.0,-1.2455036640167236
133240.0,-1.2276841402053833
133245.0,-1.2347476482391357
133250.0,-1.2324377298355103
133255.0,-1.2383136749267578
133260.0,-1.2437297105789185
133265.0,-1.2291074991226196
133270.0,-1.2338844537734985
133275.0,-1.2572412490844727
133280.0,-1.2242428064346313
133285.0,-1.217506766319275
133290.0,-1.2403318881988525
133295.0,-1.2202372550964355
133300.0,-1.2337491512298584
133305.0,-1.212590217590332
133310.0,-1.227440357208252
133315.0,-1.2339729070663452
133320.0,-1.2474021911621094
133325.0,-1.231844186782837
133330.0,-1.2214155197143555
133335.0,-1.2220135927200317
133340.0,-1.2295689582824707
133345.0,-1.2351572513580322
133350.0,-1.2415918111801147
133355.0,-1.2435050010681152
133360.0,-1.2287418842315674
133365.0,-1.2327629327774048
133370.0,-1.2288780212402344
133375.0,-1.2373645305633545
133380.0,-1.2217410802841187
133385.0,-1.2135971784591675
133390.0,-1.2138915061950684
133395.0,-1.232291340827942
133400.0,-1.2446422576904297
133405.0,-1.2193126678466797
133410.0,-1.2120716571807861
133415.0,-1.2295689582824707
133420.0,-1.2066781520843506
133425.0,-1.2274131774902344
133430.0,-1.2496106624603271
133435.0,-1.225665807723999
133440.0,-1.220367193222046
133445.0,-1.2271366119384766
133450.0,-1.2269840240478516
133455.0,-1.227644920349121
133460.0,-1.2120532989501953
133465.0,-1.2165770530700684
133470.0,-1.2232050895690918
133475.0,-1.2312464714050293
133480.0,-1.2354704141616821
133485.0,-1.2358242273330688
133490.0,-1.2337003946304321
133495.0,-1.2396554946899414
133500.0,-1.2220790386199951
133505.0,-1.244269847869873
133510.0,-1.2378933429718018
133515.0,-1.2367223501205444
133520.0,-1.2295101881027222
133525.0,-1.206986904144287
133530.0,-1.243415355682373
133535.0,-1.2482032775878906
133540.0,-1.2206149101257324
133545.0,-1.2473573684692383
133550.0,-1.2341489791870117
133555.0,-1.2036528587341309
133560.0,-1.2574105262756348
133565.0,-1.231841802597046
133570.0,-1.2341713905334473
133575.0,-1.2440502643585205
133580.0,-1.208592414855957
133585.0,-1.2381718158721924
133590.0,-1.2400102615356445
133595.0,-1.2209179401397705
133600.0,-1.2415077686309814
133605.0,-1.2333714962005615
133610.0,-1.2258268594741821
133615.0,-1.243856430053711
133620.0,-1.2156240940093994
133625.0,-1.2188024520874023
133630.0,-1.2339262962341309
133635.0,-1.21559739112854
133640.0,-1.2164511680603027
133645.0,-1.2588752508163452
133650.0,-1.2288334369659424
133655.0,-1.2215638160705566
133660.0,-1.2490403652191162
133665.0,-1.2388253211975098
133670.0,-1.20847487449646
133675.0,-1.259335994720459
133680.0,-1.230734944343567
133685.0,-1.224731683731079
133690.0,-1.2301287651062012
133695.0,-1.2184038162231445
133700.0,-1.2262697219848633
133705.0,-1.2393923997879028
133710.0,-1.2232160568237305
133715.0,-1.2293044328689575
133720.0,-1.2228726148605347
133725.0,-1.2096577882766724
133730.0,-1.2397549152374268
133735.0,-1.2339754104614258
133740.0,-1.223203420639038
133745.0,-1.2357025146484375
133750.0,-1.2180193662643433
133755.0,-1.2164839506149292
133760.0,-1.2430055141448975
133765.0,-1.2251436710357666
133770.0,-1.2136931419372559
133775.0,-1.239566445350647
133780.0,-1.2176802158355713
133785.0,-1.2263133525848389
133790.0,-1.2566213607788086
133795.0,-1.2183880805969238
133800.0,-1.2172012329101562
133805.0,-1.2266621589660645
133810.0,-1.226576805114746
133815.0,-1.245161771774292
133820.0,-1.2135140895843506
133825.0,-1.229333758354187
133830.0,-1.2407184839248657
133835.0,-1.2211917638778687
133840.0,-1.2302898168563843
133845.0,-1.2474281787872314
133850.0,-1.2184522151947021
133855.0,-1.218561053276062
133860.0,-1.2413969039916992
133865.0,-1.2304153442382812
133870.0,-1.2345930337905884
133875.0,-1.2201519012451172
133880.0,-1.2220598459243774
133885.0,-1.2376471757888794
133890.0,-1.2169835567474365
133895.0,-1.2498722076416016
133900.0,-1.2486004829406738
133905.0,-1.2466304302215576
133910.0,-1.225996971130371
133915.0,-1.2470946311950684
133920.0,-1.22550368309021
133925.0,-1.2253645658493042
133930.0,-1.2445290088653564
133935.0,-1.2312402725219727
133940.0,-1.2221349477767944
133945.0,-1.2316100597381592
133950.0,-1.2005738019943237
133955.0,-1.2376700639724731
133960.0,-1.2398130893707275
133965.0,-1.215183973312378
133970.0,-1.227757453918457
133975.0,-1.234518051147461
133980.0,-1.2168289422988892
133985.0,-1.2350647449493408
133990.0,-1.221994400024414
133995.0,-1.2259633541107178
134000.0,-1.2552268505096436
134005.0,-1.2137048244476318
134010.0,-1.225403070449829
134015.0,-1.2612842321395874
134020.0,-1.2068840265274048
134025.0,-1.231084942817688
134030.0,-1.257568597793579
134035.0,-1.2222042083740234
134040.0,-1.217987060546875
134045.0,-1.2486101388931274
134050.0,-1.2155113220214844
134055.0,-1.2176836729049683
134060.0,-1.2215921878814697
134065.0,-1.2282276153564453
134070.0,-1.247269868850708
134075.0,-1.2308499813079834
134080.0,-1.234494924545288
134085.0,-1.2337138652801514
134090.0,-1.2225592136383057
134095.0,-1.228703498840332
134100.0,-1.2428187131881714
134105.0,-1.2113438844680786
134110.0,-1.2253756523132324
134115.0,-1.2273445129394531
134120.0,-1.214376449584961
134125.0,-1.242658257484436
134130.0,-1.232959508895874
134135.0,-1.215296983718872
134140.0,-1.245976448059082
134145.0,-1.2283806800842285
134150.0,-1.2455971240997314
134155.0,-1.2367570400238037
134160.0,-1.2296017408370972
134165.0,-1.2255520820617676
134170.0,-1.2512727975845337
134175.0,-1.241188883781433
134180.0,-1.222261905670166
134185.0,-1.2339699268341064
134190.0,-1.248307228088379
134195.0,-1.225391149520874
134200.0,-1.2424445152282715
134205.0,-1.2474191188812256
134210.0,-1.234377145767212
134215.0,-1.2415244579315186
134220.0,-1.2126128673553467
134225.0,-1.2266275882720947
134230.0,-1.2504963874816895
134235.0,-1.2241489887237549
134240.0,-1.2419066429138184
134245.0,-1.2382652759552002
134250.0,-1.2134588956832886
134255.0,-1.2340199947357178
134260.0,-1.2374587059020996
134265.0,-1.2201051712036133
134270.0,-1.2416036128997803
134275.0,-1.2407426834106445
134280.0,-1.2264373302459717
134285.0,-1.244117259979248
134290.0,-1.2376660108566284
134295.0,-1.226637363433838
134300.0,-1.243899941444397
134305.0,-1.2363561391830444
134310.0,-1.2189152240753174
134315.0,-1.2498621940612793
134320.0,-1.2383699417114258
134325.0,-1.2160112857818604
134330.0,-1.2440464496612549
134335.0,-1.2403098344802856
134340.0,-1.2117948532104492
134345.0,-1.2363202571868896
134350.0,-1.2479774951934814
134355.0,-1.217916488647461
134360.0,-1.2137112617492676
134365.0,-1.2601395845413208
134370.0,-1.2128424644470215
134375.0,-1.225355863571167
134380.0,-1.2479877471923828
134385.0,-1.2139588594436646
134390.0,-1.2314144372940063
134395.0,-1.2340724468231201
134400.0,-1.2224512100219727
134405.0,-1.2496697902679443
134410.0,-1.230579137802124
134415.0,-1.241403579711914
134420.0,-1.2555551528930664
134425.0,-1.2127130031585693
134430.0,-1.241888403892517
134435.0,-1.2407877445220947
134440.0,-1.218297004699707
134445.0,-1.2405046224594116
134450.0,-1.2180538177490234
134455.0,-1.2121387720108032
134460.0,-1.2340060472488403
134465.0,-1.2126408815383911
134470.0,-1.2097406387329102
134475.0,-1.2495085000991821
134480.0,-1.2208516597747803
134485.0,-1.2244199514389038
134490.0,-1.2491739988327026
134495.0,-1.2201790809631348
134500.0,-1.2302863597869873
134505.0,-1.2095527648925781
134510.0,-1.2301037311553955
134515.0,-1.2264140844345093
134520.0,-1.205780029296875
134525.0,-1.2455015182495117
134530.0,-1.2253408432006836
134535.0,-1.219893455505371
134540.0,-1.2562716007232666
134545.0,-1.2292635440826416
134550.0,-1.2560529708862305
134555.0,-1.253237247467041
134560.0,-1.2320376634597778
134565.0,-1.2470289468765259
134570.0,-1.2306264638900757
134575.0,-1.2297568321228027
134580.0,-1.2322463989257812
134585.0,-1.227548599243164
134590.0,-1.2383873462677002
134595.0,-1.2274889945983887
134600.0,-1.2337753772735596
134605.0,-1.2411737442016602
134610.0,-1.217266321182251
134615.0,-1.2292567491531372
134620.0,-1.2353109121322632
134625.0,-1.2265881299972534
134630.0,-1.2449628114700317
134635.0,-1.2391629219055176
134640.0,-1.2275258302688599
134645.0,-1.2430588006973267
134650.0,-1.2274072170257568
134655.0,-1.2226269245147705
134660.0,-1.2467020750045776
134665.0,-1.2385748624801636
134670.0,-1.2321611642837524
134675.0,-1.2374025583267212
134680.0,-1.2307120561599731
134685.0,-1.2325847148895264
134690.0,-1.2422187328338623
134695.0,-1.2390377521514893
134700.0,-1.2527610063552856
134705.0,-1.2314822673797607
134710.0,-1.2199722528457642
134715.0,-1.2140426635742188
134720.0,-1.224148154258728
134725.0,-1.2265636920928955
134730.0,-1.2329238653182983
134735.0,-1.2294210195541382
134740.0,-1.2274680137634277
134745.0,-1.228541374206543
134750.0,-1.2279205322265625
134755.0,-1.2128965854644775
134760.0,-1.2209519147872925
134765.0,-1.2383558750152588
134770.0,-1.227831244468689
134775.0,-1.2263784408569336
134780.0,-1.2432427406311035
134785.0,-1.2446258068084717
134790.0,-1.2226204872131348
134795.0,-1.2405754327774048
134800.0,-1.2367111444473267
134805.0,-1.2416839599609375
134810.0,-1.2249897718429565
134815.0,-1.2161701917648315
134820.0,-1.2409029006958008
134825.0,-1.2490053176879883
134830.0,-1.2157361507415771
134835.0,-1.240863561630249
134840.0,-1.249516248703003
134845.0,-1.2075183391571045
134850.0,-1.2511919736862183
134855.0,-1.2301325798034668
134860.0,-1.2163236141204834
134865.0,-1.2224019765853882
134870.0,-1.2355774641036987
134875.0,-1.2429970502853394
134880.0,-1.2306411266326904
134885.0,-1.2470613718032837
134890.0,-1.2392992973327637
134895.0,-1.2216417789459229
134900.0,-1.2362828254699707
134905.0,-1.2460885047912598
134910.0,-1.2149066925048828
134915.0,-1.2361968755722046
134920.0,-1.216943383216858
134925.0,-1.2086882591247559
134930.0,-1.2528951168060303
134935.0,-1.2413909435272217
134940.0,-1.2109043598175049
134945.0,-1.231634497642517
134950.0,-1.2262654304504395
134955.0,-1.219930648803711
134960.0,-1.2555217742919922
134965.0,-1.2183783054351807
134970.0,-1.2271404266357422
134975.0,-1.2456603050231934
134980.0,-1.2323590517044067
134985.0,-1.2185823917388916
134990.0,-1.2491493225097656
134995.0,-1.2386648654937744
135000.0,-1.2050975561141968
135005.0,-1.214238166809082
135010.0,-1.2353785037994385
135015.0,-1.2302920818328857
135020.0,-1.2164911031723022
135025.0,-1.2256805896759033
135030.0,-1.2407041788101196
135035.0,-1.220221996307373
135040.0,-1.2176969051361084
135045.0,-1.2606960535049438
135050.0,-1.2131104469299316
135055.0,-1.226151943206787
135060.0,-1.222697377204895
135065.0,-1.2166004180908203
135070.0,-1.24305260181427
135075.0,-1.2212294340133667
135080.0,-1.226279377937317
135085.0,-1.2329034805297852
135090.0,-1.2159582376480103
135095.0,-1.2250733375549316
135100.0,-1.2218127250671387
135105.0,-1.2031760215759277
135110.0,-1.2255072593688965
135115.0,-1.2396535873413086
135120.0,-1.2059305906295776
135125.0,-1.226987600326538
135130.0,-1.2397119998931885
135135.0,-1.2064411640167236
135140.0,-1.2496027946472168
135145.0,-1.2415391206741333
135150.0,-1.2170233726501465
135155.0,-1.238210916519165
135160.0,-1.2182996273040771
135165.0,-1.2347819805145264
135170.0,-1.2469303607940674
135175.0,-1.2347545623779297
135180.0,-1.2415459156036377
135185.0,-1.2167539596557617
135190.0,-1.2501864433288574
135195.0,-1.247756004333496
135200.0,-1.2042526006698608
135205.0,-1.2405316829681396
135210.0,-1.2415341138839722
135215.0,-1.208627700805664
135220.0,-1.2446365356445312
135225.0,-1.244384765625
135230.0,-1.2082767486572266
135235.0,-1.2318607568740845
135240.0,-1.2533750534057617
135245.0,-1.2208722829818726
135250.0,-1.2463555335998535
135255.0,-1.2286436557769775
135260.0,-1.220412254333496
135265.0,-1.239104986190796
135270.0,-1.221873164176941
135275.0,-1.2324438095092773
135280.0,-1.2591757774353027
135285.0,-1.2236632108688354
135290.0,-1.2348382472991943
135295.0,-1.2440788745880127
135300.0,-1.2253180742263794
135305.0,-1.2478904724121094
135310.0,-1.2203178405761719
135315.0,-1.226572871208191
135320.0,-1.246220588684082
135325.0,-1.2139192819595337
135330.0,-1.2271711826324463
135335.0,-1.257193922996521
135340.0,-1.22013521194458
135345.0,-1.2286022901535034
135350.0,-1.2396111488342285
135355.0,-1.217252492904663
135360.0,-1.2262599468231201
135365.0,-1.2150051593780518
135370.0,-1.21852707862854
135375.0,-1.2217801809310913
135380.0,-1.2315285205841064
135385.0,-1.2253084182739258
135390.0,-1.2339842319488525
135395.0,-1.2264193296432495
135400.0,-1.2104793787002563
135405.0,-1.249969244003296
135410.0,-1.2375736236572266
135415.0,-1.2243785858154297
135420.0,-1.2264695167541504
135425.0,-1.2320961952209473
135430.0,-1.2119224071502686
135435.0,-1.2412402629852295
135440.0,-1.2346469163894653
135445.0,-1.2315027713775635
135450.0,-1.2444008588790894
135455.0,-1.2292447090148926
135460.0,-1.21281099319458
135465.0,-1.2459404468536377
135470.0,-1.2412159442901611
135475.0,-1.2172422409057617
135480.0,-1.2373855113983154
135485.0,-1.234133005142212
135490.0,-1.2170374393463135
135495.0,-1.2368919849395752
135500.0,-1.2294076681137085
135505.0,-1.2207366228103638
135510.0,-1.2382335662841797
135515.0,-1.2339677810668945
135520.0,-1.216658115386963
135525.0,-1.2422071695327759
135530.0,-1.2257672548294067
135535.0,-1.22133207321167
135540.0,-1.2379357814788818
135545.0,-1.214963674545288
135550.0,-1.2364840507507324
135555.0,-1.2337772846221924
135560.0,-1.2253038883209229
135565.0,-1.2315512895584106
135570.0,-1.2277922630310059
135575.0,-1.2329508066177368
135580.0,-1.2441225051879883
135585.0,-1.207410216331482
135590.0,-1.2517882585525513
135595.0,-1.239203691482544
135600.0,-1.2058333158493042
135605.0,-1.2575408220291138
135610.0,-1.2393196821212769
135615.0,-1.2290667295455933
135620.0,-1.238268494606018
135625.0,-1.2164217233657837
135630.0,-1.2289782762527466
135635.0,-1.2510358095169067
135640.0,-1.2161604166030884
135645.0,-1.2350871562957764
135650.0,-1.2137982845306396
135655.0,-1.2069939374923706
135660.0,-1.249611496925354
135665.0,-1.2248027324676514
135670.0,-1.2301511764526367
135675.0,-1.2391060590744019
135680.0,-1.2191869020462036
135685.0,-1.2235770225524902
135690.0,-1.2471301555633545
135695.0,-1.2319629192352295
135700.0,-1.2413756847381592
135705.0,-1.2254672050476074
135710.0,-1.2001268863677979
135715.0,-1.247291088104248
135720.0,-1.248355507850647
135725.0,-1.20784592628479
135730.0,-1.2407596111297607
135735.0,-1.2421934604644775
135740.0,-1.191829800605774
135745.0,-1.2518322467803955
135750.0,-1.2267886400222778
135755.0,-1.2054615020751953
135760.0,-1.246124267578125
135765.0,-1.2187325954437256
135770.0,-1.21842622756958
135775.0,-1.2583976984024048
135780.0,-1.22404944896698
135785.0,-1.2334709167480469
135790.0,-1.2355520725250244
135795.0,-1.2169862985610962
135800.0,-1.2454094886779785
135805.0,-1.2223905324935913
135810.0,-1.2226566076278687
135815.0,-1.244936466217041
135820.0,-1.2122852802276611
135825.0,-1.2164061069488525
135830.0,-1.252985954284668
135835.0,-1.2121398448944092
135840.0,-1.231507420539856
135845.0,-1.2462056875228882
135850.0,-1.208688735961914
135855.0,-1.2289223670959473
135860.0,-1.2327113151550293
135865.0,-1.217892050743103
135870.0,-1.2271902561187744
135875.0,-1.2300732135772705
135880.0,-1.226022720336914
135885.0,-1.228245496749878
135890.0,-1.2385016679763794
135895.0,-1.2381073236465454
135900.0,-1.230118751525879
135905.0,-1.233139991760254
135910.0,-1.2200112342834473
135915.0,-1.2503621578216553
135920.0,-1.2081366777420044
135925.0,-1.235489010810852
135930.0,-1.2373915910720825
135935.0,-1.2057454586029053
135940.0,-1.2154091596603394
135945.0,-1.2545431852340698
135950.0,-1.2211116552352905
135955.0,-1.2371007204055786
135960.0,-1.2360647916793823
135965.0,-1.2058459520339966
135970.0,-1.243042230606079
135975.0,-1.225075602531433
135980.0,-1.2041676044464111
135985.0,-1.2475249767303467
135990.0,-1.2231297492980957
135995.0,-1.203160047531128
136000.0,-1.2582499980926514
136005.0,-1.2292760610580444
136010.0,-1.2268532514572144
136015.0,-1.2290273904800415
136020.0,-1.2178714275360107
136025.0,-1.22488534450531
136030.0,-1.2292875051498413
136035.0,-1.2222219705581665
136040.0,-1.2697856426239014
136045.0,-1.2262071371078491
136050.0,-1.2261784076690674
136055.0,-1.2410532236099243
136060.0,-1.219321846961975
136065.0,-1.2306135892868042
136070.0,-1.2330670356750488
136075.0,-1.2225772142410278
136080.0,-1.2081266641616821
136085.0,-1.2310259342193604
136090.0,-1.219301700592041
136095.0,-1.2301563024520874
136100.0,-1.2466681003570557
136105.0,-1.2440937757492065
136110.0,-1.2466603517532349
136115.0,-1.2479512691497803
136120.0,-1.2362239360809326
136125.0,-1.225522756576538
136130.0,-1.2243496179580688
136135.0,-1.220407485961914
136140.0,-1.2433562278747559
136145.0,-1.2349989414215088
136150.0,-1.2408652305603027
136155.0,-1.241729974746704
136160.0,-1.2444798946380615
136165.0,-1.2301299571990967
136170.0,-1.2129130363464355
136175.0,-1.2310060262680054
136180.0,-1.2178146839141846
136185.0,-1.2199313640594482
136190.0,-1.2345718145370483
136195.0,-1.1946302652359009
136200.0,-1.212738037109375
136205.0,-1.2515007257461548
136210.0,-1.2053005695343018
136215.0,-1.2288329601287842
136220.0,-1.2469278573989868
136225.0,-1.2147035598754883
136230.0,-1.22382652759552
136235.0,-1.2253673076629639
136240.0,-1.2454508543014526
136245.0,-1.2280526161193848
136250.0,-1.2280080318450928
136255.0,-1.250591516494751
136260.0,-1.2229294776916504
136265.0,-1.2291829586029053
136270.0,-1.2453677654266357
136275.0,-1.208331823348999
136280.0,-1.2273273468017578
136285.0,-1.2392007112503052
136290.0,-1.2173941135406494
136295.0,-1.2254869937896729
136300.0,-1.247622013092041
136305.0,-1.2293517589569092
136310.0,-1.2263035774230957
136315.0,-1.2411022186279297
136320.0,-1.2435805797576904
136325.0,-1.2449493408203125
136330.0,-1.2380226850509644
136335.0,-1.2420001029968262
136340.0,-1.2389658689498901
136345.0,-1.221278429031372
136350.0,-1.2363914251327515
136355.0,-1.2398444414138794
136360.0,-1.2308740615844727
136365.0,-1.241971492767334
136370.0,-1.2227375507354736
136375.0,-1.2490299940109253
136380.0,-1.2397422790527344
136385.0,-1.2247157096862793
136390.0,-1.2455353736877441
136395.0,-1.225210428237915
136400.0,-1.2193583250045776
136405.0,-1.2455987930297852
136410.0,-1.2137175798416138
136415.0,-1.2330331802368164
136420.0,-1.2371270656585693
136425.0,-1.224657416343689
136430.0,-1.2521171569824219
136435.0,-1.2171268463134766
136440.0,-1.2337971925735474
136445.0,-1.2462562322616577
136450.0,-1.2146707773208618
136455.0,-1.2439110279083252
136460.0,-1.249640941619873
136465.0,-1.2090092897415161
136470.0,-1.2296967506408691
136475.0,-1.22867751121521
136480.0,-1.2261466979980469
136485.0,-1.2303475141525269
136490.0,-1.2245038747787476
136495.0,-1.2344634532928467
136500.0,-1.2301764488220215
136505.0,-1.2280292510986328
136510.0,-1.2239861488342285
136515.0,-1.223210096359253
136520.0,-1.2195791006088257
136525.0,-1.230678677558899
136530.0,-1.2353599071502686
136535.0,-1.2371563911437988
136540.0,-1.2400635480880737
136545.0,-1.2358849048614502
136550.0,-1.2421469688415527
136555.0,-1.242941975593567
136560.0,-1.2516860961914062
136565.0,-1.2132728099822998
136570.0,-1.2225672006607056
136575.0,-1.2559404373168945
136580.0,-1.2049238681793213
136585.0,-1.2331863641738892
136590.0,-1.2368391752243042
136595.0,-1.2154228687286377
136600.0,-1.2349133491516113
136605.0,-1.2436800003051758
136610.0,-1.2253658771514893
136615.0,-1.2391581535339355
136620.0,-1.2203524112701416
136625.0,-1.2190256118774414
136630.0,-1.2320976257324219
136635.0,-1.2291395664215088
136640.0,-1.2308895587921143
136645.0,-1.2131131887435913
136650.0,-1.2218677997589111
136655.0,-1.2283945083618164
136660.0,-1.2373722791671753
136665.0,-1.2271523475646973
136670.0,-1.2160154581069946
136675.0,-1.254347801208496
136680.0,-1.2202415466308594
136685.0,-1.207218885421753
136690.0,-1.2712128162384033
136695.0,-1.2168920040130615
136700.0,-1.2163572311401367
136705.0,-1.2518810033798218
136710.0,-1.2126288414001465
136715.0,-1.2280629873275757
136720.0,-1.2311432361602783
136725.0,-1.2222239971160889
136730.0,-1.2297016382217407
136735.0,-1.2131125926971436
136740.0,-1.221388578414917
136745.0,-1.2372666597366333
136750.0,-1.2145668268203735
136755.0,-1.229601263999939
136760.0,-1.2117342948913574
136765.0,-1.23775053024292
136770.0,-1.229050636291504
136775.0,-1.2151434421539307
136780.0,-1.226172924041748
136785.0,-1.250552773475647
136790.0,-1.244123935699463
136795.0,-1.2118654251098633
136800.0,-1.2615516185760498
136805.0,-1.2211428880691528
136810.0,-1.210612177848816
136815.0,-1.2339810132980347
136820.0,-1.23354971408844
136825.0,-1.2165863513946533
136830.0,-1.241511344909668
136835.0,-1.2169114351272583
136840.0,-1.2313764095306396
136845.0,-1.2448179721832275
136850.0,-1.2174205780029297
136855.0,-1.2380337715148926
136860.0,-1.232627034187317
136865.0,-1.2440955638885498
136870.0,-1.2309876680374146
136875.0,-1.2147760391235352
136880.0,-1.2424737215042114
136885.0,-1.2261993885040283
136890.0,-1.22796630859375
136895.0,-1.2336069345474243
136900.0,-1.2235257625579834
136905.0,-1.218809723854065
136910.0,-1.252051591873169
136915.0,-1.2153173685073853
136920.0,-1.233349084854126
136925.0,-1.2358742952346802
136930.0,-1.221024513244629
136935.0,-1.2388602495193481
136940.0,-1.2241497039794922
136945.0,-1.2268753051757812
136950.0,-1.223483681678772
136955.0,-1.210371494293213
136960.0,-1.2114787101745605
136965.0,-1.2453227043151855
136970.0,-1.2384902238845825
136975.0,-1.2210333347320557
136980.0,-1.2432186603546143
136985.0,-1.2221421003341675
136990.0,-1.2226448059082031
136995.0,-1.2417352199554443
137000.0,-1.227806568145752
137005.0,-1.2382733821868896
137010.0,-1.2422164678573608
137015.0,-1.2204420566558838
137020.0,-1.2450664043426514
137025.0,-1.2320839166641235
137030.0,-1.2174755334854126
137035.0,-1.2442728281021118
137040.0,-1.230661153793335
137045.0,-1.2176597118377686
137050.0,-1.2491278648376465
137055.0,-1.235734224319458
137060.0,-1.2248668670654297
137065.0,-1.2256226539611816
137070.0,-1.2280163764953613
137075.0,-1.2337990999221802
137080.0,-1.234912395477295
137085.0,-1.2286584377288818
137090.0,-1.2376704216003418
137095.0,-1.228635549545288
137100.0,-1.223170518875122
137105.0,-1.2387009859085083
137110.0,-1.2264984846115112
137115.0,-1.230545163154602
137120.0,-1.236124873161316
137125.0,-1.214529037475586
137130.0,-1.2274255752563477
137135.0,-1.2468034029006958
137140.0,-1.2092640399932861
137145.0,-1.234113097190857
137150.0,-1.235704779624939
137155.0,-1.2136484384536743
137160.0,-1.2436603307724
137165.0,-1.2273796796798706
137170.0,-1.2281135320663452
137175.0,-1.2287611961364746
137180.0,-1.1967490911483765
137185.0,-1.2435201406478882
137190.0,-1.2421975135803223
137195.0,-1.192052960395813
137200.0,-1.2531614303588867
137205.0,-1.23085355758667
137210.0,-1.2023333311080933
137215.0,-1.239673137664795
137220.0,-1.2344815731048584
137225.0,-1.226407766342163
137230.0,-1.2460401058197021
137235.0,-1.232090950012207
137240.0,-1.2267132997512817
137245.0,-1.2401821613311768
137250.0,-1.2252326011657715
137255.0,-1.2310993671417236
137260.0,-1.22941255569458
137265.0,-1.2324132919311523
137270.0,-1.2235403060913086
137275.0,-1.2335503101348877
137280.0,-1.2315659523010254
137285.0,-1.2292420864105225
137290.0,-1.240035057067871
137295.0,-1.228874921798706
137300.0,-1.2072970867156982
137305.0,-1.247738242149353
137310.0,-1.2336933612823486
137315.0,-1.2126071453094482
137320.0,-1.249635100364685
137325.0,-1.2207343578338623
137330.0,-1.21616530418396
137335.0,-1.243858814239502
137340.0,-1.2303533554077148
137345.0,-1.2468862533569336
137350.0,-1.2354342937469482
137355.0,-1.2219516038894653
137360.0,-1.2443803548812866
137365.0,-1.2451021671295166
137370.0,-1.2228691577911377
137375.0,-1.2450687885284424
137380.0,-1.2379347085952759
137385.0,-1.2158894538879395
137390.0,-1.2398502826690674
137395.0,-1.2279853820800781
137400.0,-1.2268190383911133
137405.0,-1.2461702823638916
137410.0,-1.2329342365264893
137415.0,-1.2398003339767456
137420.0,-1.2244555950164795
137425.0,-1.2319830656051636
137430.0,-1.2355464696884155
137435.0,-1.220234990119934
137440.0,-1.2354286909103394
137445.0,-1.2255332469940186
137450.0,-1.2139835357666016
137455.0,-1.2330100536346436
137460.0,-1.2116526365280151
137465.0,-1.2313374280929565
137470.0,-1.2572821378707886
137475.0,-1.2032089233398438
137480.0,-1.2360905408859253
137485.0,-1.2384198904037476
137490.0,-1.210089921951294
137495.0,-1.2421807050704956
137500.0,-1.2297472953796387
137505.0,-1.2258464097976685
137510.0,-1.2255682945251465
137515.0,-1.2235472202301025
137520.0,-1.231537103652954
137525.0,-1.2367253303527832
137530.0,-1.2194530963897705
137535.0,-1.2285882234573364
137540.0,-1.2462553977966309
137545.0,-1.2227442264556885
137550.0,-1.231854796409607
137555.0,-1.2401018142700195
137560.0,-1.1977746486663818
137565.0,-1.2279225587844849
137570.0,-1.2599492073059082
137575.0,-1.2048360109329224
137580.0,-1.240431308746338
137585.0,-1.2412395477294922
137590.0,-1.2084791660308838
137595.0,-1.2564066648483276
137600.0,-1.2320470809936523
137605.0,-1.2325259447097778
137610.0,-1.2491209506988525
137615.0,-1.1992316246032715
137620.0,-1.2495691776275635
137625.0,-1.2346643209457397
137630.0,-1.2266688346862793
137635.0,-1.2409508228302002
137640.0,-1.2218117713928223
137645.0,-1.2254421710968018
137650.0,-1.2621915340423584
137655.0,-1.2199287414550781
137660.0,-1.234868049621582
137665.0,-1.2516852617263794
137670.0,-1.2124563455581665
137675.0,-1.2460517883300781
137680.0,-1.2455387115478516
137685.0,-1.223877191543579
137690.0,-1.2437878847122192
137695.0,-1.2357709407806396
137700.0,-1.2213449478149414
137705.0,-1.2334648370742798
137710.0,-1.2324326038360596
137715.0,-1.2277703285217285
137720.0,-1.2407615184783936
137725.0,-1.2218040227890015
137730.0,-1.224764347076416
137735.0,-1.245244026184082
137740.0,-1.221712350845337
137745.0,-1.2274460792541504
137750.0,-1.235579490661621
137755.0,-1.2143619060516357
137760.0,-1.2317140102386475
137765.0,-1.2511191368103027
137770.0,-1.2233201265335083
137775.0,-1.2376539707183838
137780.0,-1.2402799129486084
137785.0,-1.2138432264328003
137790.0,-1.2258892059326172
137795.0,-1.223833680152893
137800.0,-1.2393027544021606
137805.0,-1.220633864402771
137810.0,-1.1977379322052002
137815.0,-1.2447011470794678
137820.0,-1.2479724884033203
137825.0,-1.2076345682144165
137830.0,-1.2567883729934692
137835.0,-1.2304010391235352
137840.0,-1.1962838172912598
137845.0,-1.264193058013916
137850.0,-1.2373380661010742
137855.0,-1.2197543382644653
137860.0,-1.2566282749176025
137865.0,-1.21644926071167
137870.0,-1.2295198440551758
137875.0,-1.2585110664367676
137880.0,-1.2110499143600464
137885.0,-1.2562432289123535
137890.0,-1.242828130722046
137895.0,-1.2065505981445312
137900.0,-1.2517807483673096
137905.0,-1.2233607769012451
137910.0,-1.2034006118774414
137915.0,-1.2599581480026245
137920.0,-1.2274037599563599
137925.0,-1.2207976579666138
137930.0,-1.2482714653015137
137935.0,-1.234321117401123
137940.0,-1.2152172327041626
137945.0,-1.2225970029830933
137950.0,-1.2492647171020508
137955.0,-1.2166856527328491
137960.0,-1.2124866247177124
137965.0,-1.2444736957550049
137970.0,-1.200839877128601
137975.0,-1.2380491495132446
137980.0,-1.2374330759048462
137985.0,-1.2281816005706787
137990.0,-1.2404191493988037
137995.0,-1.225358009338379
138000.0,-1.2136316299438477
138005.0,-1.2578387260437012
138010.0,-1.2259377241134644
138015.0,-1.2333638668060303
138020.0,-1.239628553390503
138025.0,-1.2202961444854736
138030.0,-1.2440950870513916
138035.0,-1.2254961729049683
138040.0,-1.2386579513549805
138045.0,-1.2271150350570679
138050.0,-1.2240242958068848
138055.0,-1.2321659326553345
138060.0,-1.2520270347595215
138065.0,-1.214656114578247
138070.0,-1.2450385093688965
138075.0,-1.2357308864593506
138080.0,-1.2048113346099854
138085.0,-1.2393276691436768
138090.0,-1.2325773239135742
138095.0,-1.2160874605178833
138100.0,-1.2196345329284668
138105.0,-1.2404530048370361
138110.0,-1.2231121063232422
138115.0,-1.227952003479004
138120.0,-1.2294044494628906
138125.0,-1.2314910888671875
138130.0,-1.2341846227645874
138135.0,-1.2238062620162964
138140.0,-1.2380216121673584
138145.0,-1.2357468605041504
138150.0,-1.215116024017334
138155.0,-1.2313337326049805
138160.0,-1.2487120628356934
138165.0,-1.2209274768829346
138170.0,-1.2487084865570068
138175.0,-1.2294790744781494
138180.0,-1.220855951309204
138185.0,-1.244441032409668
138190.0,-1.2213311195373535
138195.0,-1.2288336753845215
138200.0,-1.2417432069778442
138205.0,-1.21416175365448
138210.0,-1.2331136465072632
138215.0,-1.2368160486221313
138220.0,-1.2051200866699219
138225.0,-1.240647315979004
138230.0,-1.2394375801086426
138235.0,-1.211826205253601
138240.0,-1.2419805526733398
138245.0,-1.2313506603240967
138250.0,-1.2085449695587158
138255.0,-1.2452285289764404
138260.0,-1.225588083267212
138265.0,-1.2298390865325928
138270.0,-1.2286161184310913
138275.0,-1.2194716930389404
138280.0,-1.2444285154342651
138285.0,-1.2358617782592773
138290.0,-1.2294312715530396
138295.0,-1.248995065689087
138300.0,-1.2090842723846436
138305.0,-1.219616413116455
138310.0,-1.242727279663086
138315.0,-1.2104341983795166
138320.0,-1.2304861545562744
138325.0,-1.2397069931030273
138330.0,-1.1993104219436646
138335.0,-1.2212456464767456
138340.0,-1.2439684867858887
138345.0,-1.2308861017227173
138350.0,-1.229382038116455
138355.0,-1.2456307411193848
138360.0,-1.2316590547561646
138365.0,-1.216059923171997
138370.0,-1.251855731010437
138375.0,-1.2373719215393066
138380.0,-1.2291803359985352
138385.0,-1.2444243431091309
138390.0,-1.2212626934051514
138395.0,-1.2366783618927002
138400.0,-1.2495388984680176
138405.0,-1.2191072702407837
138410.0,-1.2348004579544067
138415.0,-1.2329776287078857
138420.0,-1.2216215133666992
138425.0,-1.2323672771453857
138430.0,-1.248216152191162
138435.0,-1.222688913345337
138440.0,-1.2330706119537354
138445.0,-1.2376866340637207
138450.0,-1.2166208028793335
138455.0,-1.237884759902954
138460.0,-1.2360591888427734
138465.0,-1.2229077816009521
138470.0,-1.2359464168548584
138475.0,-1.2194315195083618
138480.0,-1.2236781120300293
138485.0,-1.2363612651824951
138490.0,-1.213644027709961
138495.0,-1.2274322509765625
138500.0,-1.2346779108047485
138505.0,-1.2117828130722046
138510.0,-1.2316296100616455
138515.0,-1.2509146928787231
138520.0,-1.2180092334747314
138525.0,-1.229912281036377
138530.0,-1.237025499343872
138535.0,-1.2275335788726807
138540.0,-1.2390358448028564
138545.0,-1.2302401065826416
138550.0,-1.2338148355484009
138555.0,-1.240131139755249
138560.0,-1.2253572940826416
138565.0,-1.2342075109481812
138570.0,-1.2321133613586426
138575.0,-1.2245230674743652
138580.0,-1.239811658859253
138585.0,-1.2218695878982544
138590.0,-1.212831735610962
138595.0,-1.2480360269546509
138600.0,-1.2364646196365356
138605.0,-1.220439076423645
138610.0,-1.2388521432876587
138615.0,-1.2229526042938232
138620.0,-1.2254804372787476
138625.0,-1.2269268035888672
138630.0,-1.2313705682754517
138635.0,-1.2297937870025635
138640.0,-1.2251472473144531
138645.0,-1.208012342453003
138650.0,-1.2410835027694702
138655.0,-1.2422785758972168
138660.0,-1.228855848312378
138665.0,-1.2460217475891113
138670.0,-1.2234547138214111
138675.0,-1.224571704864502
138680.0,-1.2366807460784912
138685.0,-1.2257996797561646
138690.0,-1.2271724939346313
138695.0,-1.2311640977859497
138700.0,-1.2382237911224365
138705.0,-1.225614070892334
138710.0,-1.240968108177185
138715.0,-1.2451977729797363
138720.0,-1.2231764793395996
138725.0,-1.2297290563583374
138730.0,-1.241847276687622
138735.0,-1.217681646347046
138740.0,-1.2528396844863892
138745.0,-1.2135653495788574
138750.0,-1.2234883308410645
138755.0,-1.251279592514038
138760.0,-1.192720651626587
138765.0,-1.2259597778320312
138770.0,-1.2533326148986816
138775.0,-1.1980607509613037
138780.0,-1.225539207458496
138785.0,-1.245823860168457
138790.0,-1.190358281135559
138795.0,-1.2373299598693848
138800.0,-1.2356475591659546
138805.0,-1.22642183303833
138810.0,-1.2181661128997803
138815.0,-1.2368398904800415
138820.0,-1.2146261930465698
138825.0,-1.2253479957580566
138830.0,-1.2270183563232422
138835.0,-1.2281802892684937
138840.0,-1.2419753074645996
138845.0,-1.2201964855194092
138850.0,-1.2258442640304565
138855.0,-1.2351940870285034
138860.0,-1.221535086631775
138865.0,-1.2237162590026855
138870.0,-1.2443794012069702
138875.0,-1.1999809741973877
138880.0,-1.21390700340271
138885.0,-1.2473669052124023
138890.0,-1.2228171825408936
138895.0,-1.220506191253662
138900.0,-1.2466892004013062
138905.0,-1.2113070487976074
138910.0,-1.225609302520752
138915.0,-1.240782618522644
138920.0,-1.2177255153656006
138925.0,-1.2328386306762695
138930.0,-1.215571403503418
138935.0,-1.2234054803848267
138940.0,-1.2452189922332764
138945.0,-1.2285666465759277
138950.0,-1.220820665359497
138955.0,-1.2393276691436768
138960.0,-1.216557502746582
138965.0,-1.2239075899124146
138970.0,-1.255650520324707
138975.0,-1.2293879985809326
138980.0,-1.228137731552124
138985.0,-1.2336786985397339
138990.0,-1.2243679761886597
138995.0,-1.2303123474121094
139000.0,-1.2270344495773315
139005.0,-1.2393261194229126
139010.0,-1.217041015625
139015.0,-1.2211318016052246
139020.0,-1.2511041164398193
139025.0,-1.2288658618927002
139030.0,-1.2231414318084717
139035.0,-1.2468045949935913
139040.0,-1.2115119695663452
139045.0,-1.218666434288025
139050.0,-1.2499090433120728
139055.0,-1.2084591388702393
139060.0,-1.2429225444793701
139065.0,-1.2391513586044312
139070.0,-1.2214646339416504
139075.0,-1.242457389831543
139080.0,-1.2322118282318115
139085.0,-1.2312114238739014
139090.0,-1.2462724447250366
139095.0,-1.2310309410095215
139100.0,-1.209842324256897
139105.0,-1.26163911819458
139110.0,-1.2206860780715942
139115.0,-1.220629334449768
139120.0,-1.2625048160552979
139125.0,-1.2202305793762207
139130.0,-1.2207585573196411
139135.0,-1.2637523412704468
139140.0,-1.218048095703125
139145.0,-1.2325079441070557
139150.0,-1.2407655715942383
139155.0,-1.2159316539764404
139160.0,-1.2528061866760254
139165.0,-1.2222098112106323
139170.0,-1.229029893875122
139175.0,-1.2590383291244507
139180.0,-1.2115386724472046
139185.0,-1.2296125888824463
139190.0,-1.2537505626678467
139195.0,-1.2064900398254395
139200.0,-1.2522714138031006
139205.0,-1.2457023859024048
139210.0,-1.2037475109100342
139215.0,-1.2492587566375732
139220.0,-1.2387193441390991
139225.0,-1.2150404453277588
139230.0,-1.2337456941604614
139235.0,-1.2409509420394897
139240.0,-1.210766315460205
139245.0,-1.232014536857605
139250.0,-1.2374658584594727
139255.0,-1.2288087606430054
139260.0,-1.2251536846160889
139265.0,-1.2335374355316162
139270.0,-1.241687297821045
139275.0,-1.2391935586929321
139280.0,-1.2256847620010376
139285.0,-1.245551347732544
139290.0,-1.2298176288604736
139295.0,-1.2121801376342773
139300.0,-1.2589448690414429
139305.0,-1.2142901420593262
139310.0,-1.2250888347625732
139315.0,-1.2577455043792725
139320.0,-1.2022132873535156
139325.0,-1.2193666696548462
139330.0,-1.2591784000396729
139335.0,-1.1956360340118408
139340.0,-1.215216875076294
139345.0,-1.2367262840270996
139350.0,-1.196153998374939
139355.0,-1.2440351247787476
139360.0,-1.2317208051681519
139365.0,-1.2228440046310425
139370.0,-1.24013090133667
139375.0,-1.2236989736557007
139380.0,-1.2321441173553467
139385.0,-1.2378227710723877
139390.0,-1.2340641021728516
139395.0,-1.2241588830947876
139400.0,-1.2213292121887207
139405.0,-1.211129903793335
139410.0,-1.2370679378509521
139415.0,-1.2402729988098145
139420.0,-1.233758807182312
139425.0,-1.2293803691864014
139430.0,-1.2433786392211914
139435.0,-1.2312843799591064
139440.0,-1.2282723188400269
139445.0,-1.2357712984085083
139450.0,-1.2399616241455078
139455.0,-1.2309107780456543
139460.0,-1.215282917022705
139465.0,-1.233464241027832
139470.0,-1.2286733388900757
139475.0,-1.225313663482666
139480.0,-1.2212607860565186
139485.0,-1.2266428470611572
139490.0,-1.2135143280029297
139495.0,-1.2410318851470947
139500.0,-1.2219030857086182
139505.0,-1.2232134342193604
139510.0,-1.2343132495880127
139515.0,-1.2195208072662354
139520.0,-1.226899266242981
139525.0,-1.2336894273757935
139530.0,-1.2256977558135986
139535.0,-1.2415189743041992
139540.0,-1.237299919128418
139545.0,-1.2260537147521973
139550.0,-1.2552175521850586
139555.0,-1.220326542854309
139560.0,-1.2396352291107178
139565.0,-1.2226158380508423
139570.0,-1.2178797721862793
139575.0,-1.2446863651275635
139580.0,-1.22926664352417
139585.0,-1.21852707862854
139590.0,-1.2422860860824585
139595.0,-1.2294412851333618
139600.0,-1.207750916481018
139605.0,-1.2437607049942017
139610.0,-1.2472376823425293
139615.0,-1.2232798337936401
139620.0,-1.2276248931884766
139625.0,-1.231801986694336
139630.0,-1.2189401388168335
139635.0,-1.2344541549682617
139640.0,-1.223984956741333
139645.0,-1.2280908823013306
139650.0,-1.2288367748260498
139655.0,-1.2323029041290283
139660.0,-1.236950397491455
139665.0,-1.2392692565917969
139670.0,-1.24373459815979
139675.0,-1.2294304370880127
139680.0,-1.2267682552337646
139685.0,-1.237215518951416
139690.0,-1.2430267333984375
139695.0,-1.2380080223083496
139700.0,-1.235514760017395
139705.0,-1.240859866142273
139710.0,-1.2271158695220947
139715.0,-1.2066099643707275
139720.0,-1.2454310655593872
139725.0,-1.2376450300216675
139730.0,-1.2164762020111084
139735.0,-1.2468934059143066
139740.0,-1.2343266010284424
139745.0,-1.2117658853530884
139750.0,-1.2561441659927368
139755.0,-1.2175333499908447
139760.0,-1.2137086391448975
139765.0,-1.2374134063720703
139770.0,-1.2005133628845215
139775.0,-1.2310450077056885
139780.0,-1.2615838050842285
139785.0,-1.200488805770874
139790.0,-1.2372965812683105
139795.0,-1.256709337234497
139800.0,-1.2008132934570312
139805.0,-1.257940411567688
139810.0,-1.2330963611602783
139815.0,-1.2187836170196533
139820.0,-1.241526484489441
139825.0,-1.2129091024398804
139830.0,-1.2249817848205566
139835.0,-1.2382206916809082
139840.0,-1.2190446853637695
139845.0,-1.2387495040893555
139850.0,-1.2344622611999512
139855.0,-1.2080612182617188
139860.0,-1.2439370155334473
139865.0,-1.233716368675232
139870.0,-1.229905366897583
139875.0,-1.2286591529846191
139880.0,-1.2354943752288818
139885.0,-1.214573621749878
139890.0,-1.228543758392334
139895.0,-1.2589083909988403
139900.0,-1.2328472137451172
139905.0,-1.2172328233718872
139910.0,-1.2470505237579346
139915.0,-1.2329062223434448
139920.0,-1.2055834531784058
139925.0,-1.2369002103805542
139930.0,-1.2328391075134277
139935.0,-1.213193416595459
139940.0,-1.2112408876419067
139945.0,-1.2349802255630493
139950.0,-1.2338696718215942
139955.0,-1.2370338439941406
139960.0,-1.2168266773223877
139965.0,-1.2320436239242554
139970.0,-1.2386611700057983
139975.0,-1.2028601169586182
139980.0,-1.2395377159118652
139985.0,-1.2316501140594482
139990.0,-1.2046042680740356
139995.0,-1.2199435234069824
140000.0,-1.2569658756256104
140005.0,-1.2225639820098877
140010.0,-1.2423980236053467
140015.0,-1.2388145923614502
140020.0,-1.2367148399353027
140025.0,-1.2197844982147217
140030.0,-1.2463691234588623
140035.0,-1.2491612434387207
140040.0,-1.2071423530578613
140045.0,-1.245582103729248
140050.0,-1.2265307903289795
140055.0,-1.2139031887054443
140060.0,-1.246821403503418
140065.0,-1.2303777933120728
140070.0,-1.2106270790100098
140075.0,-1.2353562116622925
140080.0,-1.236411690711975
140085.0,-1.2452077865600586
140090.0,-1.2175815105438232
140095.0,-1.2273439168930054
140100.0,-1.2505478858947754
140105.0,-1.2093472480773926
140110.0,-1.2354736328125
140115.0,-1.23963463306427
140120.0,-1.2304394245147705
140125.0,-1.212005853652954
140130.0,-1.2155511379241943
140135.0,-1.2329609394073486
140140.0,-1.244258165359497
140145.0,-1.2311488389968872
140150.0,-1.2401930093765259
140155.0,-1.2254441976547241
140160.0,-1.2268710136413574
140165.0,-1.2401454448699951
140170.0,-1.2133424282073975
140175.0,-1.2446575164794922
140180.0,-1.2283332347869873
140185.0,-1.2228442430496216
140190.0,-1.230188250541687
140195.0,-1.2566837072372437
140200.0,-1.2216416597366333
140205.0,-1.238060712814331
140210.0,-1.2428667545318604
140215.0,-1.2113091945648193
140220.0,-1.2349684238433838
140225.0,-1.2536333799362183
140230.0,-1.2175817489624023
140235.0,-1.235020637512207
140240.0,-1.2492109537124634
140245.0,-1.2052055597305298
140250.0,-1.2486903667449951
140255.0,-1.2347391843795776
140260.0,-1.2319011688232422
140265.0,-1.234075903892517
140270.0,-1.22402822971344
140275.0,-1.220703125
140280.0,-1.2231502532958984
140285.0,-1.2236990928649902
140290.0,-1.2467682361602783
140295.0,-1.2467831373214722
140300.0,-1.2265583276748657
140305.0,-1.2348254919052124
140310.0,-1.2366700172424316
140315.0,-1.223968744277954
140320.0,-1.240620493888855
140325.0,-1.2627623081207275
140330.0,-1.2252718210220337
140335.0,-1.2229738235473633
140340.0,-1.2325356006622314
140345.0,-1.2186182737350464
140350.0,-1.2410039901733398
140355.0,-1.2384110689163208
140360.0,-1.2165133953094482
140365.0,-1.2367322444915771
140370.0,-1.222790241241455
140375.0,-1.2260898351669312
140380.0,-1.2305898666381836
140385.0,-1.2235069274902344
140390.0,-1.2316315174102783
140395.0,-1.2348984479904175
140400.0,-1.2274863719940186
140405.0,-1.2391581535339355
140410.0,-1.2259514331817627
140415.0,-1.232467532157898
140420.0,-1.2447175979614258
140425.0,-1.2192155122756958
140430.0,-1.2218867540359497
140435.0,-1.2478666305541992
140440.0,-1.2296489477157593
140445.0,-1.2219727039337158
140450.0,-1.223675012588501
140455.0,-1.2254129648208618
140460.0,-1.2369765043258667
140465.0,-1.2132365703582764
140470.0,-1.250557541847229
140475.0,-1.2289159297943115
140480.0,-1.1960135698318481
140485.0,-1.2487107515335083
140490.0,-1.2413020133972168
140495.0,-1.2076365947723389
140500.0,-1.241943359375
140505.0,-1.2467784881591797
140510.0,-1.2242029905319214
140515.0,-1.2432364225387573
140520.0,-1.2386292219161987
140525.0,-1.2347216606140137
140530.0,-1.2283680438995361
140535.0,-1.2334990501403809
140540.0,-1.2457339763641357
140545.0,-1.2384438514709473
140550.0,-1.237468957901001
140555.0,-1.2416374683380127
140560.0,-1.2192655801773071
140565.0,-1.235841989517212
140570.0,-1.2334203720092773
140575.0,-1.216149926185608
140580.0,-1.2258433103561401
140585.0,-1.2079613208770752
140590.0,-1.2207204103469849
140595.0,-1.2457904815673828
140600.0,-1.2206897735595703
140605.0,-1.2365713119506836
140610.0,-1.2338590621948242
140615.0,-1.2111258506774902
140620.0,-1.2341212034225464
140625.0,-1.2406331300735474
140630.0,-1.2208588123321533
140635.0,-1.2434120178222656
140640.0,-1.2256313562393188
140645.0,-1.2056224346160889
140650.0,-1.254435420036316
140655.0,-1.2365312576293945
140660.0,-1.240109920501709
140665.0,-1.2413654327392578
140670.0,-1.2198257446289062
140675.0,-1.2465004920959473
140680.0,-1.259962558746338
140685.0,-1.2258244752883911
140690.0,-1.2512319087982178
140695.0,-1.2461669445037842
140700.0,-1.2071765661239624
140705.0,-1.2472914457321167
140710.0,-1.2290894985198975
140715.0,-1.2307075262069702
140720.0,-1.2198681831359863
140725.0,-1.2085988521575928
140730.0,-1.2434279918670654
140735.0,-1.237736463546753
140740.0,-1.2228769063949585
140745.0,-1.243727684020996
140750.0,-1.2260304689407349
140755.0,-1.2187416553497314
140760.0,-1.24929678440094
140765.0,-1.232126235961914
140770.0,-1.2405784130096436
140775.0,-1.2331576347351074
140780.0,-1.2259109020233154
140785.0,-1.2308011054992676
140790.0,-1.237945318222046
140795.0,-1.2200005054473877
140800.0,-1.2260220050811768
140805.0,-1.2492589950561523
140810.0,-1.2054550647735596
140815.0,-1.2402839660644531
140820.0,-1.2590131759643555
140825.0,-1.208876371383667
140830.0,-1.233914852142334
140835.0,-1.2411631345748901
140840.0,-1.2145737409591675
140845.0,-1.2510401010513306
140850.0,-1.2294223308563232
140855.0,-1.2241313457489014
140860.0,-1.24853515625
140865.0,-1.2059732675552368
140870.0,-1.232775330543518
140875.0,-1.2584198713302612
140880.0,-1.2188856601715088
140885.0,-1.2100279331207275
140890.0,-1.2465312480926514
140895.0,-1.216722011566162
140900.0,-1.2393052577972412
140905.0,-1.2358241081237793
140910.0,-1.232377052307129
140915.0,-1.237907886505127
140920.0,-1.2193207740783691
140925.0,-1.2382278442382812
140930.0,-1.245761513710022
140935.0,-1.2025299072265625
140940.0,-1.2476822137832642
140945.0,-1.2184354066848755
140950.0,-1.2117618322372437
140955.0,-1.2428867816925049
140960.0,-1.231773018836975
140965.0,-1.2215334177017212
140970.0,-1.2283250093460083
140975.0,-1.2257415056228638
140980.0,-1.2209088802337646
140985.0,-1.2400546073913574
140990.0,-1.2319951057434082
140995.0,-1.2247610092163086
141000.0,-1.2259843349456787
141005.0,-1.23042631149292
141010.0,-1.241901159286499
141015.0,-1.220882534980774
141020.0,-1.2406048774719238
141025.0,-1.2383277416229248
141030.0,-1.2029261589050293
141035.0,-1.2425858974456787
141040.0,-1.2433933019638062
141045.0,-1.2071013450622559
141050.0,-1.2406699657440186
141055.0,-1.2431368827819824
141060.0,-1.1974642276763916
141065.0,-1.2655041217803955
141070.0,-1.2310429811477661
141075.0,-1.212228536605835
141080.0,-1.2398898601531982
141085.0,-1.2066707611083984
141090.0,-1.211024284362793
141095.0,-1.2694672346115112
141100.0,-1.2112879753112793
141105.0,-1.2102056741714478
141110.0,-1.2522954940795898
141115.0,-1.2135062217712402
141120.0,-1.2245150804519653
141125.0,-1.2567859888076782
141130.0,-1.2249078750610352
141135.0,-1.2168958187103271
141140.0,-1.2338643074035645
141145.0,-1.2358919382095337
141150.0,-1.2160502672195435
141155.0,-1.2324098348617554
141160.0,-1.2425508499145508
141165.0,-1.2152910232543945
141170.0,-1.212280035018921
141175.0,-1.2382129430770874
141180.0,-1.249632716178894
141185.0,-1.2250218391418457
141190.0,-1.2442679405212402
141195.0,-1.2356364727020264
141200.0,-1.2188634872436523
141205.0,-1.2307205200195312
141210.0,-1.2250325679779053
141215.0,-1.2336766719818115
141220.0,-1.2461212873458862
141225.0,-1.2049919366836548
141230.0,-1.2273213863372803
141235.0,-1.2425564527511597
141240.0,-1.2365142107009888
141245.0,-1.223082423210144
141250.0,-1.2468806505203247
141255.0,-1.2258193492889404
141260.0,-1.2229793071746826
141265.0,-1.2290035486221313
141270.0,-1.2247231006622314
141275.0,-1.2363791465759277
141280.0,-1.2286583185195923
141285.0,-1.2018468379974365
141290.0,-1.2352490425109863
141295.0,-1.254059076309204
141300.0,-1.2168292999267578
141305.0,-1.2446415424346924
141310.0,-1.2243030071258545
141315.0,-1.2171964645385742
141320.0,-1.245082139968872
141325.0,-1.22507905960083
141330.0,-1.235676884651184
141335.0,-1.233232021331787
141340.0,-1.2206504344940186
141345.0,-1.2250641584396362
141350.0,-1.223060131072998
141355.0,-1.2361905574798584
141360.0,-1.2343729734420776
141365.0,-1.206117868423462
141370.0,-1.2507960796356201
141375.0,-1.2366178035736084
141380.0,-1.2248659133911133
141385.0,-1.2379781007766724
141390.0,-1.2106002569198608
141395.0,-1.243863582611084
141400.0,-1.2217638492584229
141405.0,-1.2256886959075928
141410.0,-1.2536952495574951
141415.0,-1.1975828409194946
141420.0,-1.22686767578125
141425.0,-1.2561235427856445
141430.0,-1.214484453201294
141435.0,-1.2291600704193115
141440.0,-1.2348052263259888
141445.0,-1.215461015701294
141450.0,-1.24886953830719
141455.0,-1.227168321609497
141460.0,-1.2231637239456177
141465.0,-1.2484078407287598
141470.0,-1.2178491353988647
141475.0,-1.2303322553634644
141480.0,-1.2341969013214111
141485.0,-1.223855972290039
141490.0,-1.2392256259918213
141495.0,-1.2290598154067993
141500.0,-1.1971997022628784
141505.0,-1.235947847366333
141510.0,-1.2275891304016113
141515.0,-1.2149627208709717
141520.0,-1.2475827932357788
141525.0,-1.2265491485595703
141530.0,-1.217592716217041
141535.0,-1.2480957508087158
141540.0,-1.218419075012207
141545.0,-1.219505786895752
141550.0,-1.2507045269012451
141555.0,-1.2127968072891235
141560.0,-1.218214988708496
141565.0,-1.2489782571792603
141570.0,-1.215606927871704
141575.0,-1.2096196413040161
141580.0,-1.2278348207473755
141585.0,-1.2363555431365967
141590.0,-1.237212896347046
141595.0,-1.22916579246521
141600.0,-1.2389121055603027
141605.0,-1.232009768486023
141610.0,-1.2181708812713623
141615.0,-1.232975721359253
141620.0,-1.2281142473220825
141625.0,-1.247125267982483
141630.0,-1.2030274868011475
141635.0,-1.2031917572021484
141640.0,-1.2602734565734863
141645.0,-1.225743293762207
141650.0,-1.2252275943756104
141655.0,-1.2546436786651611
141660.0,-1.2276135683059692
141665.0,-1.2170701026916504
141670.0,-1.2416470050811768
141675.0,-1.2298845052719116
141680.0,-1.217111587524414
141685.0,-1.213080644607544
141690.0,-1.236743688583374
141695.0,-1.252119779586792
141700.0,-1.2090437412261963
141705.0,-1.2440741062164307
141710.0,-1.2358403205871582
141715.0,-1.2148020267486572
141720.0,-1.2322131395339966
141725.0,-1.2356963157653809
141730.0,-1.2271853685379028
141735.0,-1.2136908769607544
141740.0,-1.221656084060669
141745.0,-1.2331342697143555
141750.0,-1.24660325050354
141755.0,-1.2292554378509521
141760.0,-1.2427425384521484
141765.0,-1.2310303449630737
141770.0,-1.2176134586334229
141775.0,-1.250675916671753
141780.0,-1.2439842224121094
141785.0,-1.2205184698104858
141790.0,-1.2537641525268555
141795.0,-1.239820122718811
141800.0,-1.2215338945388794
141805.0,-1.2484149932861328
141810.0,-1.2291396856307983
141815.0,-1.235170841217041
141820.0,-1.2253854274749756
141825.0,-1.2148656845092773
141830.0,-1.2358001470565796
141835.0,-1.2228647470474243
141840.0,-1.2299813032150269
141845.0,-1.2197515964508057
141850.0,-1.2450567483901978
141855.0,-1.2167375087738037
141860.0,-1.219068169593811
141865.0,-1.2586052417755127
141870.0,-1.2257554531097412
141875.0,-1.233431339263916
141880.0,-1.2448420524597168
141885.0,-1.2144006490707397
141890.0,-1.236190676689148
141895.0,-1.2546006441116333
141900.0,-1.206176996231079
141905.0,-1.2556910514831543
141910.0,-1.235713243484497
141915.0,-1.1984800100326538
141920.0,-1.2562611103057861
141925.0,-1.2441651821136475
141930.0,-1.2213871479034424
141935.0,-1.2401564121246338
141940.0,-1.22365140914917
141945.0,-1.2086215019226074
141950.0,-1.2347674369812012
141955.0,-1.2186182737350464
141960.0,-1.2290589809417725
141965.0,-1.235055685043335
141970.0,-1.219236135482788
141975.0,-1.236279010772705
141980.0,-1.2318058013916016
141985.0,-1.2217096090316772
141990.0,-1.2211391925811768
141995.0,-1.2358473539352417
142000.0,-1.2069207429885864
142005.0,-1.2395892143249512
142010.0,-1.2332909107208252
142015.0,-1.2106502056121826
142020.0,-1.2346277236938477
142025.0,-1.232795000076294
142030.0,-1.2287505865097046
142035.0,-1.2345812320709229
142040.0,-1.2192084789276123
142045.0,-1.228413701057434
142050.0,-1.2127784490585327
142055.0,-1.2242865562438965
142060.0,-1.2447059154510498
142065.0,-1.2188771963119507
142070.0,-1.244203805923462
142075.0,-1.2263158559799194
142080.0,-1.2389893531799316
142085.0,-1.2359166145324707
142090.0,-1.2269747257232666
142095.0,-1.2389476299285889
142100.0,-1.213649868965149
142105.0,-1.2470123767852783
142110.0,-1.246994137763977
142115.0,-1.2080228328704834
142120.0,-1.239397644996643
142125.0,-1.2383042573928833
142130.0,-1.2239830493927002
142135.0,-1.2524125576019287
142140.0,-1.2112994194030762
142145.0,-1.2410483360290527
142150.0,-1.2207739353179932
142155.0,-1.2134766578674316
142160.0,-1.2633599042892456
142165.0,-1.2301061153411865
142170.0,-1.2144663333892822
142175.0,-1.2421435117721558
142180.0,-1.2414131164550781
142185.0,-1.2242672443389893
142190.0,-1.2385010719299316
142195.0,-1.2229700088500977
142200.0,-1.2336153984069824
142205.0,-1.2232978343963623
142210.0,-1.2305879592895508
142215.0,-1.248684287071228
142220.0,-1.2198500633239746
142225.0,-1.232671856880188
142230.0,-1.226629376411438
142235.0,-1.2290642261505127
142240.0,-1.2367637157440186
142245.0,-1.204634666442871
142250.0,-1.2329299449920654
142255.0,-1.2440935373306274
142260.0,-1.204505205154419
142265.0,-1.2131541967391968
142270.0,-1.248165488243103
142275.0,-1.20904541015625
142280.0,-1.223387360572815
142285.0,-1.2422175407409668
142290.0,-1.22502863407135
142295.0,-1.2039287090301514
142300.0,-1.2251484394073486
142305.0,-1.225804328918457
142310.0,-1.2322694063186646
142315.0,-1.2273650169372559
142320.0,-1.2242772579193115
142325.0,-1.213770866394043
142330.0,-1.2405970096588135
142335.0,-1.2381162643432617
142340.0,-1.2182029485702515
142345.0,-1.2430459260940552
142350.0,-1.2275162935256958
142355.0,-1.2046658992767334
142360.0,-1.2501764297485352
142365.0,-1.2405873537063599
142370.0,-1.2182836532592773
142375.0,-1.2410175800323486
142380.0,-1.2134745121002197
142385.0,-1.2098007202148438
142390.0,-1.2563631534576416
142395.0,-1.2168102264404297
142400.0,-1.2310444116592407
142405.0,-1.2412707805633545
142410.0,-1.2145129442214966
142415.0,-1.23492431640625
142420.0,-1.2562638521194458
142425.0,-1.2165837287902832
142430.0,-1.23689603805542
142435.0,-1.2416105270385742
142440.0,-1.2208662033081055
142445.0,-1.2397615909576416
142450.0,-1.2343966960906982
142455.0,-1.226571798324585
142460.0,-1.2243319749832153
142465.0,-1.2428642511367798
142470.0,-1.2248709201812744
142475.0,-1.2241864204406738
142480.0,-1.2448748350143433
142485.0,-1.222745418548584
142490.0,-1.2266390323638916
142495.0,-1.2565093040466309
142500.0,-1.2233610153198242
142505.0,-1.250257968902588
142510.0,-1.2392584085464478
142515.0,-1.2161377668380737
142520.0,-1.242987871170044
142525.0,-1.2023998498916626
142530.0,-1.2363982200622559
142535.0,-1.2524292469024658
142540.0,-1.2192054986953735
142545.0,-1.2098920345306396
142550.0,-1.2368932962417603
142555.0,-1.216733455657959
142560.0,-1.2310279607772827
142565.0,-1.2251718044281006
142570.0,-1.2382876873016357
142575.0,-1.2405920028686523
142580.0,-1.225377082824707
142585.0,-1.238950252532959
142590.0,-1.236332893371582
142595.0,-1.2306103706359863
142600.0,-1.2481498718261719
142605.0,-1.2427732944488525
142610.0,-1.2139636278152466
142615.0,-1.2464423179626465
142620.0,-1.230492353439331
142625.0,-1.1924331188201904
142630.0,-1.2710264921188354
142635.0,-1.2470498085021973
142640.0,-1.2020249366760254
142645.0,-1.2619714736938477
142650.0,-1.2249820232391357
142655.0,-1.2070022821426392
142660.0,-1.2556073665618896
142665.0,-1.21883225440979
142670.0,-1.2337671518325806
142675.0,-1.2166463136672974
142680.0,-1.2073689699172974
142685.0,-1.259730339050293
142690.0,-1.2424026727676392
142695.0,-1.2240276336669922
142700.0,-1.2434170246124268
142705.0,-1.2303193807601929
142710.0,-1.2389912605285645
142715.0,-1.226738691329956
142720.0,-1.2328702211380005
142725.0,-1.2355725765228271
142730.0,-1.2011759281158447
142735.0,-1.2431650161743164
142740.0,-1.2439687252044678
142745.0,-1.2196526527404785
142750.0,-1.243765950202942
142755.0,-1.2330694198608398
142760.0,-1.227419376373291
142765.0,-1.2366997003555298
142770.0,-1.2200989723205566
142775.0,-1.24090576171875
142780.0,-1.2389781475067139
142785.0,-1.2096738815307617
142790.0,-1.2416186332702637
142795.0,-1.2403676509857178
142800.0,-1.207736849784851
142805.0,-1.2446109056472778
142810.0,-1.236210584640503
142815.0,-1.2129390239715576
142820.0,-1.2343794107437134
142825.0,-1.2207536697387695
142830.0,-1.23113214969635
142835.0,-1.215985655784607
142840.0,-1.2138288021087646
142845.0,-1.2391546964645386
142850.0,-1.2285356521606445
142855.0,-1.2149434089660645
142860.0,-1.2443232536315918
142865.0,-1.2091339826583862
142870.0,-1.229870080947876
142875.0,-1.237006425857544
142880.0,-1.2182852029800415
142885.0,-1.232456088066101
142890.0,-1.2113134860992432
142895.0,-1.2096563577651978
142900.0,-1.2537615299224854
142905.0,-1.2306853532791138
142910.0,-1.2216788530349731
142915.0,-1.231095552444458
142920.0,-1.2204043865203857
142925.0,-1.2372028827667236
142930.0,-1.2462239265441895
142935.0,-1.2037712335586548
142940.0,-1.2519919872283936
142945.0,-1.2286224365234375
142950.0,-1.1990351676940918
142955.0,-1.2520995140075684
142960.0,-1.2261953353881836
142965.0,-1.2109787464141846
142970.0,-1.2370882034301758
142975.0,-1.224729061126709
142980.0,-1.2242507934570312
142985.0,-1.2445614337921143
142990.0,-1.2169467210769653
142995.0,-1.24453866481781
143000.0,-1.2390923500061035
143005.0,-1.206869125366211
143010.0,-1.244173288345337
143015.0,-1.2539761066436768
143020.0,-1.2040553092956543
143025.0,-1.2446718215942383
143030.0,-1.2418447732925415
143035.0,-1.207801103591919
143040.0,-1.2533466815948486
143045.0,-1.2107977867126465
143050.0,-1.2221876382827759
143055.0,-1.2485246658325195
143060.0,-1.208457112312317
143065.0,-1.2392551898956299
143070.0,-1.245045781135559
143075.0,-1.2132477760314941
143080.0,-1.2435290813446045
143085.0,-1.230886697769165
143090.0,-1.228278636932373
143095.0,-1.2584412097930908
143100.0,-1.22471022605896
143105.0,-1.241452693939209
143110.0,-1.2339529991149902
143115.0,-1.2069261074066162
143120.0,-1.2546911239624023
143125.0,-1.234985589981079
143130.0,-1.2095990180969238
143135.0,-1.2373287677764893
143140.0,-1.2212316989898682
143145.0,-1.2083510160446167
143150.0,-1.2393798828125
143155.0,-1.226029872894287
143160.0,-1.2149803638458252
143165.0,-1.244385004043579
143170.0,-1.2184454202651978
143175.0,-1.2169009447097778
143180.0,-1.257238507270813
143185.0,-1.2199862003326416
143190.0,-1.216252326965332
143195.0,-1.2315082550048828
143200.0,-1.2134041786193848
143205.0,-1.2403144836425781
143210.0,-1.2178633213043213
143215.0,-1.2227497100830078
143220.0,-1.2355320453643799
143225.0,-1.2148468494415283
143230.0,-1.229034662246704
143235.0,-1.2501096725463867
143240.0,-1.2115967273712158
143245.0,-1.2251529693603516
143250.0,-1.2313637733459473
143255.0,-1.2227888107299805
143260.0,-1.2396950721740723
143265.0,-1.2122546434402466
143270.0,-1.2274961471557617
143275.0,-1.2443182468414307
143280.0,-1.212477207183838
143285.0,-1.2428028583526611
143290.0,-1.2405637502670288
143295.0,-1.2126727104187012
143300.0,-1.2393099069595337
143305.0,-1.2253921031951904
143310.0,-1.225576639175415
143315.0,-1.2533944845199585
143320.0,-1.2374778985977173
143325.0,-1.2450233697891235
143330.0,-1.2442506551742554
143335.0,-1.2257839441299438
143340.0,-1.2481021881103516
143345.0,-1.2512528896331787
143350.0,-1.2200684547424316
143355.0,-1.2432416677474976
143360.0,-1.2319128513336182
143365.0,-1.2145566940307617
143370.0,-1.2312029600143433
143375.0,-1.2263315916061401
143380.0,-1.2037630081176758
143385.0,-1.2265045642852783
143390.0,-1.232752799987793
143395.0,-1.2192261219024658
143400.0,-1.2455661296844482
143405.0,-1.2104943990707397
143410.0,-1.2115061283111572
143415.0,-1.2358217239379883
143420.0,-1.2328577041625977
143425.0,-1.2320778369903564
143430.0,-1.225651502609253
143435.0,-1.2135412693023682
143440.0,-1.215174674987793
143445.0,-1.242222785949707
143450.0,-1.2504104375839233
143455.0,-1.2287566661834717
143460.0,-1.2403439283370972
143465.0,-1.214836835861206
143470.0,-1.2313052415847778
143475.0,-1.2428330183029175
143480.0,-1.2147411108016968
143485.0,-1.2321999073028564
143490.0,-1.2263727188110352
143495.0,-1.2156071662902832
143500.0,-1.254378318786621
143505.0,-1.2381175756454468
143510.0,-1.2226511240005493
143515.0,-1.2517461776733398
143520.0,-1.2272233963012695
143525.0,-1.2258926630020142
143530.0,-1.2628352642059326
143535.0,-1.23118257522583
143540.0,-1.229928970336914
143545.0,-1.2276825904846191
143550.0,-1.2131015062332153
143555.0,-1.2403225898742676
143560.0,-1.2414441108703613
143565.0,-1.2236013412475586
143570.0,-1.2378134727478027
143575.0,-1.2311266660690308
143580.0,-1.2259528636932373
143585.0,-1.242164969444275
143590.0,-1.2159147262573242
143595.0,-1.2429673671722412
143600.0,-1.2418742179870605
143605.0,-1.2068438529968262
143610.0,-1.2428417205810547
143615.0,-1.245232343673706
143620.0,-1.2207887172698975
143625.0,-1.2488470077514648
143630.0,-1.2322487831115723
143635.0,-1.205531120300293
143640.0,-1.2592495679855347
143645.0,-1.2064447402954102
143650.0,-1.2302289009094238
143655.0,-1.263168215751648
143660.0,-1.1914623975753784
143665.0,-1.2284168004989624
143670.0,-1.278071403503418
143675.0,-1.1977174282073975
143680.0,-1.231204867362976
143685.0,-1.2685863971710205
143690.0,-1.2029597759246826
143695.0,-1.2291456460952759
143700.0,-1.2522122859954834
143705.0,-1.2084869146347046
143710.0,-1.240501880645752
143715.0,-1.242511510848999
143720.0,-1.2266020774841309
143725.0,-1.239140510559082
143730.0,-1.2393724918365479
143735.0,-1.233666181564331
143740.0,-1.2241344451904297
143745.0,-1.2404651641845703
143750.0,-1.2281546592712402
143755.0,-1.2220582962036133
143760.0,-1.2398372888565063
143765.0,-1.2147639989852905
143770.0,-1.2356212139129639
143775.0,-1.2486666440963745
143780.0,-1.2129005193710327
143785.0,-1.2493115663528442
143790.0,-1.2358360290527344
143795.0,-1.2163678407669067
143800.0,-1.2589621543884277
143805.0,-1.23541259765625
143810.0,-1.2121961116790771
143815.0,-1.228276014328003
143820.0,-1.221156120300293
143825.0,-1.2364912033081055
143830.0,-1.2282562255859375
143835.0,-1.220672607421875
143840.0,-1.2282557487487793
143845.0,-1.225365161895752
143850.0,-1.2295868396759033
143855.0,-1.23483145236969
143860.0,-1.2191507816314697
143865.0,-1.224603533744812
143870.0,-1.2225760221481323
143875.0,-1.2278828620910645
143880.0,-1.255439281463623
143885.0,-1.2215521335601807
143890.0,-1.2364673614501953
143895.0,-1.241511583328247
143900.0,-1.2209796905517578
143905.0,-1.2389919757843018
143910.0,-1.2313519716262817
143915.0,-1.2386245727539062
143920.0,-1.2227580547332764
143925.0,-1.2187751531600952
143930.0,-1.2610924243927002
143935.0,-1.2204370498657227
143940.0,-1.2323276996612549
143945.0,-1.2464791536331177
143950.0,-1.2220849990844727
143955.0,-1.2277668714523315
143960.0,-1.2494869232177734
143965.0,-1.21720290184021
143970.0,-1.2238450050354004
143975.0,-1.2400315999984741
143980.0,-1.2225005626678467
143985.0,-1.235933542251587
143990.0,-1.2252438068389893
143995.0,-1.2215521335601807
144000.0,-1.2286250591278076
144005.0,-1.2188998460769653
144010.0,-1.2315353155136108
144015.0,-1.2464945316314697
144020.0,-1.2244236469268799
144025.0,-1.2360427379608154
144030.0,-1.2383886575698853
144035.0,-1.2252085208892822
144040.0,-1.2498599290847778
144045.0,-1.2380753755569458
144050.0,-1.2231284379959106
144055.0,-1.2463200092315674
144060.0,-1.2180964946746826
144065.0,-1.2292654514312744
144070.0,-1.2501581907272339
144075.0,-1.2114927768707275
144080.0,-1.2278599739074707
144085.0,-1.236372947692871
144090.0,-1.2197623252868652
144095.0,-1.2253546714782715
144100.0,-1.2314980030059814
144105.0,-1.2296134233474731
144110.0,-1.2345726490020752
144115.0,-1.215760588645935
144120.0,-1.242811918258667
144125.0,-1.2392826080322266
144130.0,-1.2055089473724365
144135.0,-1.2320128679275513
144140.0,-1.2334699630737305
144145.0,-1.2281978130340576
144150.0,-1.2334352731704712
144155.0,-1.2109415531158447
144160.0,-1.2409982681274414
144165.0,-1.2155678272247314
144170.0,-1.226468801498413
144175.0,-1.2580828666687012
144180.0,-1.21479070186615
144185.0,-1.2109402418136597
144190.0,-1.239501953125
144195.0,-1.2397420406341553
144200.0,-1.2156312465667725
144205.0,-1.2360326051712036
144210.0,-1.246448278427124
144215.0,-1.2185146808624268
144220.0,-1.2410904169082642
144225.0,-1.2418937683105469
144230.0,-1.228103518486023
144235.0,-1.2350728511810303
144240.0,-1.2427418231964111
144245.0,-1.2246391773223877
144250.0,-1.2382913827896118
144255.0,-1.2256126403808594
144260.0,-1.2333945035934448
144265.0,-1.219860553741455
144270.0,-1.2208194732666016
144275.0,-1.2483501434326172
144280.0,-1.2144064903259277
144285.0,-1.2327635288238525
144290.0,-1.2589601278305054
144295.0,-1.215756893157959
144300.0,-1.2357600927352905
144305.0,-1.2389013767242432
144310.0,-1.2280724048614502
144315.0,-1.236446499824524
144320.0,-1.2156786918640137
144325.0,-1.237123727798462
144330.0,-1.2457246780395508
144335.0,-1.214555263519287
144340.0,-1.2256693840026855
144345.0,-1.2454700469970703
144350.0,-1.2037837505340576
144355.0,-1.2282514572143555
144360.0,-1.238027572631836
144365.0,-1.2341421842575073
144370.0,-1.2323096990585327
144375.0,-1.2190319299697876
144380.0,-1.2350444793701172
144385.0,-1.2571914196014404
144390.0,-1.2188154458999634
144395.0,-1.2344486713409424
144400.0,-1.2503364086151123
144405.0,-1.219247579574585
144410.0,-1.2381173372268677
144415.0,-1.2440345287322998
144420.0,-1.2340965270996094
144425.0,-1.2347614765167236
144430.0,-1.214193344116211
144435.0,-1.239612102508545
144440.0,-1.2402586936950684
144445.0,-1.202138900756836
144450.0,-1.2312134504318237
144455.0,-1.2200381755828857
144460.0,-1.2002276182174683
144465.0,-1.2379131317138672
144470.0,-1.2265825271606445
144475.0,-1.2113298177719116
144480.0,-1.2243655920028687
144485.0,-1.2564358711242676
144490.0,-1.2265081405639648
144495.0,-1.2305783033370972
144500.0,-1.2604947090148926
144505.0,-1.2119401693344116
144510.0,-1.219984769821167
144515.0,-1.25917649269104
144520.0,-1.2347447872161865
144525.0,-1.2197940349578857
144530.0,-1.2658624649047852
144535.0,-1.2236778736114502
144540.0,-1.2180867195129395
144545.0,-1.2491098642349243
144550.0,-1.229140043258667
144555.0,-1.2255371809005737
144560.0,-1.2259917259216309
144565.0,-1.246823787689209
144570.0,-1.2460575103759766
144575.0,-1.2106778621673584
144580.0,-1.240559697151184
144585.0,-1.255377173423767
144590.0,-1.2142308950424194
144595.0,-1.244764804840088
144600.0,-1.2548691034317017
144605.0,-1.2067592144012451
144610.0,-1.2300009727478027
144615.0,-1.2323429584503174
144620.0,-1.2300267219543457
144625.0,-1.2484354972839355
144630.0,-1.2191147804260254
144635.0,-1.2386490106582642
144640.0,-1.2246582508087158
144645.0,-1.2312183380126953
144650.0,-1.2520674467086792
144655.0,-1.226475477218628
144660.0,-1.2274435758590698
144665.0,-1.246759057044983
144670.0,-1.21560537815094
144675.0,-1.2308709621429443
144680.0,-1.2399933338165283
144685.0,-1.2319209575653076
144690.0,-1.2391016483306885
144695.0,-1.212472677230835
144700.0,-1.25811767578125
144705.0,-1.242023229598999
144710.0,-1.2080497741699219
144715.0,-1.2431058883666992
144720.0,-1.2388842105865479
144725.0,-1.205427885055542
144730.0,-1.2536989450454712
144735.0,-1.243672490119934
144740.0,-1.2167340517044067
144745.0,-1.237895131111145
144750.0,-1.2260199785232544
144755.0,-1.2354259490966797
144760.0,-1.24441397190094
144765.0,-1.236647367477417
144770.0,-1.236357569694519
144775.0,-1.2362233400344849
144780.0,-1.2378318309783936
144785.0,-1.2482447624206543
144790.0,-1.2400342226028442
144795.0,-1.2325024604797363
144800.0,-1.2459437847137451
144805.0,-1.2216397523880005
144810.0,-1.2554080486297607
144815.0,-1.2308099269866943
144820.0,-1.2123491764068604
144825.0,-1.248461127281189
144830.0,-1.2287108898162842
144835.0,-1.2152633666992188
144840.0,-1.2536633014678955
144845.0,-1.226949691772461
144850.0,-1.2227493524551392
144855.0,-1.2390109300613403
144860.0,-1.229386806488037
144865.0,-1.239333152770996
144870.0,-1.2336671352386475
144875.0,-1.233083963394165
144880.0,-1.235102653503418
144885.0,-1.230121374130249
144890.0,-1.233396053314209
144895.0,-1.226910948753357
144900.0,-1.2407991886138916
144905.0,-1.2243913412094116
144910.0,-1.2263307571411133
144915.0,-1.258939504623413
144920.0,-1.2231038808822632
144925.0,-1.2442773580551147
144930.0,-1.2500693798065186
144935.0,-1.218115210533142
144940.0,-1.2368067502975464
144945.0,-1.2581226825714111
144950.0,-1.203108310699463
144955.0,-1.2300851345062256
144960.0,-1.2421846389770508
144965.0,-1.2134361267089844
144970.0,-1.2426180839538574
144975.0,-1.2523305416107178
144980.0,-1.2204962968826294
144985.0,-1.2316298484802246
144990.0,-1.2483861446380615
144995.0,-1.2165381908416748
145000.0,-1.250182032585144
145005.0,-1.2302680015563965
145010.0,-1.232008934020996
145015.0,-1.2280170917510986
145020.0,-1.218599557876587
145025.0,-1.2512683868408203
145030.0,-1.2271918058395386
145035.0,-1.2106224298477173
145040.0,-1.263874888420105
145045.0,-1.2259957790374756
145050.0,-1.2022501230239868
145055.0,-1.2788825035095215
145060.0,-1.2203212976455688
145065.0,-1.2071709632873535
145070.0,-1.2639373540878296
145075.0,-1.2049188613891602
145080.0,-1.2193022966384888
145085.0,-1.265310525894165
145090.0,-1.2139132022857666
145095.0,-1.229538083076477
145100.0,-1.2412440776824951
145105.0,-1.2132633924484253
145110.0,-1.2325057983398438
145115.0,-1.219770908355713
145120.0,-1.2273812294006348
145125.0,-1.2389262914657593
145130.0,-1.212612271308899
145135.0,-1.229164719581604
145140.0,-1.2474212646484375
145145.0,-1.217742681503296
145150.0,-1.2257440090179443
145155.0,-1.2422879934310913
145160.0,-1.2052717208862305
145165.0,-1.2459726333618164
145170.0,-1.2253682613372803
145175.0,-1.2231519222259521
145180.0,-1.2544094324111938
145185.0,-1.2189109325408936
145190.0,-1.2265268564224243
145195.0,-1.2436286211013794
145200.0,-1.2267110347747803
145205.0,-1.2178213596343994
145210.0,-1.2487554550170898
145215.0,-1.2392678260803223
145220.0,-1.2233095169067383
145225.0,-1.2318357229232788
145230.0,-1.237100601196289
145235.0,-1.2238309383392334
145240.0,-1.2336746454238892
145245.0,-1.2431838512420654
145250.0,-1.2157104015350342
145255.0,-1.2492786645889282
145260.0,-1.2203788757324219
145265.0,-1.2193331718444824
145270.0,-1.2501022815704346
145275.0,-1.2067378759384155
145280.0,-1.2357902526855469
145285.0,-1.2463809251785278
145290.0,-1.2256104946136475
145295.0,-1.2397544384002686
145300.0,-1.2214462757110596
145305.0,-1.2243270874023438
145310.0,-1.228037714958191
145315.0,-1.206490159034729
145320.0,-1.2560040950775146
145325.0,-1.2203391790390015
145330.0,-1.2176718711853027
145335.0,-1.239768624305725
145340.0,-1.2042460441589355
145345.0,-1.2292797565460205
145350.0,-1.2547434568405151
145355.0,-1.2184548377990723
145360.0,-1.2367100715637207
145365.0,-1.2272611856460571
145370.0,-1.2291312217712402
145375.0,-1.235264778137207
145380.0,-1.2185211181640625
145385.0,-1.2594302892684937
145390.0,-1.212592363357544
145395.0,-1.2067604064941406
145400.0,-1.2640825510025024
145405.0,-1.22767174243927
145410.0,-1.2208927869796753
145415.0,-1.250760555267334
145420.0,-1.2237051725387573
145425.0,-1.2386467456817627
145430.0,-1.242954134941101
145435.0,-1.2279596328735352
145440.0,-1.2398566007614136
145445.0,-1.2380685806274414
145450.0,-1.231941819190979
145455.0,-1.2445604801177979
145460.0,-1.2355011701583862
145465.0,-1.2186901569366455
145470.0,-1.216240644454956
145475.0,-1.252105474472046
145480.0,-1.2190582752227783
145485.0,-1.2295546531677246
145490.0,-1.2386713027954102
145495.0,-1.2137835025787354
145500.0,-1.228973150253296
145505.0,-1.236858606338501
145510.0,-1.2185146808624268
145515.0,-1.2305419445037842
145520.0,-1.2218143939971924
145525.0,-1.2245941162109375
145530.0,-1.2491843700408936
145535.0,-1.21619713306427
145540.0,-1.2460651397705078
145545.0,-1.249153733253479
145550.0,-1.2263761758804321
145555.0,-1.2356288433074951
145560.0,-1.2467111349105835
145565.0,-1.221081256866455
145570.0,-1.2407433986663818
145575.0,-1.228602647781372
145580.0,-1.232399821281433
145585.0,-1.2459075450897217
145590.0,-1.2323131561279297
145595.0,-1.2463548183441162
145600.0,-1.2302379608154297
145605.0,-1.209202766418457
145610.0,-1.2504100799560547
145615.0,-1.2523081302642822
145620.0,-1.1873631477355957
145625.0,-1.2464312314987183
145630.0,-1.231398582458496
145635.0,-1.1952605247497559
145640.0,-1.2497584819793701
145645.0,-1.2221226692199707
145650.0,-1.2223432064056396
145655.0,-1.2294096946716309
145660.0,-1.2344462871551514
145665.0,-1.2423160076141357
145670.0,-1.2362383604049683
145675.0,-1.2409968376159668
145680.0,-1.2480151653289795
145685.0,-1.229837417602539
145690.0,-1.2385900020599365
145695.0,-1.2452731132507324
145700.0,-1.21523916721344
145705.0,-1.2524962425231934
145710.0,-1.2180691957473755
145715.0,-1.2140872478485107
145720.0,-1.2547821998596191
145725.0,-1.2117629051208496
145730.0,-1.220926284790039
145735.0,-1.2510355710983276
145740.0,-1.2253203392028809
145745.0,-1.2399780750274658
145750.0,-1.247330904006958
145755.0,-1.2233328819274902
145760.0,-1.2189513444900513
145765.0,-1.2264249324798584
145770.0,-1.2367043495178223
145775.0,-1.2414286136627197
145780.0,-1.2197543382644653
145785.0,-1.2334038019180298
145790.0,-1.2363176345825195
145795.0,-1.2191932201385498
145800.0,-1.238919973373413
145805.0,-1.225746989250183
145810.0,-1.2357215881347656
145815.0,-1.232370138168335
145820.0,-1.219812273979187
145825.0,-1.2518774271011353
145830.0,-1.2348697185516357
145835.0,-1.214697003364563
145840.0,-1.253894329071045
145845.0,-1.224012851715088
145850.0,-1.216221570968628
145855.0,-1.2409602403640747
145860.0,-1.2261366844177246
145865.0,-1.2367547750473022
145870.0,-1.2273086309432983
145875.0,-1.2359862327575684
145880.0,-1.2390296459197998
145885.0,-1.2241042852401733
145890.0,-1.2251276969909668
145895.0,-1.2389341592788696
145900.0,-1.2313705682754517
145905.0,-1.2289154529571533
145910.0,-1.234424352645874
145915.0,-1.2261406183242798
145920.0,-1.2113205194473267
145925.0,-1.2291250228881836
145930.0,-1.245566487312317
145935.0,-1.2032502889633179
145940.0,-1.231355905532837
145945.0,-1.236197829246521
145950.0,-1.2101092338562012
145955.0,-1.2532501220703125
145960.0,-1.2202179431915283
145965.0,-1.222351312637329
145970.0,-1.2471644878387451
145975.0,-1.2128384113311768
145980.0,-1.2406845092773438
145985.0,-1.2373881340026855
145990.0,-1.2163259983062744
145995.0,-1.2308008670806885
146000.0,-1.2285683155059814
146005.0,-1.2338266372680664
146010.0,-1.23629891872406
146015.0,-1.2247612476348877
146020.0,-1.2238023281097412
146025.0,-1.2333886623382568
146030.0,-1.232576847076416
146035.0,-1.2317297458648682
146040.0,-1.242188811302185
146045.0,-1.2329373359680176
146050.0,-1.2240533828735352
146055.0,-1.2420172691345215
146060.0,-1.2364180088043213
146065.0,-1.219151496887207
146070.0,-1.2361950874328613
146075.0,-1.2214772701263428
146080.0,-1.235555648803711
146085.0,-1.2420296669006348
146090.0,-1.2103261947631836
146095.0,-1.236391544342041
146100.0,-1.2376890182495117
146105.0,-1.214433193206787
146110.0,-1.2473944425582886
146115.0,-1.2292439937591553
146120.0,-1.214097499847412
146125.0,-1.2292524576187134
146130.0,-1.217679738998413
146135.0,-1.2190113067626953
146140.0,-1.2461814880371094
146145.0,-1.2135350704193115
146150.0,-1.2335877418518066
146155.0,-1.2496968507766724
146160.0,-1.231499195098877
146165.0,-1.2240607738494873
146170.0,-1.2544033527374268
146175.0,-1.2203147411346436
146180.0,-1.2301719188690186
146185.0,-1.2323532104492188
146190.0,-1.2413684129714966
146195.0,-1.2224833965301514
146200.0,-1.245168924331665
146205.0,-1.2343429327011108
146210.0,-1.229557752609253
146215.0,-1.2598134279251099
146220.0,-1.2191288471221924
146225.0,-1.2495536804199219
146230.0,-1.2245373725891113
146235.0,-1.2248849868774414
146240.0,-1.2319819927215576
146245.0,-1.2295434474945068
146250.0,-1.221055030822754
146255.0,-1.2416129112243652
146260.0,-1.2403852939605713
146265.0,-1.2200109958648682
146270.0,-1.2326923608779907
146275.0,-1.2350749969482422
146280.0,-1.2335950136184692
146285.0,-1.242506980895996
146290.0,-1.2183979749679565
146295.0,-1.2526054382324219
146300.0,-1.2189867496490479
146305.0,-1.21731436252594
146310.0,-1.2510205507278442
146315.0,-1.2329438924789429
146320.0,-1.2234132289886475
146325.0,-1.2393884658813477
146330.0,-1.2314058542251587
146335.0,-1.2315150499343872
146340.0,-1.2325247526168823
146345.0,-1.2231827974319458
146350.0,-1.2431310415267944
146355.0,-1.2205231189727783
146360.0,-1.2194099426269531
146365.0,-1.2440998554229736
146370.0,-1.2355761528015137
146375.0,-1.2130165100097656
146380.0,-1.243314504623413
146385.0,-1.234319806098938
146390.0,-1.2056745290756226
146395.0,-1.2408289909362793
146400.0,-1.2503669261932373
146405.0,-1.211254358291626
146410.0,-1.2412922382354736
146415.0,-1.2238091230392456
146420.0,-1.2126868963241577
146425.0,-1.2386841773986816
146430.0,-1.2196768522262573
146435.0,-1.2180020809173584
146440.0,-1.2281121015548706
146445.0,-1.2209956645965576
146450.0,-1.231685757637024
146455.0,-1.2340340614318848
146460.0,-1.230157732963562
146465.0,-1.2259938716888428
146470.0,-1.2169915437698364
146475.0,-1.2373087406158447
146480.0,-1.2525969743728638
146485.0,-1.224218726158142
146490.0,-1.2390673160552979
146495.0,-1.252265214920044
146500.0,-1.223099708557129
146505.0,-1.2441587448120117
146510.0,-1.2626073360443115
146515.0,-1.2142915725708008
146520.0,-1.2323479652404785
146525.0,-1.2212867736816406
146530.0,-1.2245343923568726
146535.0,-1.2526826858520508
146540.0,-1.2074822187423706
146545.0,-1.2334415912628174
146550.0,-1.2406482696533203
146555.0,-1.2140114307403564
146560.0,-1.2325427532196045
146565.0,-1.2631053924560547
146570.0,-1.216728925704956
146575.0,-1.2308934926986694
146580.0,-1.2372995615005493
146585.0,-1.2216823101043701
146590.0,-1.227271318435669
146595.0,-1.2219185829162598
146600.0,-1.2446424961090088
146605.0,-1.2268389463424683
146610.0,-1.230522871017456
146615.0,-1.2419902086257935
146620.0,-1.227602243423462
146625.0,-1.216888427734375
146630.0,-1.2374323606491089
146635.0,-1.2409394979476929
146640.0,-1.2151806354522705
146645.0,-1.227745532989502
146650.0,-1.240309238433838
146655.0,-1.2168762683868408
146660.0,-1.2444759607315063
146665.0,-1.2434325218200684
146670.0,-1.238958477973938
146675.0,-1.239120364189148
146680.0,-1.2308986186981201
146685.0,-1.2497162818908691
146690.0,-1.2242790460586548
146695.0,-1.2222189903259277
146700.0,-1.2278085947036743
146705.0,-1.2330243587493896
146710.0,-1.2357397079467773
146715.0,-1.223046064376831
146720.0,-1.2317026853561401
146725.0,-1.2534160614013672
146730.0,-1.2140140533447266
146735.0,-1.2271308898925781
146740.0,-1.248643159866333
146745.0,-1.2059065103530884
146750.0,-1.235262393951416
146755.0,-1.224429726600647
146760.0,-1.2228296995162964
146765.0,-1.2348006963729858
146770.0,-1.2281169891357422
146775.0,-1.2283917665481567
146780.0,-1.2254972457885742
146785.0,-1.2313587665557861
146790.0,-1.2329213619232178
146795.0,-1.2155908346176147
146800.0,-1.2322497367858887
146805.0,-1.2356414794921875
146810.0,-1.2173073291778564
146815.0,-1.226163625717163
146820.0,-1.2368686199188232
146825.0,-1.2125580310821533
146830.0,-1.2220730781555176
146835.0,-1.236539602279663
146840.0,-1.222869634628296
146845.0,-1.2400002479553223
146850.0,-1.2421067953109741
146855.0,-1.2209757566452026
146860.0,-1.2234108448028564
146865.0,-1.2449252605438232
146870.0,-1.23932945728302
146875.0,-1.2203311920166016
146880.0,-1.2372275590896606
146885.0,-1.2277302742004395
146890.0,-1.2119280099868774
146895.0,-1.2369964122772217
146900.0,-1.235403060913086
146905.0,-1.2301115989685059
146910.0,-1.2123180627822876
146915.0,-1.2339842319488525
146920.0,-1.2474031448364258
146925.0,-1.230780005455017
146930.0,-1.2260842323303223
146935.0,-1.236808180809021
146940.0,-1.2164742946624756
146945.0,-1.2279026508331299
146950.0,-1.2466795444488525
146955.0,-1.2247252464294434
146960.0,-1.2299888134002686
146965.0,-1.229198932647705
146970.0,-1.2288250923156738
146975.0,-1.2349510192871094
146980.0,-1.2421329021453857
146985.0,-1.2352886199951172
146990.0,-1.2363200187683105
146995.0,-1.2094800472259521
147000.0,-1.248515248298645
147005.0,-1.2178714275360107
147010.0,-1.2057573795318604
147015.0,-1.2462308406829834
147020.0,-1.2477960586547852
147025.0,-1.224324345588684
147030.0,-1.2528053522109985
147035.0,-1.244317889213562
147040.0,-1.233763575553894
147045.0,-1.235428810119629
147050.0,-1.2395110130310059
147055.0,-1.2501142024993896
147060.0,-1.218034267425537
147065.0,-1.2364453077316284
147070.0,-1.2188764810562134
147075.0,-1.2416752576828003
147080.0,-1.2542476654052734
147085.0,-1.228285551071167
147090.0,-1.226191520690918
147095.0,-1.2319045066833496
147100.0,-1.2209157943725586
147105.0,-1.2309932708740234
147110.0,-1.2257254123687744
147115.0,-1.2157976627349854
147120.0,-1.2344253063201904
147125.0,-1.2262345552444458
147130.0,-1.2326717376708984
147135.0,-1.2506258487701416
147140.0,-1.2260451316833496
147145.0,-1.229422688484192
147150.0,-1.224104881286621
147155.0,-1.247214436531067
147160.0,-1.213089942932129
147165.0,-1.221911072731018
147170.0,-1.245128870010376
147175.0,-1.221439003944397
147180.0,-1.2308895587921143
147185.0,-1.2596967220306396
147190.0,-1.2392820119857788
147195.0,-1.2087512016296387
147200.0,-1.2473803758621216
147205.0,-1.2558166980743408
147210.0,-1.2317919731140137
147215.0,-1.2122305631637573
147220.0,-1.2663384675979614
147225.0,-1.2230380773544312
147230.0,-1.2123188972473145
147235.0,-1.2756133079528809
147240.0,-1.2439312934875488
147245.0,-1.2196204662322998
147250.0,-1.2467952966690063
147255.0,-1.226222276687622
147260.0,-1.2332820892333984
147265.0,-1.2374942302703857
147270.0,-1.2219674587249756
147275.0,-1.245658040046692
147280.0,-1.2227561473846436
147285.0,-1.214966058731079
147290.0,-1.2534981966018677
147295.0,-1.2323579788208008
147300.0,-1.2167280912399292
147305.0,-1.233677625656128
147310.0,-1.2293341159820557
147315.0,-1.219303846359253
147320.0,-1.2493176460266113
147325.0,-1.232478380203247
147330.0,-1.2216695547103882
147335.0,-1.2372924089431763
147340.0,-1.2358932495117188
147345.0,-1.2196630239486694
147350.0,-1.2546424865722656
147355.0,-1.243324637413025
147360.0,-1.2140793800354004
147365.0,-1.2313060760498047
147370.0,-1.2376269102096558
147375.0,-1.214127779006958
147380.0,-1.2301734685897827
147385.0,-1.247927188873291
147390.0,-1.2100597620010376
147395.0,-1.2467045783996582
147400.0,-1.2375140190124512
147405.0,-1.224452018737793
147410.0,-1.2362165451049805
147415.0,-1.240513801574707
147420.0,-1.216003179550171
147425.0,-1.2405000925064087
147430.0,-1.2282354831695557
147435.0,-1.2300008535385132
147440.0,-1.2432360649108887
147445.0,-1.2118927240371704
147450.0,-1.2452268600463867
147455.0,-1.2221729755401611
147460.0,-1.209949016571045
147465.0,-1.2386441230773926
147470.0,-1.2252607345581055
147475.0,-1.2059670686721802
147480.0,-1.2498109340667725
147485.0,-1.2394635677337646
147490.0,-1.2320835590362549
147495.0,-1.232755184173584
147500.0,-1.228003978729248
147505.0,-1.2345402240753174
147510.0,-1.243346929550171
147515.0,-1.2182204723358154
147520.0,-1.2397197484970093
147525.0,-1.2375010251998901
147530.0,-1.2123295068740845
147535.0,-1.2534064054489136
147540.0,-1.235931158065796
147545.0,-1.2257459163665771
147550.0,-1.2499706745147705
147555.0,-1.2208679914474487
147560.0,-1.2223261594772339
147565.0,-1.2583858966827393
147570.0,-1.221319317817688
147575.0,-1.231978416442871
147580.0,-1.2570991516113281
147585.0,-1.2097423076629639
147590.0,-1.2440762519836426
147595.0,-1.2552498579025269
147600.0,-1.2133703231811523
147605.0,-1.2310161590576172
147610.0,-1.2295461893081665
147615.0,-1.2123684883117676
147620.0,-1.252695083618164
147625.0,-1.214345932006836
147630.0,-1.2210578918457031
147635.0,-1.25435471534729
147640.0,-1.2303613424301147
147645.0,-1.216850996017456
147650.0,-1.247222900390625
147655.0,-1.2140171527862549
147660.0,-1.2333977222442627
147665.0,-1.239428997039795
147670.0,-1.2301688194274902
147675.0,-1.2414686679840088
147680.0,-1.233160138130188
147685.0,-1.2297332286834717
147690.0,-1.2300798892974854
147695.0,-1.2244069576263428
147700.0,-1.2294796705245972
147705.0,-1.2569446563720703
147710.0,-1.2143902778625488
147715.0,-1.2167651653289795
147720.0,-1.257033109664917
147725.0,-1.2161986827850342
147730.0,-1.2357844114303589
147735.0,-1.2578654289245605
147740.0,-1.2325518131256104
147745.0,-1.2198312282562256
147750.0,-1.2270386219024658
147755.0,-1.2359535694122314
147760.0,-1.238093376159668
147765.0,-1.222853660583496
147770.0,-1.2224090099334717
147775.0,-1.2217556238174438
147780.0,-1.246453881263733
147785.0,-1.2259831428527832
147790.0,-1.2293421030044556
147795.0,-1.2487678527832031
147800.0,-1.2154786586761475
147805.0,-1.2352161407470703
147810.0,-1.2487773895263672
147815.0,-1.2238963842391968
147820.0,-1.2426269054412842
147825.0,-1.230454921722412
147830.0,-1.2210533618927002
147835.0,-1.2742125988006592
147840.0,-1.2233238220214844
147845.0,-1.2467410564422607
147850.0,-1.252348780632019
147855.0,-1.2067537307739258
147860.0,-1.2423344850540161
147865.0,-1.2568379640579224
147870.0,-1.2009282112121582
147875.0,-1.2382087707519531
147880.0,-1.2380880117416382
147885.0,-1.2102913856506348
147890.0,-1.2555556297302246
147895.0,-1.2468215227127075
147900.0,-1.221888542175293
147905.0,-1.2453445196151733
147910.0,-1.230931043624878
147915.0,-1.2325739860534668
147920.0,-1.2266027927398682
147925.0,-1.2231336832046509
147930.0,-1.2168245315551758
147935.0,-1.2208701372146606
147940.0,-1.2242751121520996
147945.0,-1.2448456287384033
147950.0,-1.2260993719100952
147955.0,-1.2215697765350342
147960.0,-1.2368366718292236
147965.0,-1.241557240486145
147970.0,-1.2286523580551147
147975.0,-1.2280892133712769
147980.0,-1.2365320920944214
147985.0,-1.2261552810668945
147990.0,-1.2191957235336304
147995.0,-1.251340627670288
148000.0,-1.2345659732818604
148005.0,-1.2054719924926758
148010.0,-1.2382566928863525
148015.0,-1.2353017330169678
148020.0,-1.2298061847686768
148025.0,-1.2214725017547607
148030.0,-1.2365739345550537
148035.0,-1.2423433065414429
148040.0,-1.2170826196670532
148045.0,-1.2197072505950928
148050.0,-1.250087022781372
148055.0,-1.2258328199386597
148060.0,-1.2177006006240845
148065.0,-1.24552321434021
148070.0,-1.2317211627960205
148075.0,-1.2108986377716064
148080.0,-1.2484337091445923
148085.0,-1.235467791557312
148090.0,-1.213930368423462
148095.0,-1.2377842664718628
148100.0,-1.2320058345794678
148105.0,-1.2240777015686035
148110.0,-1.2424100637435913
148115.0,-1.234175682067871
148120.0,-1.2173819541931152
148125.0,-1.2546958923339844
148130.0,-1.2231553792953491
148135.0,-1.2236994504928589
148140.0,-1.2549484968185425
148145.0,-1.2136508226394653
148150.0,-1.2343146800994873
148155.0,-1.229529619216919
148160.0,-1.217036247253418
148165.0,-1.2378243207931519
148170.0,-1.241180181503296
148175.0,-1.2258596420288086
148180.0,-1.2230497598648071
148185.0,-1.2349581718444824
148190.0,-1.2166380882263184
148195.0,-1.237453579902649
148200.0,-1.2431690692901611
148205.0,-1.2238624095916748
148210.0,-1.232805848121643
148215.0,-1.2427756786346436
148220.0,-1.2175920009613037
148225.0,-1.2295928001403809
148230.0,-1.2358498573303223
148235.0,-1.2364636659622192
148240.0,-1.2098275423049927
148245.0,-1.2159160375595093
148250.0,-1.2436282634735107
148255.0,-1.2218925952911377
148260.0,-1.2312233448028564
148265.0,-1.240601897239685
148270.0,-1.2185907363891602
148275.0,-1.2242052555084229
148280.0,-1.2514002323150635
148285.0,-1.2305139303207397
148290.0,-1.2325526475906372
148295.0,-1.2417857646942139
148300.0,-1.2135367393493652
148305.0,-1.2292771339416504
148310.0,-1.2583808898925781
148315.0,-1.2163013219833374
148320.0,-1.228806734085083
148325.0,-1.237973928451538
148330.0,-1.2152671813964844
148335.0,-1.2374539375305176
148340.0,-1.2385374307632446
148345.0,-1.2212343215942383
148350.0,-1.2330453395843506
148355.0,-1.2267478704452515
148360.0,-1.2209811210632324
148365.0,-1.226546049118042
148370.0,-1.2377562522888184
148375.0,-1.2232325077056885
148380.0,-1.2250688076019287
148385.0,-1.2301347255706787
148390.0,-1.227440595626831
148395.0,-1.2533369064331055
148400.0,-1.2141401767730713
148405.0,-1.226723551750183
148410.0,-1.2499841451644897
148415.0,-1.2047560214996338
148420.0,-1.2256420850753784
148425.0,-1.2573939561843872
148430.0,-1.2110379934310913
148435.0,-1.223173975944519
148440.0,-1.2366435527801514
148445.0,-1.2134172916412354
148450.0,-1.2398643493652344
148455.0,-1.2188512086868286
148460.0,-1.2175556421279907
148465.0,-1.2388381958007812
148470.0,-1.2092090845108032
148475.0,-1.22610342502594
148480.0,-1.234543800354004
148485.0,-1.2362620830535889
148490.0,-1.2184971570968628
148495.0,-1.2322757244110107
148500.0,-1.2301967144012451
148505.0,-1.2256133556365967
148510.0,-1.2161262035369873
148515.0,-1.2293930053710938
148520.0,-1.2327046394348145
148525.0,-1.2161865234375
148530.0,-1.2336509227752686
148535.0,-1.2465580701828003
148540.0,-1.2162220478057861
148545.0,-1.2376118898391724
148550.0,-1.2266381978988647
148555.0,-1.2211294174194336
148560.0,-1.2481293678283691
148565.0,-1.210395097732544
148570.0,-1.2428243160247803
148575.0,-1.2250933647155762
148580.0,-1.2026586532592773
148585.0,-1.2570940256118774
148590.0,-1.2279741764068604
148595.0,-1.2157912254333496
148600.0,-1.246382713317871
148605.0,-1.2235326766967773
148610.0,-1.2270581722259521
148615.0,-1.245788812637329
148620.0,-1.2330104112625122
148625.0,-1.2362492084503174
148630.0,-1.216833233833313
148635.0,-1.2417266368865967
148640.0,-1.2543896436691284
148645.0,-1.2191829681396484
148650.0,-1.2381378412246704
148655.0,-1.2197751998901367
148660.0,-1.241748571395874
148665.0,-1.2589411735534668
148670.0,-1.2017629146575928
148675.0,-1.248463749885559
148680.0,-1.238710641860962
148685.0,-1.2053951025009155
148690.0,-1.2408568859100342
148695.0,-1.2394076585769653
148700.0,-1.213369607925415
148705.0,-1.2433356046676636
148710.0,-1.2073910236358643
148715.0,-1.2230144739151
148720.0,-1.2537693977355957
148725.0,-1.2108771800994873
148730.0,-1.2410961389541626
148735.0,-1.2333095073699951
148740.0,-1.22697114944458
148745.0,-1.2248401641845703
148750.0,-1.234654188156128
148755.0,-1.2436476945877075
148760.0,-1.2312906980514526
148765.0,-1.2097359895706177
148770.0,-1.2604587078094482
148775.0,-1.2226752042770386
148780.0,-1.210008978843689
148785.0,-1.2507212162017822
148790.0,-1.21717369556427
148795.0,-1.2322697639465332
148800.0,-1.2336379289627075
148805.0,-1.2295081615447998
148810.0,-1.2310752868652344
148815.0,-1.2081897258758545
148820.0,-1.2370387315750122
148825.0,-1.249599814414978
148830.0,-1.2224831581115723
148835.0,-1.2351396083831787
148840.0,-1.2215776443481445
148845.0,-1.2160546779632568
148850.0,-1.2251803874969482
148855.0,-1.2149442434310913
148860.0,-1.2318512201309204
148865.0,-1.2257294654846191
148870.0,-1.2255275249481201
148875.0,-1.2372217178344727
148880.0,-1.233002781867981
148885.0,-1.2374486923217773
148890.0,-1.2290315628051758
148895.0,-1.227785587310791
148900.0,-1.2264809608459473
148905.0,-1.238370418548584
148910.0,-1.2382218837738037
148915.0,-1.2122313976287842
148920.0,-1.2436420917510986
148925.0,-1.2514572143554688
148930.0,-1.2131425142288208
148935.0,-1.2350502014160156
148940.0,-1.2411308288574219
148945.0,-1.2188680171966553
148950.0,-1.247473120689392
148955.0,-1.231924057006836
148960.0,-1.2355371713638306
148965.0,-1.2281996011734009
148970.0,-1.2191710472106934
148975.0,-1.243509292602539
148980.0,-1.2406206130981445
148985.0,-1.2057793140411377
148990.0,-1.2397947311401367
148995.0,-1.2369356155395508
149000.0,-1.2300527095794678
149005.0,-1.2374181747436523
149010.0,-1.2337050437927246
149015.0,-1.2348699569702148
149020.0,-1.2135610580444336
149025.0,-1.2493537664413452
149030.0,-1.2393441200256348
149035.0,-1.225677490234375
149040.0,-1.232710838317871
149045.0,-1.23036789894104
149050.0,-1.2231011390686035
149055.0,-1.2356998920440674
149060.0,-1.2301414012908936
149065.0,-1.2093825340270996
149070.0,-1.248932957649231
149075.0,-1.2190706729888916
149080.0,-1.2168691158294678
149085.0,-1.2518880367279053
149090.0,-1.2223751544952393
149095.0,-1.2144790887832642
149100.0,-1.2382700443267822
149105.0,-1.2131762504577637
149110.0,-1.2388179302215576
149115.0,-1.2303473949432373
149120.0,-1.2348744869232178
149125.0,-1.231489896774292
149130.0,-1.2110668420791626
149135.0,-1.2432963848114014
149140.0,-1.2507368326187134
149145.0,-1.2139294147491455
149150.0,-1.249119758605957
149155.0,-1.2235363721847534
149160.0,-1.2161271572113037
149165.0,-1.2596774101257324
149170.0,-1.2159128189086914
149175.0,-1.2243956327438354
149180.0,-1.249151587486267
149185.0,-1.2158923149108887
149190.0,-1.2256988286972046
149195.0,-1.2575198411941528
149200.0,-1.2270781993865967
149205.0,-1.2123972177505493
149210.0,-1.242920994758606
149215.0,-1.2349941730499268
149220.0,-1.2340017557144165
149225.0,-1.250715970993042
149230.0,-1.2363264560699463
149235.0,-1.220388412475586
149240.0,-1.2442095279693604
149245.0,-1.2326586246490479
149250.0,-1.2384006977081299
149255.0,-1.2318384647369385
149260.0,-1.2259248495101929
149265.0,-1.2533949613571167
149270.0,-1.2393741607666016
149275.0,-1.2267508506774902
149280.0,-1.2436597347259521
149285.0,-1.2362239360809326
149290.0,-1.2392752170562744
149295.0,-1.236786961555481
149300.0,-1.2459510564804077
149305.0,-1.2519272565841675
149310.0,-1.2034523487091064
149315.0,-1.2394871711730957
149320.0,-1.262784481048584
149325.0,-1.217998743057251
149330.0,-1.238227128982544
149335.0,-1.2283402681350708
149340.0,-1.219529151916504
149345.0,-1.2133290767669678
149350.0,-1.2348496913909912
149355.0,-1.2164405584335327
149360.0,-1.213175892829895
149365.0,-1.2411932945251465
149370.0,-1.2319461107254028
149375.0,-1.224487066268921
149380.0,-1.2459410429000854
149385.0,-1.2393889427185059
149390.0,-1.19782555103302
149395.0,-1.2524312734603882
149400.0,-1.2239004373550415
149405.0,-1.229698657989502
149410.0,-1.2399344444274902
149415.0,-1.216586947441101
149420.0,-1.2406142950057983
149425.0,-1.240181803703308
149430.0,-1.2277946472167969
149435.0,-1.2352534532546997
149440.0,-1.2312757968902588
149445.0,-1.2199825048446655
149450.0,-1.2396320104599
149455.0,-1.2233144044876099
149460.0,-1.224522590637207
149465.0,-1.2158315181732178
149470.0,-1.2333544492721558
149475.0,-1.2395634651184082
149480.0,-1.2297171354293823
149485.0,-1.231865406036377
149490.0,-1.225691556930542
149495.0,-1.2378792762756348
149500.0,-1.237722396850586
149505.0,-1.2408851385116577
149510.0,-1.2271597385406494
149515.0,-1.2287203073501587
149520.0,-1.232997179031372
149525.0,-1.239861249923706
149530.0,-1.2175567150115967
149535.0,-1.233095407485962
149540.0,-1.2462143898010254
149545.0,-1.2115328311920166
149550.0,-1.2529170513153076
149555.0,-1.2649005651474
149560.0,-1.2120693922042847
149565.0,-1.2347145080566406
149570.0,-1.2392868995666504
149575.0,-1.227644681930542
149580.0,-1.2344019412994385
149585.0,-1.2252918481826782
149590.0,-1.231287956237793
149595.0,-1.2196649312973022
149600.0,-1.20831298828125
149605.0,-1.2316155433654785
149610.0,-1.250528335571289
149615.0,-1.206024408340454
149620.0,-1.2531684637069702
149625.0,-1.239649772644043
149630.0,-1.2136305570602417
149635.0,-1.248698353767395
149640.0,-1.2311313152313232
149645.0,-1.2325961589813232
149650.0,-1.2332563400268555
149655.0,-1.2209147214889526
149660.0,-1.248647928237915
149665.0,-1.2236535549163818
149670.0,-1.2066701650619507
149675.0,-1.2525383234024048
149680.0,-1.226004719734192
149685.0,-1.200076699256897
149690.0,-1.2564451694488525
149695.0,-1.225257158279419
149700.0,-1.229429841041565
149705.0,-1.2379298210144043
149710.0,-1.2155572175979614
149715.0,-1.2399083375930786
149720.0,-1.2096176147460938
149725.0,-1.2371333837509155
149730.0,-1.2292548418045044
149735.0,-1.2190675735473633
149740.0,-1.2191219329833984
149745.0,-1.240504503250122
149750.0,-1.2277143001556396
149755.0,-1.2380858659744263
149760.0,-1.2185025215148926
149765.0,-1.228524923324585
149770.0,-1.2363871335983276
149775.0,-1.2344223260879517
149780.0,-1.2158143520355225
149785.0,-1.2331063747406006
149790.0,-1.2335593700408936
149795.0,-1.2083041667938232
149800.0,-1.239386796951294
149805.0,-1.231755018234253
149810.0,-1.2218818664550781
149815.0,-1.2307578325271606
149820.0,-1.2217811346054077
149825.0,-1.2252826690673828
149830.0,-1.2418971061706543
149835.0,-1.2276427745819092
149840.0,-1.240602970123291
149845.0,-1.2249755859375
149850.0,-1.212127447128296
149855.0,-1.2478920221328735
149860.0,-1.20634126663208
149865.0,-1.2320706844329834
149870.0,-1.2355495691299438
149875.0,-1.2184839248657227
149880.0,-1.2220906019210815
149885.0,-1.229233741760254
149890.0,-1.224043846130371
149895.0,-1.2113940715789795
149900.0,-1.2418380975723267
149905.0,-1.2263188362121582
149910.0,-1.2180672883987427
149915.0,-1.2423803806304932
149920.0,-1.2345070838928223
149925.0,-1.2073588371276855
149930.0,-1.2515876293182373
149935.0,-1.2391489744186401
149940.0,-1.2038472890853882
149945.0,-1.238012433052063
149950.0,-1.2384061813354492
149955.0,-1.209542155265808
149960.0,-1.2432385683059692
149965.0,-1.227600336074829
149970.0,-1.2135529518127441
149975.0,-1.2430095672607422
149980.0,-1.2229894399642944
149985.0,-1.2397218942642212
149990.0,-1.2478911876678467
149995.0,-1.2098400592803955
150000.0,-1.2334600687026978
150005.0,-1.2571321725845337
150010.0,-1.2059354782104492
150015.0,-1.2409437894821167
150020.0,-1.2453796863555908
150025.0,-1.2008240222930908
150030.0,-1.2484902143478394
150035.0,-1.2311310768127441
150040.0,-1.200764775276184
150045.0,-1.244800329208374
150050.0,-1.2195316553115845
150055.0,-1.225278377532959
150060.0,-1.2485952377319336
150065.0,-1.2123130559921265
150070.0,-1.2221403121948242
150075.0,-1.2353754043579102
150080.0,-1.2347997426986694
150085.0,-1.234815239906311
150090.0,-1.2213770151138306
150095.0,-1.2390955686569214
150100.0,-1.213945746421814
150105.0,-1.2098908424377441
150110.0,-1.2569950819015503
150115.0,-1.2170459032058716
150120.0,-1.2309443950653076
150125.0,-1.2299038171768188
150130.0,-1.235884189605713
150135.0,-1.244540810585022
150140.0,-1.2144229412078857
150145.0,-1.2498464584350586
150150.0,-1.2268203496932983
150155.0,-1.2102560997009277
150160.0,-1.251575231552124
150165.0,-1.2211484909057617
150170.0,-1.2106016874313354
150175.0,-1.257727861404419
150180.0,-1.2098357677459717
150185.0,-1.2164227962493896
150190.0,-1.2602670192718506
150195.0,-1.2156225442886353
150200.0,-1.2231848239898682
150205.0,-1.2401951551437378
150210.0,-1.218153953552246
150215.0,-1.2148103713989258
150220.0,-1.2282966375350952
150225.0,-1.225125789642334
150230.0,-1.1982088088989258
150235.0,-1.2408145666122437
150240.0,-1.2399656772613525
150245.0,-1.2077893018722534
150250.0,-1.2457681894302368
150255.0,-1.2464430332183838
150260.0,-1.2045727968215942
150265.0,-1.2370344400405884
150270.0,-1.2515568733215332
150275.0,-1.2162747383117676
150280.0,-1.2349107265472412
150285.0,-1.2202205657958984
150290.0,-1.2176668643951416
150295.0,-1.237699270248413
150300.0,-1.2097002267837524
150305.0,-1.2194743156433105
150310.0,-1.2450697422027588
150315.0,-1.220592737197876
150320.0,-1.2318034172058105
150325.0,-1.2489439249038696
150330.0,-1.2081079483032227
150335.0,-1.2284328937530518
150340.0,-1.2428107261657715
150345.0,-1.2211048603057861
150350.0,-1.2306060791015625
150355.0,-1.2432138919830322
150360.0,-1.1948161125183105
150365.0,-1.2414977550506592
150370.0,-1.257049798965454
150375.0,-1.2158737182617188
150380.0,-1.2691900730133057
150385.0,-1.246250033378601
150390.0,-1.2102539539337158
150395.0,-1.2639459371566772
150400.0,-1.2511968612670898
150405.0,-1.2143704891204834
150410.0,-1.2550725936889648
150415.0,-1.22650146484375
150420.0,-1.2218596935272217
150425.0,-1.228373646736145
150430.0,-1.2184988260269165
150435.0,-1.2354717254638672
150440.0,-1.2341140508651733
150445.0,-1.206408977508545
150450.0,-1.2303435802459717
150455.0,-1.2446544170379639
150460.0,-1.2081373929977417
150465.0,-1.2212682962417603
150470.0,-1.2344835996627808
150475.0,-1.2329020500183105
150480.0,-1.2334587574005127
150485.0,-1.2220958471298218
150490.0,-1.2405972480773926
150495.0,-1.2478699684143066
150500.0,-1.2285311222076416
150505.0,-1.2330739498138428
150510.0,-1.213334083557129
150515.0,-1.206270456314087
150520.0,-1.243210792541504
150525.0,-1.2325247526168823
150530.0,-1.21685791015625
150535.0,-1.2359445095062256
150540.0,-1.2246198654174805
150545.0,-1.2287251949310303
150550.0,-1.23348069190979
150555.0,-1.2378153800964355
150560.0,-1.2315611839294434
150565.0,-1.2141199111938477
150570.0,-1.2259771823883057
150575.0,-1.2297223806381226
150580.0,-1.2239230871200562
150585.0,-1.2393369674682617
150590.0,-1.22968327999115
150595.0,-1.2355245351791382
150600.0,-1.224372386932373
150605.0,-1.2209604978561401
150610.0,-1.2358930110931396
150615.0,-1.2380685806274414
150620.0,-1.2389345169067383
150625.0,-1.2306804656982422
150630.0,-1.2183339595794678
150635.0,-1.2426676750183105
150640.0,-1.2244689464569092
150645.0,-1.2237849235534668
150650.0,-1.2530155181884766
150655.0,-1.2165625095367432
150660.0,-1.2286465167999268
150665.0,-1.2314910888671875
150670.0,-1.2361207008361816
150675.0,-1.2405993938446045
150680.0,-1.2313696146011353
150685.0,-1.237777590751648
150690.0,-1.2377668619155884
150695.0,-1.2384616136550903
150700.0,-1.2375307083129883
150705.0,-1.2438666820526123
150710.0,-1.219910740852356
150715.0,-1.2463223934173584
150720.0,-1.224231481552124
150725.0,-1.2314945459365845
150730.0,-1.2266590595245361
150735.0,-1.212746500968933
150740.0,-1.2260088920593262
150745.0,-1.2115819454193115
150750.0,-1.2218503952026367
150755.0,-1.2193337678909302
150760.0,-1.2218654155731201
150765.0,-1.243658423423767
150770.0,-1.226707100868225
150775.0,-1.2376399040222168
150780.0,-1.2358858585357666
150785.0,-1.2197948694229126
150790.0,-1.2425185441970825
150795.0,-1.2148410081863403
150800.0,-1.2377214431762695
150805.0,-1.2344081401824951
150810.0,-1.2168333530426025
150815.0,-1.2566416263580322
150820.0,-1.229095697402954
150825.0,-1.2165236473083496
150830.0,-1.2514060735702515
150835.0,-1.2229353189468384
150840.0,-1.2299165725708008
150845.0,-1.2400288581848145
150850.0,-1.2358770370483398
150855.0,-1.2387906312942505
150860.0,-1.2235093116760254
150865.0,-1.2440016269683838
150870.0,-1.2479695081710815
150875.0,-1.213857650756836
150880.0,-1.2508424520492554
150885.0,-1.2212638854980469
150890.0,-1.2144014835357666
150895.0,-1.257054328918457
150900.0,-1.2127773761749268
150905.0,-1.2243870496749878
150910.0,-1.253536581993103
150915.0,-1.221775770187378
150920.0,-1.241618037223816
150925.0,-1.2505686283111572
150930.0,-1.2157248258590698
150935.0,-1.236489176750183
150940.0,-1.2271181344985962
150945.0,-1.2384068965911865
150950.0,-1.2394225597381592
150955.0,-1.2212927341461182
150960.0,-1.2378795146942139
150965.0,-1.2253512144088745
150970.0,-1.234118938446045
150975.0,-1.242690086364746
150980.0,-1.2363723516464233
150985.0,-1.2354401350021362
150990.0,-1.2124196290969849
150995.0,-1.24958074092865
151000.0,-1.2346386909484863
151005.0,-1.2220690250396729
151010.0,-1.2429625988006592
151015.0,-1.2138113975524902
151020.0,-1.2212543487548828
151025.0,-1.2543531656265259
151030.0,-1.2169413566589355
151035.0,-1.2433300018310547
151040.0,-1.2448596954345703
151045.0,-1.2175977230072021
151050.0,-1.2449028491973877
151055.0,-1.2151365280151367
151060.0,-1.2348698377609253
151065.0,-1.2290054559707642
151070.0,-1.2205002307891846
151075.0,-1.2594027519226074
151080.0,-1.226348638534546
151085.0,-1.2262729406356812
151090.0,-1.242897629737854
151095.0,-1.216333031654358
151100.0,-1.231466293334961
151105.0,-1.260552167892456
151110.0,-1.228962779045105
151115.0,-1.2373902797698975
151120.0,-1.2425808906555176
151125.0,-1.2189993858337402
151130.0,-1.2392778396606445
151135.0,-1.2272597551345825
151140.0,-1.2335525751113892
151145.0,-1.2376415729522705
151150.0,-1.2123748064041138
151155.0,-1.220850944519043
151160.0,-1.2524387836456299
151165.0,-1.222761869430542
151170.0,-1.2398102283477783
151175.0,-1.2427477836608887
151180.0,-1.2138845920562744
151185.0,-1.236538052558899
151190.0,-1.234328269958496
151195.0,-1.2175184488296509
151200.0,-1.2386109828948975
151205.0,-1.2329269647598267
151210.0,-1.2166928052902222
151215.0,-1.246824026107788
151220.0,-1.2242472171783447
151225.0,-1.2322369813919067
151230.0,-1.2253775596618652
151235.0,-1.2275184392929077
151240.0,-1.2464717626571655
151245.0,-1.2233784198760986
151250.0,-1.2255326509475708
151255.0,-1.239099144935608
151260.0,-1.218313455581665
151265.0,-1.2324244976043701
151270.0,-1.2498549222946167
151275.0,-1.2137722969055176
151280.0,-1.235122799873352
151285.0,-1.2307223081588745
151290.0,-1.2287954092025757
151295.0,-1.2321650981903076
151300.0,-1.230398178100586
151305.0,-1.2347966432571411
151310.0,-1.207963466644287
151315.0,-1.246263027191162
151320.0,-1.2458583116531372
151325.0,-1.2102477550506592
151330.0,-1.2325798273086548
151335.0,-1.2362990379333496
151340.0,-1.2078782320022583
151345.0,-1.24611234664917
151350.0,-1.2241921424865723
151355.0,-1.2091069221496582
151360.0,-1.2250759601593018
151365.0,-1.2209240198135376
151370.0,-1.2267531156539917
151375.0,-1.2302355766296387
151380.0,-1.2069851160049438
151385.0,-1.232286810874939
151390.0,-1.216328501701355
151395.0,-1.2275400161743164
151400.0,-1.2433323860168457
151405.0,-1.2286391258239746
151410.0,-1.2328845262527466
151415.0,-1.2228761911392212
151420.0,-1.2171128988265991
151425.0,-1.2501888275146484
151430.0,-1.228114128112793
151435.0,-1.2018074989318848
151440.0,-1.2459101676940918
151445.0,-1.2424981594085693
151450.0,-1.2100176811218262
151455.0,-1.233981728553772
151460.0,-1.2234644889831543
151465.0,-1.222862958908081
151470.0,-1.2406494617462158
151475.0,-1.221886157989502
151480.0,-1.244287133216858
151485.0,-1.2214210033416748
151490.0,-1.2155709266662598
151495.0,-1.2413362264633179
151500.0,-1.2198140621185303
151505.0,-1.2219549417495728
151510.0,-1.2432258129119873
151515.0,-1.2121241092681885
151520.0,-1.2215335369110107
151525.0,-1.2463786602020264
151530.0,-1.2233632802963257
151535.0,-1.2147939205169678
151540.0,-1.2300281524658203
151545.0,-1.2159534692764282
151550.0,-1.2317661046981812
151555.0,-1.2241203784942627
151560.0,-1.2280255556106567
151565.0,-1.2201694250106812
151570.0,-1.2118622064590454
151575.0,-1.2201530933380127
151580.0,-1.2344317436218262
151585.0,-1.217878818511963
151590.0,-1.2242085933685303
151595.0,-1.2521309852600098
151600.0,-1.2183743715286255
151605.0,-1.2346551418304443
151610.0,-1.240403175354004
151615.0,-1.2095654010772705
151620.0,-1.2413208484649658
151625.0,-1.2617762088775635
151630.0,-1.2150506973266602
151635.0,-1.23972749710083
151640.0,-1.248953104019165
151645.0,-1.2139359712600708
151650.0,-1.2383637428283691
151655.0,-1.2535521984100342
151660.0,-1.2378249168395996
151665.0,-1.237318754196167
151670.0,-1.2296605110168457
151675.0,-1.2219202518463135
151680.0,-1.2356369495391846
151685.0,-1.2253913879394531
151690.0,-1.2112393379211426
151695.0,-1.216343879699707
151700.0,-1.2285125255584717
151705.0,-1.2246713638305664
151710.0,-1.2298611402511597
151715.0,-1.233186960220337
151720.0,-1.227085828781128
151725.0,-1.217917561531067
151730.0,-1.2346121072769165
151735.0,-1.2118377685546875
151740.0,-1.216219186782837
151745.0,-1.2366714477539062
151750.0,-1.215521216392517
151755.0,-1.216597080230713
151760.0,-1.2177531719207764
151765.0,-1.2337586879730225
151770.0,-1.2347477674484253
151775.0,-1.2222474813461304
151780.0,-1.2233574390411377
151785.0,-1.2417598962783813
151790.0,-1.2334859371185303
151795.0,-1.2105802297592163
151800.0,-1.2513411045074463
151805.0,-1.240532636642456
151810.0,-1.2241594791412354
151815.0,-1.2556560039520264
151820.0,-1.2419278621673584
151825.0,-1.218191385269165
151830.0,-1.259852409362793
151835.0,-1.22684645652771
151840.0,-1.220682144165039
151845.0,-1.2391399145126343
151850.0,-1.2218399047851562
151855.0,-1.2531861066818237
151860.0,-1.2379369735717773
151865.0,-1.2375366687774658
151870.0,-1.2382376194000244
151875.0,-1.233407974243164
151880.0,-1.2364048957824707
151885.0,-1.2579504251480103
151890.0,-1.2151137590408325
151895.0,-1.2488081455230713
151900.0,-1.2234671115875244
151905.0,-1.2181594371795654
151910.0,-1.2420320510864258
151915.0,-1.2226933240890503
151920.0,-1.230220079421997
151925.0,-1.2294182777404785
151930.0,-1.2182165384292603
151935.0,-1.245876669883728
151940.0,-1.2462115287780762
151945.0,-1.2170164585113525
151950.0,-1.236494779586792
151955.0,-1.2342352867126465
151960.0,-1.2183657884597778
151965.0,-1.2381291389465332
151970.0,-1.2317054271697998
151975.0,-1.2342036962509155
151980.0,-1.2270097732543945
151985.0,-1.214660406112671
151990.0,-1.2467495203018188
151995.0,-1.2342411279678345
152000.0,-1.2181273698806763
152005.0,-1.239680528640747
152010.0,-1.2463105916976929
152015.0,-1.2109243869781494
152020.0,-1.2321264743804932
152025.0,-1.2494674921035767
152030.0,-1.2243520021438599
152035.0,-1.2184404134750366
152040.0,-1.2494094371795654
152045.0,-1.2213351726531982
152050.0,-1.226940393447876
152055.0,-1.2415536642074585
152060.0,-1.2256338596343994
152065.0,-1.2431830167770386
152070.0,-1.2227386236190796
152075.0,-1.2313292026519775
152080.0,-1.2278977632522583
152085.0,-1.2263202667236328
152090.0,-1.226298451423645
152095.0,-1.2483150959014893
152100.0,-1.2155009508132935
152105.0,-1.2355642318725586
152110.0,-1.2344942092895508
152115.0,-1.2301585674285889
152120.0,-1.2457365989685059
152125.0,-1.250173807144165
152130.0,-1.2348191738128662
152135.0,-1.2308177947998047
152140.0,-1.2416255474090576
152145.0,-1.2212440967559814
152150.0,-1.2334506511688232
152155.0,-1.2374556064605713
152160.0,-1.2284834384918213
152165.0,-1.2264420986175537
152170.0,-1.2218241691589355
152175.0,-1.2207921743392944
152180.0,-1.2496986389160156
152185.0,-1.217969298362732
152190.0,-1.2274951934814453
152195.0,-1.242715835571289
152200.0,-1.2108790874481201
152205.0,-1.239574670791626
152210.0,-1.2337722778320312
152215.0,-1.2116457223892212
152220.0,-1.2333613634109497
152225.0,-1.2221769094467163
152230.0,-1.2271864414215088
152235.0,-1.25913667678833
152240.0,-1.208130955696106
152245.0,-1.2468265295028687
152250.0,-1.2340368032455444
152255.0,-1.220158576965332
152260.0,-1.2503025531768799
152265.0,-1.234780192375183
152270.0,-1.2276121377944946
152275.0,-1.2396142482757568
152280.0,-1.2194328308105469
152285.0,-1.22977876663208
152290.0,-1.2472585439682007
152295.0,-1.231656551361084
152300.0,-1.2401049137115479
152305.0,-1.217995524406433
152310.0,-1.233134388923645
152315.0,-1.2525721788406372
152320.0,-1.2005153894424438
152325.0,-1.2459592819213867
152330.0,-1.2344872951507568
152335.0,-1.2150976657867432
152340.0,-1.2577855587005615
152345.0,-1.2290265560150146
152350.0,-1.2341947555541992
152355.0,-1.2415060997009277
152360.0,-1.212841510772705
152365.0,-1.231964349746704
152370.0,-1.2583858966827393
152375.0,-1.2104873657226562
152380.0,-1.2391812801361084
152385.0,-1.2392258644104004
152390.0,-1.211632251739502
152395.0,-1.2441649436950684
152400.0,-1.2306489944458008
152405.0,-1.2341963052749634
152410.0,-1.239283561706543
152415.0,-1.2176904678344727
152420.0,-1.2475053071975708
152425.0,-1.2491660118103027
152430.0,-1.2227199077606201
152435.0,-1.2431180477142334
152440.0,-1.2425823211669922
152445.0,-1.2295167446136475
152450.0,-1.2573035955429077
152455.0,-1.2309801578521729
152460.0,-1.2225229740142822
152465.0,-1.232658863067627
152470.0,-1.2291139364242554
152475.0,-1.2230933904647827
152480.0,-1.2423553466796875
152485.0,-1.2292332649230957
152490.0,-1.228691577911377
152495.0,-1.2433537244796753
152500.0,-1.2256896495819092
152505.0,-1.240173578262329
152510.0,-1.235917329788208
152515.0,-1.224757432937622
152520.0,-1.2343213558197021
152525.0,-1.2290730476379395
152530.0,-1.2415622472763062
152535.0,-1.222308874130249
152540.0,-1.2234159708023071
152545.0,-1.22224760055542
152550.0,-1.2191740274429321
152555.0,-1.2399983406066895
152560.0,-1.248494267463684
152565.0,-1.2160228490829468
152570.0,-1.237130880355835
152575.0,-1.232356309890747
152580.0,-1.219567894935608
152585.0,-1.251955509185791
152590.0,-1.2212035655975342
152595.0,-1.2237498760223389
152600.0,-1.2496607303619385
152605.0,-1.218862771987915
152610.0,-1.2336772680282593
152615.0,-1.2519299983978271
152620.0,-1.2196860313415527
152625.0,-1.2390873432159424
152630.0,-1.2350707054138184
152635.0,-1.232556939125061
152640.0,-1.2571110725402832
152645.0,-1.2236799001693726
152650.0,-1.2449629306793213
152655.0,-1.2535297870635986
152660.0,-1.2205179929733276
152665.0,-1.2511802911758423
152670.0,-1.233107089996338
152675.0,-1.2236604690551758
152680.0,-1.2476413249969482
152685.0,-1.2100481986999512
152690.0,-1.2280566692352295
152695.0,-1.2708860635757446
152700.0,-1.2064883708953857
152705.0,-1.2317419052124023
152710.0,-1.2575702667236328
152715.0,-1.2070425748825073
152720.0,-1.2428913116455078
152725.0,-1.2395000457763672
152730.0,-1.2241954803466797
152735.0,-1.243021845817566
152740.0,-1.2223548889160156
152745.0,-1.2301515340805054
152750.0,-1.2453160285949707
152755.0,-1.2131562232971191
152760.0,-1.2421939373016357
152765.0,-1.231874942779541
152770.0,-1.2092862129211426
152775.0,-1.2561588287353516
152780.0,-1.22874116897583
152785.0,-1.219452142715454
152790.0,-1.2579954862594604
152795.0,-1.2193207740783691
152800.0,-1.2238280773162842
152805.0,-1.2619900703430176
152810.0,-1.221778154373169
152815.0,-1.2245224714279175
152820.0,-1.2434581518173218
152825.0,-1.207741379737854
152830.0,-1.2402617931365967
152835.0,-1.2343006134033203
152840.0,-1.2071374654769897
152845.0,-1.2334669828414917
152850.0,-1.2359414100646973
152855.0,-1.2125824689865112
152860.0,-1.256547212600708
152865.0,-1.2552480697631836
152870.0,-1.2140944004058838
152875.0,-1.233595848083496
152880.0,-1.2506591081619263
152885.0,-1.2152459621429443
152890.0,-1.2308454513549805
152895.0,-1.2311967611312866
152900.0,-1.2253293991088867
152905.0,-1.203685998916626
152910.0,-1.2383298873901367
152915.0,-1.2332701683044434
152920.0,-1.2201145887374878
152925.0,-1.2360073328018188
152930.0,-1.232969045639038
152935.0,-1.2105633020401
152940.0,-1.2464592456817627
152945.0,-1.2252414226531982
152950.0,-1.221950888633728
152955.0,-1.2438218593597412
152960.0,-1.2144114971160889
152965.0,-1.2185404300689697
152970.0,-1.2280809879302979
152975.0,-1.2167744636535645
152980.0,-1.2397665977478027
152985.0,-1.232146143913269
152990.0,-1.2208902835845947
152995.0,-1.236626386642456
153000.0,-1.2402312755584717
153005.0,-1.219325304031372
153010.0,-1.240025281906128
153015.0,-1.24204683303833
153020.0,-1.2119351625442505
153025.0,-1.233345627784729
153030.0,-1.2492181062698364
153035.0,-1.2148668766021729
153040.0,-1.240141749382019
153045.0,-1.2370911836624146
153050.0,-1.2086552381515503
153055.0,-1.238657832145691
153060.0,-1.2335516214370728
153065.0,-1.2429364919662476
153070.0,-1.236411690711975
153075.0,-1.2205779552459717
153080.0,-1.2384564876556396
153085.0,-1.2308292388916016
153090.0,-1.2334760427474976
153095.0,-1.248478651046753
153100.0,-1.2360707521438599
153105.0,-1.2268894910812378
153110.0,-1.2311599254608154
153115.0,-1.2314587831497192
153120.0,-1.2398815155029297
153125.0,-1.2371199131011963
153130.0,-1.2196393013000488
153135.0,-1.2363685369491577
153140.0,-1.2374742031097412
153145.0,-1.2283203601837158
153150.0,-1.2348788976669312
153155.0,-1.2308954000473022
153160.0,-1.2388694286346436
153165.0,-1.2443774938583374
153170.0,-1.2344882488250732
153175.0,-1.2201416492462158
153180.0,-1.230776071548462
153185.0,-1.2271718978881836
153190.0,-1.2401691675186157
153195.0,-1.2233290672302246
153200.0,-1.2400684356689453
153205.0,-1.2313258647918701
153210.0,-1.204838752746582
153215.0,-1.253881573677063
153220.0,-1.235614538192749
153225.0,-1.2290836572647095
153230.0,-1.2435474395751953
153235.0,-1.233633279800415
153240.0,-1.215526819229126
153245.0,-1.2443279027938843
153250.0,-1.225524663925171
153255.0,-1.2344141006469727
153260.0,-1.2438422441482544
153265.0,-1.2196531295776367
153270.0,-1.2380857467651367
153275.0,-1.2350435256958008
153280.0,-1.2317607402801514
153285.0,-1.2320094108581543
153290.0,-1.231681227684021
153295.0,-1.2238481044769287
153300.0,-1.236108660697937
153305.0,-1.2218905687332153
153310.0,-1.239001989364624
153315.0,-1.23555588722229
153320.0,-1.2341046333312988
153325.0,-1.2287571430206299
153330.0,-1.236480474472046
153335.0,-1.247736930847168
153340.0,-1.2220561504364014
153345.0,-1.2350291013717651
153350.0,-1.2441608905792236
153355.0,-1.2056094408035278
153360.0,-1.2321696281433105
153365.0,-1.2451051473617554
153370.0,-1.2275755405426025
153375.0,-1.2241320610046387
153380.0,-1.2289299964904785
153385.0,-1.2188712358474731
153390.0,-1.2188289165496826
153395.0,-1.2303848266601562
153400.0,-1.2204875946044922
153405.0,-1.2170770168304443
153410.0,-1.2196036577224731
153415.0,-1.218088150024414
153420.0,-1.220015287399292
153425.0,-1.2306461334228516
153430.0,-1.2221815586090088
153435.0,-1.2362552881240845
153440.0,-1.2364742755889893
153445.0,-1.2149285078048706
153450.0,-1.235511064529419
153455.0,-1.2473466396331787
153460.0,-1.2105510234832764
153465.0,-1.2427868843078613
153470.0,-1.2397066354751587
153475.0,-1.2143986225128174
153480.0,-1.2499786615371704
153485.0,-1.251861333847046
153490.0,-1.2163307666778564
153495.0,-1.2438232898712158
153500.0,-1.2283616065979004
153505.0,-1.2236833572387695
153510.0,-1.256976842880249
153515.0,-1.2204960584640503
153520.0,-1.2304753065109253
153525.0,-1.2325173616409302
153530.0,-1.2206571102142334
153535.0,-1.2332394123077393
153540.0,-1.233371615409851
153545.0,-1.2261364459991455
153550.0,-1.2414793968200684
153555.0,-1.2237834930419922
153560.0,-1.241326928138733
153565.0,-1.2386727333068848
153570.0,-1.2304675579071045
153575.0,-1.2379209995269775
153580.0,-1.2246145009994507
153585.0,-1.2179956436157227
153590.0,-1.228320598602295
153595.0,-1.2228327989578247
153600.0,-1.2498903274536133
153605.0,-1.2301609516143799
153610.0,-1.2145010232925415
153615.0,-1.256598949432373
153620.0,-1.2272049188613892
153625.0,-1.2219918966293335
153630.0,-1.2446515560150146
153635.0,-1.2368439435958862
153640.0,-1.2244086265563965
153645.0,-1.2340178489685059
153650.0,-1.2214584350585938
153655.0,-1.242940902709961
153660.0,-1.2309712171554565
153665.0,-1.22776460647583
153670.0,-1.2286536693572998
153675.0,-1.2283055782318115
153680.0,-1.2435115575790405
153685.0,-1.2238121032714844
153690.0,-1.2345982789993286
153695.0,-1.2471814155578613
153700.0,-1.2209124565124512
153705.0,-1.2320274114608765
153710.0,-1.2483195066452026
153715.0,-1.2252821922302246
153720.0,-1.2371089458465576
153725.0,-1.2209442853927612
153730.0,-1.2300472259521484
153735.0,-1.2397164106369019
153740.0,-1.226694107055664
153745.0,-1.241647481918335
153750.0,-1.2298057079315186
153755.0,-1.2353174686431885
153760.0,-1.2263684272766113
153765.0,-1.2184211015701294
153770.0,-1.2454276084899902
153775.0,-1.2288177013397217
153780.0,-1.2140541076660156
153785.0,-1.228499174118042
153790.0,-1.2431280612945557
153795.0,-1.226919174194336
153800.0,-1.2221620082855225
153805.0,-1.2303370237350464
153810.0,-1.2088940143585205
153815.0,-1.2253260612487793
153820.0,-1.2206449508666992
153825.0,-1.2110170125961304
153830.0,-1.2256064414978027
153835.0,-1.2270386219024658
153840.0,-1.1905159950256348
153845.0,-1.236249566078186
153850.0,-1.2415416240692139
153855.0,-1.2081563472747803
153860.0,-1.2323181629180908
153865.0,-1.2374119758605957
153870.0,-1.207209587097168
153875.0,-1.2320595979690552
153880.0,-1.2527782917022705
153885.0,-1.2072057723999023
153890.0,-1.236329197883606
153895.0,-1.2319051027297974
153900.0,-1.2253886461257935
153905.0,-1.2462602853775024
153910.0,-1.2301900386810303
153915.0,-1.234574556350708
153920.0,-1.2367604970932007
153925.0,-1.2237398624420166
153930.0,-1.230298638343811
153935.0,-1.2393864393234253
153940.0,-1.221215009689331
153945.0,-1.2361364364624023
153950.0,-1.2254217863082886
153955.0,-1.2219429016113281
153960.0,-1.2543516159057617
153965.0,-1.217348575592041
153970.0,-1.228066325187683
153975.0,-1.2535152435302734
153980.0,-1.2126569747924805
153985.0,-1.2238816022872925
153990.0,-1.2619414329528809
153995.0,-1.2170627117156982
154000.0,-1.232716679573059
154005.0,-1.2307387590408325
154010.0,-1.2167727947235107
154015.0,-1.2362381219863892
154020.0,-1.2295383214950562
154025.0,-1.230649709701538
154030.0,-1.2352025508880615
154035.0,-1.210680365562439
154040.0,-1.221287488937378
154045.0,-1.2403894662857056
154050.0,-1.2251293659210205
154055.0,-1.2365942001342773
154060.0,-1.2286300659179688
154065.0,-1.2270841598510742
154070.0,-1.2263286113739014
154075.0,-1.243768334388733
154080.0,-1.2348411083221436
154085.0,-1.2322286367416382
154090.0,-1.209208607673645
154095.0,-1.2302836179733276
154100.0,-1.2412893772125244
154105.0,-1.1961193084716797
154110.0,-1.239139437675476
154115.0,-1.2242847681045532
154120.0,-1.2042546272277832
154125.0,-1.2449874877929688
154130.0,-1.233064889907837
154135.0,-1.201865315437317
154140.0,-1.2561285495758057
154145.0,-1.2191499471664429
154150.0,-1.2084389925003052
154155.0,-1.260256052017212
154160.0,-1.2199511528015137
154165.0,-1.2237203121185303
154170.0,-1.23779296875
154175.0,-1.2235015630722046
154180.0,-1.2424548864364624
154185.0,-1.2356691360473633
154190.0,-1.229718804359436
154195.0,-1.2351679801940918
154200.0,-1.2186481952667236
154205.0,-1.224871039390564
154210.0,-1.2372870445251465
154215.0,-1.2329312562942505
154220.0,-1.2387712001800537
154225.0,-1.21195387840271
154230.0,-1.214385986328125
154235.0,-1.230905294418335
154240.0,-1.2369818687438965
154245.0,-1.2356668710708618
154250.0,-1.2458118200302124
154255.0,-1.220469355583191
154260.0,-1.226412296295166
154265.0,-1.2292158603668213
154270.0,-1.2088890075683594
154275.0,-1.244423270225525
154280.0,-1.2328178882598877
154285.0,-1.2063722610473633
154290.0,-1.2220033407211304
154295.0,-1.2217189073562622
154300.0,-1.2376320362091064
154305.0,-1.2374753952026367
154310.0,-1.2307515144348145
154315.0,-1.2209384441375732
154320.0,-1.222877860069275
154325.0,-1.2329506874084473
154330.0,-1.2236565351486206
154335.0,-1.2365802526474
154340.0,-1.250093936920166
154345.0,-1.2276610136032104
154350.0,-1.2137398719787598
154355.0,-1.2312554121017456
154360.0,-1.2431049346923828
154365.0,-1.217329740524292
154370.0,-1.2289912700653076
154375.0,-1.237709879875183
154380.0,-1.2073392868041992
154385.0,-1.2285574674606323
154390.0,-1.242977261543274
154395.0,-1.2401232719421387
154400.0,-1.2389278411865234
154405.0,-1.2261278629302979
154410.0,-1.2240017652511597
154415.0,-1.244013786315918
154420.0,-1.212934970855713
154425.0,-1.2393711805343628
154430.0,-1.2417888641357422
154435.0,-1.2054204940795898
154440.0,-1.2301126718521118
154445.0,-1.2515829801559448
154450.0,-1.2286065816879272
154455.0,-1.2403106689453125
154460.0,-1.2431832551956177
154465.0,-1.208876132965088
154470.0,-1.2364397048950195
154475.0,-1.2406678199768066
154480.0,-1.2378101348876953
154485.0,-1.2442673444747925
154490.0,-1.2328580617904663
154495.0,-1.2240310907363892
154500.0,-1.2338143587112427
154505.0,-1.2267998456954956
154510.0,-1.2305541038513184
154515.0,-1.2394580841064453
154520.0,-1.2388235330581665
154525.0,-1.2145452499389648
154530.0,-1.2231218814849854
154535.0,-1.2372654676437378
154540.0,-1.2281140089035034
154545.0,-1.2428390979766846
154550.0,-1.2344413995742798
154555.0,-1.208519458770752
154560.0,-1.2280815839767456
154565.0,-1.2400051355361938
154570.0,-1.227933406829834
154575.0,-1.2357038259506226
154580.0,-1.229076862335205
154585.0,-1.212187647819519
154590.0,-1.230400562286377
154595.0,-1.2259548902511597
154600.0,-1.240977168083191
154605.0,-1.241593599319458
154610.0,-1.2164857387542725
154615.0,-1.221273422241211
154620.0,-1.2381000518798828
154625.0,-1.233412265777588
154630.0,-1.2404097318649292
154635.0,-1.2407522201538086
154640.0,-1.2315592765808105
154645.0,-1.214355707168579
154650.0,-1.2240005731582642
154655.0,-1.238016128540039
154660.0,-1.2143070697784424
154665.0,-1.2097705602645874
154670.0,-1.227907419204712
154675.0,-1.2334154844284058
154680.0,-1.2294542789459229
154685.0,-1.223210096359253
154690.0,-1.229992389678955
154695.0,-1.214261531829834
154700.0,-1.2228363752365112
154705.0,-1.2326602935791016
154710.0,-1.2211425304412842
154715.0,-1.233518362045288
154720.0,-1.2001702785491943
154725.0,-1.223881483078003
154730.0,-1.2415765523910522
154735.0,-1.2146676778793335
154740.0,-1.2337751388549805
154745.0,-1.2146594524383545
154750.0,-1.2106695175170898
154755.0,-1.2387416362762451
154760.0,-1.2387539148330688
154765.0,-1.211133360862732
154770.0,-1.2430464029312134
154775.0,-1.2151910066604614
154780.0,-1.2185685634613037
154785.0,-1.2477699518203735
154790.0,-1.2307021617889404
154795.0,-1.2348331212997437
154800.0,-1.2320466041564941
154805.0,-1.2145310640335083
154810.0,-1.2492377758026123
154815.0,-1.2295639514923096
154820.0,-1.228749394416809
154825.0,-1.2496962547302246
154830.0,-1.2147283554077148
154835.0,-1.2238733768463135
154840.0,-1.2571437358856201
154845.0,-1.2268890142440796
154850.0,-1.2329027652740479
154855.0,-1.2392544746398926
154860.0,-1.2102352380752563
154865.0,-1.2427804470062256
154870.0,-1.2321197986602783
154875.0,-1.222181797027588
154880.0,-1.2215981483459473
154885.0,-1.2395422458648682
154890.0,-1.2209563255310059
154895.0,-1.2256064414978027
154900.0,-1.243042230606079
154905.0,-1.230877161026001
154910.0,-1.2402559518814087
154915.0,-1.2269564867019653
154920.0,-1.241743803024292
154925.0,-1.2184293270111084
154930.0,-1.233340859413147
154935.0,-1.2237428426742554
154940.0,-1.2170875072479248
154945.0,-1.2290692329406738
154950.0,-1.2276477813720703
154955.0,-1.2415626049041748
154960.0,-1.2366087436676025
154965.0,-1.2145800590515137
154970.0,-1.2402820587158203
154975.0,-1.2447577714920044
154980.0,-1.2266647815704346
154985.0,-1.2464298009872437
154990.0,-1.2225680351257324
154995.0,-1.2046282291412354
155000.0,-1.2443759441375732
155005.0,-1.2258529663085938
155010.0,-1.2130372524261475
155015.0,-1.2554351091384888
155020.0,-1.2124437093734741
155025.0,-1.2049086093902588
155030.0,-1.2470307350158691
155035.0,-1.237985372543335
155040.0,-1.2290645837783813
155045.0,-1.2406717538833618
155050.0,-1.2225167751312256
155055.0,-1.2327704429626465
155060.0,-1.2423896789550781
155065.0,-1.2318270206451416
155070.0,-1.2392687797546387
155075.0,-1.241416335105896
155080.0,-1.2294843196868896
155085.0,-1.216768741607666
155090.0,-1.2344818115234375
155095.0,-1.2342298030853271
155100.0,-1.2234915494918823
155105.0,-1.2270498275756836
155110.0,-1.2265801429748535
155115.0,-1.218651294708252
155120.0,-1.2354249954223633
155125.0,-1.2278425693511963
155130.0,-1.245926022529602
155135.0,-1.222414493560791
155140.0,-1.210453748703003
155145.0,-1.2343751192092896
155150.0,-1.2398545742034912
155155.0,-1.2220182418823242
155160.0,-1.2317497730255127
155165.0,-1.2340983152389526
155170.0,-1.205954909324646
155175.0,-1.2224388122558594
155180.0,-1.2377848625183105
155185.0,-1.2380080223083496
155190.0,-1.232163429260254
155195.0,-1.232635736465454
155200.0,-1.2225414514541626
155205.0,-1.2390227317810059
155210.0,-1.2262080907821655
155215.0,-1.221792459487915
155220.0,-1.236084222793579
155225.0,-1.215813159942627
155230.0,-1.210503101348877
155235.0,-1.2405773401260376
155240.0,-1.2339534759521484
155245.0,-1.229630708694458
155250.0,-1.245884656906128
155255.0,-1.2230585813522339
155260.0,-1.2198498249053955
155265.0,-1.2551732063293457
155270.0,-1.228142499923706
155275.0,-1.230154275894165
155280.0,-1.244234323501587
155285.0,-1.2175116539001465
155290.0,-1.2254269123077393
155295.0,-1.238362431526184
155300.0,-1.241675615310669
155305.0,-1.2383793592453003
155310.0,-1.235478162765503
155315.0,-1.2172778844833374
155320.0,-1.2307684421539307
155325.0,-1.209252119064331
155330.0,-1.2294137477874756
155335.0,-1.2352811098098755
155340.0,-1.2317910194396973
155345.0,-1.2235844135284424
155350.0,-1.2207581996917725
155355.0,-1.236222505569458
155360.0,-1.241209864616394
155365.0,-1.2249040603637695
155370.0,-1.2363133430480957
155375.0,-1.2401747703552246
155380.0,-1.2052826881408691
155385.0,-1.2330917119979858
155390.0,-1.2419359683990479
155395.0,-1.2202848196029663
155400.0,-1.2441675662994385
155405.0,-1.2318949699401855
155410.0,-1.2124238014221191
155415.0,-1.2234468460083008
155420.0,-1.2255973815917969
155425.0,-1.2244359254837036
155430.0,-1.2217514514923096
155435.0,-1.2290135622024536
155440.0,-1.2245813608169556
155445.0,-1.2189476490020752
155450.0,-1.2380826473236084
155455.0,-1.2477362155914307
155460.0,-1.2285418510437012
155465.0,-1.2382889986038208
155470.0,-1.2213250398635864
155475.0,-1.240302324295044
155480.0,-1.2329232692718506
155485.0,-1.2273837327957153
155490.0,-1.2444705963134766
155495.0,-1.2340867519378662
155500.0,-1.2025991678237915
155505.0,-1.2354722023010254
155510.0,-1.2503437995910645
155515.0,-1.2108319997787476
155520.0,-1.2384445667266846
155525.0,-1.2320202589035034
155530.0,-1.204479694366455
155535.0,-1.2437411546707153
155540.0,-1.2425429821014404
155545.0,-1.2124112844467163
155550.0,-1.2399768829345703
155555.0,-1.2195336818695068
155560.0,-1.221461296081543
155565.0,-1.237172245979309
155570.0,-1.221747875213623
155575.0,-1.2249369621276855
155580.0,-1.2308930158615112
155585.0,-1.2020413875579834
155590.0,-1.2219911813735962
155595.0,-1.2459886074066162
155600.0,-1.2184131145477295
155605.0,-1.2331957817077637
155610.0,-1.2475144863128662
155615.0,-1.2178775072097778
155620.0,-1.2248764038085938
155625.0,-1.2566895484924316
155630.0,-1.2314057350158691
155635.0,-1.2407371997833252
155640.0,-1.2330982685089111
155645.0,-1.210504412651062
155650.0,-1.2289559841156006
155655.0,-1.2343312501907349
155660.0,-1.221752405166626
155665.0,-1.2282274961471558
155670.0,-1.2438180446624756
155675.0,-1.2035143375396729
155680.0,-1.2191787958145142
155685.0,-1.2407716512680054
155690.0,-1.223543643951416
155695.0,-1.231618881225586
155700.0,-1.2305197715759277
155705.0,-1.213815450668335
155710.0,-1.2367184162139893
155715.0,-1.243345022201538
155720.0,-1.2200020551681519
155725.0,-1.236217737197876
155730.0,-1.2275729179382324
155735.0,-1.220771312713623
155740.0,-1.23687744140625
155745.0,-1.2432727813720703
155750.0,-1.2318470478057861
155755.0,-1.2269318103790283
155760.0,-1.2219550609588623
155765.0,-1.2378448247909546
155770.0,-1.2356774806976318
155775.0,-1.2378710508346558
155780.0,-1.2337790727615356
155785.0,-1.2341976165771484
155790.0,-1.2300844192504883
155795.0,-1.2350845336914062
155800.0,-1.217957854270935
155805.0,-1.2322901487350464
155810.0,-1.2377958297729492
155815.0,-1.205333948135376
155820.0,-1.239070177078247
155825.0,-1.2329657077789307
155830.0,-1.2197611331939697
155835.0,-1.2176475524902344
155840.0,-1.228958010673523
155845.0,-1.2299447059631348
155850.0,-1.2372639179229736
155855.0,-1.2359358072280884
155860.0,-1.2328838109970093
155865.0,-1.2193225622177124
155870.0,-1.2269364595413208
155875.0,-1.2422910928726196
155880.0,-1.2175309658050537
155885.0,-1.2531267404556274
155890.0,-1.213127613067627
155895.0,-1.220064401626587
155900.0,-1.24025297164917
155905.0,-1.2337195873260498
155910.0,-1.2193019390106201
155915.0,-1.2482675313949585
155920.0,-1.2226331233978271
155925.0,-1.2155530452728271
155930.0,-1.2340655326843262
155935.0,-1.222140908241272
155940.0,-1.2296838760375977
155945.0,-1.2297234535217285
155950.0,-1.2285572290420532
155955.0,-1.2119216918945312
155960.0,-1.2477577924728394
155965.0,-1.2387452125549316
155970.0,-1.2242393493652344
155975.0,-1.2432316541671753
155980.0,-1.2250677347183228
155985.0,-1.204505205154419
155990.0,-1.254889726638794
155995.0,-1.2232542037963867
156000.0,-1.2278409004211426
156005.0,-1.243642807006836
156010.0,-1.2142558097839355
156015.0,-1.2250436544418335
156020.0,-1.2496509552001953
156025.0,-1.2102530002593994
156030.0,-1.2488441467285156
156035.0,-1.2279123067855835
156040.0,-1.2002100944519043
156045.0,-1.2453248500823975
156050.0,-1.235748291015625
156055.0,-1.205526351928711
156060.0,-1.249579906463623
156065.0,-1.2312928438186646
156070.0,-1.2094582319259644
156075.0,-1.2457531690597534
156080.0,-1.2337267398834229
156085.0,-1.2290802001953125
156090.0,-1.241847038269043
156095.0,-1.2326433658599854
156100.0,-1.2177784442901611
156105.0,-1.2416832447052002
156110.0,-1.241254448890686
156115.0,-1.2264264822006226
156120.0,-1.2359293699264526
156125.0,-1.2351292371749878
156130.0,-1.2198095321655273
156135.0,-1.2511430978775024
156140.0,-1.2223623991012573
156145.0,-1.2281675338745117
156150.0,-1.2335773706436157
156155.0,-1.2197706699371338
156160.0,-1.2340326309204102
156165.0,-1.247606873512268
156170.0,-1.221177577972412
156175.0,-1.2213525772094727
156180.0,-1.2278575897216797
156185.0,-1.2172774076461792
156190.0,-1.2299753427505493
156195.0,-1.2100597620010376
156200.0,-1.2410449981689453
156205.0,-1.2262946367263794
156210.0,-1.2126219272613525
156215.0,-1.2386999130249023
156220.0,-1.239708423614502
156225.0,-1.2228422164916992
156230.0,-1.2421213388442993
156235.0,-1.237280011177063
156240.0,-1.2118064165115356
156245.0,-1.2195897102355957
156250.0,-1.2442920207977295
156255.0,-1.2076871395111084
156260.0,-1.2241442203521729
156265.0,-1.2411136627197266
156270.0,-1.2090529203414917
156275.0,-1.2355186939239502
156280.0,-1.2592511177062988
156285.0,-1.2142306566238403
156290.0,-1.2489478588104248
156295.0,-1.2289271354675293
156300.0,-1.2223478555679321
156305.0,-1.2531280517578125
156310.0,-1.2332179546356201
156315.0,-1.2369728088378906
156320.0,-1.2287147045135498
156325.0,-1.2104408740997314
156330.0,-1.2311253547668457
156335.0,-1.2463796138763428
156340.0,-1.2094511985778809
156345.0,-1.2413495779037476
156350.0,-1.2278201580047607
156355.0,-1.2236908674240112
156360.0,-1.2379673719406128
156365.0,-1.2386916875839233
156370.0,-1.2247711420059204
156375.0,-1.2336188554763794
156380.0,-1.2193231582641602
156385.0,-1.2144198417663574
156390.0,-1.248029112815857
156395.0,-1.206563115119934
156400.0,-1.2298938035964966
156405.0,-1.2487094402313232
156410.0,-1.1987322568893433
156415.0,-1.2246201038360596
156420.0,-1.2572062015533447
156425.0,-1.2088673114776611
156430.0,-1.2328308820724487
156435.0,-1.2341337203979492
156440.0,-1.2045294046401978
156445.0,-1.2401635646820068
156450.0,-1.240994930267334
156455.0,-1.2214112281799316
156460.0,-1.2469338178634644
156465.0,-1.2160091400146484
156470.0,-1.2156741619110107
156475.0,-1.2592694759368896
156480.0,-1.2242404222488403
156485.0,-1.219585657119751
156490.0,-1.250747561454773
156495.0,-1.2141739130020142
156500.0,-1.2038823366165161
156505.0,-1.2451071739196777
156510.0,-1.234668254852295
156515.0,-1.2205835580825806
156520.0,-1.2237741947174072
156525.0,-1.2242038249969482
156530.0,-1.2263751029968262
156535.0,-1.222939372062683
156540.0,-1.2413792610168457
156545.0,-1.232375144958496
156550.0,-1.2380138635635376
156555.0,-1.2260143756866455
156560.0,-1.2160618305206299
156565.0,-1.2259637117385864
156570.0,-1.2492585182189941
156575.0,-1.2239776849746704
156580.0,-1.2194154262542725
156585.0,-1.2447834014892578
156590.0,-1.2123960256576538
156595.0,-1.224916934967041
156600.0,-1.2373604774475098
156605.0,-1.2379223108291626
156610.0,-1.2294316291809082
156615.0,-1.2230331897735596
156620.0,-1.2272820472717285
156625.0,-1.2397606372833252
156630.0,-1.234654426574707
156635.0,-1.231440782546997
156640.0,-1.2298845052719116
156645.0,-1.2199630737304688
156650.0,-1.2283333539962769
156655.0,-1.2069404125213623
156660.0,-1.2400721311569214
156665.0,-1.2215689420700073
156670.0,-1.2154061794281006
156675.0,-1.2298866510391235
156680.0,-1.222780466079712
156685.0,-1.230952262878418
156690.0,-1.2335679531097412
156695.0,-1.2306759357452393
156700.0,-1.2223503589630127
156705.0,-1.2139663696289062
156710.0,-1.2370493412017822
156715.0,-1.2326561212539673
156720.0,-1.219670057296753
156725.0,-1.2345290184020996
156730.0,-1.2316524982452393
156735.0,-1.2167454957962036
156740.0,-1.2387386560440063
156745.0,-1.2430932521820068
156750.0,-1.237740159034729
156755.0,-1.2368804216384888
156760.0,-1.2334903478622437
156765.0,-1.228398323059082
156770.0,-1.2470530271530151
156775.0,-1.244389295578003
156780.0,-1.2356984615325928
156785.0,-1.231157898902893
156790.0,-1.2288888692855835
156795.0,-1.2203726768493652
156800.0,-1.2373249530792236
156805.0,-1.2304551601409912
156810.0,-1.2205113172531128
156815.0,-1.2270550727844238
156820.0,-1.219698190689087
156825.0,-1.2397098541259766
156830.0,-1.2360613346099854
156835.0,-1.2417280673980713
156840.0,-1.2385650873184204
156845.0,-1.2397739887237549
156850.0,-1.231497049331665
156855.0,-1.2273682355880737
156860.0,-1.2536734342575073
156865.0,-1.2331886291503906
156870.0,-1.2249298095703125
156875.0,-1.23853600025177
156880.0,-1.2336558103561401
156885.0,-1.2215790748596191
156890.0,-1.2365682125091553
156895.0,-1.2346876859664917
156900.0,-1.2410478591918945
156905.0,-1.2374050617218018
156910.0,-1.217829942703247
156915.0,-1.243950366973877
156920.0,-1.2293531894683838
156925.0,-1.2319961786270142
156930.0,-1.2494189739227295
156935.0,-1.2284590005874634
156940.0,-1.2262232303619385
156945.0,-1.2185313701629639
156950.0,-1.227469801902771
156955.0,-1.249955177307129
156960.0,-1.2178312540054321
156965.0,-1.2356653213500977
156970.0,-1.2407476902008057
156975.0,-1.2145527601242065
156980.0,-1.2428839206695557
156985.0,-1.240408182144165
156990.0,-1.2153089046478271
156995.0,-1.2560163736343384
157000.0,-1.2258541584014893
157005.0,-1.2087804079055786
157010.0,-1.2632038593292236
157015.0,-1.2200740575790405
157020.0,-1.2261523008346558
157025.0,-1.2500214576721191
157030.0,-1.2133466005325317
157035.0,-1.2262086868286133
157040.0,-1.2441790103912354
157045.0,-1.2264400720596313
157050.0,-1.2289652824401855
157055.0,-1.223229169845581
157060.0,-1.2258024215698242
157065.0,-1.2394535541534424
157070.0,-1.229525089263916
157075.0,-1.2249763011932373
157080.0,-1.2414215803146362
157085.0,-1.222500205039978
157090.0,-1.2309952974319458
157095.0,-1.257300853729248
157100.0,-1.2154459953308105
157105.0,-1.237468957901001
157110.0,-1.240797996520996
157115.0,-1.2138197422027588
157120.0,-1.231691598892212
157125.0,-1.2409582138061523
157130.0,-1.2253667116165161
157135.0,-1.2410199642181396
157140.0,-1.2220454216003418
157145.0,-1.2187464237213135
157150.0,-1.2604398727416992
157155.0,-1.218796968460083
157160.0,-1.2416114807128906
157165.0,-1.2352030277252197
157170.0,-1.2047427892684937
157175.0,-1.222322940826416
157180.0,-1.2491843700408936
157185.0,-1.2226176261901855
157190.0,-1.2280601263046265
157195.0,-1.2282004356384277
157200.0,-1.2117509841918945
157205.0,-1.2403796911239624
157210.0,-1.2334715127944946
157215.0,-1.2195053100585938
157220.0,-1.249766230583191
157225.0,-1.2313148975372314
157230.0,-1.2036175727844238
157235.0,-1.2441083192825317
157240.0,-1.250223159790039
157245.0,-1.2135716676712036
157250.0,-1.2481911182403564
157255.0,-1.2232325077056885
157260.0,-1.2222120761871338
157265.0,-1.2418811321258545
157270.0,-1.2208600044250488
157275.0,-1.2322826385498047
157280.0,-1.2389349937438965
157285.0,-1.2190899848937988
157290.0,-1.2125879526138306
157295.0,-1.2576138973236084
157300.0,-1.2231370210647583
157305.0,-1.2202485799789429
157310.0,-1.238774299621582
157315.0,-1.2118847370147705
157320.0,-1.216294765472412
157325.0,-1.240246057510376
157330.0,-1.2153457403182983
157335.0,-1.2440356016159058
157340.0,-1.2313573360443115
157345.0,-1.2120985984802246
157350.0,-1.2528660297393799
157355.0,-1.2256989479064941
157360.0,-1.2355668544769287
157365.0,-1.2426426410675049
157370.0,-1.2083408832550049
157375.0,-1.2182300090789795
157380.0,-1.2449148893356323
157385.0,-1.225618600845337
157390.0,-1.2286694049835205
157395.0,-1.2417607307434082
157400.0,-1.2203916311264038
157405.0,-1.2291592359542847
157410.0,-1.2346837520599365
157415.0,-1.2420390844345093
157420.0,-1.2319352626800537
157425.0,-1.2446610927581787
157430.0,-1.2240495681762695
157435.0,-1.2158068418502808
157440.0,-1.257512092590332
157445.0,-1.2293813228607178
157450.0,-1.2214103937149048
157455.0,-1.2486603260040283
157460.0,-1.2250195741653442
157465.0,-1.2045787572860718
157470.0,-1.2491660118103027
157475.0,-1.224075436592102
157480.0,-1.2186756134033203
157485.0,-1.2410671710968018
157490.0,-1.2196825742721558
157495.0,-1.2325555086135864
157500.0,-1.2395853996276855
157505.0,-1.2372815608978271
157510.0,-1.2243399620056152
157515.0,-1.2365508079528809
157520.0,-1.2204381227493286
157525.0,-1.2366628646850586
157530.0,-1.2229852676391602
157535.0,-1.21876060962677
157540.0,-1.2312841415405273
157545.0,-1.2061477899551392
157550.0,-1.2257355451583862
157555.0,-1.2615268230438232
157560.0,-1.2141656875610352
157565.0,-1.22294020652771
157570.0,-1.2488969564437866
157575.0,-1.2060561180114746
157580.0,-1.2256203889846802
157585.0,-1.2288761138916016
157590.0,-1.2395453453063965
157595.0,-1.2178285121917725
157600.0,-1.2214198112487793
157605.0,-1.2234084606170654
157610.0,-1.2441353797912598
157615.0,-1.2150352001190186
157620.0,-1.2346867322921753
157625.0,-1.2343426942825317
157630.0,-1.2049431800842285
157635.0,-1.2329710721969604
157640.0,-1.2465908527374268
157645.0,-1.2199249267578125
157650.0,-1.2456855773925781
157655.0,-1.236556887626648
157660.0,-1.2039601802825928
157665.0,-1.245224952697754
157670.0,-1.2262941598892212
157675.0,-1.2299857139587402
157680.0,-1.223876953125
157685.0,-1.2243196964263916
157690.0,-1.2276362180709839
157695.0,-1.2242257595062256
157700.0,-1.2386078834533691
157705.0,-1.2348202466964722
157710.0,-1.225669503211975
157715.0,-1.2177743911743164
157720.0,-1.2250616550445557
157725.0,-1.2395343780517578
157730.0,-1.2291450500488281
157735.0,-1.2290949821472168
157740.0,-1.2434773445129395
157745.0,-1.2168469429016113
157750.0,-1.2235264778137207
157755.0,-1.2494537830352783
157760.0,-1.2150312662124634
157765.0,-1.237857699394226
157770.0,-1.226477861404419
157775.0,-1.223606824874878
157780.0,-1.257727026939392
157785.0,-1.2197704315185547
157790.0,-1.236236810684204
157795.0,-1.229449987411499
157800.0,-1.2085342407226562
157805.0,-1.2378615140914917
157810.0,-1.2286317348480225
157815.0,-1.2316105365753174
157820.0,-1.246324062347412
157825.0,-1.2125017642974854
157830.0,-1.2237437963485718
157835.0,-1.240675926208496
157840.0,-1.2162079811096191
157845.0,-1.2363981008529663
157850.0,-1.236107349395752
157855.0,-1.2204978466033936
157860.0,-1.2305738925933838
157865.0,-1.2383695840835571
157870.0,-1.2343882322311401
157875.0,-1.2306420803070068
157880.0,-1.248347520828247
157885.0,-1.2337799072265625
157890.0,-1.2157046794891357
157895.0,-1.2472330331802368
157900.0,-1.2387633323669434
157905.0,-1.2147319316864014
157910.0,-1.23268461227417
157915.0,-1.233312726020813
157920.0,-1.2059041261672974
157925.0,-1.240757703781128
157930.0,-1.238847255706787
157935.0,-1.2183845043182373
157940.0,-1.2288758754730225
157945.0,-1.243357539176941
157950.0,-1.2146257162094116
157955.0,-1.2349624633789062
157960.0,-1.2357615232467651
157965.0,-1.2205193042755127
157970.0,-1.2353421449661255
157975.0,-1.2254772186279297
157980.0,-1.2145408391952515
157985.0,-1.2364873886108398
157990.0,-1.232168436050415
157995.0,-1.2086167335510254
158000.0,-1.2279855012893677
158005.0,-1.2330344915390015
158010.0,-1.2194629907608032
158015.0,-1.2507210969924927
158020.0,-1.2298965454101562
158025.0,-1.225031852722168
158030.0,-1.2467767000198364
158035.0,-1.2336208820343018
158040.0,-1.2183732986450195
158045.0,-1.246767520904541
158050.0,-1.2414608001708984
158055.0,-1.2254184484481812
158060.0,-1.2257864475250244
158065.0,-1.2177760601043701
158070.0,-1.2438515424728394
158075.0,-1.2307014465332031
158080.0,-1.2244646549224854
158085.0,-1.2436602115631104
158090.0,-1.2168991565704346
158095.0,-1.2132648229599
158100.0,-1.2430799007415771
158105.0,-1.2205123901367188
158110.0,-1.2263855934143066
158115.0,-1.2398194074630737
158120.0,-1.2196720838546753
158125.0,-1.2157576084136963
158130.0,-1.2464447021484375
158135.0,-1.2236135005950928
158140.0,-1.2216702699661255
158145.0,-1.2537939548492432
158150.0,-1.2216376066207886
158155.0,-1.21625554561615
158160.0,-1.2523369789123535
158165.0,-1.2311232089996338
158170.0,-1.2179670333862305
158175.0,-1.2463923692703247
158180.0,-1.224095106124878
158185.0,-1.2194783687591553
158190.0,-1.244249939918518
158195.0,-1.2348623275756836
158200.0,-1.2309460639953613
158205.0,-1.2390871047973633
158210.0,-1.2206910848617554
158215.0,-1.2223443984985352
158220.0,-1.2390649318695068
158225.0,-1.2249963283538818
158230.0,-1.2308249473571777
158235.0,-1.2410354614257812
158240.0,-1.2129772901535034
158245.0,-1.2273073196411133
158250.0,-1.2582741975784302
158255.0,-1.2134802341461182
158260.0,-1.2394745349884033
158265.0,-1.2459709644317627
158270.0,-1.2107346057891846
158275.0,-1.239375352859497
158280.0,-1.2359774112701416
158285.0,-1.2264118194580078
158290.0,-1.2363090515136719
158295.0,-1.2226146459579468
158300.0,-1.225851058959961
158305.0,-1.2369279861450195
158310.0,-1.2098033428192139
158315.0,-1.226785659790039
158320.0,-1.231931209564209
158325.0,-1.2148767709732056
158330.0,-1.2343082427978516
158335.0,-1.2478415966033936
158340.0,-1.2244987487792969
158345.0,-1.2329065799713135
158350.0,-1.2392585277557373
158355.0,-1.2176153659820557
158360.0,-1.235561728477478
158365.0,-1.239501953125
158370.0,-1.217616081237793
158375.0,-1.2279465198516846
158380.0,-1.2265660762786865
158385.0,-1.2263339757919312
158390.0,-1.2380974292755127
158395.0,-1.2389062643051147
158400.0,-1.2213265895843506
158405.0,-1.2204896211624146
158410.0,-1.2352169752120972
158415.0,-1.2320945262908936
158420.0,-1.2172472476959229
158425.0,-1.2361080646514893
158430.0,-1.229130506515503
158435.0,-1.2139878273010254
158440.0,-1.2437307834625244
158445.0,-1.2291327714920044
158450.0,-1.2331326007843018
158455.0,-1.2353754043579102
158460.0,-1.2209687232971191
158465.0,-1.2361736297607422
158470.0,-1.2478902339935303
158475.0,-1.2166019678115845
158480.0,-1.2491793632507324
158485.0,-1.2375855445861816
158490.0,-1.2173460721969604
158495.0,-1.239693284034729
158500.0,-1.2406446933746338
158505.0,-1.2300958633422852
158510.0,-1.2334564924240112
158515.0,-1.223016381263733
158520.0,-1.2254209518432617
158525.0,-1.2381430864334106
158530.0,-1.2271279096603394
158535.0,-1.2455824613571167
158540.0,-1.2445908784866333
158545.0,-1.2195754051208496
158550.0,-1.228805661201477
158555.0,-1.2562718391418457
158560.0,-1.2141140699386597
158565.0,-1.2467656135559082
158570.0,-1.2449839115142822
158575.0,-1.2048548460006714
158580.0,-1.2297149896621704
158585.0,-1.2591451406478882
158590.0,-1.2131754159927368
158595.0,-1.2381782531738281
158600.0,-1.242031216621399
158605.0,-1.2111246585845947
158610.0,-1.2373155355453491
158615.0,-1.2264909744262695
158620.0,-1.2266813516616821
158625.0,-1.2374480962753296
158630.0,-1.2230112552642822
158635.0,-1.227673888206482
158640.0,-1.2475197315216064
158645.0,-1.236671805381775
158650.0,-1.233511209487915
158655.0,-1.23240065574646
158660.0,-1.2315099239349365
158665.0,-1.2360714673995972
158670.0,-1.2189635038375854
158675.0,-1.2446765899658203
158680.0,-1.2353993654251099
158685.0,-1.2131556272506714
158690.0,-1.2420990467071533
158695.0,-1.2353070974349976
158700.0,-1.225757122039795
158705.0,-1.2425612211227417
158710.0,-1.2293927669525146
158715.0,-1.2144640684127808
158720.0,-1.2339786291122437
158725.0,-1.2311170101165771
158730.0,-1.2369534969329834
158735.0,-1.233630657196045
158740.0,-1.2175202369689941
158745.0,-1.2266998291015625
158750.0,-1.236774206161499
158755.0,-1.2233633995056152
158760.0,-1.2272059917449951
158765.0,-1.2472058534622192
158770.0,-1.2082884311676025
158775.0,-1.2265732288360596
158780.0,-1.2461053133010864
158785.0,-1.2296406030654907
158790.0,-1.228271722793579
158795.0,-1.2382863759994507
158800.0,-1.2237844467163086
158805.0,-1.2234386205673218
158810.0,-1.2494256496429443
158815.0,-1.2284061908721924
158820.0,-1.2364953756332397
158825.0,-1.2286605834960938
158830.0,-1.223572015762329
158835.0,-1.2267136573791504
158840.0,-1.2341452836990356
158845.0,-1.2316958904266357
158850.0,-1.2301514148712158
158855.0,-1.2422771453857422
158860.0,-1.2256697416305542
158865.0,-1.2288286685943604
158870.0,-1.2420824766159058
158875.0,-1.2313331365585327
158880.0,-1.2381439208984375
158885.0,-1.2476418018341064
158890.0,-1.211080551147461
158895.0,-1.2348003387451172
158900.0,-1.2524892091751099
158905.0,-1.2196855545043945
158910.0,-1.241037368774414
158915.0,-1.2555787563323975
158920.0,-1.2023372650146484
158925.0,-1.2376967668533325
158930.0,-1.2383317947387695
158935.0,-1.2217864990234375
158940.0,-1.2261813879013062
158945.0,-1.2493691444396973
158950.0,-1.2327135801315308
158955.0,-1.2308616638183594
158960.0,-1.2396938800811768
158965.0,-1.2346274852752686
158970.0,-1.2255462408065796
158975.0,-1.2443053722381592
158980.0,-1.238502860069275
158985.0,-1.227005124092102
158990.0,-1.2291207313537598
158995.0,-1.2170963287353516
159000.0,-1.2339551448822021
159005.0,-1.2173835039138794
159010.0,-1.2324812412261963
159015.0,-1.2223366498947144
159020.0,-1.2213151454925537
159025.0,-1.2460721731185913
159030.0,-1.235138177871704
159035.0,-1.2242835760116577
159040.0,-1.248841643333435
159045.0,-1.2345305681228638
159050.0,-1.234195351600647
159055.0,-1.2457023859024048
159060.0,-1.2364000082015991
159065.0,-1.2479140758514404
159070.0,-1.2157583236694336
159075.0,-1.2333067655563354
159080.0,-1.2496559619903564
159085.0,-1.225404977798462
159090.0,-1.2476723194122314
159095.0,-1.2280569076538086
159100.0,-1.2213282585144043
159105.0,-1.2405418157577515
159110.0,-1.2277257442474365
159115.0,-1.2286772727966309
159120.0,-1.2404793500900269
159125.0,-1.2099465131759644
159130.0,-1.2255022525787354
159135.0,-1.2394355535507202
159140.0,-1.2216689586639404
159145.0,-1.2178646326065063
159150.0,-1.2507176399230957
159155.0,-1.2244218587875366
159160.0,-1.214372158050537
159165.0,-1.254310131072998
159170.0,-1.2366845607757568
159175.0,-1.2281758785247803
159180.0,-1.249454140663147
159185.0,-1.2149251699447632
159190.0,-1.2324888706207275
159195.0,-1.24287748336792
159200.0,-1.2236958742141724
159205.0,-1.233949899673462
159210.0,-1.2270039319992065
159215.0,-1.22767174243927
159220.0,-1.2412681579589844
159225.0,-1.2251496315002441
159230.0,-1.2335340976715088
159235.0,-1.2457622289657593
159240.0,-1.2061556577682495
159245.0,-1.2393999099731445
159250.0,-1.2381401062011719
159255.0,-1.214097023010254
159260.0,-1.2424802780151367
159265.0,-1.221280813217163
159270.0,-1.2211189270019531
159275.0,-1.235119104385376
159280.0,-1.2177433967590332
159285.0,-1.2269904613494873
159290.0,-1.2436187267303467
159295.0,-1.2201883792877197
159300.0,-1.2341785430908203
159305.0,-1.2479932308197021
159310.0,-1.2273690700531006
159315.0,-1.2364692687988281
159320.0,-1.2307400703430176
159325.0,-1.2256724834442139
159330.0,-1.2323552370071411
159335.0,-1.2235444784164429
159340.0,-1.2390296459197998
159345.0,-1.225292444229126
159350.0,-1.231605887413025
159355.0,-1.2418551445007324
159360.0,-1.2301974296569824
159365.0,-1.2266124486923218
159370.0,-1.2461203336715698
159375.0,-1.2371432781219482
159380.0,-1.2195764780044556
159385.0,-1.223064661026001
159390.0,-1.2395546436309814
159395.0,-1.2376747131347656
159400.0,-1.217078447341919
159405.0,-1.246325969696045
159410.0,-1.242095947265625
159415.0,-1.2153594493865967
159420.0,-1.2481486797332764
159425.0,-1.2445359230041504
159430.0,-1.2322803735733032
159435.0,-1.2246661186218262
159440.0,-1.2406216859817505
159445.0,-1.2198920249938965
159450.0,-1.2308346033096313
159455.0,-1.2379441261291504
159460.0,-1.2202975749969482
159465.0,-1.2249059677124023
159470.0,-1.2375495433807373
159475.0,-1.2352259159088135
159480.0,-1.2258907556533813
159485.0,-1.2483378648757935
159490.0,-1.2166855335235596
159495.0,-1.2156989574432373
159500.0,-1.2387051582336426
159505.0,-1.2299690246582031
159510.0,-1.236335039138794
159515.0,-1.2421951293945312
159520.0,-1.2252246141433716
159525.0,-1.2279025316238403
159530.0,-1.2294516563415527
159535.0,-1.2369256019592285
159540.0,-1.23915696144104
159545.0,-1.227348804473877
159550.0,-1.2239434719085693
159555.0,-1.2284069061279297
159560.0,-1.2202750444412231
159565.0,-1.230294108390808
159570.0,-1.2450860738754272
159575.0,-1.2298376560211182
159580.0,-1.21726655960083
159585.0,-1.235653281211853
159590.0,-1.2283194065093994
159595.0,-1.227358341217041
159600.0,-1.2327766418457031
159605.0,-1.223095417022705
159610.0,-1.2232515811920166
159615.0,-1.2471742630004883
159620.0,-1.2187048196792603
159625.0,-1.234570026397705
159630.0,-1.2509855031967163
159635.0,-1.2292211055755615
159640.0,-1.2288379669189453
159645.0,-1.2396435737609863
159650.0,-1.2379658222198486
159655.0,-1.2172646522521973
159660.0,-1.242613434791565
159665.0,-1.2268058061599731
159670.0,-1.2336907386779785
159675.0,-1.2364648580551147
159680.0,-1.2124879360198975
159685.0,-1.2377601861953735
159690.0,-1.2501883506774902
159695.0,-1.212749719619751
159700.0,-1.246152400970459
159705.0,-1.2513606548309326
159710.0,-1.2055842876434326
159715.0,-1.2389482259750366
159720.0,-1.2416963577270508
159725.0,-1.2178394794464111
159730.0,-1.233591914176941
159735.0,-1.2298970222473145
159740.0,-1.2254374027252197
159745.0,-1.2249886989593506
159750.0,-1.2304213047027588
159755.0,-1.2285168170928955
159760.0,-1.229995608329773
159765.0,-1.2166011333465576
159770.0,-1.2252007722854614
159775.0,-1.239919662475586
159780.0,-1.231396198272705
159785.0,-1.2118244171142578
159790.0,-1.2460484504699707
159795.0,-1.2185237407684326
159800.0,-1.205747127532959
159805.0,-1.2449829578399658
159810.0,-1.2234818935394287
159815.0,-1.2290949821472168
159820.0,-1.2301385402679443
159825.0,-1.226637601852417
159830.0,-1.220514178276062
159835.0,-1.2390207052230835
159840.0,-1.2371684312820435
159845.0,-1.240601658821106
159850.0,-1.2251880168914795
159855.0,-1.2333168983459473
159860.0,-1.2355988025665283
159865.0,-1.2350484132766724
159870.0,-1.2259817123413086
159875.0,-1.2524157762527466
159880.0,-1.2236746549606323
159885.0,-1.2127935886383057
159890.0,-1.2573392391204834
159895.0,-1.2369173765182495
159900.0,-1.2227058410644531
159905.0,-1.2608484029769897
159910.0,-1.2207727432250977
159915.0,-1.2147053480148315
159920.0,-1.2436619997024536
159925.0,-1.2235807180404663
159930.0,-1.234947919845581
159935.0,-1.245101809501648
159940.0,-1.2325156927108765
159945.0,-1.2379729747772217
159950.0,-1.2259268760681152
159955.0,-1.2217423915863037
159960.0,-1.2459626197814941
159965.0,-1.2162344455718994
159970.0,-1.2302082777023315
159975.0,-1.2296168804168701
159980.0,-1.2218637466430664
159985.0,-1.2362446784973145
159990.0,-1.2436386346817017
159995.0,-1.2475579977035522
160000.0,-1.2367490530014038
160005.0,-1.2224721908569336
160010.0,-1.2375423908233643
160015.0,-1.2366654872894287
160020.0,-1.2241389751434326
160025.0,-1.2414286136627197
160030.0,-1.216558575630188
160035.0,-1.2297799587249756
160040.0,-1.2464678287506104
160045.0,-1.2099041938781738
160050.0,-1.2444883584976196
160055.0,-1.2332112789154053
160060.0,-1.2107737064361572
160065.0,-1.2468689680099487
160070.0,-1.2167891263961792
160075.0,-1.2206522226333618
160080.0,-1.2474462985992432
160085.0,-1.2074315547943115
160090.0,-1.214918851852417
160095.0,-1.2561476230621338
160100.0,-1.2172489166259766
160105.0,-1.2051161527633667
160110.0,-1.2518482208251953
160115.0,-1.2312873601913452
160120.0,-1.2134766578674316
160125.0,-1.2570772171020508
160130.0,-1.2264858484268188
160135.0,-1.2218468189239502
160140.0,-1.2284126281738281
160145.0,-1.2243897914886475
160150.0,-1.2394282817840576
160155.0,-1.2189445495605469
160160.0,-1.240173578262329
160165.0,-1.235567569732666
160170.0,-1.2100160121917725
160175.0,-1.230175495147705
160180.0,-1.2524930238723755
160185.0,-1.2211323976516724
160190.0,-1.241728663444519
160195.0,-1.24332594871521
160200.0,-1.2156965732574463
160205.0,-1.2366368770599365
160210.0,-1.2338571548461914
160215.0,-1.2316819429397583
160220.0,-1.2411564588546753
160225.0,-1.221590518951416
160230.0,-1.2353935241699219
160235.0,-1.2413499355316162
160240.0,-1.2335646152496338
160245.0,-1.2401504516601562
160250.0,-1.2392785549163818
160255.0,-1.2253823280334473
160260.0,-1.2314958572387695
160265.0,-1.2339204549789429
160270.0,-1.2438641786575317
160275.0,-1.2402509450912476
160280.0,-1.219724178314209
160285.0,-1.248384952545166
160290.0,-1.2315261363983154
160295.0,-1.21144437789917
160300.0,-1.2463079690933228
160305.0,-1.2187979221343994
160310.0,-1.2218636274337769
160315.0,-1.2554477453231812
160320.0,-1.2208476066589355
160325.0,-1.232301950454712
160330.0,-1.246992826461792
160335.0,-1.2232036590576172
160340.0,-1.2316373586654663
160345.0,-1.24803626537323
160350.0,-1.2330881357192993
160355.0,-1.2449705600738525
160360.0,-1.210139513015747
160365.0,-1.2327938079833984
160370.0,-1.2453701496124268
160375.0,-1.2220134735107422
160380.0,-1.243276834487915
160385.0,-1.2367994785308838
160390.0,-1.2182798385620117
160395.0,-1.243515968322754
160400.0,-1.2251248359680176
160405.0,-1.22127103805542
160410.0,-1.235844612121582
160415.0,-1.2225968837738037
160420.0,-1.240720510482788
160425.0,-1.2392429113388062
160430.0,-1.2302662134170532
160435.0,-1.2392288446426392
160440.0,-1.22816801071167
160445.0,-1.2311570644378662
160450.0,-1.2460691928863525
160455.0,-1.2262375354766846
160460.0,-1.2258086204528809
160465.0,-1.2296662330627441
160470.0,-1.2191786766052246
160475.0,-1.231647253036499
160480.0,-1.228417158126831
160485.0,-1.2402507066726685
160490.0,-1.2297745943069458
160495.0,-1.2164446115493774
160500.0,-1.2306151390075684
160505.0,-1.2282569408416748
160510.0,-1.2212365865707397
160515.0,-1.2245805263519287
160520.0,-1.2487142086029053
160525.0,-1.2152011394500732
160530.0,-1.2203978300094604
160535.0,-1.2408597469329834
160540.0,-1.2269656658172607
160545.0,-1.2315789461135864
160550.0,-1.2358061075210571
160555.0,-1.2446210384368896
160560.0,-1.2176978588104248
160565.0,-1.2339551448822021
160570.0,-1.220339059829712
160575.0,-1.2509593963623047
160580.0,-1.2284404039382935
160585.0,-1.2310082912445068
160590.0,-1.2523432970046997
160595.0,-1.2240304946899414
160600.0,-1.22281014919281
160605.0,-1.2422540187835693
160610.0,-1.2226825952529907
160615.0,-1.2286185026168823
160620.0,-1.2432122230529785
160625.0,-1.2163430452346802
160630.0,-1.2254410982131958
160635.0,-1.2408989667892456
160640.0,-1.2194852828979492
160645.0,-1.2256344556808472
160650.0,-1.2361905574798584
160655.0,-1.2194170951843262
160660.0,-1.2299041748046875
160665.0,-1.233515739440918
160670.0,-1.2284417152404785
160675.0,-1.2279897928237915
160680.0,-1.2330436706542969
160685.0,-1.2264280319213867
160690.0,-1.2295870780944824
160695.0,-1.2452623844146729
160700.0,-1.2433041334152222
160705.0,-1.224179983139038
160710.0,-1.2276290655136108
160715.0,-1.2390905618667603
160720.0,-1.2342562675476074
160725.0,-1.234161138534546
160730.0,-1.2196495532989502
160735.0,-1.229028582572937
160740.0,-1.2422670125961304
160745.0,-1.2075849771499634
160750.0,-1.234724760055542
160755.0,-1.2288353443145752
160760.0,-1.210568904876709
160765.0,-1.2479575872421265
160770.0,-1.2343931198120117
160775.0,-1.218483328819275
160780.0,-1.2229909896850586
160785.0,-1.2418632507324219
160790.0,-1.2230570316314697
160795.0,-1.2384061813354492
160800.0,-1.2459007501602173
160805.0,-1.2180050611495972
160810.0,-1.2140928506851196
160815.0,-1.2546277046203613
160820.0,-1.2248845100402832
160825.0,-1.2311341762542725
160830.0,-1.2562930583953857
160835.0,-1.2129807472229004
160840.0,-1.240504503250122
160845.0,-1.2291083335876465
160850.0,-1.247654676437378
160855.0,-1.2298076152801514
160860.0,-1.2444915771484375
160865.0,-1.2235426902770996
160870.0,-1.2296733856201172
160875.0,-1.2346638441085815
160880.0,-1.2436434030532837
160885.0,-1.2302275896072388
160890.0,-1.2123818397521973
160895.0,-1.2469263076782227
160900.0,-1.230737328529358
160905.0,-1.2178964614868164
160910.0,-1.2508069276809692
160915.0,-1.2259750366210938
160920.0,-1.2098989486694336
160925.0,-1.259952425956726
160930.0,-1.2399475574493408
160935.0,-1.2142866849899292
160940.0,-1.2451099157333374
160945.0,-1.238484263420105
160950.0,-1.2123966217041016
160955.0,-1.2570480108261108
160960.0,-1.2349193096160889
160965.0,-1.23116135597229
160970.0,-1.2132244110107422
160975.0,-1.230329155921936
160980.0,-1.2377004623413086
160985.0,-1.2081767320632935
160990.0,-1.226353645324707
160995.0,-1.2356704473495483
161000.0,-1.2279032468795776
161005.0,-1.230755090713501
161010.0,-1.2481322288513184
161015.0,-1.227417230606079
161020.0,-1.236220121383667
161025.0,-1.245255947113037
161030.0,-1.2343381643295288
161035.0,-1.2504301071166992
161040.0,-1.2427115440368652
161045.0,-1.2238965034484863
161050.0,-1.233752727508545
161055.0,-1.2366087436676025
161060.0,-1.2190876007080078
161065.0,-1.2343864440917969
161070.0,-1.2374836206436157
161075.0,-1.2162495851516724
161080.0,-1.2328625917434692
161085.0,-1.2368966341018677
161090.0,-1.2347332239151
161095.0,-1.2349951267242432
161100.0,-1.2253576517105103
161105.0,-1.2219340801239014
161110.0,-1.2187622785568237
161115.0,-1.2280776500701904
161120.0,-1.2249810695648193
161125.0,-1.229645848274231
161130.0,-1.2346124649047852
161135.0,-1.2148642539978027
161140.0,-1.2282638549804688
161145.0,-1.2482216358184814
161150.0,-1.2204163074493408
161155.0,-1.2292022705078125
161160.0,-1.2520145177841187
161165.0,-1.2159273624420166
161170.0,-1.2350950241088867
161175.0,-1.2436614036560059
161180.0,-1.223558783531189
161185.0,-1.2223018407821655
161190.0,-1.2309733629226685
161195.0,-1.2270679473876953
161200.0,-1.2437896728515625
161205.0,-1.2365903854370117
161210.0,-1.2264916896820068
161215.0,-1.245572566986084
161220.0,-1.2222403287887573
161225.0,-1.2421387434005737
161230.0,-1.2381430864334106
161235.0,-1.2181286811828613
161240.0,-1.2445147037506104
161245.0,-1.2204838991165161
161250.0,-1.2230215072631836
161255.0,-1.251941204071045
161260.0,-1.2252260446548462
161265.0,-1.2360286712646484
161270.0,-1.2288788557052612
161275.0,-1.2225593328475952
161280.0,-1.2248730659484863
161285.0,-1.2191965579986572
161290.0,-1.2330482006072998
161295.0,-1.2385649681091309
161300.0,-1.2127187252044678
161305.0,-1.2351444959640503
161310.0,-1.2359189987182617
161315.0,-1.2262177467346191
161320.0,-1.2588577270507812
161325.0,-1.2347499132156372
161330.0,-1.233813762664795
161335.0,-1.2491227388381958
161340.0,-1.2241287231445312
161345.0,-1.2312257289886475
161350.0,-1.246565580368042
161355.0,-1.2326927185058594
161360.0,-1.2272769212722778
161365.0,-1.2178789377212524
161370.0,-1.2259910106658936
161375.0,-1.2390575408935547
161380.0,-1.2340725660324097
161385.0,-1.230098843574524
161390.0,-1.238581657409668
161395.0,-1.2285435199737549
161400.0,-1.228635311126709
161405.0,-1.2401037216186523
161410.0,-1.231210708618164
161415.0,-1.2500789165496826
161420.0,-1.2170696258544922
161425.0,-1.2318570613861084
161430.0,-1.230305552482605
161435.0,-1.2308220863342285
161440.0,-1.2487854957580566
161445.0,-1.2318470478057861
161450.0,-1.2402788400650024
161455.0,-1.2408509254455566
161460.0,-1.223096251487732
161465.0,-1.2286105155944824
161470.0,-1.2548667192459106
161475.0,-1.214929223060608
161480.0,-1.246732234954834
161485.0,-1.221808671951294
161490.0,-1.2217907905578613
161495.0,-1.2325849533081055
161500.0,-1.2059248685836792
161505.0,-1.2438411712646484
161510.0,-1.2346998453140259
161515.0,-1.2159993648529053
161520.0,-1.2545511722564697
161525.0,-1.2340543270111084
161530.0,-1.210697889328003
161535.0,-1.236649513244629
161540.0,-1.234527826309204
161545.0,-1.2499744892120361
161550.0,-1.2289878129959106
161555.0,-1.2217776775360107
161560.0,-1.2526475191116333
161565.0,-1.23104727268219
161570.0,-1.2324609756469727
161575.0,-1.2437660694122314
161580.0,-1.2316778898239136
161585.0,-1.2142746448516846
161590.0,-1.2289198637008667
161595.0,-1.2358529567718506
161600.0,-1.2479004859924316
161605.0,-1.2225221395492554
161610.0,-1.231141448020935
161615.0,-1.2475645542144775
161620.0,-1.2287399768829346
161625.0,-1.2316584587097168
161630.0,-1.2387275695800781
161635.0,-1.2363978624343872
161640.0,-1.2468000650405884
161645.0,-1.2087006568908691
161650.0,-1.2437726259231567
161655.0,-1.238981008529663
161660.0,-1.2102875709533691
161665.0,-1.2435181140899658
161670.0,-1.2346091270446777
161675.0,-1.216554880142212
161680.0,-1.2661939859390259
161685.0,-1.2059118747711182
161690.0,-1.225625991821289
161695.0,-1.247592806816101
161700.0,-1.2033127546310425
161705.0,-1.2360917329788208
161710.0,-1.2333195209503174
161715.0,-1.2100095748901367
161720.0,-1.232753038406372
161725.0,-1.2201554775238037
161730.0,-1.2239055633544922
161735.0,-1.2333300113677979
161740.0,-1.2262318134307861
161745.0,-1.2463876008987427
161750.0,-1.2218945026397705
161755.0,-1.21599280834198
161760.0,-1.2436696290969849
161765.0,-1.2151215076446533
161770.0,-1.2393708229064941
161775.0,-1.236992359161377
161780.0,-1.2079756259918213
161785.0,-1.2454220056533813
161790.0,-1.2311400175094604
161795.0,-1.227643370628357
161800.0,-1.245728850364685
161805.0,-1.2226674556732178
161810.0,-1.2197026014328003
161815.0,-1.2477896213531494
161820.0,-1.2260740995407104
161825.0,-1.2292793989181519
161830.0,-1.2374216318130493
161835.0,-1.214119553565979
161840.0,-1.2226577997207642
161845.0,-1.2499767541885376
161850.0,-1.222353219985962
161855.0,-1.217360496520996
161860.0,-1.2369577884674072
161865.0,-1.2225278615951538
161870.0,-1.222580909729004
161875.0,-1.2252287864685059
161880.0,-1.2448434829711914
161885.0,-1.2192829847335815
161890.0,-1.2389298677444458
161895.0,-1.2361669540405273
161900.0,-1.2293373346328735
161905.0,-1.2336735725402832
161910.0,-1.2336885929107666
161915.0,-1.2383804321289062
161920.0,-1.2355668544769287
161925.0,-1.2499737739562988
161930.0,-1.2183141708374023
161935.0,-1.2317613363265991
161940.0,-1.2558927536010742
161945.0,-1.2234647274017334
161950.0,-1.228730320930481
161955.0,-1.2445040941238403
161960.0,-1.2135237455368042
161965.0,-1.2366278171539307
161970.0,-1.2317302227020264
161975.0,-1.213355302810669
161980.0,-1.2428569793701172
161985.0,-1.2267495393753052
161990.0,-1.2175722122192383
161995.0,-1.2437318563461304
162000.0,-1.2328804731369019
162005.0,-1.2287790775299072
162010.0,-1.23928701877594
162015.0,-1.2320934534072876
162020.0,-1.231524109840393
162025.0,-1.2344372272491455
162030.0,-1.2237626314163208
162035.0,-1.2449990510940552
162040.0,-1.2089159488677979
162045.0,-1.2292675971984863
162050.0,-1.2467460632324219
162055.0,-1.2141342163085938
162060.0,-1.2165472507476807
162065.0,-1.2194337844848633
162070.0,-1.224109172821045
162075.0,-1.2350045442581177
162080.0,-1.211005687713623
162085.0,-1.2361376285552979
162090.0,-1.2352341413497925
162095.0,-1.2282333374023438
162100.0,-1.2340892553329468
162105.0,-1.2280038595199585
162110.0,-1.2208195924758911
162115.0,-1.2328827381134033
162120.0,-1.2229424715042114
162125.0,-1.2246043682098389
162130.0,-1.2622945308685303
162135.0,-1.2353570461273193
162140.0,-1.2354902029037476
162145.0,-1.246901512145996
162150.0,-1.232879877090454
162155.0,-1.2494664192199707
162160.0,-1.2504160404205322
162165.0,-1.2263293266296387
162170.0,-1.2178502082824707
162175.0,-1.2301626205444336
162180.0,-1.2324004173278809
162185.0,-1.2335238456726074
162190.0,-1.2310543060302734
162195.0,-1.2096645832061768
162200.0,-1.2018043994903564
162205.0,-1.202855110168457
162210.0,-1.2304611206054688
162215.0,-1.2028591632843018
162220.0,-1.2108325958251953
162225.0,-1.233414649963379
162230.0,-1.2059041261672974
162235.0,-1.2229385375976562
162240.0,-1.2435847520828247
162245.0,-1.2219204902648926
162250.0,-1.224839448928833
162255.0,-1.218813419342041
162260.0,-1.247889518737793
162265.0,-1.239351749420166
162270.0,-1.226285457611084
162275.0,-1.2311265468597412
162280.0,-1.2322843074798584
162285.0,-1.235628604888916
162290.0,-1.2457566261291504
162295.0,-1.2290536165237427
162300.0,-1.2554826736450195
162305.0,-1.2387973070144653
162310.0,-1.214470624923706
162315.0,-1.2330071926116943
162320.0,-1.241897702217102
162325.0,-1.237688660621643
162330.0,-1.2315211296081543
162335.0,-1.231073260307312
162340.0,-1.237836480140686
162345.0,-1.2304338216781616
162350.0,-1.2422261238098145
162355.0,-1.2483437061309814
162360.0,-1.2408021688461304
162365.0,-1.2322558164596558
162370.0,-1.2207748889923096
162375.0,-1.2463676929473877
162380.0,-1.223904013633728
162385.0,-1.2273657321929932
162390.0,-1.2484052181243896
162395.0,-1.2190561294555664
162400.0,-1.2256475687026978
162405.0,-1.2593114376068115
162410.0,-1.2102079391479492
162415.0,-1.2479214668273926
162420.0,-1.2313170433044434
162425.0,-1.2209393978118896
162430.0,-1.2484900951385498
162435.0,-1.2297682762145996
162440.0,-1.2336761951446533
162445.0,-1.2409589290618896
162450.0,-1.212414264678955
162455.0,-1.228018045425415
162460.0,-1.2518656253814697
162465.0,-1.2305949926376343
162470.0,-1.2343273162841797
162475.0,-1.2308709621429443
162480.0,-1.2383580207824707
162485.0,-1.2296544313430786
162490.0,-1.2422640323638916
162495.0,-1.2384612560272217
162500.0,-1.2312047481536865
162505.0,-1.2287280559539795
162510.0,-1.2321385145187378
162515.0,-1.2405481338500977
162520.0,-1.241835355758667
162525.0,-1.21744966506958
162530.0,-1.234960913658142
162535.0,-1.2247763872146606
162540.0,-1.2346537113189697
162545.0,-1.2342662811279297
162550.0,-1.2223353385925293
162555.0,-1.2309317588806152
162560.0,-1.2227338552474976
162565.0,-1.2221488952636719
162570.0,-1.2379646301269531
162575.0,-1.241970181465149
162580.0,-1.2380621433258057
162585.0,-1.2107042074203491
162590.0,-1.237152099609375
162595.0,-1.2363216876983643
162600.0,-1.2285455465316772
162605.0,-1.2429418563842773
162610.0,-1.2238495349884033
162615.0,-1.215540885925293
162620.0,-1.242159128189087
162625.0,-1.2339036464691162
162630.0,-1.220359444618225
162635.0,-1.2468454837799072
162640.0,-1.21928071975708
162645.0,-1.215959906578064
162650.0,-1.2343873977661133
162655.0,-1.2215988636016846
162660.0,-1.2245994806289673
162665.0,-1.241094708442688
162670.0,-1.2318799495697021
162675.0,-1.2308964729309082
162680.0,-1.245956301689148
162685.0,-1.2356998920440674
162690.0,-1.2422715425491333
162695.0,-1.2383402585983276
162700.0,-1.235304832458496
162705.0,-1.2388036251068115
162710.0,-1.2022168636322021
162715.0,-1.2221145629882812
162720.0,-1.2544870376586914
162725.0,-1.2163798809051514
162730.0,-1.2171870470046997
162735.0,-1.2261426448822021
162740.0,-1.2275285720825195
162745.0,-1.2123167514801025
162750.0,-1.2375520467758179
162755.0,-1.2320315837860107
162760.0,-1.2280198335647583
162765.0,-1.2188693284988403
162770.0,-1.2238726615905762
162775.0,-1.2414453029632568
162780.0,-1.2101640701293945
162785.0,-1.2102510929107666
162790.0,-1.2329790592193604
162795.0,-1.212249517440796
162800.0,-1.2224760055541992
162805.0,-1.2601616382598877
162810.0,-1.2240806818008423
162815.0,-1.212609052658081
162820.0,-1.2496063709259033
162825.0,-1.2184306383132935
162830.0,-1.2447657585144043
162835.0,-1.2374465465545654
162840.0,-1.2396239042282104
162845.0,-1.2198386192321777
162850.0,-1.2305351495742798
162855.0,-1.2420647144317627
162860.0,-1.2349624633789062
162865.0,-1.2062095403671265
162870.0,-1.2304412126541138
162875.0,-1.2192213535308838
162880.0,-1.220772624015808
162885.0,-1.2597076892852783
162890.0,-1.2179330587387085
162895.0,-1.244296669960022
162900.0,-1.2596583366394043
162905.0,-1.2221629619598389
162910.0,-1.2400388717651367
162915.0,-1.263129711151123
162920.0,-1.2185375690460205
162925.0,-1.257462739944458
162930.0,-1.235541820526123
162935.0,-1.23465895652771
162940.0,-1.239009141921997
162945.0,-1.2129833698272705
162950.0,-1.2412693500518799
162955.0,-1.2452791929244995
162960.0,-1.2110238075256348
162965.0,-1.2404226064682007
162970.0,-1.2335788011550903
162975.0,-1.2094976902008057
162980.0,-1.2445265054702759
162985.0,-1.2343990802764893
162990.0,-1.2295103073120117
162995.0,-1.2231277227401733
163000.0,-1.2407811880111694
163005.0,-1.2338786125183105
163010.0,-1.231945276260376
163015.0,-1.2206318378448486
163020.0,-1.2244837284088135
163025.0,-1.2288568019866943
163030.0,-1.2070705890655518
163035.0,-1.236498236656189
163040.0,-1.2550235986709595
163045.0,-1.2233779430389404
163050.0,-1.2332385778427124
163055.0,-1.2544939517974854
163060.0,-1.2218105792999268
163065.0,-1.2439136505126953
163070.0,-1.2646414041519165
163075.0,-1.2303969860076904
163080.0,-1.2272535562515259
163085.0,-1.2476117610931396
163090.0,-1.2390828132629395
163095.0,-1.2477822303771973
163100.0,-1.2464103698730469
163105.0,-1.226374626159668
163110.0,-1.2250645160675049
163115.0,-1.2372055053710938
163120.0,-1.252803087234497
163125.0,-1.243688941001892
163130.0,-1.2125189304351807
163135.0,-1.2266868352890015
163140.0,-1.224809169769287
163145.0,-1.2229729890823364
163150.0,-1.2446553707122803
163155.0,-1.2436203956604004
163160.0,-1.2179996967315674
163165.0,-1.2298775911331177
163170.0,-1.2333431243896484
163175.0,-1.2316970825195312
163180.0,-1.2394306659698486
163185.0,-1.2322430610656738
163190.0,-1.2343653440475464
163195.0,-1.228236436843872
163200.0,-1.2226568460464478
163205.0,-1.2354556322097778
163210.0,-1.2449536323547363
163215.0,-1.220607042312622
163220.0,-1.2188156843185425
163225.0,-1.2434253692626953
163230.0,-1.2422335147857666
163235.0,-1.232169270515442
163240.0,-1.2299922704696655
163245.0,-1.2393651008605957
163250.0,-1.2159812450408936
163255.0,-1.2332055568695068
163260.0,-1.2475204467773438
163265.0,-1.2455416917800903
163270.0,-1.2159287929534912
163275.0,-1.2303701639175415
163280.0,-1.2334024906158447
163285.0,-1.220829725265503
163290.0,-1.2308510541915894
163295.0,-1.245265245437622
163300.0,-1.2223622798919678
163305.0,-1.2215580940246582
163310.0,-1.2340211868286133
163315.0,-1.2247464656829834
163320.0,-1.2271817922592163
163325.0,-1.2472105026245117
163330.0,-1.2171841859817505
163335.0,-1.217523455619812
163340.0,-1.2462756633758545
163345.0,-1.2192115783691406
163350.0,-1.219001054763794
163355.0,-1.2487519979476929
163360.0,-1.2195441722869873
163365.0,-1.206708312034607
163370.0,-1.2466540336608887
163375.0,-1.2213783264160156
163380.0,-1.2278039455413818
163385.0,-1.253020167350769
163390.0,-1.197638988494873
163395.0,-1.2276626825332642
163400.0,-1.250842809677124
163405.0,-1.2019730806350708
163410.0,-1.2365944385528564
163415.0,-1.2488996982574463
163420.0,-1.206813097000122
163425.0,-1.2203962802886963
163430.0,-1.2526257038116455
163435.0,-1.2238736152648926
163440.0,-1.2142665386199951
163445.0,-1.2473584413528442
163450.0,-1.2175209522247314
163455.0,-1.2060688734054565
163460.0,-1.2464039325714111
163465.0,-1.2311526536941528
163470.0,-1.2239712476730347
163475.0,-1.2280369997024536
163480.0,-1.1991970539093018
163485.0,-1.215241551399231
163490.0,-1.2270681858062744
163495.0,-1.198744297027588
163500.0,-1.236600637435913
163505.0,-1.2499287128448486
163510.0,-1.2142274379730225
163515.0,-1.2422573566436768
163520.0,-1.2380732297897339
163525.0,-1.2187443971633911
163530.0,-1.2451039552688599
163535.0,-1.237795352935791
163540.0,-1.2338281869888306
163545.0,-1.2126243114471436
163550.0,-1.2172709703445435
163555.0,-1.2282252311706543
163560.0,-1.2318706512451172
163565.0,-1.2261160612106323
163570.0,-1.2277517318725586
163575.0,-1.2420669794082642
163580.0,-1.2190957069396973
163585.0,-1.2197933197021484
163590.0,-1.2401278018951416
163595.0,-1.2313919067382812
163600.0,-1.2199856042861938
163605.0,-1.2427369356155396
163610.0,-1.2269186973571777
163615.0,-1.2211569547653198
163620.0,-1.2410026788711548
163625.0,-1.2334903478622437
163630.0,-1.2297391891479492
163635.0,-1.2364850044250488
163640.0,-1.224684238433838
163645.0,-1.2138683795928955
163650.0,-1.2441312074661255
163655.0,-1.231629729270935
163660.0,-1.2254323959350586
163665.0,-1.232351541519165
163670.0,-1.2227766513824463
163675.0,-1.2189792394638062
163680.0,-1.2378417253494263
163685.0,-1.2184741497039795
163690.0,-1.2212789058685303
163695.0,-1.2347694635391235
163700.0,-1.226576328277588
163705.0,-1.2119026184082031
163710.0,-1.2389297485351562
163715.0,-1.2484312057495117
163720.0,-1.2089707851409912
163725.0,-1.2438929080963135
163730.0,-1.2121119499206543
163735.0,-1.2025508880615234
163740.0,-1.2533077001571655
163745.0,-1.226794958114624
163750.0,-1.2215116024017334
163755.0,-1.248915433883667
163760.0,-1.2044624090194702
163765.0,-1.2234513759613037
163770.0,-1.2363486289978027
163775.0,-1.2104625701904297
163780.0,-1.2511029243469238
163785.0,-1.2366008758544922
163790.0,-1.219709873199463
163795.0,-1.2456631660461426
163800.0,-1.2488559484481812
163805.0,-1.2338037490844727
163810.0,-1.244880199432373
163815.0,-1.2359036207199097
163820.0,-1.2375099658966064
163825.0,-1.2210043668746948
163830.0,-1.217214584350586
163835.0,-1.2500203847885132
163840.0,-1.2197635173797607
163845.0,-1.2357600927352905
163850.0,-1.2405645847320557
163855.0,-1.2196675539016724
163860.0,-1.220081090927124
163865.0,-1.257786750793457
163870.0,-1.2115933895111084
163875.0,-1.2377848625183105
163880.0,-1.2466719150543213
163885.0,-1.2155625820159912
163890.0,-1.22836434841156
163895.0,-1.2476716041564941
163900.0,-1.2272742986679077
163905.0,-1.234089970588684
163910.0,-1.2366434335708618
163915.0,-1.2095863819122314
163920.0,-1.24351167678833
163925.0,-1.2373063564300537
163930.0,-1.2226088047027588
163935.0,-1.2413465976715088
163940.0,-1.233525276184082
163945.0,-1.2034459114074707
163950.0,-1.2609097957611084
163955.0,-1.2168340682983398
163960.0,-1.223454236984253
163965.0,-1.2462431192398071
163970.0,-1.2075988054275513
163975.0,-1.218252420425415
163980.0,-1.2460823059082031
163985.0,-1.220595359802246
163990.0,-1.2301946878433228
163995.0,-1.2262173891067505
164000.0,-1.2362228631973267
164005.0,-1.2409579753875732
164010.0,-1.205481767654419
164015.0,-1.2479777336120605
164020.0,-1.232790470123291
164025.0,-1.2028920650482178
164030.0,-1.2515885829925537
164035.0,-1.2359652519226074
164040.0,-1.2247464656829834
164045.0,-1.2478610277175903
164050.0,-1.224323034286499
164055.0,-1.2290818691253662
164060.0,-1.242244839668274
164065.0,-1.2222542762756348
164070.0,-1.233184576034546
164075.0,-1.2538483142852783
164080.0,-1.2161362171173096
164085.0,-1.236680269241333
164090.0,-1.2525207996368408
164095.0,-1.2074027061462402
164100.0,-1.241156816482544
164105.0,-1.2243382930755615
164110.0,-1.205702543258667
164115.0,-1.239693284034729
164120.0,-1.2224407196044922
164125.0,-1.2319389581680298
164130.0,-1.2275269031524658
164135.0,-1.2225100994110107
164140.0,-1.2324975728988647
164145.0,-1.226192593574524
164150.0,-1.2074040174484253
164155.0,-1.2411718368530273
164160.0,-1.2472259998321533
164165.0,-1.2228403091430664
164170.0,-1.233381986618042
164175.0,-1.2534904479980469
164180.0,-1.2388113737106323
164185.0,-1.2134555578231812
164190.0,-1.2547955513000488
164195.0,-1.2496085166931152
164200.0,-1.222064733505249
164205.0,-1.220941185951233
164210.0,-1.216820240020752
164215.0,-1.2346837520599365
164220.0,-1.226663589477539
164225.0,-1.222822666168213
164230.0,-1.2371023893356323
164235.0,-1.2347949743270874
164240.0,-1.2144795656204224
164245.0,-1.2404649257659912
164250.0,-1.2454180717468262
164255.0,-1.2153408527374268
164260.0,-1.2341206073760986
164265.0,-1.24241304397583
164270.0,-1.2379155158996582
164275.0,-1.235558271408081
164280.0,-1.2258825302124023
164285.0,-1.2191500663757324
164290.0,-1.22991144657135
164295.0,-1.2397074699401855
164300.0,-1.245250940322876
164305.0,-1.2513353824615479
164310.0,-1.2387152910232544
164315.0,-1.2332121133804321
164320.0,-1.238891839981079
164325.0,-1.2325737476348877
164330.0,-1.2456564903259277
164335.0,-1.2262380123138428
164340.0,-1.206663966178894
164345.0,-1.2251548767089844
164350.0,-1.2350897789001465
164355.0,-1.2246654033660889
164360.0,-1.232612133026123
164365.0,-1.2355751991271973
164370.0,-1.2381025552749634
164375.0,-1.2336618900299072
164380.0,-1.238368272781372
164385.0,-1.2424873113632202
164390.0,-1.2369276285171509
164395.0,-1.230323076248169
164400.0,-1.2527599334716797
164405.0,-1.2503341436386108
164410.0,-1.2248234748840332
164415.0,-1.2240407466888428
164420.0,-1.2315183877944946
164425.0,-1.2477854490280151
164430.0,-1.2201600074768066
164435.0,-1.22850501537323
164440.0,-1.2384384870529175
164445.0,-1.2231301069259644
164450.0,-1.2141377925872803
164455.0,-1.2473788261413574
164460.0,-1.2345712184906006
164465.0,-1.2134677171707153
164470.0,-1.2446614503860474
164475.0,-1.2493033409118652
164480.0,-1.2299811840057373
164485.0,-1.2461858987808228
164490.0,-1.236278772354126
164495.0,-1.2266786098480225
164500.0,-1.2458345890045166
164505.0,-1.1884009838104248
164510.0,-1.244649887084961
164515.0,-1.2253422737121582
164520.0,-1.2356871366500854
164525.0,-1.265151023864746
164530.0,-1.2389668226242065
164535.0,-1.2314460277557373
164540.0,-1.269397497177124
164545.0,-1.2262046337127686
164550.0,-1.2357603311538696
164555.0,-1.2692137956619263
164560.0,-1.2369542121887207
164565.0,-1.218988060951233
164570.0,-1.2223875522613525
164575.0,-1.2350490093231201
164580.0,-1.2245523929595947
164585.0,-1.2345290184020996
164590.0,-1.238161325454712
164595.0,-1.2294230461120605
164600.0,-1.2331106662750244
164605.0,-1.2265108823776245
164610.0,-1.2301033735275269
164615.0,-1.2404463291168213
164620.0,-1.214280366897583
164625.0,-1.2360880374908447
164630.0,-1.2342689037322998
164635.0,-1.224359393119812
164640.0,-1.2629841566085815
164645.0,-1.226952075958252
164650.0,-1.2218722105026245
164655.0,-1.2572100162506104
164660.0,-1.216562271118164
164665.0,-1.2437317371368408
164670.0,-1.2370855808258057
164675.0,-1.2390801906585693
164680.0,-1.2441357374191284
164685.0,-1.2073194980621338
164690.0,-1.2304446697235107
164695.0,-1.2555785179138184
164700.0,-1.206010341644287
164705.0,-1.2357527017593384
164710.0,-1.2446132898330688
164715.0,-1.1898339986801147
164720.0,-1.2386903762817383
164725.0,-1.2479848861694336
164730.0,-1.2323038578033447
164735.0,-1.2181339263916016
164740.0,-1.24580979347229
164745.0,-1.2328228950500488
164750.0,-1.227598786354065
164755.0,-1.2399461269378662
164760.0,-1.2381656169891357
164765.0,-1.2282745838165283
164770.0,-1.2213938236236572
164775.0,-1.2290980815887451
164780.0,-1.2206693887710571
164785.0,-1.2481927871704102
164790.0,-1.2268730401992798
164795.0,-1.2246816158294678
164800.0,-1.2234423160552979
164805.0,-1.2395408153533936
164810.0,-1.226511001586914
164815.0,-1.2239954471588135
164820.0,-1.2385722398757935
164825.0,-1.2269529104232788
164830.0,-1.2152138948440552
164835.0,-1.227520227432251
164840.0,-1.233797550201416
164845.0,-1.2242945432662964
164850.0,-1.239027738571167
164855.0,-1.2362794876098633
164860.0,-1.2244983911514282
164865.0,-1.2298204898834229
164870.0,-1.2346967458724976
164875.0,-1.2505013942718506
164880.0,-1.235659122467041
164885.0,-1.2249212265014648
164890.0,-1.249267816543579
164895.0,-1.2127490043640137
164900.0,-1.242893099784851
164905.0,-1.2522681951522827
164910.0,-1.2113326787948608
164915.0,-1.2508326768875122
164920.0,-1.2289602756500244
164925.0,-1.2175252437591553
164930.0,-1.2592780590057373
164935.0,-1.2149367332458496
164940.0,-1.2282240390777588
164945.0,-1.2520365715026855
164950.0,-1.2142369747161865
164955.0,-1.238656759262085
164960.0,-1.2367732524871826
164965.0,-1.2217721939086914
164970.0,-1.2412368059158325
164975.0,-1.232212781906128
164980.0,-1.2306938171386719
164985.0,-1.2441062927246094
164990.0,-1.2333626747131348
164995.0,-1.2300381660461426
165000.0,-1.2436270713806152
165005.0,-1.2237060070037842
165010.0,-1.23008394241333
165015.0,-1.2263305187225342
165020.0,-1.23643159866333
165025.0,-1.2333440780639648
165030.0,-1.2292089462280273
165035.0,-1.2407615184783936
165040.0,-1.2201193571090698
165045.0,-1.2342075109481812
165050.0,-1.2318110466003418
165055.0,-1.2375035285949707
165060.0,-1.2291752099990845
165065.0,-1.2401862144470215
165070.0,-1.230297327041626
165075.0,-1.2267812490463257
165080.0,-1.2447946071624756
165085.0,-1.2288151979446411
165090.0,-1.2316956520080566
165095.0,-1.237687110900879
165100.0,-1.2204532623291016
165105.0,-1.2274181842803955
165110.0,-1.2299917936325073
165115.0,-1.2308204174041748
165120.0,-1.2324100732803345
165125.0,-1.2269558906555176
165130.0,-1.2525817155838013
165135.0,-1.2236502170562744
165140.0,-1.2324049472808838
165145.0,-1.221487045288086
165150.0,-1.2474150657653809
165155.0,-1.238135576248169
165160.0,-1.2311571836471558
165165.0,-1.2420669794082642
165170.0,-1.2263867855072021
165175.0,-1.2180759906768799
165180.0,-1.2645611763000488
165185.0,-1.2244055271148682
165190.0,-1.2261418104171753
165195.0,-1.2588533163070679
165200.0,-1.2134298086166382
165205.0,-1.2328346967697144
165210.0,-1.2550127506256104
165215.0,-1.2169560194015503
165220.0,-1.2354702949523926
165225.0,-1.2566425800323486
165230.0,-1.215099811553955
165235.0,-1.261523962020874
165240.0,-1.2139430046081543
165245.0,-1.2288131713867188
165250.0,-1.245246410369873
165255.0,-1.212996244430542
165260.0,-1.2387927770614624
165265.0,-1.2365319728851318
165270.0,-1.2153353691101074
165275.0,-1.2350339889526367
165280.0,-1.2143337726593018
165285.0,-1.2334829568862915
165290.0,-1.251465082168579
165295.0,-1.2047529220581055
165300.0,-1.2339280843734741
165305.0,-1.2472310066223145
165310.0,-1.1967037916183472
165315.0,-1.2422854900360107
165320.0,-1.2387261390686035
165325.0,-1.2164385318756104
165330.0,-1.2221179008483887
165335.0,-1.2338296175003052
165340.0,-1.2195930480957031
165345.0,-1.2321274280548096
165350.0,-1.23093843460083
165355.0,-1.2337448596954346
165360.0,-1.2329312562942505
165365.0,-1.212494134902954
165370.0,-1.244376540184021
165375.0,-1.2235342264175415
165380.0,-1.2126965522766113
165385.0,-1.2271467447280884
165390.0,-1.2344621419906616
165395.0,-1.2207005023956299
165400.0,-1.2451305389404297
165405.0,-1.2276188135147095
165410.0,-1.2426258325576782
165415.0,-1.2435743808746338
165420.0,-1.2215181589126587
165425.0,-1.2510818243026733
165430.0,-1.2599222660064697
165435.0,-1.2316746711730957
165440.0,-1.2416408061981201
165445.0,-1.2484644651412964
165450.0,-1.235167145729065
165455.0,-1.2059924602508545
165460.0,-1.2356406450271606
165465.0,-1.246065378189087
165470.0,-1.2143646478652954
165475.0,-1.228212833404541
165480.0,-1.2415729761123657
165485.0,-1.198793649673462
165490.0,-1.2404565811157227
165495.0,-1.2360221147537231
165500.0,-1.214992880821228
165505.0,-1.2377753257751465
165510.0,-1.2263720035552979
165515.0,-1.2318832874298096
165520.0,-1.2381505966186523
165525.0,-1.216939091682434
165530.0,-1.240750789642334
165535.0,-1.2219507694244385
165540.0,-1.217827320098877
165545.0,-1.2675408124923706
165550.0,-1.2154338359832764
165555.0,-1.221738576889038
165560.0,-1.2317991256713867
165565.0,-1.2004461288452148
165570.0,-1.2399568557739258
165575.0,-1.2428439855575562
165580.0,-1.206344723701477
165585.0,-1.2457013130187988
165590.0,-1.2297446727752686
165595.0,-1.2153425216674805
165600.0,-1.2617442607879639
165605.0,-1.225959300994873
165610.0,-1.2274242639541626
165615.0,-1.2517740726470947
165620.0,-1.215163230895996
165625.0,-1.2318646907806396
165630.0,-1.256929636001587
165635.0,-1.2186486721038818
165640.0,-1.2223831415176392
165645.0,-1.247323989868164
165650.0,-1.2064130306243896
165655.0,-1.2224798202514648
165660.0,-1.2548694610595703
165665.0,-1.2097747325897217
165670.0,-1.2212142944335938
165675.0,-1.2451493740081787
165680.0,-1.215450644493103
165685.0,-1.223688006401062
165690.0,-1.2436325550079346
165695.0,-1.2067123651504517
165700.0,-1.2316114902496338
165705.0,-1.2413384914398193
165710.0,-1.2050163745880127
165715.0,-1.2365734577178955
165720.0,-1.2513623237609863
165725.0,-1.2132524251937866
165730.0,-1.2359225749969482
165735.0,-1.241141438484192
165740.0,-1.2247456312179565
165745.0,-1.2411487102508545
165750.0,-1.232029676437378
165755.0,-1.2382864952087402
165760.0,-1.2350088357925415
165765.0,-1.223850965499878
165770.0,-1.2305572032928467
165775.0,-1.2326313257217407
165780.0,-1.2274842262268066
165785.0,-1.2303621768951416
165790.0,-1.2326490879058838
165795.0,-1.2383906841278076
165800.0,-1.2198166847229004
165805.0,-1.2481045722961426
165810.0,-1.2467390298843384
165815.0,-1.202181339263916
165820.0,-1.2409412860870361
165825.0,-1.2453781366348267
165830.0,-1.2160178422927856
165835.0,-1.2505226135253906
165840.0,-1.2439011335372925
165845.0,-1.2277714014053345
165850.0,-1.2329535484313965
165855.0,-1.2382475137710571
165860.0,-1.2330634593963623
165865.0,-1.244335412979126
165870.0,-1.2251908779144287
165875.0,-1.2444239854812622
165880.0,-1.2271199226379395
165885.0,-1.217467188835144
165890.0,-1.253840446472168
165895.0,-1.2484610080718994
165900.0,-1.213403582572937
165905.0,-1.2403907775878906
165910.0,-1.2354412078857422
165915.0,-1.218335747718811
165920.0,-1.247929334640503
165925.0,-1.2259982824325562
165930.0,-1.2356396913528442
165935.0,-1.2484028339385986
165940.0,-1.212689757347107
165945.0,-1.2498416900634766
165950.0,-1.2444274425506592
165955.0,-1.2197492122650146
165960.0,-1.2536334991455078
165965.0,-1.2329840660095215
165970.0,-1.214998483657837
165975.0,-1.2595531940460205
165980.0,-1.2321395874023438
165985.0,-1.2197120189666748
165990.0,-1.2566055059432983
165995.0,-1.2288905382156372
166000.0,-1.2140965461730957
166005.0,-1.2414538860321045
166010.0,-1.237017035484314
166015.0,-1.222830891609192
166020.0,-1.2262210845947266
166025.0,-1.2165601253509521
166030.0,-1.2134761810302734
166035.0,-1.2268109321594238
166040.0,-1.2334431409835815
166045.0,-1.2229351997375488
166050.0,-1.228176474571228
166055.0,-1.2290725708007812
166060.0,-1.2244073152542114
166065.0,-1.229382872581482
166070.0,-1.226839542388916
166075.0,-1.222975254058838
166080.0,-1.2294256687164307
166085.0,-1.232785701751709
166090.0,-1.211522102355957
166095.0,-1.2341217994689941
166100.0,-1.2361849546432495
166105.0,-1.2277677059173584
166110.0,-1.2430078983306885
166115.0,-1.236925482749939
166120.0,-1.2214279174804688
166125.0,-1.2400453090667725
166130.0,-1.2438660860061646
166135.0,-1.225791096687317
166140.0,-1.2440277338027954
166145.0,-1.235626220703125
166150.0,-1.218319058418274
166155.0,-1.2330472469329834
166160.0,-1.2351078987121582
166165.0,-1.2180721759796143
166170.0,-1.2267868518829346
166175.0,-1.230884313583374
166180.0,-1.2215485572814941
166185.0,-1.2221646308898926
166190.0,-1.237581729888916
166195.0,-1.2488079071044922
166200.0,-1.23103666305542
166205.0,-1.2241854667663574
166210.0,-1.2327566146850586
166215.0,-1.2349398136138916
166220.0,-1.2230072021484375
166225.0,-1.2192237377166748
166230.0,-1.2502779960632324
166235.0,-1.2182866334915161
166240.0,-1.2225933074951172
166245.0,-1.2366204261779785
166250.0,-1.2184739112854004
166255.0,-1.2280511856079102
166260.0,-1.2408866882324219
166265.0,-1.2265592813491821
166270.0,-1.238417387008667
166275.0,-1.2300924062728882
166280.0,-1.2094390392303467
166285.0,-1.237839937210083
166290.0,-1.2475754022598267
166295.0,-1.2124017477035522
166300.0,-1.2376381158828735
166305.0,-1.241445541381836
166310.0,-1.215732216835022
166315.0,-1.2401831150054932
166320.0,-1.2438302040100098
166325.0,-1.2225620746612549
166330.0,-1.2338125705718994
166335.0,-1.2394437789916992
166340.0,-1.2427737712860107
166345.0,-1.2282956838607788
166350.0,-1.2276513576507568
166355.0,-1.2403268814086914
166360.0,-1.2291297912597656
166365.0,-1.2355142831802368
166370.0,-1.2276610136032104
166375.0,-1.226752758026123
166380.0,-1.2356908321380615
166385.0,-1.2272745370864868
166390.0,-1.251028299331665
166395.0,-1.2334343194961548
166400.0,-1.2030333280563354
166405.0,-1.260133147239685
166410.0,-1.2166731357574463
166415.0,-1.2313439846038818
166420.0,-1.2542986869812012
166425.0,-1.207088828086853
166430.0,-1.2198541164398193
166435.0,-1.234902024269104
166440.0,-1.2219334840774536
166445.0,-1.2309118509292603
166450.0,-1.2094022035598755
166455.0,-1.2145460844039917
166460.0,-1.2363678216934204
166465.0,-1.2246094942092896
166470.0,-1.2328341007232666
166475.0,-1.235419511795044
166480.0,-1.2305845022201538
166485.0,-1.2335339784622192
166490.0,-1.2230188846588135
166495.0,-1.2242157459259033
166500.0,-1.2435059547424316
166505.0,-1.2267720699310303
166510.0,-1.229995846748352
166515.0,-1.234149694442749
166520.0,-1.2291300296783447
166525.0,-1.2321676015853882
166530.0,-1.2201846837997437
166535.0,-1.2436978816986084
166540.0,-1.2642046213150024
166545.0,-1.2278932332992554
166550.0,-1.2517259120941162
166555.0,-1.273774266242981
166560.0,-1.2300822734832764
166565.0,-1.2522521018981934
166570.0,-1.2527008056640625
166575.0,-1.2508304119110107
166580.0,-1.2399332523345947
166585.0,-1.2345941066741943
166590.0,-1.2295225858688354
166595.0,-1.2302355766296387
166600.0,-1.2331966161727905
166605.0,-1.2357068061828613
166610.0,-1.2312127351760864
166615.0,-1.2225244045257568
166620.0,-1.2404453754425049
166625.0,-1.237553358078003
166630.0,-1.2343862056732178
166635.0,-1.2232029438018799
166640.0,-1.241165041923523
166645.0,-1.220945119857788
166650.0,-1.2076101303100586
166655.0,-1.2337591648101807
166660.0,-1.2145535945892334
166665.0,-1.2171835899353027
166670.0,-1.2192903757095337
166675.0,-1.2363078594207764
166680.0,-1.2300078868865967
166685.0,-1.2224221229553223
166690.0,-1.2374035120010376
166695.0,-1.2510757446289062
166700.0,-1.2184205055236816
166705.0,-1.2351038455963135
166710.0,-1.2530333995819092
166715.0,-1.2188321352005005
166720.0,-1.2469260692596436
166725.0,-1.2500497102737427
166730.0,-1.2204616069793701
166735.0,-1.2336113452911377
166740.0,-1.24409818649292
166745.0,-1.226984977722168
166750.0,-1.2344317436218262
166755.0,-1.254515528678894
166760.0,-1.231186866760254
166765.0,-1.2259387969970703
166770.0,-1.2364023923873901
166775.0,-1.230931043624878
166780.0,-1.230250358581543
166785.0,-1.2327632904052734
166790.0,-1.2398402690887451
166795.0,-1.2319235801696777
166800.0,-1.236011028289795
166805.0,-1.2331550121307373
166810.0,-1.2294480800628662
166815.0,-1.2405781745910645
166820.0,-1.2321999073028564
166825.0,-1.2269654273986816
166830.0,-1.2385377883911133
166835.0,-1.233424186706543
166840.0,-1.22377347946167
166845.0,-1.2366228103637695
166850.0,-1.2381445169448853
166855.0,-1.2195966243743896
166860.0,-1.234356164932251
166865.0,-1.2334866523742676
166870.0,-1.2211581468582153
166875.0,-1.2361831665039062
166880.0,-1.231309175491333
166885.0,-1.2154417037963867
166890.0,-1.2503492832183838
166895.0,-1.223917007446289
166900.0,-1.2192280292510986
166905.0,-1.2446306943893433
166910.0,-1.2225754261016846
166915.0,-1.2156901359558105
166920.0,-1.265082597732544
166925.0,-1.224790096282959
166930.0,-1.2256419658660889
166935.0,-1.2545909881591797
166940.0,-1.2218456268310547
166945.0,-1.227281093597412
166950.0,-1.257682204246521
166955.0,-1.2224640846252441
166960.0,-1.2262005805969238
166965.0,-1.2578736543655396
166970.0,-1.2171188592910767
166975.0,-1.229801893234253
166980.0,-1.2521746158599854
166985.0,-1.2113358974456787
166990.0,-1.2251596450805664
166995.0,-1.2377138137817383
167000.0,-1.2130682468414307
167005.0,-1.2425661087036133
167010.0,-1.2292728424072266
167015.0,-1.2267930507659912
167020.0,-1.2408474683761597
167025.0,-1.2190132141113281
167030.0,-1.2500686645507812
167035.0,-1.2437260150909424
167040.0,-1.2241309881210327
167045.0,-1.2533037662506104
167050.0,-1.2230234146118164
167055.0,-1.2159441709518433
167060.0,-1.2426104545593262
167065.0,-1.239907145500183
167070.0,-1.2268891334533691
167075.0,-1.222264289855957
167080.0,-1.2329990863800049
167085.0,-1.2405107021331787
167090.0,-1.2092227935791016
167095.0,-1.2321922779083252
167100.0,-1.2236180305480957
167105.0,-1.1867403984069824
167110.0,-1.2417603731155396
167115.0,-1.2371530532836914
167120.0,-1.2182660102844238
167125.0,-1.2224712371826172
167130.0,-1.2242977619171143
167135.0,-1.218742847442627
167140.0,-1.2564890384674072
167145.0,-1.2568211555480957
167150.0,-1.2454109191894531
167155.0,-1.2265663146972656
167160.0,-1.235404133796692
167165.0,-1.239845633506775
167170.0,-1.2383893728256226
167175.0,-1.2379953861236572
167180.0,-1.244760513305664
167185.0,-1.2089576721191406
167190.0,-1.2261364459991455
167195.0,-1.2488406896591187
167200.0,-1.2137682437896729
167205.0,-1.25038480758667
167210.0,-1.223505973815918
167215.0,-1.214137077331543
167220.0,-1.2462449073791504
167225.0,-1.225987434387207
167230.0,-1.2306630611419678
167235.0,-1.2559231519699097
167240.0,-1.2160688638687134
167245.0,-1.239349365234375
167250.0,-1.2398340702056885
167255.0,-1.2127060890197754
167260.0,-1.2575838565826416
167265.0,-1.229365587234497
167270.0,-1.2278268337249756
167275.0,-1.2334991693496704
167280.0,-1.2210309505462646
167285.0,-1.2355047464370728
167290.0,-1.23724365234375
167295.0,-1.2267332077026367
167300.0,-1.2227036952972412
167305.0,-1.2179112434387207
167310.0,-1.2224925756454468
167315.0,-1.2356799840927124
167320.0,-1.2421364784240723
167325.0,-1.2355000972747803
167330.0,-1.2195448875427246
167335.0,-1.2340978384017944
167340.0,-1.228822946548462
167345.0,-1.2240647077560425
167350.0,-1.2577455043792725
167355.0,-1.2197322845458984
167360.0,-1.220745325088501
167365.0,-1.2566713094711304
167370.0,-1.2103863954544067
167375.0,-1.2340400218963623
167380.0,-1.247715711593628
167385.0,-1.2039217948913574
167390.0,-1.2207870483398438
167395.0,-1.254431128501892
167400.0,-1.2058838605880737
167405.0,-1.2404379844665527
167410.0,-1.2287368774414062
167415.0,-1.2190048694610596
167420.0,-1.2446999549865723
167425.0,-1.2324836254119873
167430.0,-1.2334754467010498
167435.0,-1.2580845355987549
167440.0,-1.223899245262146
167445.0,-1.2333444356918335
167450.0,-1.2405016422271729
167455.0,-1.2190265655517578
167460.0,-1.252981424331665
167465.0,-1.2176257371902466
167470.0,-1.2245826721191406
167475.0,-1.2494473457336426
167480.0,-1.2208459377288818
167485.0,-1.2285435199737549
167490.0,-1.259248971939087
167495.0,-1.2252987623214722
167500.0,-1.2269445657730103
167505.0,-1.2410658597946167
167510.0,-1.2292289733886719
167515.0,-1.2462817430496216
167520.0,-1.223140835762024
167525.0,-1.2356643676757812
167530.0,-1.2322200536727905
167535.0,-1.2221612930297852
167540.0,-1.2234199047088623
167545.0,-1.2519824504852295
167550.0,-1.2231183052062988
167555.0,-1.2242377996444702
167560.0,-1.2472267150878906
167565.0,-1.2162654399871826
167570.0,-1.2368687391281128
167575.0,-1.2511932849884033
167580.0,-1.2228968143463135
167585.0,-1.233857274055481
167590.0,-1.2549279928207397
167595.0,-1.2207694053649902
167600.0,-1.24384343624115
167605.0,-1.2381525039672852
167610.0,-1.218761682510376
167615.0,-1.2394076585769653
167620.0,-1.246115803718567
167625.0,-1.214491367340088
167630.0,-1.2394795417785645
167635.0,-1.2545852661132812
167640.0,-1.213597297668457
167645.0,-1.2288157939910889
167650.0,-1.242957353591919
167655.0,-1.2179629802703857
167660.0,-1.238885760307312
167665.0,-1.254317045211792
167670.0,-1.2188012599945068
167675.0,-1.230353832244873
167680.0,-1.2347835302352905
167685.0,-1.2163920402526855
167690.0,-1.2361154556274414
167695.0,-1.2430742979049683
167700.0,-1.2210228443145752
167705.0,-1.2406738996505737
167710.0,-1.2438039779663086
167715.0,-1.2127728462219238
167720.0,-1.2383978366851807
167725.0,-1.2454683780670166
167730.0,-1.220328450202942
167735.0,-1.2345701456069946
167740.0,-1.2306982278823853
167745.0,-1.2231183052062988
167750.0,-1.2247718572616577
167755.0,-1.2345213890075684
167760.0,-1.2295920848846436
167765.0,-1.2287713289260864
167770.0,-1.2305850982666016
167775.0,-1.2351711988449097
167780.0,-1.2322582006454468
167785.0,-1.2322642803192139
167790.0,-1.236297845840454
167795.0,-1.2368264198303223
167800.0,-1.2173140048980713
167805.0,-1.2332253456115723
167810.0,-1.2445523738861084
167815.0,-1.2076014280319214
167820.0,-1.2423698902130127
167825.0,-1.2323057651519775
167830.0,-1.215181827545166
167835.0,-1.2285077571868896
167840.0,-1.2462184429168701
167845.0,-1.233071208000183
167850.0,-1.2307387590408325
167855.0,-1.2203723192214966
167860.0,-1.2400211095809937
167865.0,-1.2420639991760254
167870.0,-1.215464472770691
167875.0,-1.2486357688903809
167880.0,-1.241030216217041
167885.0,-1.2328810691833496
167890.0,-1.2341423034667969
167895.0,-1.2325637340545654
167900.0,-1.2383674383163452
167905.0,-1.2436684370040894
167910.0,-1.2212414741516113
167915.0,-1.2464313507080078
167920.0,-1.2368876934051514
167925.0,-1.2203041315078735
167930.0,-1.2412126064300537
167935.0,-1.2330200672149658
167940.0,-1.2204763889312744
167945.0,-1.235343098640442
167950.0,-1.2374324798583984
167955.0,-1.231062412261963
167960.0,-1.236098289489746
167965.0,-1.2248265743255615
167970.0,-1.237073302268982
167975.0,-1.2278696298599243
167980.0,-1.2288146018981934
167985.0,-1.2311495542526245
167990.0,-1.2467689514160156
167995.0,-1.2379536628723145
168000.0,-1.2306004762649536
168005.0,-1.237933874130249
168010.0,-1.2493433952331543
168015.0,-1.2130422592163086
168020.0,-1.2481765747070312
168025.0,-1.2307257652282715
168030.0,-1.2160650491714478
168035.0,-1.2536647319793701
168040.0,-1.2271974086761475
168045.0,-1.224692702293396
168050.0,-1.2555192708969116
168055.0,-1.222564697265625
168060.0,-1.219335675239563
168065.0,-1.2440756559371948
168070.0,-1.2211672067642212
168075.0,-1.2187395095825195
168080.0,-1.2627202272415161
168085.0,-1.2242379188537598
168090.0,-1.2113378047943115
168095.0,-1.2539094686508179
168100.0,-1.22073495388031
168105.0,-1.2187011241912842
168110.0,-1.245223045349121
168115.0,-1.208388090133667
168120.0,-1.2121574878692627
168125.0,-1.2392306327819824
168130.0,-1.2134226560592651
168135.0,-1.2234342098236084
168140.0,-1.252037525177002
168145.0,-1.222790002822876
168150.0,-1.2294752597808838
168155.0,-1.2417609691619873
168160.0,-1.2320750951766968
168165.0,-1.2493951320648193
168170.0,-1.2271127700805664
168175.0,-1.2411222457885742
168180.0,-1.2436583042144775
168185.0,-1.2197768688201904
168190.0,-1.2517859935760498
168195.0,-1.247506856918335
168200.0,-1.2142233848571777
168205.0,-1.2394670248031616
168210.0,-1.2391512393951416
168215.0,-1.211978793144226
168220.0,-1.2570819854736328
168225.0,-1.24025297164917
168230.0,-1.2170979976654053
168235.0,-1.2325644493103027
168240.0,-1.2398388385772705
168245.0,-1.214677333831787
168250.0,-1.2384169101715088
168255.0,-1.241258978843689
168260.0,-1.2134287357330322
168265.0,-1.2441208362579346
168270.0,-1.2297005653381348
168275.0,-1.2217141389846802
168280.0,-1.2369409799575806
168285.0,-1.2203823328018188
168290.0,-1.2253570556640625
168295.0,-1.2362329959869385
168300.0,-1.2268319129943848
168305.0,-1.2250149250030518
168310.0,-1.2317841053009033
168315.0,-1.2398649454116821
168320.0,-1.2377488613128662
168325.0,-1.2330399751663208
168330.0,-1.2401490211486816
168335.0,-1.2284376621246338
168340.0,-1.2359378337860107
168345.0,-1.2383620738983154
168350.0,-1.2200684547424316
168355.0,-1.2352805137634277
168360.0,-1.2392761707305908
168365.0,-1.228959083557129
168370.0,-1.2267988920211792
168375.0,-1.2261016368865967
168380.0,-1.2312126159667969
168385.0,-1.2300410270690918
168390.0,-1.2299542427062988
168395.0,-1.2498376369476318
168400.0,-1.2369449138641357
168405.0,-1.2319386005401611
168410.0,-1.2438170909881592
168415.0,-1.2290377616882324
168420.0,-1.2410399913787842
168425.0,-1.2480967044830322
168430.0,-1.2273106575012207
168435.0,-1.2350505590438843
168440.0,-1.235755205154419
168445.0,-1.2256598472595215
168450.0,-1.2534958124160767
168455.0,-1.2325096130371094
168460.0,-1.224892020225525
168465.0,-1.2499306201934814
168470.0,-1.21522855758667
168475.0,-1.230181336402893
168480.0,-1.2554458379745483
168485.0,-1.2155804634094238
168490.0,-1.2306008338928223
168495.0,-1.2394423484802246
168500.0,-1.2186524868011475
168505.0,-1.227036714553833
168510.0,-1.2469487190246582
168515.0,-1.229246973991394
168520.0,-1.235548734664917
168525.0,-1.2310593128204346
168530.0,-1.2301958799362183
168535.0,-1.2483651638031006
168540.0,-1.222446084022522
168545.0,-1.228426218032837
168550.0,-1.2471312284469604
168555.0,-1.2224923372268677
168560.0,-1.2220776081085205
168565.0,-1.2546732425689697
168570.0,-1.223875880241394
168575.0,-1.2267709970474243
168580.0,-1.2520803213119507
168585.0,-1.2351806163787842
168590.0,-1.222891926765442
168595.0,-1.2495166063308716
168600.0,-1.2397288084030151
168605.0,-1.2217705249786377
168610.0,-1.2439415454864502
168615.0,-1.2288663387298584
168620.0,-1.2245947122573853
168625.0,-1.2391598224639893
168630.0,-1.2179524898529053
168635.0,-1.2303831577301025
168640.0,-1.2438361644744873
168645.0,-1.2211480140686035
168650.0,-1.2388269901275635
168655.0,-1.233917474746704
168660.0,-1.2238826751708984
168665.0,-1.23652982711792
168670.0,-1.2378380298614502
168675.0,-1.2399377822875977
168680.0,-1.2331981658935547
168685.0,-1.2174272537231445
168690.0,-1.2439435720443726
168695.0,-1.2313463687896729
168700.0,-1.2296150922775269
168705.0,-1.2558480501174927
168710.0,-1.2103376388549805
168715.0,-1.2186044454574585
168720.0,-1.244025468826294
168725.0,-1.2278850078582764
168730.0,-1.2182613611221313
168735.0,-1.2546966075897217
168740.0,-1.2252562046051025
168745.0,-1.2305169105529785
168750.0,-1.232081413269043
168755.0,-1.221952199935913
168760.0,-1.2409532070159912
168765.0,-1.2188745737075806
168770.0,-1.2310529947280884
168775.0,-1.2427802085876465
168780.0,-1.2145030498504639
168785.0,-1.225165843963623
168790.0,-1.248058557510376
168795.0,-1.2205761671066284
168800.0,-1.2179858684539795
168805.0,-1.2378629446029663
168810.0,-1.2153019905090332
168815.0,-1.2236840724945068
168820.0,-1.2444355487823486
168825.0,-1.2228293418884277
168830.0,-1.216541051864624
168835.0,-1.246063232421875
168840.0,-1.2182838916778564
168845.0,-1.2336214780807495
168850.0,-1.2360076904296875
168855.0,-1.219717264175415
168860.0,-1.2389883995056152
168865.0,-1.2212754487991333
168870.0,-1.2207295894622803
168875.0,-1.2450740337371826
168880.0,-1.2327795028686523
168885.0,-1.2250797748565674
168890.0,-1.2418310642242432
168895.0,-1.2228901386260986
168900.0,-1.2315486669540405
168905.0,-1.2408651113510132
168910.0,-1.2336243391036987
168915.0,-1.2366466522216797
168920.0,-1.2358310222625732
168925.0,-1.2291970252990723
168930.0,-1.246187448501587
168935.0,-1.2424893379211426
168940.0,-1.2178502082824707
168945.0,-1.2478147745132446
168950.0,-1.2381564378738403
168955.0,-1.2085435390472412
168960.0,-1.2505009174346924
168965.0,-1.2568535804748535
168970.0,-1.203926682472229
168975.0,-1.2410733699798584
168980.0,-1.2420947551727295
168985.0,-1.2070389986038208
168990.0,-1.2518374919891357
168995.0,-1.2193539142608643
169000.0,-1.222480058670044
169005.0,-1.2519352436065674
169010.0,-1.2144620418548584
169015.0,-1.2373944520950317
169020.0,-1.2607356309890747
169025.0,-1.2104308605194092
169030.0,-1.2437357902526855
169035.0,-1.2480065822601318
169040.0,-1.2135589122772217
169045.0,-1.2501280307769775
169050.0,-1.240321397781372
169055.0,-1.2135076522827148
169060.0,-1.2434542179107666
169065.0,-1.2220697402954102
169070.0,-1.234185814857483
169075.0,-1.2357275485992432
169080.0,-1.2285511493682861
169085.0,-1.2354462146759033
169090.0,-1.2447316646575928
169095.0,-1.2244253158569336
169100.0,-1.233818531036377
169105.0,-1.2487506866455078
169110.0,-1.2257585525512695
169115.0,-1.2239813804626465
169120.0,-1.239725112915039
169125.0,-1.2342182397842407
169130.0,-1.231170415878296
169135.0,-1.2473268508911133
169140.0,-1.2309651374816895
169145.0,-1.2272095680236816
169150.0,-1.2273244857788086
169155.0,-1.242139458656311
169160.0,-1.2286627292633057
169165.0,-1.2423300743103027
169170.0,-1.230846643447876
169175.0,-1.2254668474197388
169180.0,-1.230825662612915
169185.0,-1.2323672771453857
169190.0,-1.2219388484954834
169195.0,-1.2315361499786377
169200.0,-1.2401175498962402
169205.0,-1.2331480979919434
169210.0,-1.2356754541397095
169215.0,-1.2399258613586426
169220.0,-1.2322888374328613
169225.0,-1.2348135709762573
169230.0,-1.2359435558319092
169235.0,-1.235626220703125
169240.0,-1.241143822669983
169245.0,-1.2278376817703247
169250.0,-1.2459534406661987
169255.0,-1.2338134050369263
169260.0,-1.2242707014083862
169265.0,-1.246955156326294
169270.0,-1.2293760776519775
169275.0,-1.2193799018859863
169280.0,-1.2643344402313232
169285.0,-1.228985071182251
169290.0,-1.2276784181594849
169295.0,-1.246452808380127
169300.0,-1.214837908744812
169305.0,-1.230175256729126
169310.0,-1.2464964389801025
169315.0,-1.219643235206604
169320.0,-1.2329742908477783
169325.0,-1.2273591756820679
169330.0,-1.2280747890472412
169335.0,-1.240161657333374
169340.0,-1.2255879640579224
169345.0,-1.237488031387329
169350.0,-1.2416024208068848
169355.0,-1.2342164516448975
169360.0,-1.2201193571090698
169365.0,-1.2224080562591553
169370.0,-1.2371197938919067
169375.0,-1.2267298698425293
169380.0,-1.237043857574463
169385.0,-1.2355337142944336
169390.0,-1.228288173675537
169395.0,-1.231217622756958
169400.0,-1.2305173873901367
169405.0,-1.227791428565979
169410.0,-1.237596035003662
169415.0,-1.2234954833984375
169420.0,-1.2361210584640503
169425.0,-1.2309088706970215
169430.0,-1.2424390316009521
169435.0,-1.2433985471725464
169440.0,-1.217684030532837
169445.0,-1.2421096563339233
169450.0,-1.2423923015594482
169455.0,-1.2160224914550781
169460.0,-1.256946086883545
169465.0,-1.2192107439041138
169470.0,-1.2236939668655396
169475.0,-1.2484502792358398
169480.0,-1.2158973217010498
169485.0,-1.2285895347595215
169490.0,-1.2622039318084717
169495.0,-1.2133513689041138
169500.0,-1.246424674987793
169505.0,-1.2384037971496582
169510.0,-1.2167248725891113
169515.0,-1.2458263635635376
169520.0,-1.2340748310089111
169525.0,-1.2214041948318481
169530.0,-1.2446157932281494
169535.0,-1.2229303121566772
169540.0,-1.2272298336029053
169545.0,-1.2576689720153809
169550.0,-1.2246840000152588
169555.0,-1.2214115858078003
169560.0,-1.231278657913208
169565.0,-1.2290199995040894
169570.0,-1.2343544960021973
169575.0,-1.2385146617889404
169580.0,-1.2383110523223877
169585.0,-1.2222203016281128
169590.0,-1.2232722043991089
169595.0,-1.2315969467163086
169600.0,-1.2438685894012451
169605.0,-1.225567102432251
169610.0,-1.2422499656677246
169615.0,-1.2340809106826782
169620.0,-1.2422420978546143
169625.0,-1.2401783466339111
169630.0,-1.2308845520019531
169635.0,-1.2474563121795654
169640.0,-1.241206407546997
169645.0,-1.2247121334075928
169650.0,-1.242356777191162
169655.0,-1.2361842393875122
169660.0,-1.22037672996521
169665.0,-1.230776309967041
169670.0,-1.239421010017395
169675.0,-1.2294167280197144
169680.0,-1.2293182611465454
169685.0,-1.2380138635635376
169690.0,-1.22383451461792
169695.0,-1.241214632987976
169700.0,-1.2419427633285522
169705.0,-1.2157784700393677
169710.0,-1.2446448802947998
169715.0,-1.2336528301239014
169720.0,-1.2147326469421387
169725.0,-1.2561239004135132
169730.0,-1.2346580028533936
169735.0,-1.2235287427902222
169740.0,-1.2556838989257812
169745.0,-1.2304835319519043
169750.0,-1.233079195022583
169755.0,-1.2578264474868774
169760.0,-1.2244805097579956
169765.0,-1.2340400218963623
169770.0,-1.2335506677627563
169775.0,-1.2288957834243774
169780.0,-1.242740511894226
169785.0,-1.2327466011047363
169790.0,-1.2187691926956177
169795.0,-1.2342852354049683
169800.0,-1.2184009552001953
169805.0,-1.2203030586242676
169810.0,-1.2294946908950806
169815.0,-1.2274277210235596
169820.0,-1.2258079051971436
169825.0,-1.2390642166137695
169830.0,-1.232330083847046
169835.0,-1.224871039390564
169840.0,-1.2413814067840576
169845.0,-1.2378206253051758
169850.0,-1.2205190658569336
169855.0,-1.2450010776519775
169860.0,-1.244802474975586
169865.0,-1.2236076593399048
169870.0,-1.2411119937896729
169875.0,-1.21834135055542
169880.0,-1.2338993549346924
169885.0,-1.2435274124145508
169890.0,-1.222395896911621
169895.0,-1.2378861904144287
169900.0,-1.2584749460220337
169905.0,-1.2013344764709473
169910.0,-1.2366068363189697
169915.0,-1.2567665576934814
169920.0,-1.2156133651733398
169925.0,-1.238000512123108
169930.0,-1.2515127658843994
169935.0,-1.2086342573165894
169940.0,-1.2463809251785278
169945.0,-1.23406982421875
169950.0,-1.2065726518630981
169955.0,-1.2579221725463867
169960.0,-1.2222520112991333
169965.0,-1.2141140699386597
169970.0,-1.2653348445892334
169975.0,-1.2217652797698975
169980.0,-1.2047028541564941
169985.0,-1.2751433849334717
169990.0,-1.223725438117981
169995.0,-1.231268048286438
170000.0,-1.2530874013900757
170005.0,-1.2248643636703491
170010.0,-1.2274669408798218
170015.0,-1.2375214099884033
170020.0,-1.235451102256775
170025.0,-1.2291793823242188
170030.0,-1.2332336902618408
170035.0,-1.2457189559936523
170040.0,-1.2300734519958496
170045.0,-1.23415207862854
170050.0,-1.2420685291290283
170055.0,-1.2221877574920654
170060.0,-1.2373509407043457
170065.0,-1.2266510725021362
170070.0,-1.2350609302520752
170075.0,-1.237984538078308
170080.0,-1.2329909801483154
170085.0,-1.2315177917480469
170090.0,-1.2369649410247803
170095.0,-1.2277858257293701
170100.0,-1.2352215051651
170105.0,-1.2353477478027344
170110.0,-1.2351175546646118
170115.0,-1.2446149587631226
170120.0,-1.2341713905334473
170125.0,-1.2281413078308105
170130.0,-1.2551569938659668
170135.0,-1.2243285179138184
170140.0,-1.228402853012085
170145.0,-1.2445228099822998
170150.0,-1.238145351409912
170155.0,-1.2400693893432617
170160.0,-1.2424278259277344
170165.0,-1.2338826656341553
170170.0,-1.2392921447753906
170175.0,-1.2367721796035767
170180.0,-1.242011547088623
170185.0,-1.241877555847168
170190.0,-1.2169486284255981
170195.0,-1.2582743167877197
170200.0,-1.2411192655563354
170205.0,-1.2179263830184937
170210.0,-1.2505080699920654
170215.0,-1.2100803852081299
170220.0,-1.2381088733673096
170225.0,-1.2493724822998047
170230.0,-1.224453330039978
170235.0,-1.2514324188232422
170240.0,-1.2292258739471436
170245.0,-1.2297680377960205
170250.0,-1.2534675598144531
170255.0,-1.2307614088058472
170260.0,-1.2513985633850098
170265.0,-1.2361406087875366
170270.0,-1.2311877012252808
170275.0,-1.2377605438232422
170280.0,-1.234772801399231
170285.0,-1.247856855392456
170290.0,-1.2262804508209229
170295.0,-1.2439879179000854
170300.0,-1.2402852773666382
170305.0,-1.2196563482284546
170310.0,-1.250123143196106
170315.0,-1.2331993579864502
170320.0,-1.2114883661270142
170325.0,-1.2519400119781494
170330.0,-1.2194645404815674
170335.0,-1.2319296598434448
170340.0,-1.2615375518798828
170345.0,-1.2179315090179443
170350.0,-1.2327145338058472
170355.0,-1.246916651725769
170360.0,-1.2286947965621948
170365.0,-1.2518315315246582
170370.0,-1.2139344215393066
170375.0,-1.240236759185791
170380.0,-1.2526158094406128
170385.0,-1.2034474611282349
170390.0,-1.2449455261230469
170395.0,-1.2388659715652466
170400.0,-1.1984716653823853
170405.0,-1.2374320030212402
170410.0,-1.2367700338363647
170415.0,-1.2162480354309082
170420.0,-1.2446389198303223
170425.0,-1.229079008102417
170430.0,-1.2509669065475464
170435.0,-1.2386987209320068
170440.0,-1.2260702848434448
170445.0,-1.2259268760681152
170450.0,-1.223663330078125
170455.0,-1.2373759746551514
170460.0,-1.2578418254852295
170465.0,-1.222510814666748
170470.0,-1.217050552368164
170475.0,-1.228316068649292
170480.0,-1.2235877513885498
170485.0,-1.2355427742004395
170490.0,-1.254664659500122
170495.0,-1.2475004196166992
170500.0,-1.2261600494384766
170505.0,-1.228363037109375
170510.0,-1.2366442680358887
170515.0,-1.2320464849472046
170520.0,-1.2247836589813232
170525.0,-1.2416901588439941
170530.0,-1.2265517711639404
170535.0,-1.2161539793014526
170540.0,-1.228533148765564
170545.0,-1.2416913509368896
170550.0,-1.2337548732757568
170555.0,-1.2405929565429688
170560.0,-1.2199864387512207
170565.0,-1.2088927030563354
170570.0,-1.2319869995117188
170575.0,-1.1977168321609497
170580.0,-1.2322251796722412
170585.0,-1.245342493057251
170590.0,-1.2150371074676514
170595.0,-1.2346558570861816
170600.0,-1.237473964691162
170605.0,-1.2226282358169556
170610.0,-1.2334308624267578
170615.0,-1.248779535293579
170620.0,-1.2212746143341064
170625.0,-1.238057255744934
170630.0,-1.2280782461166382
170635.0,-1.2402340173721313
170640.0,-1.2132493257522583
170645.0,-1.229398488998413
170650.0,-1.2397682666778564
170655.0,-1.2435810565948486
170660.0,-1.227820634841919
170665.0,-1.2434026002883911
170670.0,-1.2528984546661377
170675.0,-1.234147071838379
170680.0,-1.251386284828186
170685.0,-1.2506070137023926
170690.0,-1.2328519821166992
170695.0,-1.2159976959228516
170700.0,-1.2228244543075562
170705.0,-1.2475743293762207
170710.0,-1.2383785247802734
170715.0,-1.2114651203155518
170720.0,-1.210378885269165
170725.0,-1.2221094369888306
170730.0,-1.2260183095932007
170735.0,-1.2355097532272339
170740.0,-1.2417933940887451
170745.0,-1.2294354438781738
170750.0,-1.2160943746566772
170755.0,-1.222529411315918
170760.0,-1.240336298942566
170765.0,-1.2468326091766357
170770.0,-1.2388861179351807
170775.0,-1.2299013137817383
170780.0,-1.215604543685913
170785.0,-1.2242461442947388
170790.0,-1.2228094339370728
170795.0,-1.257982850074768
170800.0,-1.227273941040039
170805.0,-1.2185612916946411
170810.0,-1.2363680601119995
170815.0,-1.2237532138824463
170820.0,-1.205214023590088
170825.0,-1.2610998153686523
170830.0,-1.2184622287750244
170835.0,-1.2211946249008179
170840.0,-1.2451344728469849
170845.0,-1.2065455913543701
170850.0,-1.242888331413269
170855.0,-1.2501084804534912
170860.0,-1.211637020111084
170865.0,-1.2414039373397827
170870.0,-1.2449285984039307
170875.0,-1.2180527448654175
170880.0,-1.2465605735778809
170885.0,-1.2392590045928955
170890.0,-1.2232229709625244
170895.0,-1.228234052658081
170900.0,-1.230844259262085
170905.0,-1.238968849182129
170910.0,-1.2245436906814575
170915.0,-1.2331688404083252
170920.0,-1.2350744009017944
170925.0,-1.2292026281356812
170930.0,-1.2388314008712769
170935.0,-1.2254106998443604
170940.0,-1.234116554260254
170945.0,-1.230849266052246
170950.0,-1.2306852340698242
170955.0,-1.2345643043518066
170960.0,-1.2401812076568604
170965.0,-1.2326056957244873
170970.0,-1.2276822328567505
170975.0,-1.2251935005187988
170980.0,-1.2511118650436401
170985.0,-1.226548194885254
170990.0,-1.2216591835021973
170995.0,-1.2564396858215332
171000.0,-1.2132112979888916
171005.0,-1.2305762767791748
171010.0,-1.2456425428390503
171015.0,-1.2243750095367432
171020.0,-1.2270342111587524
171025.0,-1.2356619834899902
171030.0,-1.2381079196929932
171035.0,-1.23849618434906
171040.0,-1.2220971584320068
171045.0,-1.236185908317566
171050.0,-1.22911536693573
171055.0,-1.2339422702789307
171060.0,-1.2381260395050049
171065.0,-1.2327793836593628
171070.0,-1.2442659139633179
171075.0,-1.238474726676941
171080.0,-1.226137399673462
171085.0,-1.244093656539917
171090.0,-1.2401971817016602
171095.0,-1.2375376224517822
171100.0,-1.2147425413131714
171105.0,-1.197569727897644
171110.0,-1.2337520122528076
171115.0,-1.2322356700897217
171120.0,-1.2363877296447754
171125.0,-1.2428843975067139
171130.0,-1.2280155420303345
171135.0,-1.2265238761901855
171140.0,-1.2495733499526978
171145.0,-1.253434181213379
171150.0,-1.2619420289993286
171155.0,-1.2467209100723267
171160.0,-1.2417415380477905
171165.0,-1.2231460809707642
171170.0,-1.2275817394256592
171175.0,-1.247786283493042
171180.0,-1.2068017721176147
171185.0,-1.220466136932373
171190.0,-1.24725341796875
171195.0,-1.2069722414016724
171200.0,-1.218937635421753
171205.0,-1.250799536705017
171210.0,-1.2298399209976196
171215.0,-1.2254841327667236
171220.0,-1.2416082620620728
171225.0,-1.244886875152588
171230.0,-1.223699927330017
171235.0,-1.236358642578125
171240.0,-1.2275443077087402
171245.0,-1.253251552581787
171250.0,-1.2608764171600342
171255.0,-1.2157039642333984
171260.0,-1.2253444194793701
171265.0,-1.2470860481262207
171270.0,-1.2296671867370605
171275.0,-1.2065393924713135
171280.0,-1.2259503602981567
171285.0,-1.221604585647583
171290.0,-1.22260320186615
171295.0,-1.2285845279693604
171300.0,-1.2428944110870361
171305.0,-1.2425060272216797
171310.0,-1.2207988500595093
171315.0,-1.2165415287017822
171320.0,-1.2250642776489258
171325.0,-1.2366183996200562
171330.0,-1.2224677801132202
171335.0,-1.2272350788116455
171340.0,-1.2367000579833984
171345.0,-1.226973056793213
171350.0,-1.2245725393295288
171355.0,-1.2322512865066528
171360.0,-1.237404227256775
171365.0,-1.2138617038726807
171370.0,-1.2396855354309082
171375.0,-1.218364953994751
171380.0,-1.212223768234253
171385.0,-1.2410573959350586
171390.0,-1.2367398738861084
171395.0,-1.247105360031128
171400.0,-1.2160654067993164
171405.0,-1.2245268821716309
171410.0,-1.2591252326965332
171415.0,-1.2219338417053223
171420.0,-1.2155083417892456
171425.0,-1.2534496784210205
171430.0,-1.2369167804718018
171435.0,-1.2152460813522339
171440.0,-1.2495770454406738
171445.0,-1.2206289768218994
171450.0,-1.2225968837738037
171455.0,-1.2449862957000732
171460.0,-1.2273280620574951
171465.0,-1.2330223321914673
171470.0,-1.2582871913909912
171475.0,-1.2502362728118896
171480.0,-1.2213149070739746
171485.0,-1.2524456977844238
171490.0,-1.2436541318893433
171495.0,-1.2232389450073242
171500.0,-1.2542976140975952
171505.0,-1.2492910623550415
171510.0,-1.227028727531433
171515.0,-1.234928846359253
171520.0,-1.2477675676345825
171525.0,-1.2390832901000977
171530.0,-1.2665694952011108
171535.0,-1.2531956434249878
171540.0,-1.2496716976165771
171545.0,-1.2397756576538086
171550.0,-1.216452717781067
171555.0,-1.2152438163757324
171560.0,-1.2246365547180176
171565.0,-1.2420005798339844
171570.0,-1.2233233451843262
171575.0,-1.222800850868225
171580.0,-1.2401492595672607
171585.0,-1.2236789464950562
171590.0,-1.2117220163345337
171595.0,-1.240472674369812
171600.0,-1.2404909133911133
171605.0,-1.221429705619812
171610.0,-1.2336078882217407
171615.0,-1.220126986503601
171620.0,-1.2205545902252197
171625.0,-1.2416259050369263
171630.0,-1.2155568599700928
171635.0,-1.232797384262085
171640.0,-1.2497057914733887
171645.0,-1.2127418518066406
171650.0,-1.2396520376205444
171655.0,-1.2461683750152588
171660.0,-1.228096842765808
171665.0,-1.2447264194488525
171670.0,-1.2325177192687988
171675.0,-1.232818603515625
171680.0,-1.2442153692245483
171685.0,-1.2417670488357544
171690.0,-1.2358951568603516
171695.0,-1.2395206689834595
171700.0,-1.231992483139038
171705.0,-1.2324490547180176
171710.0,-1.2481017112731934
171715.0,-1.2550405263900757
171720.0,-1.2644866704940796
171725.0,-1.224381923675537
171730.0,-1.2184325456619263
171735.0,-1.2208075523376465
171740.0,-1.247865915298462
171745.0,-1.2426426410675049
171750.0,-1.245056390762329
171755.0,-1.2336422204971313
171760.0,-1.2261669635772705
171765.0,-1.218674659729004
171770.0,-1.2363181114196777
171775.0,-1.2383832931518555
171780.0,-1.2412071228027344
171785.0,-1.2464039325714111
171790.0,-1.2301921844482422
171795.0,-1.226434350013733
171800.0,-1.2259509563446045
171805.0,-1.2297072410583496
171810.0,-1.2295594215393066
171815.0,-1.2208367586135864
171820.0,-1.209758996963501
171825.0,-1.2260830402374268
171830.0,-1.2188177108764648
171835.0,-1.2162599563598633
171840.0,-1.2244963645935059
171845.0,-1.22966468334198
171850.0,-1.2277227640151978
171855.0,-1.2369581460952759
171860.0,-1.2414541244506836
171865.0,-1.2274925708770752
171870.0,-1.2293100357055664
171875.0,-1.2378036975860596
171880.0,-1.2378225326538086
171885.0,-1.2472525835037231
171890.0,-1.229520559310913
171895.0,-1.2462286949157715
171900.0,-1.2436532974243164
171905.0,-1.2346231937408447
171910.0,-1.2380210161209106
171915.0,-1.1989095211029053
171920.0,-1.215862512588501
171925.0,-1.2205810546875
171930.0,-1.2283306121826172
171935.0,-1.241157054901123
171940.0,-1.2525255680084229
171945.0,-1.2430477142333984
171950.0,-1.2442762851715088
171955.0,-1.254374623298645
171960.0,-1.2504603862762451
171965.0,-1.2319008111953735
171970.0,-1.2657362222671509
171975.0,-1.239632248878479
171980.0,-1.1981122493743896
171985.0,-1.2453843355178833
171990.0,-1.2113536596298218
171995.0,-1.2333365678787231
172000.0,-1.2491214275360107
172005.0,-1.2263762950897217
172010.0,-1.2223005294799805
172015.0,-1.227830410003662
172020.0,-1.1953129768371582
172025.0,-1.215585470199585
172030.0,-1.2024269104003906
172035.0,-1.2268972396850586
172040.0,-1.2336026430130005
172045.0,-1.2326728105545044
172050.0,-1.2577658891677856
172055.0,-1.2520639896392822
172060.0,-1.2530882358551025
172065.0,-1.2595528364181519
172070.0,-1.2448766231536865
172075.0,-1.2611193656921387
172080.0,-1.264051914215088
172085.0,-1.2217175960540771
172090.0,-1.2270976305007935
172095.0,-1.238668441772461
172100.0,-1.2087860107421875
172105.0,-1.242034912109375
172110.0,-1.234114170074463
172115.0,-1.2182283401489258
172120.0,-1.24630868434906
172125.0,-1.2376995086669922
172130.0,-1.2303471565246582
172135.0,-1.23289954662323
172140.0,-1.2406558990478516
172145.0,-1.2258800268173218
172150.0,-1.2359046936035156
172155.0,-1.238451361656189
172160.0,-1.2421224117279053
172165.0,-1.2179222106933594
172170.0,-1.2480344772338867
172175.0,-1.2322535514831543
172180.0,-1.2168223857879639
172185.0,-1.2434515953063965
172190.0,-1.2302541732788086
172195.0,-1.2375651597976685
172200.0,-1.2303388118743896
172205.0,-1.2539294958114624
172210.0,-1.2094181776046753
172215.0,-1.2329604625701904
172220.0,-1.243926763534546
172225.0,-1.22037672996521
172230.0,-1.2397620677947998
172235.0,-1.2311537265777588
172240.0,-1.212876558303833
172245.0,-1.2319672107696533
172250.0,-1.2331671714782715
172255.0,-1.2251698970794678
172260.0,-1.2450283765792847
172265.0,-1.228438138961792
172270.0,-1.2177751064300537
172275.0,-1.2387990951538086
172280.0,-1.241286039352417
172285.0,-1.2069649696350098
172290.0,-1.2336891889572144
172295.0,-1.237908124923706
172300.0,-1.2052315473556519
172305.0,-1.2302887439727783
172310.0,-1.2295618057250977
172315.0,-1.2396085262298584
172320.0,-1.2243133783340454
172325.0,-1.2224116325378418
172330.0,-1.2164201736450195
172335.0,-1.247744083404541
172340.0,-1.2429893016815186
172345.0,-1.2280733585357666
172350.0,-1.2217094898223877
172355.0,-1.2363004684448242
172360.0,-1.2278904914855957
172365.0,-1.231355905532837
172370.0,-1.2587664127349854
172375.0,-1.226544737815857
172380.0,-1.2309397459030151
172385.0,-1.2296853065490723
172390.0,-1.2306077480316162
172395.0,-1.2296321392059326
172400.0,-1.2163447141647339
172405.0,-1.2239079475402832
172410.0,-1.2317653894424438
172415.0,-1.2468571662902832
172420.0,-1.2523828744888306
172425.0,-1.2507069110870361
172430.0,-1.2434890270233154
172435.0,-1.2671128511428833
172440.0,-1.259070634841919
172445.0,-1.2434288263320923
172450.0,-1.2572330236434937
172455.0,-1.2170045375823975
172460.0,-1.2429120540618896
172465.0,-1.2384159564971924
172470.0,-1.2119300365447998
172475.0,-1.230967402458191
172480.0,-1.239554762840271
172485.0,-1.206206202507019
172490.0,-1.2357079982757568
172495.0,-1.2377114295959473
172500.0,-1.237428069114685
172505.0,-1.2255451679229736
172510.0,-1.217688798904419
172515.0,-1.2556687593460083
172520.0,-1.2223107814788818
172525.0,-1.2159876823425293
172530.0,-1.244682788848877
172535.0,-1.2231762409210205
172540.0,-1.2203257083892822
172545.0,-1.2509149312973022
172550.0,-1.232361912727356
172555.0,-1.2303858995437622
172560.0,-1.2203049659729004
172565.0,-1.2364789247512817
172570.0,-1.2485177516937256
172575.0,-1.2265795469284058
172580.0,-1.259830117225647
172585.0,-1.2294273376464844
172590.0,-1.233437180519104
172595.0,-1.2443183660507202
172600.0,-1.2303234338760376
172605.0,-1.227475881576538
172610.0,-1.245466947555542
172615.0,-1.2006958723068237
172620.0,-1.2262979745864868
172625.0,-1.256433129310608
172630.0,-1.2305171489715576
172635.0,-1.2325661182403564
172640.0,-1.2332561016082764
172645.0,-1.2324446439743042
172650.0,-1.2407383918762207
172655.0,-1.2257871627807617
172660.0,-1.2268643379211426
172665.0,-1.2274441719055176
172670.0,-1.2144312858581543
172675.0,-1.2419359683990479
172680.0,-1.244619607925415
172685.0,-1.2284549474716187
172690.0,-1.2318707704544067
172695.0,-1.2078163623809814
172700.0,-1.229921817779541
172705.0,-1.2376351356506348
172710.0,-1.2132835388183594
172715.0,-1.2313884496688843
172720.0,-1.2168059349060059
172725.0,-1.2294909954071045
172730.0,-1.2223787307739258
172735.0,-1.2375439405441284
172740.0,-1.230728268623352
172745.0,-1.2458429336547852
172750.0,-1.2159342765808105
172755.0,-1.2493799924850464
172760.0,-1.2299253940582275
172765.0,-1.2187421321868896
172770.0,-1.240138053894043
172775.0,-1.2344574928283691
172780.0,-1.2266254425048828
172785.0,-1.2570242881774902
172790.0,-1.2341785430908203
172795.0,-1.19358229637146
172800.0,-1.2504196166992188
172805.0,-1.2254966497421265
172810.0,-1.2050120830535889
172815.0,-1.2553707361221313
172820.0,-1.2326325178146362
172825.0,-1.2095375061035156
172830.0,-1.249216914176941
172835.0,-1.2361115217208862
172840.0,-1.2244760990142822
172845.0,-1.2482845783233643
172850.0,-1.2251851558685303
172855.0,-1.2381492853164673
172860.0,-1.224112868309021
172865.0,-1.2369892597198486
172870.0,-1.2387545108795166
172875.0,-1.2322347164154053
172880.0,-1.247215747833252
172885.0,-1.2200231552124023
172890.0,-1.2265000343322754
172895.0,-1.244431734085083
172900.0,-1.2270697355270386
172905.0,-1.226349115371704
172910.0,-1.2464576959609985
172915.0,-1.2387038469314575
172920.0,-1.231001853942871
172925.0,-1.238829255104065
172930.0,-1.2420215606689453
172935.0,-1.2405660152435303
172940.0,-1.2164032459259033
172945.0,-1.2536182403564453
172950.0,-1.2269024848937988
172955.0,-1.2167829275131226
172960.0,-1.2250741720199585
172965.0,-1.2390012741088867
172970.0,-1.2234079837799072
172975.0,-1.2261111736297607
172980.0,-1.2570395469665527
172985.0,-1.222662329673767
172990.0,-1.2115542888641357
172995.0,-1.2203832864761353
173000.0,-1.2296397686004639
173005.0,-1.2270021438598633
173010.0,-1.2349905967712402
173015.0,-1.2494447231292725
173020.0,-1.2601882219314575
173025.0,-1.2363357543945312
173030.0,-1.2470901012420654
173035.0,-1.2498018741607666
173040.0,-1.2605921030044556
173045.0,-1.266958475112915
173050.0,-1.2275066375732422
173055.0,-1.248090386390686
173060.0,-1.2368769645690918
173065.0,-1.2203052043914795
173070.0,-1.2440158128738403
173075.0,-1.2426774501800537
173080.0,-1.2218350172042847
173085.0,-1.2303545475006104
173090.0,-1.2335858345031738
173095.0,-1.233124852180481
173100.0,-1.2303457260131836
173105.0,-1.2392719984054565
173110.0,-1.2473961114883423
173115.0,-1.1979095935821533
173120.0,-1.2601778507232666
173125.0,-1.243704915046692
173130.0,-1.2333670854568481
173135.0,-1.2587807178497314
173140.0,-1.2414915561676025
173145.0,-1.2397043704986572
173150.0,-1.2146687507629395
173155.0,-1.2336573600769043
173160.0,-1.2534587383270264
173165.0,-1.2461934089660645
173170.0,-1.242207646369934
173175.0,-1.257205605506897
173180.0,-1.2135547399520874
173185.0,-1.2207584381103516
173190.0,-1.2405357360839844
173195.0,-1.2089616060256958
173200.0,-1.2522904872894287
173205.0,-1.2305636405944824
173210.0,-1.1780951023101807
173215.0,-1.2129216194152832
173220.0,-1.2312097549438477
173225.0,-1.2060067653656006
173230.0,-1.2145183086395264
173235.0,-1.2369486093521118
173240.0,-1.2269151210784912
173245.0,-1.2222497463226318
173250.0,-1.2415344715118408
173255.0,-1.2487280368804932
173260.0,-1.2230918407440186
173265.0,-1.2510621547698975
173270.0,-1.2453539371490479
173275.0,-1.2470815181732178
173280.0,-1.230954647064209
173285.0,-1.2185816764831543
173290.0,-1.2213091850280762
173295.0,-1.213871717453003
173300.0,-1.2087150812149048
173305.0,-1.2256722450256348
173310.0,-1.2262104749679565
173315.0,-1.2175803184509277
173320.0,-1.2293282747268677
173325.0,-1.2334753274917603
173330.0,-1.242759108543396
173335.0,-1.2258503437042236
173340.0,-1.2243914604187012
173345.0,-1.2430312633514404
173350.0,-1.2337363958358765
173355.0,-1.2263542413711548
173360.0,-1.2565878629684448
173365.0,-1.227083444595337
173370.0,-1.2169679403305054
173375.0,-1.2142088413238525
173380.0,-1.2223254442214966
173385.0,-1.2321085929870605
173390.0,-1.2055381536483765
173395.0,-1.2081505060195923
173400.0,-1.231708288192749
173405.0,-1.2174506187438965
173410.0,-1.220718502998352
173415.0,-1.2435219287872314
173420.0,-1.2280163764953613
173425.0,-1.2079969644546509
173430.0,-1.240915298461914
173435.0,-1.2516539096832275
173440.0,-1.2269713878631592
173445.0,-1.252533197402954
